"species_name","length_mm","date","week","year","period","Group"
"Herring",44,16248,26,2014,"Cooler than CRP","1"
"Herring",44,16248,26,2014,"Cooler than CRP","1"
"Herring",45,16248,26,2014,"Cooler than CRP","1"
"Herring",45,16248,26,2014,"Cooler than CRP","1"
"Herring",46,16248,26,2014,"Cooler than CRP","1"
"Herring",46,16248,26,2014,"Cooler than CRP","1"
"Herring",46,16248,26,2014,"Cooler than CRP","1"
"Herring",46,16248,26,2014,"Cooler than CRP","1"
"Herring",47,16248,26,2014,"Cooler than CRP","1"
"Herring",47,16248,26,2014,"Cooler than CRP","1"
"Herring",47,16248,26,2014,"Cooler than CRP","1"
"Herring",48,16248,26,2014,"Cooler than CRP","1"
"Herring",48,16248,26,2014,"Cooler than CRP","1"
"Herring",48,16248,26,2014,"Cooler than CRP","1"
"Herring",48,16248,26,2014,"Cooler than CRP","1"
"Herring",48,16248,26,2014,"Cooler than CRP","1"
"Herring",48,16248,26,2014,"Cooler than CRP","1"
"Herring",49,16248,26,2014,"Cooler than CRP","1"
"Herring",49,16248,26,2014,"Cooler than CRP","1"
"Herring",49,16248,26,2014,"Cooler than CRP","1"
"Herring",49,16248,26,2014,"Cooler than CRP","1"
"Herring",51,16248,26,2014,"Cooler than CRP","1"
"Herring",51,16248,26,2014,"Cooler than CRP","1"
"Herring",52,16248,26,2014,"Cooler than CRP","1"
"Herring",52,16248,26,2014,"Cooler than CRP","1"
"Herring",52,16248,26,2014,"Cooler than CRP","1"
"Herring",54,16248,26,2014,"Cooler than CRP","1"
"Herring",54,16248,26,2014,"Cooler than CRP","1"
"Herring",54,16248,26,2014,"Cooler than CRP","1"
"Herring",54,16248,26,2014,"Cooler than CRP","1"
"Herring",54,16248,26,2014,"Cooler than CRP","1"
"Herring",55,16248,26,2014,"Cooler than CRP","1"
"Herring",55,16248,26,2014,"Cooler than CRP","1"
"Herring",55,16248,26,2014,"Cooler than CRP","1"
"Herring",56,16248,26,2014,"Cooler than CRP","1"
"Herring",56,16248,26,2014,"Cooler than CRP","1"
"Herring",56,16248,26,2014,"Cooler than CRP","1"
"Herring",56,16248,26,2014,"Cooler than CRP","1"
"Herring",56,16248,26,2014,"Cooler than CRP","1"
"Herring",56,16248,26,2014,"Cooler than CRP","1"
"Herring",56,16248,26,2014,"Cooler than CRP","1"
"Herring",56,16248,26,2014,"Cooler than CRP","1"
"Herring",56,16248,26,2014,"Cooler than CRP","1"
"Herring",56,16248,26,2014,"Cooler than CRP","1"
"Herring",56,16248,26,2014,"Cooler than CRP","1"
"Herring",57,16248,26,2014,"Cooler than CRP","1"
"Herring",57,16248,26,2014,"Cooler than CRP","1"
"Herring",57,16248,26,2014,"Cooler than CRP","1"
"Herring",57,16248,26,2014,"Cooler than CRP","1"
"Herring",57,16248,26,2014,"Cooler than CRP","1"
"Herring",57,16248,26,2014,"Cooler than CRP","1"
"Herring",57,16248,26,2014,"Cooler than CRP","1"
"Herring",58,16248,26,2014,"Cooler than CRP","1"
"Herring",58,16248,26,2014,"Cooler than CRP","1"
"Herring",60,16248,26,2014,"Cooler than CRP","1"
"Herring",61,16248,26,2014,"Cooler than CRP","1"
"Herring",61,16248,26,2014,"Cooler than CRP","1"
"Herring",47,16252,27,2014,"Cooler than CRP","1"
"Herring",51,16252,27,2014,"Cooler than CRP","1"
"Herring",55,16252,27,2014,"Cooler than CRP","1"
"Herring",50,16259,28,2014,"Cooler than CRP","1"
"Herring",50,16259,28,2014,"Cooler than CRP","1"
"Herring",51,16259,28,2014,"Cooler than CRP","1"
"Herring",51,16259,28,2014,"Cooler than CRP","1"
"Herring",51,16259,28,2014,"Cooler than CRP","1"
"Herring",51,16259,28,2014,"Cooler than CRP","1"
"Herring",51,16259,28,2014,"Cooler than CRP","1"
"Herring",51,16259,28,2014,"Cooler than CRP","1"
"Herring",51,16259,28,2014,"Cooler than CRP","1"
"Herring",51,16259,28,2014,"Cooler than CRP","1"
"Herring",51,16259,28,2014,"Cooler than CRP","1"
"Herring",51,16259,28,2014,"Cooler than CRP","1"
"Herring",52,16259,28,2014,"Cooler than CRP","1"
"Herring",52,16259,28,2014,"Cooler than CRP","1"
"Herring",52,16259,28,2014,"Cooler than CRP","1"
"Herring",52,16259,28,2014,"Cooler than CRP","1"
"Herring",52,16259,28,2014,"Cooler than CRP","1"
"Herring",53,16259,28,2014,"Cooler than CRP","1"
"Herring",53,16259,28,2014,"Cooler than CRP","1"
"Herring",53,16259,28,2014,"Cooler than CRP","1"
"Herring",53,16259,28,2014,"Cooler than CRP","1"
"Herring",51,16268,29,2014,"Cooler than CRP","1"
"Herring",52,16268,29,2014,"Cooler than CRP","1"
"Herring",52,16268,29,2014,"Cooler than CRP","1"
"Herring",53,16268,29,2014,"Cooler than CRP","1"
"Herring",53,16268,29,2014,"Cooler than CRP","1"
"Herring",53,16268,29,2014,"Cooler than CRP","1"
"Herring",53,16268,29,2014,"Cooler than CRP","1"
"Herring",54,16268,29,2014,"Cooler than CRP","1"
"Herring",54,16268,29,2014,"Cooler than CRP","1"
"Herring",54,16268,29,2014,"Cooler than CRP","1"
"Herring",54,16268,29,2014,"Cooler than CRP","1"
"Herring",54,16268,29,2014,"Cooler than CRP","1"
"Herring",54,16268,29,2014,"Cooler than CRP","1"
"Herring",55,16268,29,2014,"Cooler than CRP","1"
"Herring",55,16268,29,2014,"Cooler than CRP","1"
"Herring",56,16268,29,2014,"Cooler than CRP","1"
"Herring",56,16268,29,2014,"Cooler than CRP","1"
"Herring",56,16268,29,2014,"Cooler than CRP","1"
"Herring",56,16268,29,2014,"Cooler than CRP","1"
"Herring",57,16268,29,2014,"Cooler than CRP","1"
"Herring",57,16268,29,2014,"Cooler than CRP","1"
"Herring",58,16268,29,2014,"Cooler than CRP","1"
"Herring",58,16268,29,2014,"Cooler than CRP","1"
"Herring",59,16268,29,2014,"Cooler than CRP","1"
"Herring",59,16268,29,2014,"Cooler than CRP","1"
"Herring",60,16268,29,2014,"Cooler than CRP","1"
"Herring",60,16268,29,2014,"Cooler than CRP","1"
"Herring",60,16268,29,2014,"Cooler than CRP","1"
"Herring",61,16268,29,2014,"Cooler than CRP","1"
"Herring",61,16268,29,2014,"Cooler than CRP","1"
"Herring",61,16268,29,2014,"Cooler than CRP","1"
"Herring",61,16268,29,2014,"Cooler than CRP","1"
"Herring",62,16268,29,2014,"Cooler than CRP","1"
"Herring",62,16268,29,2014,"Cooler than CRP","1"
"Herring",62,16268,29,2014,"Cooler than CRP","1"
"Herring",63,16268,29,2014,"Cooler than CRP","1"
"Herring",63,16268,29,2014,"Cooler than CRP","1"
"Herring",69,16268,29,2014,"Cooler than CRP","1"
"Herring",54,16273,30,2014,"Cooler than CRP","1"
"Herring",55,16273,30,2014,"Cooler than CRP","1"
"Herring",56,16273,30,2014,"Cooler than CRP","1"
"Herring",56,16273,30,2014,"Cooler than CRP","1"
"Herring",57,16273,30,2014,"Cooler than CRP","1"
"Herring",58,16273,30,2014,"Cooler than CRP","1"
"Herring",58,16273,30,2014,"Cooler than CRP","1"
"Herring",58,16273,30,2014,"Cooler than CRP","1"
"Herring",59,16273,30,2014,"Cooler than CRP","1"
"Herring",61,16273,30,2014,"Cooler than CRP","1"
"Herring",61,16273,30,2014,"Cooler than CRP","1"
"Herring",62,16273,30,2014,"Cooler than CRP","1"
"Herring",62,16273,30,2014,"Cooler than CRP","1"
"Herring",62,16273,30,2014,"Cooler than CRP","1"
"Herring",62,16273,30,2014,"Cooler than CRP","1"
"Herring",62,16273,30,2014,"Cooler than CRP","1"
"Herring",63,16273,30,2014,"Cooler than CRP","1"
"Herring",64,16273,30,2014,"Cooler than CRP","1"
"Herring",64,16273,30,2014,"Cooler than CRP","1"
"Herring",65,16273,30,2014,"Cooler than CRP","1"
"Herring",69,16273,30,2014,"Cooler than CRP","1"
"Herring",66,16289,32,2014,"Cooler than CRP","1"
"Herring",66,16289,32,2014,"Cooler than CRP","1"
"Herring",70,16289,32,2014,"Cooler than CRP","1"
"Herring",72,16289,32,2014,"Cooler than CRP","1"
"Herring",72,16289,32,2014,"Cooler than CRP","1"
"Herring",72,16289,32,2014,"Cooler than CRP","1"
"Herring",72,16289,32,2014,"Cooler than CRP","1"
"Herring",72,16289,32,2014,"Cooler than CRP","1"
"Herring",73,16289,32,2014,"Cooler than CRP","1"
"Herring",74,16289,32,2014,"Cooler than CRP","1"
"Herring",74,16289,32,2014,"Cooler than CRP","1"
"Herring",74,16289,32,2014,"Cooler than CRP","1"
"Herring",74,16289,32,2014,"Cooler than CRP","1"
"Herring",74,16289,32,2014,"Cooler than CRP","1"
"Herring",75,16289,32,2014,"Cooler than CRP","1"
"Herring",75,16289,32,2014,"Cooler than CRP","1"
"Herring",77,16289,32,2014,"Cooler than CRP","1"
"Herring",77,16289,32,2014,"Cooler than CRP","1"
"Herring",77,16289,32,2014,"Cooler than CRP","1"
"Herring",63,16294,33,2014,"Cooler than CRP","1"
"Herring",63,16294,33,2014,"Cooler than CRP","1"
"Herring",64,16294,33,2014,"Cooler than CRP","1"
"Herring",66,16294,33,2014,"Cooler than CRP","1"
"Herring",66,16294,33,2014,"Cooler than CRP","1"
"Herring",66,16294,33,2014,"Cooler than CRP","1"
"Herring",67,16294,33,2014,"Cooler than CRP","1"
"Herring",67,16294,33,2014,"Cooler than CRP","1"
"Herring",68,16294,33,2014,"Cooler than CRP","1"
"Herring",68,16294,33,2014,"Cooler than CRP","1"
"Herring",68,16294,33,2014,"Cooler than CRP","1"
"Herring",69,16294,33,2014,"Cooler than CRP","1"
"Herring",69,16294,33,2014,"Cooler than CRP","1"
"Herring",69,16294,33,2014,"Cooler than CRP","1"
"Herring",69,16294,33,2014,"Cooler than CRP","1"
"Herring",70,16294,33,2014,"Cooler than CRP","1"
"Herring",71,16294,33,2014,"Cooler than CRP","1"
"Herring",71,16294,33,2014,"Cooler than CRP","1"
"Herring",73,16294,33,2014,"Cooler than CRP","1"
"Herring",76,16294,33,2014,"Cooler than CRP","1"
"Herring",49,16616,27,2015,"Cooler than CRP","1"
"Herring",50,16616,27,2015,"Cooler than CRP","1"
"Herring",55,16616,27,2015,"Cooler than CRP","1"
"Herring",55,16616,27,2015,"Cooler than CRP","1"
"Herring",55,16616,27,2015,"Cooler than CRP","1"
"Herring",56,16616,27,2015,"Cooler than CRP","1"
"Herring",56,16616,27,2015,"Cooler than CRP","1"
"Herring",58,16616,27,2015,"Cooler than CRP","1"
"Herring",60,16616,27,2015,"Cooler than CRP","1"
"Herring",63,16616,27,2015,"Cooler than CRP","1"
"Herring",65,16616,27,2015,"Cooler than CRP","1"
"Herring",66,16625,28,2015,"Cooler than CRP","1"
"Herring",68,16625,28,2015,"Cooler than CRP","1"
"Herring",70,16625,28,2015,"Cooler than CRP","1"
"Herring",70,16625,28,2015,"Cooler than CRP","1"
"Herring",62,16637,30,2015,"Cooler than CRP","1"
"Herring",64,16637,30,2015,"Cooler than CRP","1"
"Herring",65,16637,30,2015,"Cooler than CRP","1"
"Herring",66,16637,30,2015,"Cooler than CRP","1"
"Herring",66,16637,30,2015,"Cooler than CRP","1"
"Herring",66,16637,30,2015,"Cooler than CRP","1"
"Herring",66,16637,30,2015,"Cooler than CRP","1"
"Herring",66,16637,30,2015,"Cooler than CRP","1"
"Herring",66,16637,30,2015,"Cooler than CRP","1"
"Herring",66,16637,30,2015,"Cooler than CRP","1"
"Herring",68,16637,30,2015,"Cooler than CRP","1"
"Herring",68,16637,30,2015,"Cooler than CRP","1"
"Herring",69,16637,30,2015,"Cooler than CRP","1"
"Herring",69,16637,30,2015,"Cooler than CRP","1"
"Herring",70,16637,30,2015,"Cooler than CRP","1"
"Herring",70,16637,30,2015,"Cooler than CRP","1"
"Herring",70,16637,30,2015,"Cooler than CRP","1"
"Herring",71,16637,30,2015,"Cooler than CRP","1"
"Herring",71,16637,30,2015,"Cooler than CRP","1"
"Herring",71,16637,30,2015,"Cooler than CRP","1"
"Herring",71,16637,30,2015,"Cooler than CRP","1"
"Herring",72,16637,30,2015,"Cooler than CRP","1"
"Herring",72,16637,30,2015,"Cooler than CRP","1"
"Herring",73,16637,30,2015,"Cooler than CRP","1"
"Herring",73,16637,30,2015,"Cooler than CRP","1"
"Herring",73,16637,30,2015,"Cooler than CRP","1"
"Herring",74,16637,30,2015,"Cooler than CRP","1"
"Herring",74,16637,30,2015,"Cooler than CRP","1"
"Herring",74,16637,30,2015,"Cooler than CRP","1"
"Herring",75,16637,30,2015,"Cooler than CRP","1"
"Herring",75,16637,30,2015,"Cooler than CRP","1"
"Herring",76,16637,30,2015,"Cooler than CRP","1"
"Herring",76,16637,30,2015,"Cooler than CRP","1"
"Herring",76,16637,30,2015,"Cooler than CRP","1"
"Herring",76,16637,30,2015,"Cooler than CRP","1"
"Herring",77,16637,30,2015,"Cooler than CRP","1"
"Herring",78,16637,30,2015,"Cooler than CRP","1"
"Herring",79,16637,30,2015,"Cooler than CRP","1"
"Herring",79,16637,30,2015,"Cooler than CRP","1"
"Herring",80,16637,30,2015,"Cooler than CRP","1"
"Herring",80,16637,30,2015,"Cooler than CRP","1"
"Herring",81,16637,30,2015,"Cooler than CRP","1"
"Herring",81,16637,30,2015,"Cooler than CRP","1"
"Herring",82,16637,30,2015,"Cooler than CRP","1"
"Herring",82,16637,30,2015,"Cooler than CRP","1"
"Herring",84,16637,30,2015,"Cooler than CRP","1"
"Herring",52,16968,24,2016,"Warmer than CRP","1"
"Herring",54,16968,24,2016,"Warmer than CRP","1"
"Herring",56,16968,24,2016,"Warmer than CRP","1"
"Herring",56,16968,24,2016,"Warmer than CRP","1"
"Herring",57,16968,24,2016,"Warmer than CRP","1"
"Herring",57,16968,24,2016,"Warmer than CRP","1"
"Herring",57,16968,24,2016,"Warmer than CRP","1"
"Herring",57,16968,24,2016,"Warmer than CRP","1"
"Herring",57,16968,24,2016,"Warmer than CRP","1"
"Herring",58,16968,24,2016,"Warmer than CRP","1"
"Herring",58,16968,24,2016,"Warmer than CRP","1"
"Herring",59,16968,24,2016,"Warmer than CRP","1"
"Herring",59,16968,24,2016,"Warmer than CRP","1"
"Herring",60,16968,24,2016,"Warmer than CRP","1"
"Herring",61,16968,24,2016,"Warmer than CRP","1"
"Herring",61,16968,24,2016,"Warmer than CRP","1"
"Herring",61,16968,24,2016,"Warmer than CRP","1"
"Herring",62,16968,24,2016,"Warmer than CRP","1"
"Herring",62,16968,24,2016,"Warmer than CRP","1"
"Herring",62,16968,24,2016,"Warmer than CRP","1"
"Herring",62,16968,24,2016,"Warmer than CRP","1"
"Herring",62,16968,24,2016,"Warmer than CRP","1"
"Herring",62,16968,24,2016,"Warmer than CRP","1"
"Herring",62,16968,24,2016,"Warmer than CRP","1"
"Herring",62,16968,24,2016,"Warmer than CRP","1"
"Herring",63,16968,24,2016,"Warmer than CRP","1"
"Herring",64,16968,24,2016,"Warmer than CRP","1"
"Herring",65,16968,24,2016,"Warmer than CRP","1"
"Herring",66,16968,24,2016,"Warmer than CRP","1"
"Herring",66,16968,24,2016,"Warmer than CRP","1"
"Herring",67,16968,24,2016,"Warmer than CRP","1"
"Herring",68,16968,24,2016,"Warmer than CRP","1"
"Herring",68,16968,24,2016,"Warmer than CRP","1"
"Herring",68,16968,24,2016,"Warmer than CRP","1"
"Herring",69,16968,24,2016,"Warmer than CRP","1"
"Herring",69,16968,24,2016,"Warmer than CRP","1"
"Herring",70,16968,24,2016,"Warmer than CRP","1"
"Herring",70,16968,24,2016,"Warmer than CRP","1"
"Herring",71,16968,24,2016,"Warmer than CRP","1"
"Herring",72,16968,24,2016,"Warmer than CRP","1"
"Herring",72,16968,24,2016,"Warmer than CRP","1"
"Herring",72,16968,24,2016,"Warmer than CRP","1"
"Herring",72,16968,24,2016,"Warmer than CRP","1"
"Herring",72,16968,24,2016,"Warmer than CRP","1"
"Herring",73,16968,24,2016,"Warmer than CRP","1"
"Herring",74,16968,24,2016,"Warmer than CRP","1"
"Herring",74,16968,24,2016,"Warmer than CRP","1"
"Herring",75,16968,24,2016,"Warmer than CRP","1"
"Herring",75,16968,24,2016,"Warmer than CRP","1"
"Herring",76,16968,24,2016,"Warmer than CRP","1"
"Herring",77,16968,24,2016,"Warmer than CRP","1"
"Herring",78,16968,24,2016,"Warmer than CRP","1"
"Herring",58,16976,25,2016,"Warmer than CRP","1"
"Herring",59,16976,25,2016,"Warmer than CRP","1"
"Herring",59,16976,25,2016,"Warmer than CRP","1"
"Herring",60,16976,25,2016,"Warmer than CRP","1"
"Herring",60,16976,25,2016,"Warmer than CRP","1"
"Herring",60,16976,25,2016,"Warmer than CRP","1"
"Herring",60,16976,25,2016,"Warmer than CRP","1"
"Herring",60,16976,25,2016,"Warmer than CRP","1"
"Herring",60,16976,25,2016,"Warmer than CRP","1"
"Herring",60,16976,25,2016,"Warmer than CRP","1"
"Herring",60,16976,25,2016,"Warmer than CRP","1"
"Herring",61,16976,25,2016,"Warmer than CRP","1"
"Herring",61,16976,25,2016,"Warmer than CRP","1"
"Herring",61,16976,25,2016,"Warmer than CRP","1"
"Herring",62,16976,25,2016,"Warmer than CRP","1"
"Herring",62,16976,25,2016,"Warmer than CRP","1"
"Herring",62,16976,25,2016,"Warmer than CRP","1"
"Herring",63,16976,25,2016,"Warmer than CRP","1"
"Herring",63,16976,25,2016,"Warmer than CRP","1"
"Herring",64,16976,25,2016,"Warmer than CRP","1"
"Herring",65,16976,25,2016,"Warmer than CRP","1"
"Herring",65,16976,25,2016,"Warmer than CRP","1"
"Herring",66,16976,25,2016,"Warmer than CRP","1"
"Herring",66,16976,25,2016,"Warmer than CRP","1"
"Herring",66,16976,25,2016,"Warmer than CRP","1"
"Herring",68,16976,25,2016,"Warmer than CRP","1"
"Herring",75,16976,25,2016,"Warmer than CRP","1"
"Herring",80,16976,25,2016,"Warmer than CRP","1"
"Herring",62,16982,26,2016,"Warmer than CRP","1"
"Herring",66,16982,26,2016,"Warmer than CRP","1"
"Herring",66,16982,26,2016,"Warmer than CRP","1"
"Herring",66,16982,26,2016,"Warmer than CRP","1"
"Herring",67,16982,26,2016,"Warmer than CRP","1"
"Herring",68,16982,26,2016,"Warmer than CRP","1"
"Herring",69,16982,26,2016,"Warmer than CRP","1"
"Herring",70,16982,26,2016,"Warmer than CRP","1"
"Herring",70,16982,26,2016,"Warmer than CRP","1"
"Herring",71,16982,26,2016,"Warmer than CRP","1"
"Herring",72,16982,26,2016,"Warmer than CRP","1"
"Herring",73,16982,26,2016,"Warmer than CRP","1"
"Herring",73,16982,26,2016,"Warmer than CRP","1"
"Herring",74,16982,26,2016,"Warmer than CRP","1"
"Herring",74,16982,26,2016,"Warmer than CRP","1"
"Herring",75,16982,26,2016,"Warmer than CRP","1"
"Herring",75,16982,26,2016,"Warmer than CRP","1"
"Herring",76,16982,26,2016,"Warmer than CRP","1"
"Herring",77,16982,26,2016,"Warmer than CRP","1"
"Herring",77,16982,26,2016,"Warmer than CRP","1"
"Herring",78,16982,26,2016,"Warmer than CRP","1"
"Herring",81,16982,26,2016,"Warmer than CRP","1"
"Herring",81,16982,26,2016,"Warmer than CRP","1"
"Herring",82,16982,26,2016,"Warmer than CRP","1"
"Herring",55,17339,25,2017,"Cooler than CRP","1"
"Herring",57,17339,25,2017,"Cooler than CRP","1"
"Herring",57,17339,25,2017,"Cooler than CRP","1"
"Herring",57,17339,25,2017,"Cooler than CRP","1"
"Herring",57,17339,25,2017,"Cooler than CRP","1"
"Herring",58,17339,25,2017,"Cooler than CRP","1"
"Herring",58,17339,25,2017,"Cooler than CRP","1"
"Herring",59,17339,25,2017,"Cooler than CRP","1"
"Herring",59,17339,25,2017,"Cooler than CRP","1"
"Herring",60,17339,25,2017,"Cooler than CRP","1"
"Herring",60,17339,25,2017,"Cooler than CRP","1"
"Herring",61,17339,25,2017,"Cooler than CRP","1"
"Herring",62,17339,25,2017,"Cooler than CRP","1"
"Herring",62,17339,25,2017,"Cooler than CRP","1"
"Herring",62,17339,25,2017,"Cooler than CRP","1"
"Herring",63,17339,25,2017,"Cooler than CRP","1"
"Herring",63,17339,25,2017,"Cooler than CRP","1"
"Herring",64,17339,25,2017,"Cooler than CRP","1"
"Herring",64,17339,25,2017,"Cooler than CRP","1"
"Herring",64,17339,25,2017,"Cooler than CRP","1"
"Herring",64,17339,25,2017,"Cooler than CRP","1"
"Herring",64,17339,25,2017,"Cooler than CRP","1"
"Herring",66,17339,25,2017,"Cooler than CRP","1"
"Herring",55,17344,26,2017,"Cooler than CRP","1"
"Herring",55,17344,26,2017,"Cooler than CRP","1"
"Herring",55,17344,26,2017,"Cooler than CRP","1"
"Herring",55,17344,26,2017,"Cooler than CRP","1"
"Herring",56,17344,26,2017,"Cooler than CRP","1"
"Herring",56,17344,26,2017,"Cooler than CRP","1"
"Herring",56,17344,26,2017,"Cooler than CRP","1"
"Herring",56,17344,26,2017,"Cooler than CRP","1"
"Herring",56,17344,26,2017,"Cooler than CRP","1"
"Herring",57,17344,26,2017,"Cooler than CRP","1"
"Herring",57,17344,26,2017,"Cooler than CRP","1"
"Herring",57,17344,26,2017,"Cooler than CRP","1"
"Herring",57,17344,26,2017,"Cooler than CRP","1"
"Herring",57,17344,26,2017,"Cooler than CRP","1"
"Herring",57,17344,26,2017,"Cooler than CRP","1"
"Herring",57,17344,26,2017,"Cooler than CRP","1"
"Herring",58,17344,26,2017,"Cooler than CRP","1"
"Herring",58,17344,26,2017,"Cooler than CRP","1"
"Herring",58,17344,26,2017,"Cooler than CRP","1"
"Herring",59,17344,26,2017,"Cooler than CRP","1"
"Herring",59,17344,26,2017,"Cooler than CRP","1"
"Herring",59,17344,26,2017,"Cooler than CRP","1"
"Herring",60,17344,26,2017,"Cooler than CRP","1"
"Herring",60,17344,26,2017,"Cooler than CRP","1"
"Herring",60,17344,26,2017,"Cooler than CRP","1"
"Herring",60,17344,26,2017,"Cooler than CRP","1"
"Herring",60,17344,26,2017,"Cooler than CRP","1"
"Herring",60,17344,26,2017,"Cooler than CRP","1"
"Herring",60,17344,26,2017,"Cooler than CRP","1"
"Herring",60,17344,26,2017,"Cooler than CRP","1"
"Herring",60,17344,26,2017,"Cooler than CRP","1"
"Herring",61,17344,26,2017,"Cooler than CRP","1"
"Herring",61,17344,26,2017,"Cooler than CRP","1"
"Herring",61,17344,26,2017,"Cooler than CRP","1"
"Herring",61,17344,26,2017,"Cooler than CRP","1"
"Herring",62,17344,26,2017,"Cooler than CRP","1"
"Herring",62,17344,26,2017,"Cooler than CRP","1"
"Herring",62,17344,26,2017,"Cooler than CRP","1"
"Herring",63,17344,26,2017,"Cooler than CRP","1"
"Herring",64,17344,26,2017,"Cooler than CRP","1"
"Herring",64,17344,26,2017,"Cooler than CRP","1"
"Herring",67,17344,26,2017,"Cooler than CRP","1"
"Herring",68,17344,26,2017,"Cooler than CRP","1"
"Herring",54,17353,27,2017,"Cooler than CRP","1"
"Herring",54,17353,27,2017,"Cooler than CRP","1"
"Herring",54,17353,27,2017,"Cooler than CRP","1"
"Herring",54,17353,27,2017,"Cooler than CRP","1"
"Herring",54,17353,27,2017,"Cooler than CRP","1"
"Herring",55,17353,27,2017,"Cooler than CRP","1"
"Herring",55,17353,27,2017,"Cooler than CRP","1"
"Herring",55,17353,27,2017,"Cooler than CRP","1"
"Herring",55,17353,27,2017,"Cooler than CRP","1"
"Herring",56,17353,27,2017,"Cooler than CRP","1"
"Herring",56,17353,27,2017,"Cooler than CRP","1"
"Herring",56,17353,27,2017,"Cooler than CRP","1"
"Herring",56,17353,27,2017,"Cooler than CRP","1"
"Herring",56,17353,27,2017,"Cooler than CRP","1"
"Herring",56,17353,27,2017,"Cooler than CRP","1"
"Herring",56,17353,27,2017,"Cooler than CRP","1"
"Herring",56,17353,27,2017,"Cooler than CRP","1"
"Herring",56,17353,27,2017,"Cooler than CRP","1"
"Herring",57,17353,27,2017,"Cooler than CRP","1"
"Herring",57,17353,27,2017,"Cooler than CRP","1"
"Herring",59,17353,27,2017,"Cooler than CRP","1"
"Herring",59,17353,27,2017,"Cooler than CRP","1"
"Herring",61,17353,27,2017,"Cooler than CRP","1"
"Herring",62,17353,27,2017,"Cooler than CRP","1"
"Herring",63,17353,27,2017,"Cooler than CRP","1"
"Herring",64,17353,27,2017,"Cooler than CRP","1"
"Herring",65,17353,27,2017,"Cooler than CRP","1"
"Herring",65,17353,27,2017,"Cooler than CRP","1"
"Herring",65,17353,27,2017,"Cooler than CRP","1"
"Herring",66,17353,27,2017,"Cooler than CRP","1"
"Herring",66,17353,27,2017,"Cooler than CRP","1"
"Herring",66,17353,27,2017,"Cooler than CRP","1"
"Herring",66,17353,27,2017,"Cooler than CRP","1"
"Herring",66,17353,27,2017,"Cooler than CRP","1"
"Herring",67,17353,27,2017,"Cooler than CRP","1"
"Herring",67,17353,27,2017,"Cooler than CRP","1"
"Herring",68,17353,27,2017,"Cooler than CRP","1"
"Herring",69,17353,27,2017,"Cooler than CRP","1"
"Herring",70,17353,27,2017,"Cooler than CRP","1"
"Herring",70,17353,27,2017,"Cooler than CRP","1"
"Herring",70,17353,27,2017,"Cooler than CRP","1"
"Herring",71,17353,27,2017,"Cooler than CRP","1"
"Herring",71,17353,27,2017,"Cooler than CRP","1"
"Herring",54,17359,28,2017,"Cooler than CRP","1"
"Herring",56,17359,28,2017,"Cooler than CRP","1"
"Herring",59,17359,28,2017,"Cooler than CRP","1"
"Herring",60,17359,28,2017,"Cooler than CRP","1"
"Herring",61,17359,28,2017,"Cooler than CRP","1"
"Herring",61,17359,28,2017,"Cooler than CRP","1"
"Herring",62,17359,28,2017,"Cooler than CRP","1"
"Herring",62,17359,28,2017,"Cooler than CRP","1"
"Herring",63,17359,28,2017,"Cooler than CRP","1"
"Herring",63,17359,28,2017,"Cooler than CRP","1"
"Herring",64,17359,28,2017,"Cooler than CRP","1"
"Herring",64,17359,28,2017,"Cooler than CRP","1"
"Herring",65,17359,28,2017,"Cooler than CRP","1"
"Herring",65,17359,28,2017,"Cooler than CRP","1"
"Herring",65,17359,28,2017,"Cooler than CRP","1"
"Herring",66,17359,28,2017,"Cooler than CRP","1"
"Herring",67,17359,28,2017,"Cooler than CRP","1"
"Herring",67,17359,28,2017,"Cooler than CRP","1"
"Herring",67,17359,28,2017,"Cooler than CRP","1"
"Herring",68,17359,28,2017,"Cooler than CRP","1"
"Herring",68,17359,28,2017,"Cooler than CRP","1"
"Herring",68,17359,28,2017,"Cooler than CRP","1"
"Herring",70,17359,28,2017,"Cooler than CRP","1"
"Herring",74,17359,28,2017,"Cooler than CRP","1"
"Herring",75,17359,28,2017,"Cooler than CRP","1"
"Herring",75,17359,28,2017,"Cooler than CRP","1"
"Herring",58,17365,29,2017,"Cooler than CRP","1"
"Herring",64,17365,29,2017,"Cooler than CRP","1"
"Herring",58,17380,31,2017,"Cooler than CRP","1"
"Herring",59,17380,31,2017,"Cooler than CRP","1"
"Herring",59,17380,31,2017,"Cooler than CRP","1"
"Herring",60,17380,31,2017,"Cooler than CRP","1"
"Herring",61,17380,31,2017,"Cooler than CRP","1"
"Herring",62,17380,31,2017,"Cooler than CRP","1"
"Herring",64,17380,31,2017,"Cooler than CRP","1"
"Herring",64,17380,31,2017,"Cooler than CRP","1"
"Herring",65,17380,31,2017,"Cooler than CRP","1"
"Herring",65,17380,31,2017,"Cooler than CRP","1"
"Herring",65,17380,31,2017,"Cooler than CRP","1"
"Herring",66,17380,31,2017,"Cooler than CRP","1"
"Herring",67,17380,31,2017,"Cooler than CRP","1"
"Herring",68,17380,31,2017,"Cooler than CRP","1"
"Herring",74,17380,31,2017,"Cooler than CRP","1"
"Herring",77,17380,31,2017,"Cooler than CRP","1"
"Herring",72,17424,37,2017,"Cooler than CRP","1"
"Herring",80,17424,37,2017,"Cooler than CRP","1"
"Herring",82,17424,37,2017,"Cooler than CRP","1"
"Herring",52,17697,24,2018,"Cooler than CRP","1"
"Herring",54,17697,24,2018,"Cooler than CRP","1"
"Herring",54,17697,24,2018,"Cooler than CRP","1"
"Herring",55,17697,24,2018,"Cooler than CRP","1"
"Herring",55,17697,24,2018,"Cooler than CRP","1"
"Herring",56,17697,24,2018,"Cooler than CRP","1"
"Herring",56,17697,24,2018,"Cooler than CRP","1"
"Herring",56,17697,24,2018,"Cooler than CRP","1"
"Herring",56,17697,24,2018,"Cooler than CRP","1"
"Herring",56,17697,24,2018,"Cooler than CRP","1"
"Herring",58,17697,24,2018,"Cooler than CRP","1"
"Herring",58,17697,24,2018,"Cooler than CRP","1"
"Herring",58,17697,24,2018,"Cooler than CRP","1"
"Herring",58,17697,24,2018,"Cooler than CRP","1"
"Herring",58,17697,24,2018,"Cooler than CRP","1"
"Herring",59,17697,24,2018,"Cooler than CRP","1"
"Herring",59,17697,24,2018,"Cooler than CRP","1"
"Herring",60,17697,24,2018,"Cooler than CRP","1"
"Herring",60,17697,24,2018,"Cooler than CRP","1"
"Herring",61,17697,24,2018,"Cooler than CRP","1"
"Herring",61,17697,24,2018,"Cooler than CRP","1"
"Herring",61,17697,24,2018,"Cooler than CRP","1"
"Herring",61,17697,24,2018,"Cooler than CRP","1"
"Herring",62,17697,24,2018,"Cooler than CRP","1"
"Herring",62,17697,24,2018,"Cooler than CRP","1"
"Herring",62,17697,24,2018,"Cooler than CRP","1"
"Herring",63,17697,24,2018,"Cooler than CRP","1"
"Herring",64,17697,24,2018,"Cooler than CRP","1"
"Herring",64,17697,24,2018,"Cooler than CRP","1"
"Herring",61,17709,26,2018,"Cooler than CRP","1"
"Herring",62,17709,26,2018,"Cooler than CRP","1"
"Herring",62,17709,26,2018,"Cooler than CRP","1"
"Herring",65,17709,26,2018,"Cooler than CRP","1"
"Herring",65,17709,26,2018,"Cooler than CRP","1"
"Herring",66,17709,26,2018,"Cooler than CRP","1"
"Herring",70,17709,26,2018,"Cooler than CRP","1"
"Herring",72,17709,26,2018,"Cooler than CRP","1"
"Herring",75,17709,26,2018,"Cooler than CRP","1"
"Herring",75,17709,26,2018,"Cooler than CRP","1"
"Herring",68,17723,28,2018,"Cooler than CRP","1"
"Herring",68,17723,28,2018,"Cooler than CRP","1"
"Herring",69,17723,28,2018,"Cooler than CRP","1"
"Herring",69,17723,28,2018,"Cooler than CRP","1"
"Herring",70,17723,28,2018,"Cooler than CRP","1"
"Herring",70,17723,28,2018,"Cooler than CRP","1"
"Herring",71,17723,28,2018,"Cooler than CRP","1"
"Herring",72,17723,28,2018,"Cooler than CRP","1"
"Herring",72,17723,28,2018,"Cooler than CRP","1"
"Herring",72,17723,28,2018,"Cooler than CRP","1"
"Herring",72,17723,28,2018,"Cooler than CRP","1"
"Herring",72,17723,28,2018,"Cooler than CRP","1"
"Herring",73,17723,28,2018,"Cooler than CRP","1"
"Herring",73,17723,28,2018,"Cooler than CRP","1"
"Herring",74,17723,28,2018,"Cooler than CRP","1"
"Herring",74,17723,28,2018,"Cooler than CRP","1"
"Herring",74,17723,28,2018,"Cooler than CRP","1"
"Herring",74,17723,28,2018,"Cooler than CRP","1"
"Herring",74,17723,28,2018,"Cooler than CRP","1"
"Herring",74,17723,28,2018,"Cooler than CRP","1"
"Herring",75,17723,28,2018,"Cooler than CRP","1"
"Herring",76,17723,28,2018,"Cooler than CRP","1"
"Herring",76,17723,28,2018,"Cooler than CRP","1"
"Herring",76,17723,28,2018,"Cooler than CRP","1"
"Herring",76,17723,28,2018,"Cooler than CRP","1"
"Herring",76,17723,28,2018,"Cooler than CRP","1"
"Herring",76,17723,28,2018,"Cooler than CRP","1"
"Herring",76,17723,28,2018,"Cooler than CRP","1"
"Herring",77,17723,28,2018,"Cooler than CRP","1"
"Herring",77,17723,28,2018,"Cooler than CRP","1"
"Herring",77,17723,28,2018,"Cooler than CRP","1"
"Herring",77,17723,28,2018,"Cooler than CRP","1"
"Herring",78,17723,28,2018,"Cooler than CRP","1"
"Herring",78,17723,28,2018,"Cooler than CRP","1"
"Herring",78,17723,28,2018,"Cooler than CRP","1"
"Herring",79,17723,28,2018,"Cooler than CRP","1"
"Herring",79,17723,28,2018,"Cooler than CRP","1"
"Herring",80,17723,28,2018,"Cooler than CRP","1"
"Herring",80,17723,28,2018,"Cooler than CRP","1"
"Herring",81,17723,28,2018,"Cooler than CRP","1"
"Herring",81,17723,28,2018,"Cooler than CRP","1"
"Herring",81,17723,28,2018,"Cooler than CRP","1"
"Herring",81,17723,28,2018,"Cooler than CRP","1"
"Herring",81,17723,28,2018,"Cooler than CRP","1"
"Herring",81,17723,28,2018,"Cooler than CRP","1"
"Herring",81,17723,28,2018,"Cooler than CRP","1"
"Herring",82,17723,28,2018,"Cooler than CRP","1"
"Herring",82,17723,28,2018,"Cooler than CRP","1"
"Herring",83,17723,28,2018,"Cooler than CRP","1"
"Herring",83,17723,28,2018,"Cooler than CRP","1"
"Herring",83,17723,28,2018,"Cooler than CRP","1"
"Herring",84,17723,28,2018,"Cooler than CRP","1"
"Herring",85,17723,28,2018,"Cooler than CRP","1"
"Herring",86,17723,28,2018,"Cooler than CRP","1"
"Herring",96,17737,30,2018,"Cooler than CRP","1"
"Herring",89,17753,32,2018,"Cooler than CRP","1"
"Herring",89,17753,32,2018,"Cooler than CRP","1"
"Herring",91,17753,32,2018,"Cooler than CRP","1"
"Herring",91,17753,32,2018,"Cooler than CRP","1"
"Herring",92,17753,32,2018,"Cooler than CRP","1"
"Herring",94,17753,32,2018,"Cooler than CRP","1"
"Herring",94,17753,32,2018,"Cooler than CRP","1"
"Herring",96,17753,32,2018,"Cooler than CRP","1"
"Herring",96,17753,32,2018,"Cooler than CRP","1"
"Herring",96,17753,32,2018,"Cooler than CRP","1"
"Herring",96,17753,32,2018,"Cooler than CRP","1"
"Herring",97,17753,32,2018,"Cooler than CRP","1"
"Herring",97,17753,32,2018,"Cooler than CRP","1"
"Herring",97,17753,32,2018,"Cooler than CRP","1"
"Herring",97,17753,32,2018,"Cooler than CRP","1"
"Herring",98,17753,32,2018,"Cooler than CRP","1"
"Herring",99,17753,32,2018,"Cooler than CRP","1"
"Herring",99,17753,32,2018,"Cooler than CRP","1"
"Herring",100,17753,32,2018,"Cooler than CRP","1"
"Herring",100,17753,32,2018,"Cooler than CRP","1"
"Herring",101,17753,32,2018,"Cooler than CRP","1"
"Herring",101,17753,32,2018,"Cooler than CRP","1"
"Herring",101,17753,32,2018,"Cooler than CRP","1"
"Herring",102,17753,32,2018,"Cooler than CRP","1"
"Herring",50,18438,26,2020,"Warmer than CRP","1"
"Herring",51,18438,26,2020,"Warmer than CRP","1"
"Herring",51,18438,26,2020,"Warmer than CRP","1"
"Herring",53,18438,26,2020,"Warmer than CRP","1"
"Herring",53,18438,26,2020,"Warmer than CRP","1"
"Herring",54,18438,26,2020,"Warmer than CRP","1"
"Herring",54,18438,26,2020,"Warmer than CRP","1"
"Herring",55,18438,26,2020,"Warmer than CRP","1"
"Herring",55,18438,26,2020,"Warmer than CRP","1"
"Herring",55,18438,26,2020,"Warmer than CRP","1"
"Herring",55,18438,26,2020,"Warmer than CRP","1"
"Herring",57,18438,26,2020,"Warmer than CRP","1"
"Herring",58,18438,26,2020,"Warmer than CRP","1"
"Herring",58,18438,26,2020,"Warmer than CRP","1"
"Herring",59,18438,26,2020,"Warmer than CRP","1"
"Herring",60,18438,26,2020,"Warmer than CRP","1"
"Herring",60,18438,26,2020,"Warmer than CRP","1"
"Herring",60,18438,26,2020,"Warmer than CRP","1"
"Herring",60,18438,26,2020,"Warmer than CRP","1"
"Herring",60,18438,26,2020,"Warmer than CRP","1"
"Herring",60,18438,26,2020,"Warmer than CRP","1"
"Herring",60,18438,26,2020,"Warmer than CRP","1"
"Herring",62,18438,26,2020,"Warmer than CRP","1"
"Herring",63,18438,26,2020,"Warmer than CRP","1"
"Herring",56,18449,28,2020,"Warmer than CRP","1"
"Herring",56,18449,28,2020,"Warmer than CRP","1"
"Herring",56,18449,28,2020,"Warmer than CRP","1"
"Herring",57,18449,28,2020,"Warmer than CRP","1"
"Herring",58,18449,28,2020,"Warmer than CRP","1"
"Herring",60,18449,28,2020,"Warmer than CRP","1"
"Herring",60,18449,28,2020,"Warmer than CRP","1"
"Herring",61,18449,28,2020,"Warmer than CRP","1"
"Herring",61,18449,28,2020,"Warmer than CRP","1"
"Herring",62,18449,28,2020,"Warmer than CRP","1"
"Herring",62,18449,28,2020,"Warmer than CRP","1"
"Herring",62,18449,28,2020,"Warmer than CRP","1"
"Herring",63,18449,28,2020,"Warmer than CRP","1"
"Herring",63,18449,28,2020,"Warmer than CRP","1"
"Herring",63,18449,28,2020,"Warmer than CRP","1"
"Herring",63,18449,28,2020,"Warmer than CRP","1"
"Herring",64,18449,28,2020,"Warmer than CRP","1"
"Herring",64,18449,28,2020,"Warmer than CRP","1"
"Herring",64,18449,28,2020,"Warmer than CRP","1"
"Herring",64,18449,28,2020,"Warmer than CRP","1"
"Herring",64,18449,28,2020,"Warmer than CRP","1"
"Herring",64,18449,28,2020,"Warmer than CRP","1"
"Herring",64,18449,28,2020,"Warmer than CRP","1"
"Herring",64,18449,28,2020,"Warmer than CRP","1"
"Herring",64,18449,28,2020,"Warmer than CRP","1"
"Herring",65,18449,28,2020,"Warmer than CRP","1"
"Herring",65,18449,28,2020,"Warmer than CRP","1"
"Herring",65,18449,28,2020,"Warmer than CRP","1"
"Herring",65,18449,28,2020,"Warmer than CRP","1"
"Herring",65,18449,28,2020,"Warmer than CRP","1"
"Herring",65,18449,28,2020,"Warmer than CRP","1"
"Herring",65,18449,28,2020,"Warmer than CRP","1"
"Herring",65,18449,28,2020,"Warmer than CRP","1"
"Herring",66,18449,28,2020,"Warmer than CRP","1"
"Herring",66,18449,28,2020,"Warmer than CRP","1"
"Herring",66,18449,28,2020,"Warmer than CRP","1"
"Herring",66,18449,28,2020,"Warmer than CRP","1"
"Herring",66,18449,28,2020,"Warmer than CRP","1"
"Herring",66,18449,28,2020,"Warmer than CRP","1"
"Herring",66,18449,28,2020,"Warmer than CRP","1"
"Herring",66,18449,28,2020,"Warmer than CRP","1"
"Herring",66,18449,28,2020,"Warmer than CRP","1"
"Herring",66,18449,28,2020,"Warmer than CRP","1"
"Herring",66,18449,28,2020,"Warmer than CRP","1"
"Herring",66,18449,28,2020,"Warmer than CRP","1"
"Herring",67,18449,28,2020,"Warmer than CRP","1"
"Herring",67,18449,28,2020,"Warmer than CRP","1"
"Herring",67,18449,28,2020,"Warmer than CRP","1"
"Herring",67,18449,28,2020,"Warmer than CRP","1"
"Herring",67,18449,28,2020,"Warmer than CRP","1"
"Herring",67,18449,28,2020,"Warmer than CRP","1"
"Herring",67,18449,28,2020,"Warmer than CRP","1"
"Herring",67,18449,28,2020,"Warmer than CRP","1"
"Herring",67,18449,28,2020,"Warmer than CRP","1"
"Herring",68,18449,28,2020,"Warmer than CRP","1"
"Herring",68,18449,28,2020,"Warmer than CRP","1"
"Herring",68,18449,28,2020,"Warmer than CRP","1"
"Herring",68,18449,28,2020,"Warmer than CRP","1"
"Herring",68,18449,28,2020,"Warmer than CRP","1"
"Herring",68,18449,28,2020,"Warmer than CRP","1"
"Herring",68,18449,28,2020,"Warmer than CRP","1"
"Herring",68,18449,28,2020,"Warmer than CRP","1"
"Herring",68,18449,28,2020,"Warmer than CRP","1"
"Herring",68,18449,28,2020,"Warmer than CRP","1"
"Herring",69,18449,28,2020,"Warmer than CRP","1"
"Herring",69,18449,28,2020,"Warmer than CRP","1"
"Herring",69,18449,28,2020,"Warmer than CRP","1"
"Herring",69,18449,28,2020,"Warmer than CRP","1"
"Herring",70,18449,28,2020,"Warmer than CRP","1"
"Herring",70,18449,28,2020,"Warmer than CRP","1"
"Herring",70,18449,28,2020,"Warmer than CRP","1"
"Herring",70,18449,28,2020,"Warmer than CRP","1"
"Herring",70,18449,28,2020,"Warmer than CRP","1"
"Herring",71,18449,28,2020,"Warmer than CRP","1"
"Herring",71,18449,28,2020,"Warmer than CRP","1"
"Herring",71,18449,28,2020,"Warmer than CRP","1"
"Herring",71,18449,28,2020,"Warmer than CRP","1"
"Herring",71,18449,28,2020,"Warmer than CRP","1"
"Herring",71,18449,28,2020,"Warmer than CRP","1"
"Herring",71,18449,28,2020,"Warmer than CRP","1"
"Herring",72,18449,28,2020,"Warmer than CRP","1"
"Herring",73,18449,28,2020,"Warmer than CRP","1"
"Herring",73,18449,28,2020,"Warmer than CRP","1"
"Herring",73,18449,28,2020,"Warmer than CRP","1"
"Herring",73,18449,28,2020,"Warmer than CRP","1"
"Herring",74,18449,28,2020,"Warmer than CRP","1"
"Herring",74,18449,28,2020,"Warmer than CRP","1"
"Herring",75,18449,28,2020,"Warmer than CRP","1"
"Herring",75,18449,28,2020,"Warmer than CRP","1"
"Herring",76,18449,28,2020,"Warmer than CRP","1"
"Herring",76,18449,28,2020,"Warmer than CRP","1"
"Herring",77,18449,28,2020,"Warmer than CRP","1"
"Herring",68,18465,30,2020,"Warmer than CRP","1"
"Herring",69,18465,30,2020,"Warmer than CRP","1"
"Herring",70,18465,30,2020,"Warmer than CRP","1"
"Herring",71,18465,30,2020,"Warmer than CRP","1"
"Herring",72,18465,30,2020,"Warmer than CRP","1"
"Herring",72,18465,30,2020,"Warmer than CRP","1"
"Herring",72,18465,30,2020,"Warmer than CRP","1"
"Herring",72,18465,30,2020,"Warmer than CRP","1"
"Herring",73,18465,30,2020,"Warmer than CRP","1"
"Herring",74,18465,30,2020,"Warmer than CRP","1"
"Herring",75,18465,30,2020,"Warmer than CRP","1"
"Herring",77,18465,30,2020,"Warmer than CRP","1"
"Herring",77,18465,30,2020,"Warmer than CRP","1"
"Herring",77,18465,30,2020,"Warmer than CRP","1"
"Herring",78,18465,30,2020,"Warmer than CRP","1"
"Herring",82,18465,30,2020,"Warmer than CRP","1"
"Herring",83,18465,30,2020,"Warmer than CRP","1"
"Herring",84,18494,34,2020,"Warmer than CRP","1"
"Herring",88,18494,34,2020,"Warmer than CRP","1"
"Herring",88,18494,34,2020,"Warmer than CRP","1"
"Herring",90,18494,34,2020,"Warmer than CRP","1"
"Herring",93,18494,34,2020,"Warmer than CRP","1"
"Herring",94,18494,34,2020,"Warmer than CRP","1"
"Herring",94,18494,34,2020,"Warmer than CRP","1"
"Herring",95,18494,34,2020,"Warmer than CRP","1"
"Herring",95,18494,34,2020,"Warmer than CRP","1"
"Herring",97,18494,34,2020,"Warmer than CRP","1"
"Herring",97,18494,34,2020,"Warmer than CRP","1"
"Herring",97,18494,34,2020,"Warmer than CRP","1"
"Herring",97,18494,34,2020,"Warmer than CRP","1"
"Herring",98,18494,34,2020,"Warmer than CRP","1"
"Herring",98,18494,34,2020,"Warmer than CRP","1"
"Herring",100,18494,34,2020,"Warmer than CRP","1"
"Herring",100,18494,34,2020,"Warmer than CRP","1"
"Herring",100,18494,34,2020,"Warmer than CRP","1"
"Herring",101,18494,34,2020,"Warmer than CRP","1"
"Herring",81,18509,36,2020,"Warmer than CRP","1"
"Herring",82,18509,36,2020,"Warmer than CRP","1"
"Herring",82,18509,36,2020,"Warmer than CRP","1"
"Herring",84,18509,36,2020,"Warmer than CRP","1"
"Herring",85,18509,36,2020,"Warmer than CRP","1"
"Herring",85,18509,36,2020,"Warmer than CRP","1"
"Herring",86,18509,36,2020,"Warmer than CRP","1"
"Herring",87,18509,36,2020,"Warmer than CRP","1"
"Herring",87,18509,36,2020,"Warmer than CRP","1"
"Herring",88,18509,36,2020,"Warmer than CRP","1"
"Herring",88,18509,36,2020,"Warmer than CRP","1"
"Herring",88,18509,36,2020,"Warmer than CRP","1"
"Herring",88,18509,36,2020,"Warmer than CRP","1"
"Herring",89,18509,36,2020,"Warmer than CRP","1"
"Herring",89,18509,36,2020,"Warmer than CRP","1"
"Herring",89,18509,36,2020,"Warmer than CRP","1"
"Herring",90,18509,36,2020,"Warmer than CRP","1"
"Herring",91,18509,36,2020,"Warmer than CRP","1"
"Herring",91,18509,36,2020,"Warmer than CRP","1"
"Herring",91,18509,36,2020,"Warmer than CRP","1"
"Herring",92,18509,36,2020,"Warmer than CRP","1"
"Herring",93,18509,36,2020,"Warmer than CRP","1"
"Herring",94,18509,36,2020,"Warmer than CRP","1"
"Herring",94,18509,36,2020,"Warmer than CRP","1"
"Herring",95,18509,36,2020,"Warmer than CRP","1"
"Herring",95,18509,36,2020,"Warmer than CRP","1"
"Herring",96,18509,36,2020,"Warmer than CRP","1"
"Herring",96,18509,36,2020,"Warmer than CRP","1"
"Herring",97,18509,36,2020,"Warmer than CRP","1"
"Herring",97,18509,36,2020,"Warmer than CRP","1"
"Herring",98,18509,36,2020,"Warmer than CRP","1"
"Herring",99,18509,36,2020,"Warmer than CRP","1"
"Herring",99,18509,36,2020,"Warmer than CRP","1"
"Herring",99,18509,36,2020,"Warmer than CRP","1"
"Herring",100,18509,36,2020,"Warmer than CRP","1"
"Herring",100,18509,36,2020,"Warmer than CRP","1"
"Herring",101,18509,36,2020,"Warmer than CRP","1"
"Herring",101,18509,36,2020,"Warmer than CRP","1"
"Herring",103,18509,36,2020,"Warmer than CRP","1"
"Herring",105,18509,36,2020,"Warmer than CRP","1"
"Herring",105,18509,36,2020,"Warmer than CRP","1"
"Herring",106,18509,36,2020,"Warmer than CRP","1"
"Herring",107,18509,36,2020,"Warmer than CRP","1"
"Herring",109,18509,36,2020,"Warmer than CRP","1"
"Herring",110,18509,36,2020,"Warmer than CRP","1"
"Herring",47,18795,24,2021,"Warmer than CRP","1"
"Herring",48,18795,24,2021,"Warmer than CRP","1"
"Herring",49,18795,24,2021,"Warmer than CRP","1"
"Herring",49,18795,24,2021,"Warmer than CRP","1"
"Herring",50,18795,24,2021,"Warmer than CRP","1"
"Herring",51,18795,24,2021,"Warmer than CRP","1"
"Herring",51,18795,24,2021,"Warmer than CRP","1"
"Herring",45,18803,25,2021,"Warmer than CRP","1"
"Herring",45,18803,25,2021,"Warmer than CRP","1"
"Herring",45,18803,25,2021,"Warmer than CRP","1"
"Herring",46,18803,25,2021,"Warmer than CRP","1"
"Herring",46,18803,25,2021,"Warmer than CRP","1"
"Herring",47,18803,25,2021,"Warmer than CRP","1"
"Herring",47,18803,25,2021,"Warmer than CRP","1"
"Herring",47,18803,25,2021,"Warmer than CRP","1"
"Herring",48,18803,25,2021,"Warmer than CRP","1"
"Herring",49,18803,25,2021,"Warmer than CRP","1"
"Herring",49,18803,25,2021,"Warmer than CRP","1"
"Herring",50,18803,25,2021,"Warmer than CRP","1"
"Herring",50,18803,25,2021,"Warmer than CRP","1"
"Herring",50,18803,25,2021,"Warmer than CRP","1"
"Herring",50,18803,25,2021,"Warmer than CRP","1"
"Herring",50,18803,25,2021,"Warmer than CRP","1"
"Herring",50,18803,25,2021,"Warmer than CRP","1"
"Herring",50,18803,25,2021,"Warmer than CRP","1"
"Herring",51,18803,25,2021,"Warmer than CRP","1"
"Herring",51,18803,25,2021,"Warmer than CRP","1"
"Herring",51,18803,25,2021,"Warmer than CRP","1"
"Herring",52,18803,25,2021,"Warmer than CRP","1"
"Herring",52,18803,25,2021,"Warmer than CRP","1"
"Herring",52,18803,25,2021,"Warmer than CRP","1"
"Herring",52,18803,25,2021,"Warmer than CRP","1"
"Herring",52,18803,25,2021,"Warmer than CRP","1"
"Herring",52,18803,25,2021,"Warmer than CRP","1"
"Herring",52,18803,25,2021,"Warmer than CRP","1"
"Herring",52,18803,25,2021,"Warmer than CRP","1"
"Herring",52,18803,25,2021,"Warmer than CRP","1"
"Herring",52,18803,25,2021,"Warmer than CRP","1"
"Herring",52,18803,25,2021,"Warmer than CRP","1"
"Herring",52,18803,25,2021,"Warmer than CRP","1"
"Herring",53,18803,25,2021,"Warmer than CRP","1"
"Herring",53,18803,25,2021,"Warmer than CRP","1"
"Herring",53,18803,25,2021,"Warmer than CRP","1"
"Herring",54,18803,25,2021,"Warmer than CRP","1"
"Herring",54,18803,25,2021,"Warmer than CRP","1"
"Herring",54,18803,25,2021,"Warmer than CRP","1"
"Herring",54,18803,25,2021,"Warmer than CRP","1"
"Herring",54,18803,25,2021,"Warmer than CRP","1"
"Herring",54,18803,25,2021,"Warmer than CRP","1"
"Herring",55,18803,25,2021,"Warmer than CRP","1"
"Herring",55,18803,25,2021,"Warmer than CRP","1"
"Herring",56,18803,25,2021,"Warmer than CRP","1"
"Herring",56,18803,25,2021,"Warmer than CRP","1"
"Herring",56,18803,25,2021,"Warmer than CRP","1"
"Herring",56,18803,25,2021,"Warmer than CRP","1"
"Herring",56,18803,25,2021,"Warmer than CRP","1"
"Herring",57,18803,25,2021,"Warmer than CRP","1"
"Herring",58,18803,25,2021,"Warmer than CRP","1"
"Herring",58,18803,25,2021,"Warmer than CRP","1"
"Herring",58,18803,25,2021,"Warmer than CRP","1"
"Herring",58,18803,25,2021,"Warmer than CRP","1"
"Herring",58,18803,25,2021,"Warmer than CRP","1"
"Herring",58,18803,25,2021,"Warmer than CRP","1"
"Herring",58,18803,25,2021,"Warmer than CRP","1"
"Herring",58,18803,25,2021,"Warmer than CRP","1"
"Herring",58,18803,25,2021,"Warmer than CRP","1"
"Herring",59,18803,25,2021,"Warmer than CRP","1"
"Herring",59,18803,25,2021,"Warmer than CRP","1"
"Herring",59,18803,25,2021,"Warmer than CRP","1"
"Herring",60,18803,25,2021,"Warmer than CRP","1"
"Herring",60,18803,25,2021,"Warmer than CRP","1"
"Herring",60,18803,25,2021,"Warmer than CRP","1"
"Herring",60,18803,25,2021,"Warmer than CRP","1"
"Herring",60,18803,25,2021,"Warmer than CRP","1"
"Herring",50,18808,26,2021,"Warmer than CRP","1"
"Herring",51,18808,26,2021,"Warmer than CRP","1"
"Herring",51,18808,26,2021,"Warmer than CRP","1"
"Herring",52,18808,26,2021,"Warmer than CRP","1"
"Herring",53,18808,26,2021,"Warmer than CRP","1"
"Herring",54,18808,26,2021,"Warmer than CRP","1"
"Herring",54,18808,26,2021,"Warmer than CRP","1"
"Herring",54,18808,26,2021,"Warmer than CRP","1"
"Herring",55,18808,26,2021,"Warmer than CRP","1"
"Herring",55,18808,26,2021,"Warmer than CRP","1"
"Herring",55,18808,26,2021,"Warmer than CRP","1"
"Herring",55,18808,26,2021,"Warmer than CRP","1"
"Herring",55,18808,26,2021,"Warmer than CRP","1"
"Herring",55,18808,26,2021,"Warmer than CRP","1"
"Herring",56,18808,26,2021,"Warmer than CRP","1"
"Herring",56,18808,26,2021,"Warmer than CRP","1"
"Herring",56,18808,26,2021,"Warmer than CRP","1"
"Herring",56,18808,26,2021,"Warmer than CRP","1"
"Herring",57,18808,26,2021,"Warmer than CRP","1"
"Herring",57,18808,26,2021,"Warmer than CRP","1"
"Herring",58,18808,26,2021,"Warmer than CRP","1"
"Herring",58,18808,26,2021,"Warmer than CRP","1"
"Herring",59,18808,26,2021,"Warmer than CRP","1"
"Herring",59,18808,26,2021,"Warmer than CRP","1"
"Herring",59,18808,26,2021,"Warmer than CRP","1"
"Herring",60,18808,26,2021,"Warmer than CRP","1"
"Herring",60,18808,26,2021,"Warmer than CRP","1"
"Herring",60,18808,26,2021,"Warmer than CRP","1"
"Herring",61,18808,26,2021,"Warmer than CRP","1"
"Herring",64,18808,26,2021,"Warmer than CRP","1"
"Herring",52,18815,27,2021,"Warmer than CRP","1"
"Herring",52,18815,27,2021,"Warmer than CRP","1"
"Herring",52,18815,27,2021,"Warmer than CRP","1"
"Herring",52,18815,27,2021,"Warmer than CRP","1"
"Herring",54,18815,27,2021,"Warmer than CRP","1"
"Herring",54,18815,27,2021,"Warmer than CRP","1"
"Herring",54,18815,27,2021,"Warmer than CRP","1"
"Herring",55,18815,27,2021,"Warmer than CRP","1"
"Herring",55,18815,27,2021,"Warmer than CRP","1"
"Herring",55,18815,27,2021,"Warmer than CRP","1"
"Herring",55,18815,27,2021,"Warmer than CRP","1"
"Herring",56,18815,27,2021,"Warmer than CRP","1"
"Herring",56,18815,27,2021,"Warmer than CRP","1"
"Herring",57,18815,27,2021,"Warmer than CRP","1"
"Herring",57,18815,27,2021,"Warmer than CRP","1"
"Herring",57,18815,27,2021,"Warmer than CRP","1"
"Herring",58,18815,27,2021,"Warmer than CRP","1"
"Herring",58,18815,27,2021,"Warmer than CRP","1"
"Herring",59,18815,27,2021,"Warmer than CRP","1"
"Herring",59,18815,27,2021,"Warmer than CRP","1"
"Herring",60,18815,27,2021,"Warmer than CRP","1"
"Herring",60,18815,27,2021,"Warmer than CRP","1"
"Herring",60,18815,27,2021,"Warmer than CRP","1"
"Herring",60,18815,27,2021,"Warmer than CRP","1"
"Herring",61,18815,27,2021,"Warmer than CRP","1"
"Herring",62,18815,27,2021,"Warmer than CRP","1"
"Herring",63,18815,27,2021,"Warmer than CRP","1"
"Herring",63,18815,27,2021,"Warmer than CRP","1"
"Herring",64,18815,27,2021,"Warmer than CRP","1"
"Herring",66,18815,27,2021,"Warmer than CRP","1"
"Herring",66,18815,27,2021,"Warmer than CRP","1"
"Herring",66,18815,27,2021,"Warmer than CRP","1"
"Herring",66,18815,27,2021,"Warmer than CRP","1"
"Herring",67,18815,27,2021,"Warmer than CRP","1"
"Herring",70,18815,27,2021,"Warmer than CRP","1"
"Herring",71,18815,27,2021,"Warmer than CRP","1"
"Herring",52,18821,28,2021,"Warmer than CRP","1"
"Herring",52,18821,28,2021,"Warmer than CRP","1"
"Herring",54,18821,28,2021,"Warmer than CRP","1"
"Herring",54,18821,28,2021,"Warmer than CRP","1"
"Herring",54,18821,28,2021,"Warmer than CRP","1"
"Herring",54,18821,28,2021,"Warmer than CRP","1"
"Herring",55,18821,28,2021,"Warmer than CRP","1"
"Herring",55,18821,28,2021,"Warmer than CRP","1"
"Herring",56,18821,28,2021,"Warmer than CRP","1"
"Herring",56,18821,28,2021,"Warmer than CRP","1"
"Herring",58,18821,28,2021,"Warmer than CRP","1"
"Herring",58,18821,28,2021,"Warmer than CRP","1"
"Herring",60,18821,28,2021,"Warmer than CRP","1"
"Herring",60,18821,28,2021,"Warmer than CRP","1"
"Herring",60,18821,28,2021,"Warmer than CRP","1"
"Herring",60,18821,28,2021,"Warmer than CRP","1"
"Herring",60,18821,28,2021,"Warmer than CRP","1"
"Herring",61,18821,28,2021,"Warmer than CRP","1"
"Herring",61,18821,28,2021,"Warmer than CRP","1"
"Herring",62,18821,28,2021,"Warmer than CRP","1"
"Herring",62,18821,28,2021,"Warmer than CRP","1"
"Herring",63,18821,28,2021,"Warmer than CRP","1"
"Herring",63,18821,28,2021,"Warmer than CRP","1"
"Herring",63,18821,28,2021,"Warmer than CRP","1"
"Herring",63,18821,28,2021,"Warmer than CRP","1"
"Herring",63,18821,28,2021,"Warmer than CRP","1"
"Herring",63,18821,28,2021,"Warmer than CRP","1"
"Herring",64,18821,28,2021,"Warmer than CRP","1"
"Herring",65,18821,28,2021,"Warmer than CRP","1"
"Herring",65,18821,28,2021,"Warmer than CRP","1"
"Herring",66,18821,28,2021,"Warmer than CRP","1"
"Herring",68,18821,28,2021,"Warmer than CRP","1"
"Herring",68,18821,28,2021,"Warmer than CRP","1"
"Herring",69,18821,28,2021,"Warmer than CRP","1"
"Herring",69,18821,28,2021,"Warmer than CRP","1"
"Herring",70,18821,28,2021,"Warmer than CRP","1"
"Herring",70,18821,28,2021,"Warmer than CRP","1"
"Herring",70,18821,28,2021,"Warmer than CRP","1"
"Herring",70,18821,28,2021,"Warmer than CRP","1"
"Herring",71,18821,28,2021,"Warmer than CRP","1"
"Herring",72,18821,28,2021,"Warmer than CRP","1"
"Herring",76,18821,28,2021,"Warmer than CRP","1"
"Herring",76,18821,28,2021,"Warmer than CRP","1"
"Herring",72,18836,30,2021,"Warmer than CRP","1"
"Herring",51,19157,24,2022,"Warmer than CRP","1"
"Herring",52,19157,24,2022,"Warmer than CRP","1"
"Herring",52,19157,24,2022,"Warmer than CRP","1"
"Herring",52,19157,24,2022,"Warmer than CRP","1"
"Herring",52,19157,24,2022,"Warmer than CRP","1"
"Herring",52,19157,24,2022,"Warmer than CRP","1"
"Herring",52,19157,24,2022,"Warmer than CRP","1"
"Herring",53,19157,24,2022,"Warmer than CRP","1"
"Herring",53,19157,24,2022,"Warmer than CRP","1"
"Herring",53,19157,24,2022,"Warmer than CRP","1"
"Herring",54,19157,24,2022,"Warmer than CRP","1"
"Herring",54,19157,24,2022,"Warmer than CRP","1"
"Herring",54,19157,24,2022,"Warmer than CRP","1"
"Herring",54,19157,24,2022,"Warmer than CRP","1"
"Herring",54,19157,24,2022,"Warmer than CRP","1"
"Herring",54,19157,24,2022,"Warmer than CRP","1"
"Herring",54,19157,24,2022,"Warmer than CRP","1"
"Herring",54,19157,24,2022,"Warmer than CRP","1"
"Herring",54,19157,24,2022,"Warmer than CRP","1"
"Herring",54,19157,24,2022,"Warmer than CRP","1"
"Herring",55,19157,24,2022,"Warmer than CRP","1"
"Herring",55,19157,24,2022,"Warmer than CRP","1"
"Herring",55,19157,24,2022,"Warmer than CRP","1"
"Herring",55,19157,24,2022,"Warmer than CRP","1"
"Herring",55,19157,24,2022,"Warmer than CRP","1"
"Herring",55,19157,24,2022,"Warmer than CRP","1"
"Herring",55,19157,24,2022,"Warmer than CRP","1"
"Herring",55,19157,24,2022,"Warmer than CRP","1"
"Herring",55,19157,24,2022,"Warmer than CRP","1"
"Herring",55,19157,24,2022,"Warmer than CRP","1"
"Herring",55,19157,24,2022,"Warmer than CRP","1"
"Herring",56,19157,24,2022,"Warmer than CRP","1"
"Herring",56,19157,24,2022,"Warmer than CRP","1"
"Herring",56,19157,24,2022,"Warmer than CRP","1"
"Herring",56,19157,24,2022,"Warmer than CRP","1"
"Herring",56,19157,24,2022,"Warmer than CRP","1"
"Herring",56,19157,24,2022,"Warmer than CRP","1"
"Herring",56,19157,24,2022,"Warmer than CRP","1"
"Herring",56,19157,24,2022,"Warmer than CRP","1"
"Herring",56,19157,24,2022,"Warmer than CRP","1"
"Herring",56,19157,24,2022,"Warmer than CRP","1"
"Herring",56,19157,24,2022,"Warmer than CRP","1"
"Herring",56,19157,24,2022,"Warmer than CRP","1"
"Herring",56,19157,24,2022,"Warmer than CRP","1"
"Herring",57,19157,24,2022,"Warmer than CRP","1"
"Herring",57,19157,24,2022,"Warmer than CRP","1"
"Herring",57,19157,24,2022,"Warmer than CRP","1"
"Herring",57,19157,24,2022,"Warmer than CRP","1"
"Herring",57,19157,24,2022,"Warmer than CRP","1"
"Herring",58,19157,24,2022,"Warmer than CRP","1"
"Herring",58,19157,24,2022,"Warmer than CRP","1"
"Herring",58,19157,24,2022,"Warmer than CRP","1"
"Herring",58,19157,24,2022,"Warmer than CRP","1"
"Herring",58,19157,24,2022,"Warmer than CRP","1"
"Herring",58,19157,24,2022,"Warmer than CRP","1"
"Herring",58,19157,24,2022,"Warmer than CRP","1"
"Herring",58,19157,24,2022,"Warmer than CRP","1"
"Herring",59,19157,24,2022,"Warmer than CRP","1"
"Herring",59,19157,24,2022,"Warmer than CRP","1"
"Herring",59,19157,24,2022,"Warmer than CRP","1"
"Herring",59,19157,24,2022,"Warmer than CRP","1"
"Herring",59,19157,24,2022,"Warmer than CRP","1"
"Herring",59,19157,24,2022,"Warmer than CRP","1"
"Herring",59,19157,24,2022,"Warmer than CRP","1"
"Herring",59,19157,24,2022,"Warmer than CRP","1"
"Herring",59,19157,24,2022,"Warmer than CRP","1"
"Herring",60,19157,24,2022,"Warmer than CRP","1"
"Herring",60,19157,24,2022,"Warmer than CRP","1"
"Herring",60,19157,24,2022,"Warmer than CRP","1"
"Herring",60,19157,24,2022,"Warmer than CRP","1"
"Herring",60,19157,24,2022,"Warmer than CRP","1"
"Herring",60,19157,24,2022,"Warmer than CRP","1"
"Herring",60,19157,24,2022,"Warmer than CRP","1"
"Herring",62,19157,24,2022,"Warmer than CRP","1"
"Herring",62,19157,24,2022,"Warmer than CRP","1"
"Herring",62,19157,24,2022,"Warmer than CRP","1"
"Herring",62,19157,24,2022,"Warmer than CRP","1"
"Herring",51,19170,26,2022,"Warmer than CRP","1"
"Herring",51,19170,26,2022,"Warmer than CRP","1"
"Herring",52,19170,26,2022,"Warmer than CRP","1"
"Herring",52,19170,26,2022,"Warmer than CRP","1"
"Herring",52,19170,26,2022,"Warmer than CRP","1"
"Herring",52,19170,26,2022,"Warmer than CRP","1"
"Herring",53,19170,26,2022,"Warmer than CRP","1"
"Herring",53,19170,26,2022,"Warmer than CRP","1"
"Herring",53,19170,26,2022,"Warmer than CRP","1"
"Herring",54,19170,26,2022,"Warmer than CRP","1"
"Herring",54,19170,26,2022,"Warmer than CRP","1"
"Herring",55,19170,26,2022,"Warmer than CRP","1"
"Herring",55,19170,26,2022,"Warmer than CRP","1"
"Herring",55,19170,26,2022,"Warmer than CRP","1"
"Herring",55,19170,26,2022,"Warmer than CRP","1"
"Herring",55,19170,26,2022,"Warmer than CRP","1"
"Herring",56,19170,26,2022,"Warmer than CRP","1"
"Herring",56,19170,26,2022,"Warmer than CRP","1"
"Herring",56,19170,26,2022,"Warmer than CRP","1"
"Herring",56,19170,26,2022,"Warmer than CRP","1"
"Herring",57,19170,26,2022,"Warmer than CRP","1"
"Herring",57,19170,26,2022,"Warmer than CRP","1"
"Herring",57,19170,26,2022,"Warmer than CRP","1"
"Herring",57,19170,26,2022,"Warmer than CRP","1"
"Herring",57,19170,26,2022,"Warmer than CRP","1"
"Herring",58,19170,26,2022,"Warmer than CRP","1"
"Herring",58,19170,26,2022,"Warmer than CRP","1"
"Herring",58,19170,26,2022,"Warmer than CRP","1"
"Herring",58,19170,26,2022,"Warmer than CRP","1"
"Herring",58,19170,26,2022,"Warmer than CRP","1"
"Herring",58,19170,26,2022,"Warmer than CRP","1"
"Herring",58,19170,26,2022,"Warmer than CRP","1"
"Herring",58,19170,26,2022,"Warmer than CRP","1"
"Herring",59,19170,26,2022,"Warmer than CRP","1"
"Herring",60,19170,26,2022,"Warmer than CRP","1"
"Herring",60,19170,26,2022,"Warmer than CRP","1"
"Herring",61,19170,26,2022,"Warmer than CRP","1"
"Herring",61,19170,26,2022,"Warmer than CRP","1"
"Herring",61,19170,26,2022,"Warmer than CRP","1"
"Herring",62,19170,26,2022,"Warmer than CRP","1"
"Herring",62,19170,26,2022,"Warmer than CRP","1"
"Herring",63,19170,26,2022,"Warmer than CRP","1"
"Herring",64,19170,26,2022,"Warmer than CRP","1"
"Herring",64,19170,26,2022,"Warmer than CRP","1"
"Herring",64,19170,26,2022,"Warmer than CRP","1"
"Herring",64,19170,26,2022,"Warmer than CRP","1"
"Herring",64,19170,26,2022,"Warmer than CRP","1"
"Herring",64,19170,26,2022,"Warmer than CRP","1"
"Herring",65,19170,26,2022,"Warmer than CRP","1"
"Herring",65,19170,26,2022,"Warmer than CRP","1"
"Herring",65,19170,26,2022,"Warmer than CRP","1"
"Herring",63,19181,27,2022,"Warmer than CRP","1"
"Herring",64,19181,27,2022,"Warmer than CRP","1"
"Herring",66,19181,27,2022,"Warmer than CRP","1"
"Herring",67,19181,27,2022,"Warmer than CRP","1"
"Herring",54,19185,28,2022,"Warmer than CRP","1"
"Herring",54,19185,28,2022,"Warmer than CRP","1"
"Herring",56,19185,28,2022,"Warmer than CRP","1"
"Herring",57,19185,28,2022,"Warmer than CRP","1"
"Herring",58,19185,28,2022,"Warmer than CRP","1"
"Herring",58,19185,28,2022,"Warmer than CRP","1"
"Herring",58,19185,28,2022,"Warmer than CRP","1"
"Herring",58,19185,28,2022,"Warmer than CRP","1"
"Herring",59,19185,28,2022,"Warmer than CRP","1"
"Herring",59,19185,28,2022,"Warmer than CRP","1"
"Herring",60,19185,28,2022,"Warmer than CRP","1"
"Herring",60,19185,28,2022,"Warmer than CRP","1"
"Herring",60,19185,28,2022,"Warmer than CRP","1"
"Herring",60,19185,28,2022,"Warmer than CRP","1"
"Herring",60,19185,28,2022,"Warmer than CRP","1"
"Herring",61,19185,28,2022,"Warmer than CRP","1"
"Herring",61,19185,28,2022,"Warmer than CRP","1"
"Herring",62,19185,28,2022,"Warmer than CRP","1"
"Herring",62,19185,28,2022,"Warmer than CRP","1"
"Herring",62,19185,28,2022,"Warmer than CRP","1"
"Herring",62,19185,28,2022,"Warmer than CRP","1"
"Herring",62,19185,28,2022,"Warmer than CRP","1"
"Herring",63,19185,28,2022,"Warmer than CRP","1"
"Herring",63,19185,28,2022,"Warmer than CRP","1"
"Herring",64,19185,28,2022,"Warmer than CRP","1"
"Herring",64,19185,28,2022,"Warmer than CRP","1"
"Herring",64,19185,28,2022,"Warmer than CRP","1"
"Herring",64,19185,28,2022,"Warmer than CRP","1"
"Herring",64,19185,28,2022,"Warmer than CRP","1"
"Herring",64,19185,28,2022,"Warmer than CRP","1"
"Herring",64,19185,28,2022,"Warmer than CRP","1"
"Herring",65,19185,28,2022,"Warmer than CRP","1"
"Herring",65,19185,28,2022,"Warmer than CRP","1"
"Herring",65,19185,28,2022,"Warmer than CRP","1"
"Herring",66,19185,28,2022,"Warmer than CRP","1"
"Herring",66,19185,28,2022,"Warmer than CRP","1"
"Herring",66,19185,28,2022,"Warmer than CRP","1"
"Herring",66,19185,28,2022,"Warmer than CRP","1"
"Herring",67,19185,28,2022,"Warmer than CRP","1"
"Herring",68,19185,28,2022,"Warmer than CRP","1"
"Herring",68,19185,28,2022,"Warmer than CRP","1"
"Herring",69,19185,28,2022,"Warmer than CRP","1"
"Herring",69,19185,28,2022,"Warmer than CRP","1"
"Herring",57,19198,30,2022,"Warmer than CRP","1"
"Herring",57,19198,30,2022,"Warmer than CRP","1"
"Herring",59,19198,30,2022,"Warmer than CRP","1"
"Herring",60,19198,30,2022,"Warmer than CRP","1"
"Herring",61,19198,30,2022,"Warmer than CRP","1"
"Herring",62,19198,30,2022,"Warmer than CRP","1"
"Herring",63,19198,30,2022,"Warmer than CRP","1"
"Herring",63,19198,30,2022,"Warmer than CRP","1"
"Herring",64,19198,30,2022,"Warmer than CRP","1"
"Herring",64,19198,30,2022,"Warmer than CRP","1"
"Herring",64,19198,30,2022,"Warmer than CRP","1"
"Herring",65,19198,30,2022,"Warmer than CRP","1"
"Herring",65,19198,30,2022,"Warmer than CRP","1"
"Herring",65,19198,30,2022,"Warmer than CRP","1"
"Herring",65,19198,30,2022,"Warmer than CRP","1"
"Herring",65,19198,30,2022,"Warmer than CRP","1"
"Herring",65,19198,30,2022,"Warmer than CRP","1"
"Herring",65,19198,30,2022,"Warmer than CRP","1"
"Herring",66,19198,30,2022,"Warmer than CRP","1"
"Herring",67,19198,30,2022,"Warmer than CRP","1"
"Herring",68,19198,30,2022,"Warmer than CRP","1"
"Herring",69,19198,30,2022,"Warmer than CRP","1"
"Herring",71,19198,30,2022,"Warmer than CRP","1"
"Herring",71,19198,30,2022,"Warmer than CRP","1"
"Silverside",47,16273,30,2014,"Cooler than CRP","1"
"Silverside",49,16273,30,2014,"Cooler than CRP","1"
"Silverside",50,16273,30,2014,"Cooler than CRP","1"
"Silverside",51,16273,30,2014,"Cooler than CRP","1"
"Silverside",51,16273,30,2014,"Cooler than CRP","1"
"Silverside",51,16273,30,2014,"Cooler than CRP","1"
"Silverside",51,16273,30,2014,"Cooler than CRP","1"
"Silverside",51,16273,30,2014,"Cooler than CRP","1"
"Silverside",52,16273,30,2014,"Cooler than CRP","1"
"Silverside",52,16273,30,2014,"Cooler than CRP","1"
"Silverside",53,16273,30,2014,"Cooler than CRP","1"
"Silverside",53,16273,30,2014,"Cooler than CRP","1"
"Silverside",53,16273,30,2014,"Cooler than CRP","1"
"Silverside",53,16273,30,2014,"Cooler than CRP","1"
"Silverside",53,16273,30,2014,"Cooler than CRP","1"
"Silverside",54,16273,30,2014,"Cooler than CRP","1"
"Silverside",54,16273,30,2014,"Cooler than CRP","1"
"Silverside",54,16273,30,2014,"Cooler than CRP","1"
"Silverside",55,16273,30,2014,"Cooler than CRP","1"
"Silverside",55,16273,30,2014,"Cooler than CRP","1"
"Silverside",55,16273,30,2014,"Cooler than CRP","1"
"Silverside",56,16273,30,2014,"Cooler than CRP","1"
"Silverside",56,16273,30,2014,"Cooler than CRP","1"
"Silverside",56,16273,30,2014,"Cooler than CRP","1"
"Silverside",59,16273,30,2014,"Cooler than CRP","1"
"Silverside",47,16283,31,2014,"Cooler than CRP","1"
"Silverside",52,16283,31,2014,"Cooler than CRP","1"
"Silverside",53,16283,31,2014,"Cooler than CRP","1"
"Silverside",53,16283,31,2014,"Cooler than CRP","1"
"Silverside",54,16283,31,2014,"Cooler than CRP","1"
"Silverside",54,16283,31,2014,"Cooler than CRP","1"
"Silverside",55,16283,31,2014,"Cooler than CRP","1"
"Silverside",56,16283,31,2014,"Cooler than CRP","1"
"Silverside",56,16283,31,2014,"Cooler than CRP","1"
"Silverside",57,16283,31,2014,"Cooler than CRP","1"
"Silverside",57,16283,31,2014,"Cooler than CRP","1"
"Silverside",57,16283,31,2014,"Cooler than CRP","1"
"Silverside",58,16283,31,2014,"Cooler than CRP","1"
"Silverside",58,16283,31,2014,"Cooler than CRP","1"
"Silverside",58,16283,31,2014,"Cooler than CRP","1"
"Silverside",59,16283,31,2014,"Cooler than CRP","1"
"Silverside",59,16283,31,2014,"Cooler than CRP","1"
"Silverside",60,16283,31,2014,"Cooler than CRP","1"
"Silverside",62,16283,31,2014,"Cooler than CRP","1"
"Silverside",62,16283,31,2014,"Cooler than CRP","1"
"Silverside",63,16283,31,2014,"Cooler than CRP","1"
"Silverside",63,16283,31,2014,"Cooler than CRP","1"
"Silverside",63,16283,31,2014,"Cooler than CRP","1"
"Silverside",64,16283,31,2014,"Cooler than CRP","1"
"Silverside",65,16283,31,2014,"Cooler than CRP","1"
"Silverside",67,16283,31,2014,"Cooler than CRP","1"
"Silverside",68,16283,31,2014,"Cooler than CRP","1"
"Silverside",51,16289,32,2014,"Cooler than CRP","1"
"Silverside",54,16289,32,2014,"Cooler than CRP","1"
"Silverside",55,16289,32,2014,"Cooler than CRP","1"
"Silverside",56,16289,32,2014,"Cooler than CRP","1"
"Silverside",58,16289,32,2014,"Cooler than CRP","1"
"Silverside",58,16289,32,2014,"Cooler than CRP","1"
"Silverside",59,16289,32,2014,"Cooler than CRP","1"
"Silverside",60,16289,32,2014,"Cooler than CRP","1"
"Silverside",60,16289,32,2014,"Cooler than CRP","1"
"Silverside",60,16289,32,2014,"Cooler than CRP","1"
"Silverside",61,16289,32,2014,"Cooler than CRP","1"
"Silverside",61,16289,32,2014,"Cooler than CRP","1"
"Silverside",61,16289,32,2014,"Cooler than CRP","1"
"Silverside",61,16289,32,2014,"Cooler than CRP","1"
"Silverside",61,16289,32,2014,"Cooler than CRP","1"
"Silverside",61,16289,32,2014,"Cooler than CRP","1"
"Silverside",61,16289,32,2014,"Cooler than CRP","1"
"Silverside",62,16289,32,2014,"Cooler than CRP","1"
"Silverside",63,16289,32,2014,"Cooler than CRP","1"
"Silverside",63,16289,32,2014,"Cooler than CRP","1"
"Silverside",63,16289,32,2014,"Cooler than CRP","1"
"Silverside",63,16289,32,2014,"Cooler than CRP","1"
"Silverside",64,16289,32,2014,"Cooler than CRP","1"
"Silverside",64,16289,32,2014,"Cooler than CRP","1"
"Silverside",64,16289,32,2014,"Cooler than CRP","1"
"Silverside",64,16289,32,2014,"Cooler than CRP","1"
"Silverside",64,16289,32,2014,"Cooler than CRP","1"
"Silverside",65,16289,32,2014,"Cooler than CRP","1"
"Silverside",66,16289,32,2014,"Cooler than CRP","1"
"Silverside",66,16289,32,2014,"Cooler than CRP","1"
"Silverside",66,16289,32,2014,"Cooler than CRP","1"
"Silverside",66,16289,32,2014,"Cooler than CRP","1"
"Silverside",67,16289,32,2014,"Cooler than CRP","1"
"Silverside",67,16289,32,2014,"Cooler than CRP","1"
"Silverside",68,16289,32,2014,"Cooler than CRP","1"
"Silverside",68,16289,32,2014,"Cooler than CRP","1"
"Silverside",68,16289,32,2014,"Cooler than CRP","1"
"Silverside",68,16289,32,2014,"Cooler than CRP","1"
"Silverside",68,16289,32,2014,"Cooler than CRP","1"
"Silverside",69,16289,32,2014,"Cooler than CRP","1"
"Silverside",69,16289,32,2014,"Cooler than CRP","1"
"Silverside",70,16289,32,2014,"Cooler than CRP","1"
"Silverside",71,16289,32,2014,"Cooler than CRP","1"
"Silverside",71,16289,32,2014,"Cooler than CRP","1"
"Silverside",72,16289,32,2014,"Cooler than CRP","1"
"Silverside",72,16289,32,2014,"Cooler than CRP","1"
"Silverside",73,16289,32,2014,"Cooler than CRP","1"
"Silverside",73,16289,32,2014,"Cooler than CRP","1"
"Silverside",73,16289,32,2014,"Cooler than CRP","1"
"Silverside",73,16289,32,2014,"Cooler than CRP","1"
"Silverside",74,16289,32,2014,"Cooler than CRP","1"
"Silverside",76,16289,32,2014,"Cooler than CRP","1"
"Silverside",77,16289,32,2014,"Cooler than CRP","1"
"Silverside",43,16294,33,2014,"Cooler than CRP","1"
"Silverside",47,16294,33,2014,"Cooler than CRP","1"
"Silverside",47,16294,33,2014,"Cooler than CRP","1"
"Silverside",48,16294,33,2014,"Cooler than CRP","1"
"Silverside",50,16294,33,2014,"Cooler than CRP","1"
"Silverside",51,16294,33,2014,"Cooler than CRP","1"
"Silverside",51,16294,33,2014,"Cooler than CRP","1"
"Silverside",51,16294,33,2014,"Cooler than CRP","1"
"Silverside",52,16294,33,2014,"Cooler than CRP","1"
"Silverside",52,16294,33,2014,"Cooler than CRP","1"
"Silverside",53,16294,33,2014,"Cooler than CRP","1"
"Silverside",53,16294,33,2014,"Cooler than CRP","1"
"Silverside",53,16294,33,2014,"Cooler than CRP","1"
"Silverside",54,16294,33,2014,"Cooler than CRP","1"
"Silverside",54,16294,33,2014,"Cooler than CRP","1"
"Silverside",54,16294,33,2014,"Cooler than CRP","1"
"Silverside",55,16294,33,2014,"Cooler than CRP","1"
"Silverside",55,16294,33,2014,"Cooler than CRP","1"
"Silverside",55,16294,33,2014,"Cooler than CRP","1"
"Silverside",55,16294,33,2014,"Cooler than CRP","1"
"Silverside",55,16294,33,2014,"Cooler than CRP","1"
"Silverside",55,16294,33,2014,"Cooler than CRP","1"
"Silverside",56,16294,33,2014,"Cooler than CRP","1"
"Silverside",56,16294,33,2014,"Cooler than CRP","1"
"Silverside",57,16294,33,2014,"Cooler than CRP","1"
"Silverside",58,16294,33,2014,"Cooler than CRP","1"
"Silverside",58,16294,33,2014,"Cooler than CRP","1"
"Silverside",58,16294,33,2014,"Cooler than CRP","1"
"Silverside",59,16294,33,2014,"Cooler than CRP","1"
"Silverside",59,16294,33,2014,"Cooler than CRP","1"
"Silverside",59,16294,33,2014,"Cooler than CRP","1"
"Silverside",59,16294,33,2014,"Cooler than CRP","1"
"Silverside",60,16294,33,2014,"Cooler than CRP","1"
"Silverside",60,16294,33,2014,"Cooler than CRP","1"
"Silverside",60,16294,33,2014,"Cooler than CRP","1"
"Silverside",61,16294,33,2014,"Cooler than CRP","1"
"Silverside",61,16294,33,2014,"Cooler than CRP","1"
"Silverside",61,16294,33,2014,"Cooler than CRP","1"
"Silverside",61,16294,33,2014,"Cooler than CRP","1"
"Silverside",62,16294,33,2014,"Cooler than CRP","1"
"Silverside",62,16294,33,2014,"Cooler than CRP","1"
"Silverside",63,16294,33,2014,"Cooler than CRP","1"
"Silverside",64,16294,33,2014,"Cooler than CRP","1"
"Silverside",64,16294,33,2014,"Cooler than CRP","1"
"Silverside",64,16294,33,2014,"Cooler than CRP","1"
"Silverside",65,16294,33,2014,"Cooler than CRP","1"
"Silverside",65,16294,33,2014,"Cooler than CRP","1"
"Silverside",66,16294,33,2014,"Cooler than CRP","1"
"Silverside",66,16294,33,2014,"Cooler than CRP","1"
"Silverside",66,16294,33,2014,"Cooler than CRP","1"
"Silverside",66,16294,33,2014,"Cooler than CRP","1"
"Silverside",66,16294,33,2014,"Cooler than CRP","1"
"Silverside",66,16294,33,2014,"Cooler than CRP","1"
"Silverside",67,16294,33,2014,"Cooler than CRP","1"
"Silverside",67,16294,33,2014,"Cooler than CRP","1"
"Silverside",67,16294,33,2014,"Cooler than CRP","1"
"Silverside",68,16294,33,2014,"Cooler than CRP","1"
"Silverside",69,16294,33,2014,"Cooler than CRP","1"
"Silverside",69,16294,33,2014,"Cooler than CRP","1"
"Silverside",70,16294,33,2014,"Cooler than CRP","1"
"Silverside",70,16294,33,2014,"Cooler than CRP","1"
"Silverside",70,16294,33,2014,"Cooler than CRP","1"
"Silverside",71,16294,33,2014,"Cooler than CRP","1"
"Silverside",71,16294,33,2014,"Cooler than CRP","1"
"Silverside",71,16294,33,2014,"Cooler than CRP","1"
"Silverside",72,16294,33,2014,"Cooler than CRP","1"
"Silverside",72,16294,33,2014,"Cooler than CRP","1"
"Silverside",72,16294,33,2014,"Cooler than CRP","1"
"Silverside",73,16294,33,2014,"Cooler than CRP","1"
"Silverside",73,16294,33,2014,"Cooler than CRP","1"
"Silverside",74,16294,33,2014,"Cooler than CRP","1"
"Silverside",74,16294,33,2014,"Cooler than CRP","1"
"Silverside",74,16294,33,2014,"Cooler than CRP","1"
"Silverside",75,16294,33,2014,"Cooler than CRP","1"
"Silverside",75,16294,33,2014,"Cooler than CRP","1"
"Silverside",76,16294,33,2014,"Cooler than CRP","1"
"Silverside",78,16294,33,2014,"Cooler than CRP","1"
"Silverside",79,16294,33,2014,"Cooler than CRP","1"
"Silverside",79,16294,33,2014,"Cooler than CRP","1"
"Silverside",80,16294,33,2014,"Cooler than CRP","1"
"Silverside",81,16294,33,2014,"Cooler than CRP","1"
"Silverside",82,16294,33,2014,"Cooler than CRP","1"
"Silverside",82,16294,33,2014,"Cooler than CRP","1"
"Silverside",82,16294,33,2014,"Cooler than CRP","1"
"Silverside",85,16294,33,2014,"Cooler than CRP","1"
"Silverside",52,16303,34,2014,"Cooler than CRP","1"
"Silverside",53,16303,34,2014,"Cooler than CRP","1"
"Silverside",54,16303,34,2014,"Cooler than CRP","1"
"Silverside",54,16303,34,2014,"Cooler than CRP","1"
"Silverside",54,16303,34,2014,"Cooler than CRP","1"
"Silverside",54,16303,34,2014,"Cooler than CRP","1"
"Silverside",55,16303,34,2014,"Cooler than CRP","1"
"Silverside",55,16303,34,2014,"Cooler than CRP","1"
"Silverside",56,16303,34,2014,"Cooler than CRP","1"
"Silverside",56,16303,34,2014,"Cooler than CRP","1"
"Silverside",57,16303,34,2014,"Cooler than CRP","1"
"Silverside",58,16303,34,2014,"Cooler than CRP","1"
"Silverside",60,16303,34,2014,"Cooler than CRP","1"
"Silverside",60,16303,34,2014,"Cooler than CRP","1"
"Silverside",60,16303,34,2014,"Cooler than CRP","1"
"Silverside",60,16303,34,2014,"Cooler than CRP","1"
"Silverside",60,16303,34,2014,"Cooler than CRP","1"
"Silverside",60,16303,34,2014,"Cooler than CRP","1"
"Silverside",61,16303,34,2014,"Cooler than CRP","1"
"Silverside",61,16303,34,2014,"Cooler than CRP","1"
"Silverside",61,16303,34,2014,"Cooler than CRP","1"
"Silverside",61,16303,34,2014,"Cooler than CRP","1"
"Silverside",61,16303,34,2014,"Cooler than CRP","1"
"Silverside",62,16303,34,2014,"Cooler than CRP","1"
"Silverside",62,16303,34,2014,"Cooler than CRP","1"
"Silverside",62,16303,34,2014,"Cooler than CRP","1"
"Silverside",62,16303,34,2014,"Cooler than CRP","1"
"Silverside",63,16303,34,2014,"Cooler than CRP","1"
"Silverside",65,16303,34,2014,"Cooler than CRP","1"
"Silverside",65,16303,34,2014,"Cooler than CRP","1"
"Silverside",65,16303,34,2014,"Cooler than CRP","1"
"Silverside",65,16303,34,2014,"Cooler than CRP","1"
"Silverside",65,16303,34,2014,"Cooler than CRP","1"
"Silverside",66,16303,34,2014,"Cooler than CRP","1"
"Silverside",66,16303,34,2014,"Cooler than CRP","1"
"Silverside",67,16303,34,2014,"Cooler than CRP","1"
"Silverside",67,16303,34,2014,"Cooler than CRP","1"
"Silverside",68,16303,34,2014,"Cooler than CRP","1"
"Silverside",68,16303,34,2014,"Cooler than CRP","1"
"Silverside",70,16303,34,2014,"Cooler than CRP","1"
"Silverside",70,16303,34,2014,"Cooler than CRP","1"
"Silverside",70,16303,34,2014,"Cooler than CRP","1"
"Silverside",71,16303,34,2014,"Cooler than CRP","1"
"Silverside",71,16303,34,2014,"Cooler than CRP","1"
"Silverside",71,16303,34,2014,"Cooler than CRP","1"
"Silverside",72,16303,34,2014,"Cooler than CRP","1"
"Silverside",72,16303,34,2014,"Cooler than CRP","1"
"Silverside",72,16303,34,2014,"Cooler than CRP","1"
"Silverside",73,16303,34,2014,"Cooler than CRP","1"
"Silverside",75,16303,34,2014,"Cooler than CRP","1"
"Silverside",75,16303,34,2014,"Cooler than CRP","1"
"Silverside",75,16303,34,2014,"Cooler than CRP","1"
"Silverside",76,16303,34,2014,"Cooler than CRP","1"
"Silverside",76,16303,34,2014,"Cooler than CRP","1"
"Silverside",76,16303,34,2014,"Cooler than CRP","1"
"Silverside",76,16303,34,2014,"Cooler than CRP","1"
"Silverside",76,16303,34,2014,"Cooler than CRP","1"
"Silverside",76,16303,34,2014,"Cooler than CRP","1"
"Silverside",77,16303,34,2014,"Cooler than CRP","1"
"Silverside",77,16303,34,2014,"Cooler than CRP","1"
"Silverside",77,16303,34,2014,"Cooler than CRP","1"
"Silverside",78,16303,34,2014,"Cooler than CRP","1"
"Silverside",79,16303,34,2014,"Cooler than CRP","1"
"Silverside",80,16303,34,2014,"Cooler than CRP","1"
"Silverside",80,16303,34,2014,"Cooler than CRP","1"
"Silverside",81,16303,34,2014,"Cooler than CRP","1"
"Silverside",82,16303,34,2014,"Cooler than CRP","1"
"Silverside",82,16303,34,2014,"Cooler than CRP","1"
"Silverside",82,16303,34,2014,"Cooler than CRP","1"
"Silverside",82,16303,34,2014,"Cooler than CRP","1"
"Silverside",84,16303,34,2014,"Cooler than CRP","1"
"Silverside",85,16303,34,2014,"Cooler than CRP","1"
"Silverside",85,16303,34,2014,"Cooler than CRP","1"
"Silverside",86,16303,34,2014,"Cooler than CRP","1"
"Silverside",86,16303,34,2014,"Cooler than CRP","1"
"Silverside",87,16303,34,2014,"Cooler than CRP","1"
"Silverside",90,16303,34,2014,"Cooler than CRP","1"
"Silverside",92,16303,34,2014,"Cooler than CRP","1"
"Silverside",93,16303,34,2014,"Cooler than CRP","1"
"Silverside",95,16303,34,2014,"Cooler than CRP","1"
"Silverside",51,16310,35,2014,"Cooler than CRP","1"
"Silverside",52,16310,35,2014,"Cooler than CRP","1"
"Silverside",52,16310,35,2014,"Cooler than CRP","1"
"Silverside",53,16310,35,2014,"Cooler than CRP","1"
"Silverside",54,16310,35,2014,"Cooler than CRP","1"
"Silverside",54,16310,35,2014,"Cooler than CRP","1"
"Silverside",54,16310,35,2014,"Cooler than CRP","1"
"Silverside",55,16310,35,2014,"Cooler than CRP","1"
"Silverside",55,16310,35,2014,"Cooler than CRP","1"
"Silverside",55,16310,35,2014,"Cooler than CRP","1"
"Silverside",56,16310,35,2014,"Cooler than CRP","1"
"Silverside",56,16310,35,2014,"Cooler than CRP","1"
"Silverside",56,16310,35,2014,"Cooler than CRP","1"
"Silverside",57,16310,35,2014,"Cooler than CRP","1"
"Silverside",57,16310,35,2014,"Cooler than CRP","1"
"Silverside",57,16310,35,2014,"Cooler than CRP","1"
"Silverside",57,16310,35,2014,"Cooler than CRP","1"
"Silverside",58,16310,35,2014,"Cooler than CRP","1"
"Silverside",58,16310,35,2014,"Cooler than CRP","1"
"Silverside",58,16310,35,2014,"Cooler than CRP","1"
"Silverside",58,16310,35,2014,"Cooler than CRP","1"
"Silverside",58,16310,35,2014,"Cooler than CRP","1"
"Silverside",58,16310,35,2014,"Cooler than CRP","1"
"Silverside",59,16310,35,2014,"Cooler than CRP","1"
"Silverside",59,16310,35,2014,"Cooler than CRP","1"
"Silverside",59,16310,35,2014,"Cooler than CRP","1"
"Silverside",60,16310,35,2014,"Cooler than CRP","1"
"Silverside",60,16310,35,2014,"Cooler than CRP","1"
"Silverside",60,16310,35,2014,"Cooler than CRP","1"
"Silverside",60,16310,35,2014,"Cooler than CRP","1"
"Silverside",60,16310,35,2014,"Cooler than CRP","1"
"Silverside",60,16310,35,2014,"Cooler than CRP","1"
"Silverside",60,16310,35,2014,"Cooler than CRP","1"
"Silverside",60,16310,35,2014,"Cooler than CRP","1"
"Silverside",61,16310,35,2014,"Cooler than CRP","1"
"Silverside",61,16310,35,2014,"Cooler than CRP","1"
"Silverside",61,16310,35,2014,"Cooler than CRP","1"
"Silverside",61,16310,35,2014,"Cooler than CRP","1"
"Silverside",61,16310,35,2014,"Cooler than CRP","1"
"Silverside",62,16310,35,2014,"Cooler than CRP","1"
"Silverside",62,16310,35,2014,"Cooler than CRP","1"
"Silverside",62,16310,35,2014,"Cooler than CRP","1"
"Silverside",62,16310,35,2014,"Cooler than CRP","1"
"Silverside",63,16310,35,2014,"Cooler than CRP","1"
"Silverside",63,16310,35,2014,"Cooler than CRP","1"
"Silverside",64,16310,35,2014,"Cooler than CRP","1"
"Silverside",64,16310,35,2014,"Cooler than CRP","1"
"Silverside",65,16310,35,2014,"Cooler than CRP","1"
"Silverside",65,16310,35,2014,"Cooler than CRP","1"
"Silverside",66,16310,35,2014,"Cooler than CRP","1"
"Silverside",66,16310,35,2014,"Cooler than CRP","1"
"Silverside",67,16310,35,2014,"Cooler than CRP","1"
"Silverside",68,16310,35,2014,"Cooler than CRP","1"
"Silverside",68,16310,35,2014,"Cooler than CRP","1"
"Silverside",68,16310,35,2014,"Cooler than CRP","1"
"Silverside",70,16310,35,2014,"Cooler than CRP","1"
"Silverside",70,16310,35,2014,"Cooler than CRP","1"
"Silverside",70,16310,35,2014,"Cooler than CRP","1"
"Silverside",70,16310,35,2014,"Cooler than CRP","1"
"Silverside",70,16310,35,2014,"Cooler than CRP","1"
"Silverside",70,16310,35,2014,"Cooler than CRP","1"
"Silverside",72,16310,35,2014,"Cooler than CRP","1"
"Silverside",72,16310,35,2014,"Cooler than CRP","1"
"Silverside",72,16310,35,2014,"Cooler than CRP","1"
"Silverside",73,16310,35,2014,"Cooler than CRP","1"
"Silverside",73,16310,35,2014,"Cooler than CRP","1"
"Silverside",73,16310,35,2014,"Cooler than CRP","1"
"Silverside",74,16310,35,2014,"Cooler than CRP","1"
"Silverside",74,16310,35,2014,"Cooler than CRP","1"
"Silverside",74,16310,35,2014,"Cooler than CRP","1"
"Silverside",74,16310,35,2014,"Cooler than CRP","1"
"Silverside",74,16310,35,2014,"Cooler than CRP","1"
"Silverside",75,16310,35,2014,"Cooler than CRP","1"
"Silverside",77,16310,35,2014,"Cooler than CRP","1"
"Silverside",79,16310,35,2014,"Cooler than CRP","1"
"Silverside",80,16310,35,2014,"Cooler than CRP","1"
"Silverside",80,16310,35,2014,"Cooler than CRP","1"
"Silverside",80,16310,35,2014,"Cooler than CRP","1"
"Silverside",82,16310,35,2014,"Cooler than CRP","1"
"Silverside",82,16310,35,2014,"Cooler than CRP","1"
"Silverside",82,16310,35,2014,"Cooler than CRP","1"
"Silverside",82,16310,35,2014,"Cooler than CRP","1"
"Silverside",83,16310,35,2014,"Cooler than CRP","1"
"Silverside",84,16310,35,2014,"Cooler than CRP","1"
"Silverside",85,16310,35,2014,"Cooler than CRP","1"
"Silverside",86,16310,35,2014,"Cooler than CRP","1"
"Silverside",87,16310,35,2014,"Cooler than CRP","1"
"Silverside",87,16310,35,2014,"Cooler than CRP","1"
"Silverside",87,16310,35,2014,"Cooler than CRP","1"
"Silverside",87,16310,35,2014,"Cooler than CRP","1"
"Silverside",88,16310,35,2014,"Cooler than CRP","1"
"Silverside",88,16310,35,2014,"Cooler than CRP","1"
"Silverside",89,16310,35,2014,"Cooler than CRP","1"
"Silverside",89,16310,35,2014,"Cooler than CRP","1"
"Silverside",89,16310,35,2014,"Cooler than CRP","1"
"Silverside",90,16310,35,2014,"Cooler than CRP","1"
"Silverside",90,16310,35,2014,"Cooler than CRP","1"
"Silverside",90,16310,35,2014,"Cooler than CRP","1"
"Silverside",91,16310,35,2014,"Cooler than CRP","1"
"Silverside",92,16310,35,2014,"Cooler than CRP","1"
"Silverside",95,16310,35,2014,"Cooler than CRP","1"
"Silverside",97,16310,35,2014,"Cooler than CRP","1"
"Silverside",97,16310,35,2014,"Cooler than CRP","1"
"Silverside",99,16310,35,2014,"Cooler than CRP","1"
"Silverside",100,16310,35,2014,"Cooler than CRP","1"
"Silverside",38,16625,28,2015,"Cooler than CRP","1"
"Silverside",39,16625,28,2015,"Cooler than CRP","1"
"Silverside",44,16625,28,2015,"Cooler than CRP","1"
"Silverside",48,16625,28,2015,"Cooler than CRP","1"
"Silverside",50,16625,28,2015,"Cooler than CRP","1"
"Silverside",51,16625,28,2015,"Cooler than CRP","1"
"Silverside",51,16625,28,2015,"Cooler than CRP","1"
"Silverside",41,16637,30,2015,"Cooler than CRP","1"
"Silverside",44,16637,30,2015,"Cooler than CRP","1"
"Silverside",46,16637,30,2015,"Cooler than CRP","1"
"Silverside",46,16637,30,2015,"Cooler than CRP","1"
"Silverside",48,16637,30,2015,"Cooler than CRP","1"
"Silverside",49,16637,30,2015,"Cooler than CRP","1"
"Silverside",50,16637,30,2015,"Cooler than CRP","1"
"Silverside",51,16637,30,2015,"Cooler than CRP","1"
"Silverside",51,16637,30,2015,"Cooler than CRP","1"
"Silverside",51,16637,30,2015,"Cooler than CRP","1"
"Silverside",52,16637,30,2015,"Cooler than CRP","1"
"Silverside",52,16637,30,2015,"Cooler than CRP","1"
"Silverside",53,16637,30,2015,"Cooler than CRP","1"
"Silverside",53,16637,30,2015,"Cooler than CRP","1"
"Silverside",54,16637,30,2015,"Cooler than CRP","1"
"Silverside",54,16637,30,2015,"Cooler than CRP","1"
"Silverside",54,16637,30,2015,"Cooler than CRP","1"
"Silverside",55,16637,30,2015,"Cooler than CRP","1"
"Silverside",55,16637,30,2015,"Cooler than CRP","1"
"Silverside",55,16637,30,2015,"Cooler than CRP","1"
"Silverside",56,16637,30,2015,"Cooler than CRP","1"
"Silverside",56,16637,30,2015,"Cooler than CRP","1"
"Silverside",57,16637,30,2015,"Cooler than CRP","1"
"Silverside",45,16645,31,2015,"Cooler than CRP","1"
"Silverside",46,16645,31,2015,"Cooler than CRP","1"
"Silverside",52,16645,31,2015,"Cooler than CRP","1"
"Silverside",52,16645,31,2015,"Cooler than CRP","1"
"Silverside",53,16645,31,2015,"Cooler than CRP","1"
"Silverside",54,16645,31,2015,"Cooler than CRP","1"
"Silverside",54,16645,31,2015,"Cooler than CRP","1"
"Silverside",54,16645,31,2015,"Cooler than CRP","1"
"Silverside",55,16645,31,2015,"Cooler than CRP","1"
"Silverside",55,16645,31,2015,"Cooler than CRP","1"
"Silverside",55,16645,31,2015,"Cooler than CRP","1"
"Silverside",56,16645,31,2015,"Cooler than CRP","1"
"Silverside",57,16645,31,2015,"Cooler than CRP","1"
"Silverside",57,16645,31,2015,"Cooler than CRP","1"
"Silverside",60,16645,31,2015,"Cooler than CRP","1"
"Silverside",60,16645,31,2015,"Cooler than CRP","1"
"Silverside",61,16645,31,2015,"Cooler than CRP","1"
"Silverside",61,16645,31,2015,"Cooler than CRP","1"
"Silverside",61,16645,31,2015,"Cooler than CRP","1"
"Silverside",61,16645,31,2015,"Cooler than CRP","1"
"Silverside",61,16645,31,2015,"Cooler than CRP","1"
"Silverside",62,16645,31,2015,"Cooler than CRP","1"
"Silverside",62,16645,31,2015,"Cooler than CRP","1"
"Silverside",64,16645,31,2015,"Cooler than CRP","1"
"Silverside",64,16645,31,2015,"Cooler than CRP","1"
"Silverside",64,16645,31,2015,"Cooler than CRP","1"
"Silverside",64,16645,31,2015,"Cooler than CRP","1"
"Silverside",64,16645,31,2015,"Cooler than CRP","1"
"Silverside",64,16645,31,2015,"Cooler than CRP","1"
"Silverside",64,16645,31,2015,"Cooler than CRP","1"
"Silverside",65,16645,31,2015,"Cooler than CRP","1"
"Silverside",65,16645,31,2015,"Cooler than CRP","1"
"Silverside",65,16645,31,2015,"Cooler than CRP","1"
"Silverside",65,16645,31,2015,"Cooler than CRP","1"
"Silverside",66,16645,31,2015,"Cooler than CRP","1"
"Silverside",66,16645,31,2015,"Cooler than CRP","1"
"Silverside",70,16645,31,2015,"Cooler than CRP","1"
"Silverside",70,16645,31,2015,"Cooler than CRP","1"
"Silverside",71,16645,31,2015,"Cooler than CRP","1"
"Silverside",71,16645,31,2015,"Cooler than CRP","1"
"Silverside",49,16652,32,2015,"Cooler than CRP","1"
"Silverside",49,16652,32,2015,"Cooler than CRP","1"
"Silverside",51,16652,32,2015,"Cooler than CRP","1"
"Silverside",52,16652,32,2015,"Cooler than CRP","1"
"Silverside",53,16652,32,2015,"Cooler than CRP","1"
"Silverside",53,16652,32,2015,"Cooler than CRP","1"
"Silverside",54,16652,32,2015,"Cooler than CRP","1"
"Silverside",54,16652,32,2015,"Cooler than CRP","1"
"Silverside",55,16652,32,2015,"Cooler than CRP","1"
"Silverside",55,16652,32,2015,"Cooler than CRP","1"
"Silverside",56,16652,32,2015,"Cooler than CRP","1"
"Silverside",56,16652,32,2015,"Cooler than CRP","1"
"Silverside",56,16652,32,2015,"Cooler than CRP","1"
"Silverside",56,16652,32,2015,"Cooler than CRP","1"
"Silverside",56,16652,32,2015,"Cooler than CRP","1"
"Silverside",57,16652,32,2015,"Cooler than CRP","1"
"Silverside",61,16652,32,2015,"Cooler than CRP","1"
"Silverside",62,16652,32,2015,"Cooler than CRP","1"
"Silverside",62,16652,32,2015,"Cooler than CRP","1"
"Silverside",63,16652,32,2015,"Cooler than CRP","1"
"Silverside",70,16652,32,2015,"Cooler than CRP","1"
"Silverside",70,16652,32,2015,"Cooler than CRP","1"
"Silverside",71,16652,32,2015,"Cooler than CRP","1"
"Silverside",72,16652,32,2015,"Cooler than CRP","1"
"Silverside",72,16652,32,2015,"Cooler than CRP","1"
"Silverside",74,16652,32,2015,"Cooler than CRP","1"
"Silverside",76,16652,32,2015,"Cooler than CRP","1"
"Silverside",46,16660,33,2015,"Cooler than CRP","1"
"Silverside",52,16660,33,2015,"Cooler than CRP","1"
"Silverside",53,16660,33,2015,"Cooler than CRP","1"
"Silverside",53,16660,33,2015,"Cooler than CRP","1"
"Silverside",53,16660,33,2015,"Cooler than CRP","1"
"Silverside",53,16660,33,2015,"Cooler than CRP","1"
"Silverside",54,16660,33,2015,"Cooler than CRP","1"
"Silverside",54,16660,33,2015,"Cooler than CRP","1"
"Silverside",55,16660,33,2015,"Cooler than CRP","1"
"Silverside",56,16660,33,2015,"Cooler than CRP","1"
"Silverside",56,16660,33,2015,"Cooler than CRP","1"
"Silverside",56,16660,33,2015,"Cooler than CRP","1"
"Silverside",56,16660,33,2015,"Cooler than CRP","1"
"Silverside",56,16660,33,2015,"Cooler than CRP","1"
"Silverside",56,16660,33,2015,"Cooler than CRP","1"
"Silverside",57,16660,33,2015,"Cooler than CRP","1"
"Silverside",57,16660,33,2015,"Cooler than CRP","1"
"Silverside",58,16660,33,2015,"Cooler than CRP","1"
"Silverside",59,16660,33,2015,"Cooler than CRP","1"
"Silverside",60,16660,33,2015,"Cooler than CRP","1"
"Silverside",60,16660,33,2015,"Cooler than CRP","1"
"Silverside",60,16660,33,2015,"Cooler than CRP","1"
"Silverside",61,16660,33,2015,"Cooler than CRP","1"
"Silverside",62,16660,33,2015,"Cooler than CRP","1"
"Silverside",63,16660,33,2015,"Cooler than CRP","1"
"Silverside",65,16660,33,2015,"Cooler than CRP","1"
"Silverside",65,16660,33,2015,"Cooler than CRP","1"
"Silverside",66,16660,33,2015,"Cooler than CRP","1"
"Silverside",66,16660,33,2015,"Cooler than CRP","1"
"Silverside",66,16660,33,2015,"Cooler than CRP","1"
"Silverside",67,16660,33,2015,"Cooler than CRP","1"
"Silverside",68,16660,33,2015,"Cooler than CRP","1"
"Silverside",68,16660,33,2015,"Cooler than CRP","1"
"Silverside",69,16660,33,2015,"Cooler than CRP","1"
"Silverside",69,16660,33,2015,"Cooler than CRP","1"
"Silverside",69,16660,33,2015,"Cooler than CRP","1"
"Silverside",70,16660,33,2015,"Cooler than CRP","1"
"Silverside",70,16660,33,2015,"Cooler than CRP","1"
"Silverside",70,16660,33,2015,"Cooler than CRP","1"
"Silverside",71,16660,33,2015,"Cooler than CRP","1"
"Silverside",71,16660,33,2015,"Cooler than CRP","1"
"Silverside",71,16660,33,2015,"Cooler than CRP","1"
"Silverside",71,16660,33,2015,"Cooler than CRP","1"
"Silverside",71,16660,33,2015,"Cooler than CRP","1"
"Silverside",72,16660,33,2015,"Cooler than CRP","1"
"Silverside",72,16660,33,2015,"Cooler than CRP","1"
"Silverside",73,16660,33,2015,"Cooler than CRP","1"
"Silverside",73,16660,33,2015,"Cooler than CRP","1"
"Silverside",74,16660,33,2015,"Cooler than CRP","1"
"Silverside",74,16660,33,2015,"Cooler than CRP","1"
"Silverside",76,16660,33,2015,"Cooler than CRP","1"
"Silverside",76,16660,33,2015,"Cooler than CRP","1"
"Silverside",77,16660,33,2015,"Cooler than CRP","1"
"Silverside",77,16660,33,2015,"Cooler than CRP","1"
"Silverside",77,16660,33,2015,"Cooler than CRP","1"
"Silverside",48,16666,34,2015,"Cooler than CRP","1"
"Silverside",53,16666,34,2015,"Cooler than CRP","1"
"Silverside",53,16666,34,2015,"Cooler than CRP","1"
"Silverside",54,16666,34,2015,"Cooler than CRP","1"
"Silverside",55,16666,34,2015,"Cooler than CRP","1"
"Silverside",55,16666,34,2015,"Cooler than CRP","1"
"Silverside",56,16666,34,2015,"Cooler than CRP","1"
"Silverside",60,16666,34,2015,"Cooler than CRP","1"
"Silverside",60,16666,34,2015,"Cooler than CRP","1"
"Silverside",61,16666,34,2015,"Cooler than CRP","1"
"Silverside",64,16666,34,2015,"Cooler than CRP","1"
"Silverside",64,16666,34,2015,"Cooler than CRP","1"
"Silverside",65,16666,34,2015,"Cooler than CRP","1"
"Silverside",65,16666,34,2015,"Cooler than CRP","1"
"Silverside",65,16666,34,2015,"Cooler than CRP","1"
"Silverside",68,16666,34,2015,"Cooler than CRP","1"
"Silverside",68,16666,34,2015,"Cooler than CRP","1"
"Silverside",70,16666,34,2015,"Cooler than CRP","1"
"Silverside",70,16666,34,2015,"Cooler than CRP","1"
"Silverside",71,16666,34,2015,"Cooler than CRP","1"
"Silverside",74,16666,34,2015,"Cooler than CRP","1"
"Silverside",81,16666,34,2015,"Cooler than CRP","1"
"Silverside",84,16666,34,2015,"Cooler than CRP","1"
"Silverside",45,16672,35,2015,"Cooler than CRP","1"
"Silverside",45,16672,35,2015,"Cooler than CRP","1"
"Silverside",46,16672,35,2015,"Cooler than CRP","1"
"Silverside",47,16672,35,2015,"Cooler than CRP","1"
"Silverside",48,16672,35,2015,"Cooler than CRP","1"
"Silverside",48,16672,35,2015,"Cooler than CRP","1"
"Silverside",49,16672,35,2015,"Cooler than CRP","1"
"Silverside",50,16672,35,2015,"Cooler than CRP","1"
"Silverside",50,16672,35,2015,"Cooler than CRP","1"
"Silverside",50,16672,35,2015,"Cooler than CRP","1"
"Silverside",51,16672,35,2015,"Cooler than CRP","1"
"Silverside",51,16672,35,2015,"Cooler than CRP","1"
"Silverside",51,16672,35,2015,"Cooler than CRP","1"
"Silverside",52,16672,35,2015,"Cooler than CRP","1"
"Silverside",54,16672,35,2015,"Cooler than CRP","1"
"Silverside",55,16672,35,2015,"Cooler than CRP","1"
"Silverside",55,16672,35,2015,"Cooler than CRP","1"
"Silverside",55,16672,35,2015,"Cooler than CRP","1"
"Silverside",55,16672,35,2015,"Cooler than CRP","1"
"Silverside",56,16672,35,2015,"Cooler than CRP","1"
"Silverside",58,16672,35,2015,"Cooler than CRP","1"
"Silverside",58,16672,35,2015,"Cooler than CRP","1"
"Silverside",61,16672,35,2015,"Cooler than CRP","1"
"Silverside",62,16672,35,2015,"Cooler than CRP","1"
"Silverside",63,16672,35,2015,"Cooler than CRP","1"
"Silverside",80,16672,35,2015,"Cooler than CRP","1"
"Silverside",82,16672,35,2015,"Cooler than CRP","1"
"Silverside",85,16672,35,2015,"Cooler than CRP","1"
"Silverside",85,16672,35,2015,"Cooler than CRP","1"
"Silverside",85,16672,35,2015,"Cooler than CRP","1"
"Silverside",87,16672,35,2015,"Cooler than CRP","1"
"Silverside",87,16672,35,2015,"Cooler than CRP","1"
"Silverside",53,16679,36,2015,"Cooler than CRP","1"
"Silverside",54,16679,36,2015,"Cooler than CRP","1"
"Silverside",54,16679,36,2015,"Cooler than CRP","1"
"Silverside",55,16679,36,2015,"Cooler than CRP","1"
"Silverside",55,16679,36,2015,"Cooler than CRP","1"
"Silverside",58,16679,36,2015,"Cooler than CRP","1"
"Silverside",60,16679,36,2015,"Cooler than CRP","1"
"Silverside",60,16679,36,2015,"Cooler than CRP","1"
"Silverside",60,16679,36,2015,"Cooler than CRP","1"
"Silverside",61,16679,36,2015,"Cooler than CRP","1"
"Silverside",61,16679,36,2015,"Cooler than CRP","1"
"Silverside",61,16679,36,2015,"Cooler than CRP","1"
"Silverside",62,16679,36,2015,"Cooler than CRP","1"
"Silverside",62,16679,36,2015,"Cooler than CRP","1"
"Silverside",63,16679,36,2015,"Cooler than CRP","1"
"Silverside",63,16679,36,2015,"Cooler than CRP","1"
"Silverside",64,16679,36,2015,"Cooler than CRP","1"
"Silverside",64,16679,36,2015,"Cooler than CRP","1"
"Silverside",64,16679,36,2015,"Cooler than CRP","1"
"Silverside",65,16679,36,2015,"Cooler than CRP","1"
"Silverside",65,16679,36,2015,"Cooler than CRP","1"
"Silverside",65,16679,36,2015,"Cooler than CRP","1"
"Silverside",65,16679,36,2015,"Cooler than CRP","1"
"Silverside",67,16679,36,2015,"Cooler than CRP","1"
"Silverside",68,16679,36,2015,"Cooler than CRP","1"
"Silverside",71,16679,36,2015,"Cooler than CRP","1"
"Silverside",72,16679,36,2015,"Cooler than CRP","1"
"Silverside",74,16679,36,2015,"Cooler than CRP","1"
"Silverside",74,16679,36,2015,"Cooler than CRP","1"
"Silverside",75,16679,36,2015,"Cooler than CRP","1"
"Silverside",75,16679,36,2015,"Cooler than CRP","1"
"Silverside",77,16679,36,2015,"Cooler than CRP","1"
"Silverside",78,16679,36,2015,"Cooler than CRP","1"
"Silverside",78,16679,36,2015,"Cooler than CRP","1"
"Silverside",78,16679,36,2015,"Cooler than CRP","1"
"Silverside",78,16679,36,2015,"Cooler than CRP","1"
"Silverside",80,16679,36,2015,"Cooler than CRP","1"
"Silverside",81,16679,36,2015,"Cooler than CRP","1"
"Silverside",82,16679,36,2015,"Cooler than CRP","1"
"Silverside",82,16679,36,2015,"Cooler than CRP","1"
"Silverside",83,16679,36,2015,"Cooler than CRP","1"
"Silverside",83,16679,36,2015,"Cooler than CRP","1"
"Silverside",83,16679,36,2015,"Cooler than CRP","1"
"Silverside",85,16679,36,2015,"Cooler than CRP","1"
"Silverside",86,16679,36,2015,"Cooler than CRP","1"
"Silverside",88,16679,36,2015,"Cooler than CRP","1"
"Silverside",90,16679,36,2015,"Cooler than CRP","1"
"Silverside",56,16688,37,2015,"Cooler than CRP","1"
"Silverside",58,16688,37,2015,"Cooler than CRP","1"
"Silverside",58,16688,37,2015,"Cooler than CRP","1"
"Silverside",60,16688,37,2015,"Cooler than CRP","1"
"Silverside",60,16688,37,2015,"Cooler than CRP","1"
"Silverside",60,16688,37,2015,"Cooler than CRP","1"
"Silverside",61,16688,37,2015,"Cooler than CRP","1"
"Silverside",61,16688,37,2015,"Cooler than CRP","1"
"Silverside",63,16688,37,2015,"Cooler than CRP","1"
"Silverside",64,16688,37,2015,"Cooler than CRP","1"
"Silverside",65,16688,37,2015,"Cooler than CRP","1"
"Silverside",65,16688,37,2015,"Cooler than CRP","1"
"Silverside",65,16688,37,2015,"Cooler than CRP","1"
"Silverside",65,16688,37,2015,"Cooler than CRP","1"
"Silverside",65,16688,37,2015,"Cooler than CRP","1"
"Silverside",66,16688,37,2015,"Cooler than CRP","1"
"Silverside",67,16688,37,2015,"Cooler than CRP","1"
"Silverside",68,16688,37,2015,"Cooler than CRP","1"
"Silverside",68,16688,37,2015,"Cooler than CRP","1"
"Silverside",69,16688,37,2015,"Cooler than CRP","1"
"Silverside",69,16688,37,2015,"Cooler than CRP","1"
"Silverside",70,16688,37,2015,"Cooler than CRP","1"
"Silverside",70,16688,37,2015,"Cooler than CRP","1"
"Silverside",70,16688,37,2015,"Cooler than CRP","1"
"Silverside",70,16688,37,2015,"Cooler than CRP","1"
"Silverside",71,16688,37,2015,"Cooler than CRP","1"
"Silverside",71,16688,37,2015,"Cooler than CRP","1"
"Silverside",71,16688,37,2015,"Cooler than CRP","1"
"Silverside",72,16688,37,2015,"Cooler than CRP","1"
"Silverside",72,16688,37,2015,"Cooler than CRP","1"
"Silverside",72,16688,37,2015,"Cooler than CRP","1"
"Silverside",72,16688,37,2015,"Cooler than CRP","1"
"Silverside",73,16688,37,2015,"Cooler than CRP","1"
"Silverside",73,16688,37,2015,"Cooler than CRP","1"
"Silverside",73,16688,37,2015,"Cooler than CRP","1"
"Silverside",73,16688,37,2015,"Cooler than CRP","1"
"Silverside",75,16688,37,2015,"Cooler than CRP","1"
"Silverside",75,16688,37,2015,"Cooler than CRP","1"
"Silverside",76,16688,37,2015,"Cooler than CRP","1"
"Silverside",76,16688,37,2015,"Cooler than CRP","1"
"Silverside",77,16688,37,2015,"Cooler than CRP","1"
"Silverside",77,16688,37,2015,"Cooler than CRP","1"
"Silverside",77,16688,37,2015,"Cooler than CRP","1"
"Silverside",79,16688,37,2015,"Cooler than CRP","1"
"Silverside",80,16688,37,2015,"Cooler than CRP","1"
"Silverside",80,16688,37,2015,"Cooler than CRP","1"
"Silverside",80,16688,37,2015,"Cooler than CRP","1"
"Silverside",80,16688,37,2015,"Cooler than CRP","1"
"Silverside",80,16688,37,2015,"Cooler than CRP","1"
"Silverside",80,16688,37,2015,"Cooler than CRP","1"
"Silverside",81,16688,37,2015,"Cooler than CRP","1"
"Silverside",82,16688,37,2015,"Cooler than CRP","1"
"Silverside",83,16688,37,2015,"Cooler than CRP","1"
"Silverside",83,16688,37,2015,"Cooler than CRP","1"
"Silverside",84,16688,37,2015,"Cooler than CRP","1"
"Silverside",85,16688,37,2015,"Cooler than CRP","1"
"Silverside",85,16688,37,2015,"Cooler than CRP","1"
"Silverside",86,16688,37,2015,"Cooler than CRP","1"
"Silverside",86,16688,37,2015,"Cooler than CRP","1"
"Silverside",86,16688,37,2015,"Cooler than CRP","1"
"Silverside",87,16688,37,2015,"Cooler than CRP","1"
"Silverside",87,16688,37,2015,"Cooler than CRP","1"
"Silverside",87,16688,37,2015,"Cooler than CRP","1"
"Silverside",88,16688,37,2015,"Cooler than CRP","1"
"Silverside",88,16688,37,2015,"Cooler than CRP","1"
"Silverside",89,16688,37,2015,"Cooler than CRP","1"
"Silverside",90,16688,37,2015,"Cooler than CRP","1"
"Silverside",90,16688,37,2015,"Cooler than CRP","1"
"Silverside",90,16688,37,2015,"Cooler than CRP","1"
"Silverside",90,16688,37,2015,"Cooler than CRP","1"
"Silverside",90,16688,37,2015,"Cooler than CRP","1"
"Silverside",92,16688,37,2015,"Cooler than CRP","1"
"Silverside",92,16688,37,2015,"Cooler than CRP","1"
"Silverside",92,16688,37,2015,"Cooler than CRP","1"
"Silverside",94,16688,37,2015,"Cooler than CRP","1"
"Silverside",94,16688,37,2015,"Cooler than CRP","1"
"Silverside",94,16688,37,2015,"Cooler than CRP","1"
"Silverside",49,16694,38,2015,"Cooler than CRP","1"
"Silverside",51,16694,38,2015,"Cooler than CRP","1"
"Silverside",53,16694,38,2015,"Cooler than CRP","1"
"Silverside",53,16694,38,2015,"Cooler than CRP","1"
"Silverside",54,16694,38,2015,"Cooler than CRP","1"
"Silverside",54,16694,38,2015,"Cooler than CRP","1"
"Silverside",54,16694,38,2015,"Cooler than CRP","1"
"Silverside",55,16694,38,2015,"Cooler than CRP","1"
"Silverside",55,16694,38,2015,"Cooler than CRP","1"
"Silverside",56,16694,38,2015,"Cooler than CRP","1"
"Silverside",56,16694,38,2015,"Cooler than CRP","1"
"Silverside",57,16694,38,2015,"Cooler than CRP","1"
"Silverside",57,16694,38,2015,"Cooler than CRP","1"
"Silverside",58,16694,38,2015,"Cooler than CRP","1"
"Silverside",60,16694,38,2015,"Cooler than CRP","1"
"Silverside",60,16694,38,2015,"Cooler than CRP","1"
"Silverside",62,16694,38,2015,"Cooler than CRP","1"
"Silverside",62,16694,38,2015,"Cooler than CRP","1"
"Silverside",64,16694,38,2015,"Cooler than CRP","1"
"Silverside",64,16694,38,2015,"Cooler than CRP","1"
"Silverside",64,16694,38,2015,"Cooler than CRP","1"
"Silverside",65,16694,38,2015,"Cooler than CRP","1"
"Silverside",66,16694,38,2015,"Cooler than CRP","1"
"Silverside",66,16694,38,2015,"Cooler than CRP","1"
"Silverside",66,16694,38,2015,"Cooler than CRP","1"
"Silverside",66,16694,38,2015,"Cooler than CRP","1"
"Silverside",66,16694,38,2015,"Cooler than CRP","1"
"Silverside",67,16694,38,2015,"Cooler than CRP","1"
"Silverside",68,16694,38,2015,"Cooler than CRP","1"
"Silverside",68,16694,38,2015,"Cooler than CRP","1"
"Silverside",68,16694,38,2015,"Cooler than CRP","1"
"Silverside",68,16694,38,2015,"Cooler than CRP","1"
"Silverside",68,16694,38,2015,"Cooler than CRP","1"
"Silverside",68,16694,38,2015,"Cooler than CRP","1"
"Silverside",68,16694,38,2015,"Cooler than CRP","1"
"Silverside",69,16694,38,2015,"Cooler than CRP","1"
"Silverside",69,16694,38,2015,"Cooler than CRP","1"
"Silverside",69,16694,38,2015,"Cooler than CRP","1"
"Silverside",70,16694,38,2015,"Cooler than CRP","1"
"Silverside",70,16694,38,2015,"Cooler than CRP","1"
"Silverside",70,16694,38,2015,"Cooler than CRP","1"
"Silverside",70,16694,38,2015,"Cooler than CRP","1"
"Silverside",71,16694,38,2015,"Cooler than CRP","1"
"Silverside",73,16694,38,2015,"Cooler than CRP","1"
"Silverside",74,16694,38,2015,"Cooler than CRP","1"
"Silverside",74,16694,38,2015,"Cooler than CRP","1"
"Silverside",74,16694,38,2015,"Cooler than CRP","1"
"Silverside",75,16694,38,2015,"Cooler than CRP","1"
"Silverside",75,16694,38,2015,"Cooler than CRP","1"
"Silverside",75,16694,38,2015,"Cooler than CRP","1"
"Silverside",75,16694,38,2015,"Cooler than CRP","1"
"Silverside",75,16694,38,2015,"Cooler than CRP","1"
"Silverside",75,16694,38,2015,"Cooler than CRP","1"
"Silverside",76,16694,38,2015,"Cooler than CRP","1"
"Silverside",76,16694,38,2015,"Cooler than CRP","1"
"Silverside",76,16694,38,2015,"Cooler than CRP","1"
"Silverside",77,16694,38,2015,"Cooler than CRP","1"
"Silverside",78,16694,38,2015,"Cooler than CRP","1"
"Silverside",78,16694,38,2015,"Cooler than CRP","1"
"Silverside",79,16694,38,2015,"Cooler than CRP","1"
"Silverside",80,16694,38,2015,"Cooler than CRP","1"
"Silverside",81,16694,38,2015,"Cooler than CRP","1"
"Silverside",83,16694,38,2015,"Cooler than CRP","1"
"Silverside",83,16694,38,2015,"Cooler than CRP","1"
"Silverside",85,16694,38,2015,"Cooler than CRP","1"
"Silverside",86,16694,38,2015,"Cooler than CRP","1"
"Silverside",86,16694,38,2015,"Cooler than CRP","1"
"Silverside",86,16694,38,2015,"Cooler than CRP","1"
"Silverside",88,16694,38,2015,"Cooler than CRP","1"
"Silverside",90,16694,38,2015,"Cooler than CRP","1"
"Silverside",90,16694,38,2015,"Cooler than CRP","1"
"Silverside",91,16694,38,2015,"Cooler than CRP","1"
"Silverside",92,16694,38,2015,"Cooler than CRP","1"
"Silverside",93,16694,38,2015,"Cooler than CRP","1"
"Silverside",95,16694,38,2015,"Cooler than CRP","1"
"Silverside",96,16694,38,2015,"Cooler than CRP","1"
"Silverside",96,16694,38,2015,"Cooler than CRP","1"
"Silverside",97,16694,38,2015,"Cooler than CRP","1"
"Silverside",52,16702,39,2015,"Cooler than CRP","1"
"Silverside",54,16702,39,2015,"Cooler than CRP","1"
"Silverside",55,16702,39,2015,"Cooler than CRP","1"
"Silverside",55,16702,39,2015,"Cooler than CRP","1"
"Silverside",57,16702,39,2015,"Cooler than CRP","1"
"Silverside",57,16702,39,2015,"Cooler than CRP","1"
"Silverside",57,16702,39,2015,"Cooler than CRP","1"
"Silverside",58,16702,39,2015,"Cooler than CRP","1"
"Silverside",58,16702,39,2015,"Cooler than CRP","1"
"Silverside",58,16702,39,2015,"Cooler than CRP","1"
"Silverside",58,16702,39,2015,"Cooler than CRP","1"
"Silverside",62,16702,39,2015,"Cooler than CRP","1"
"Silverside",63,16702,39,2015,"Cooler than CRP","1"
"Silverside",68,16702,39,2015,"Cooler than CRP","1"
"Silverside",70,16702,39,2015,"Cooler than CRP","1"
"Silverside",70,16702,39,2015,"Cooler than CRP","1"
"Silverside",71,16702,39,2015,"Cooler than CRP","1"
"Silverside",71,16702,39,2015,"Cooler than CRP","1"
"Silverside",72,16702,39,2015,"Cooler than CRP","1"
"Silverside",72,16702,39,2015,"Cooler than CRP","1"
"Silverside",72,16702,39,2015,"Cooler than CRP","1"
"Silverside",74,16702,39,2015,"Cooler than CRP","1"
"Silverside",74,16702,39,2015,"Cooler than CRP","1"
"Silverside",74,16702,39,2015,"Cooler than CRP","1"
"Silverside",74,16702,39,2015,"Cooler than CRP","1"
"Silverside",76,16702,39,2015,"Cooler than CRP","1"
"Silverside",77,16702,39,2015,"Cooler than CRP","1"
"Silverside",78,16702,39,2015,"Cooler than CRP","1"
"Silverside",78,16702,39,2015,"Cooler than CRP","1"
"Silverside",78,16702,39,2015,"Cooler than CRP","1"
"Silverside",80,16702,39,2015,"Cooler than CRP","1"
"Silverside",81,16702,39,2015,"Cooler than CRP","1"
"Silverside",81,16702,39,2015,"Cooler than CRP","1"
"Silverside",81,16702,39,2015,"Cooler than CRP","1"
"Silverside",81,16702,39,2015,"Cooler than CRP","1"
"Silverside",82,16702,39,2015,"Cooler than CRP","1"
"Silverside",82,16702,39,2015,"Cooler than CRP","1"
"Silverside",82,16702,39,2015,"Cooler than CRP","1"
"Silverside",84,16702,39,2015,"Cooler than CRP","1"
"Silverside",87,16702,39,2015,"Cooler than CRP","1"
"Silverside",90,16702,39,2015,"Cooler than CRP","1"
"Silverside",90,16702,39,2015,"Cooler than CRP","1"
"Silverside",91,16702,39,2015,"Cooler than CRP","1"
"Silverside",91,16702,39,2015,"Cooler than CRP","1"
"Silverside",94,16702,39,2015,"Cooler than CRP","1"
"Silverside",94,16702,39,2015,"Cooler than CRP","1"
"Silverside",94,16702,39,2015,"Cooler than CRP","1"
"Silverside",95,16702,39,2015,"Cooler than CRP","1"
"Silverside",96,16702,39,2015,"Cooler than CRP","1"
"Silverside",97,16702,39,2015,"Cooler than CRP","1"
"Silverside",97,16702,39,2015,"Cooler than CRP","1"
"Silverside",98,16702,39,2015,"Cooler than CRP","1"
"Silverside",99,16702,39,2015,"Cooler than CRP","1"
"Silverside",100,16702,39,2015,"Cooler than CRP","1"
"Silverside",101,16702,39,2015,"Cooler than CRP","1"
"Silverside",43,17001,29,2016,"Warmer than CRP","1"
"Silverside",45,17001,29,2016,"Warmer than CRP","1"
"Silverside",45,17001,29,2016,"Warmer than CRP","1"
"Silverside",46,17001,29,2016,"Warmer than CRP","1"
"Silverside",47,17001,29,2016,"Warmer than CRP","1"
"Silverside",48,17001,29,2016,"Warmer than CRP","1"
"Silverside",49,17001,29,2016,"Warmer than CRP","1"
"Silverside",50,17001,29,2016,"Warmer than CRP","1"
"Silverside",54,17001,29,2016,"Warmer than CRP","1"
"Silverside",57,17001,29,2016,"Warmer than CRP","1"
"Silverside",29,17008,30,2016,"Warmer than CRP","1"
"Silverside",30,17008,30,2016,"Warmer than CRP","1"
"Silverside",30,17008,30,2016,"Warmer than CRP","1"
"Silverside",31,17008,30,2016,"Warmer than CRP","1"
"Silverside",32,17008,30,2016,"Warmer than CRP","1"
"Silverside",32,17008,30,2016,"Warmer than CRP","1"
"Silverside",33,17008,30,2016,"Warmer than CRP","1"
"Silverside",34,17008,30,2016,"Warmer than CRP","1"
"Silverside",34,17008,30,2016,"Warmer than CRP","1"
"Silverside",35,17008,30,2016,"Warmer than CRP","1"
"Silverside",36,17008,30,2016,"Warmer than CRP","1"
"Silverside",37,17008,30,2016,"Warmer than CRP","1"
"Silverside",37,17008,30,2016,"Warmer than CRP","1"
"Silverside",37,17008,30,2016,"Warmer than CRP","1"
"Silverside",38,17008,30,2016,"Warmer than CRP","1"
"Silverside",38,17008,30,2016,"Warmer than CRP","1"
"Silverside",38,17008,30,2016,"Warmer than CRP","1"
"Silverside",38,17008,30,2016,"Warmer than CRP","1"
"Silverside",39,17008,30,2016,"Warmer than CRP","1"
"Silverside",40,17008,30,2016,"Warmer than CRP","1"
"Silverside",40,17008,30,2016,"Warmer than CRP","1"
"Silverside",41,17008,30,2016,"Warmer than CRP","1"
"Silverside",41,17008,30,2016,"Warmer than CRP","1"
"Silverside",42,17008,30,2016,"Warmer than CRP","1"
"Silverside",42,17008,30,2016,"Warmer than CRP","1"
"Silverside",44,17008,30,2016,"Warmer than CRP","1"
"Silverside",46,17008,30,2016,"Warmer than CRP","1"
"Silverside",49,17008,30,2016,"Warmer than CRP","1"
"Silverside",51,17008,30,2016,"Warmer than CRP","1"
"Silverside",51,17008,30,2016,"Warmer than CRP","1"
"Silverside",51,17008,30,2016,"Warmer than CRP","1"
"Silverside",52,17008,30,2016,"Warmer than CRP","1"
"Silverside",53,17008,30,2016,"Warmer than CRP","1"
"Silverside",55,17008,30,2016,"Warmer than CRP","1"
"Silverside",56,17008,30,2016,"Warmer than CRP","1"
"Silverside",56,17008,30,2016,"Warmer than CRP","1"
"Silverside",62,17008,30,2016,"Warmer than CRP","1"
"Silverside",64,17008,30,2016,"Warmer than CRP","1"
"Silverside",66,17008,30,2016,"Warmer than CRP","1"
"Silverside",71,17008,30,2016,"Warmer than CRP","1"
"Silverside",71,17008,30,2016,"Warmer than CRP","1"
"Silverside",50,17015,31,2016,"Warmer than CRP","1"
"Silverside",51,17015,31,2016,"Warmer than CRP","1"
"Silverside",76,17015,31,2016,"Warmer than CRP","1"
"Silverside",49,17024,32,2016,"Warmer than CRP","1"
"Silverside",50,17024,32,2016,"Warmer than CRP","1"
"Silverside",50,17024,32,2016,"Warmer than CRP","1"
"Silverside",50,17024,32,2016,"Warmer than CRP","1"
"Silverside",50,17024,32,2016,"Warmer than CRP","1"
"Silverside",50,17024,32,2016,"Warmer than CRP","1"
"Silverside",51,17024,32,2016,"Warmer than CRP","1"
"Silverside",51,17024,32,2016,"Warmer than CRP","1"
"Silverside",52,17024,32,2016,"Warmer than CRP","1"
"Silverside",52,17024,32,2016,"Warmer than CRP","1"
"Silverside",52,17024,32,2016,"Warmer than CRP","1"
"Silverside",53,17024,32,2016,"Warmer than CRP","1"
"Silverside",53,17024,32,2016,"Warmer than CRP","1"
"Silverside",54,17024,32,2016,"Warmer than CRP","1"
"Silverside",54,17024,32,2016,"Warmer than CRP","1"
"Silverside",54,17024,32,2016,"Warmer than CRP","1"
"Silverside",55,17024,32,2016,"Warmer than CRP","1"
"Silverside",55,17024,32,2016,"Warmer than CRP","1"
"Silverside",55,17024,32,2016,"Warmer than CRP","1"
"Silverside",55,17024,32,2016,"Warmer than CRP","1"
"Silverside",56,17024,32,2016,"Warmer than CRP","1"
"Silverside",57,17024,32,2016,"Warmer than CRP","1"
"Silverside",57,17024,32,2016,"Warmer than CRP","1"
"Silverside",58,17024,32,2016,"Warmer than CRP","1"
"Silverside",58,17024,32,2016,"Warmer than CRP","1"
"Silverside",58,17024,32,2016,"Warmer than CRP","1"
"Silverside",59,17024,32,2016,"Warmer than CRP","1"
"Silverside",59,17024,32,2016,"Warmer than CRP","1"
"Silverside",59,17024,32,2016,"Warmer than CRP","1"
"Silverside",60,17024,32,2016,"Warmer than CRP","1"
"Silverside",60,17024,32,2016,"Warmer than CRP","1"
"Silverside",60,17024,32,2016,"Warmer than CRP","1"
"Silverside",61,17024,32,2016,"Warmer than CRP","1"
"Silverside",62,17024,32,2016,"Warmer than CRP","1"
"Silverside",63,17024,32,2016,"Warmer than CRP","1"
"Silverside",65,17024,32,2016,"Warmer than CRP","1"
"Silverside",65,17024,32,2016,"Warmer than CRP","1"
"Silverside",66,17024,32,2016,"Warmer than CRP","1"
"Silverside",70,17024,32,2016,"Warmer than CRP","1"
"Silverside",70,17024,32,2016,"Warmer than CRP","1"
"Silverside",70,17024,32,2016,"Warmer than CRP","1"
"Silverside",71,17024,32,2016,"Warmer than CRP","1"
"Silverside",72,17024,32,2016,"Warmer than CRP","1"
"Silverside",76,17024,32,2016,"Warmer than CRP","1"
"Silverside",76,17024,32,2016,"Warmer than CRP","1"
"Silverside",78,17024,32,2016,"Warmer than CRP","1"
"Silverside",80,17024,32,2016,"Warmer than CRP","1"
"Silverside",80,17024,32,2016,"Warmer than CRP","1"
"Silverside",81,17024,32,2016,"Warmer than CRP","1"
"Silverside",84,17024,32,2016,"Warmer than CRP","1"
"Silverside",39,17031,33,2016,"Warmer than CRP","1"
"Silverside",44,17031,33,2016,"Warmer than CRP","1"
"Silverside",45,17031,33,2016,"Warmer than CRP","1"
"Silverside",45,17031,33,2016,"Warmer than CRP","1"
"Silverside",45,17031,33,2016,"Warmer than CRP","1"
"Silverside",46,17031,33,2016,"Warmer than CRP","1"
"Silverside",46,17031,33,2016,"Warmer than CRP","1"
"Silverside",47,17031,33,2016,"Warmer than CRP","1"
"Silverside",48,17031,33,2016,"Warmer than CRP","1"
"Silverside",48,17031,33,2016,"Warmer than CRP","1"
"Silverside",49,17031,33,2016,"Warmer than CRP","1"
"Silverside",49,17031,33,2016,"Warmer than CRP","1"
"Silverside",49,17031,33,2016,"Warmer than CRP","1"
"Silverside",53,17031,33,2016,"Warmer than CRP","1"
"Silverside",53,17031,33,2016,"Warmer than CRP","1"
"Silverside",54,17031,33,2016,"Warmer than CRP","1"
"Silverside",54,17031,33,2016,"Warmer than CRP","1"
"Silverside",54,17031,33,2016,"Warmer than CRP","1"
"Silverside",54,17031,33,2016,"Warmer than CRP","1"
"Silverside",54,17031,33,2016,"Warmer than CRP","1"
"Silverside",55,17031,33,2016,"Warmer than CRP","1"
"Silverside",55,17031,33,2016,"Warmer than CRP","1"
"Silverside",55,17031,33,2016,"Warmer than CRP","1"
"Silverside",56,17031,33,2016,"Warmer than CRP","1"
"Silverside",56,17031,33,2016,"Warmer than CRP","1"
"Silverside",56,17031,33,2016,"Warmer than CRP","1"
"Silverside",56,17031,33,2016,"Warmer than CRP","1"
"Silverside",56,17031,33,2016,"Warmer than CRP","1"
"Silverside",57,17031,33,2016,"Warmer than CRP","1"
"Silverside",57,17031,33,2016,"Warmer than CRP","1"
"Silverside",57,17031,33,2016,"Warmer than CRP","1"
"Silverside",57,17031,33,2016,"Warmer than CRP","1"
"Silverside",58,17031,33,2016,"Warmer than CRP","1"
"Silverside",58,17031,33,2016,"Warmer than CRP","1"
"Silverside",58,17031,33,2016,"Warmer than CRP","1"
"Silverside",58,17031,33,2016,"Warmer than CRP","1"
"Silverside",59,17031,33,2016,"Warmer than CRP","1"
"Silverside",59,17031,33,2016,"Warmer than CRP","1"
"Silverside",59,17031,33,2016,"Warmer than CRP","1"
"Silverside",59,17031,33,2016,"Warmer than CRP","1"
"Silverside",61,17031,33,2016,"Warmer than CRP","1"
"Silverside",61,17031,33,2016,"Warmer than CRP","1"
"Silverside",61,17031,33,2016,"Warmer than CRP","1"
"Silverside",62,17031,33,2016,"Warmer than CRP","1"
"Silverside",62,17031,33,2016,"Warmer than CRP","1"
"Silverside",63,17031,33,2016,"Warmer than CRP","1"
"Silverside",63,17031,33,2016,"Warmer than CRP","1"
"Silverside",63,17031,33,2016,"Warmer than CRP","1"
"Silverside",63,17031,33,2016,"Warmer than CRP","1"
"Silverside",63,17031,33,2016,"Warmer than CRP","1"
"Silverside",64,17031,33,2016,"Warmer than CRP","1"
"Silverside",64,17031,33,2016,"Warmer than CRP","1"
"Silverside",64,17031,33,2016,"Warmer than CRP","1"
"Silverside",65,17031,33,2016,"Warmer than CRP","1"
"Silverside",65,17031,33,2016,"Warmer than CRP","1"
"Silverside",65,17031,33,2016,"Warmer than CRP","1"
"Silverside",66,17031,33,2016,"Warmer than CRP","1"
"Silverside",66,17031,33,2016,"Warmer than CRP","1"
"Silverside",66,17031,33,2016,"Warmer than CRP","1"
"Silverside",67,17031,33,2016,"Warmer than CRP","1"
"Silverside",69,17031,33,2016,"Warmer than CRP","1"
"Silverside",69,17031,33,2016,"Warmer than CRP","1"
"Silverside",71,17031,33,2016,"Warmer than CRP","1"
"Silverside",75,17031,33,2016,"Warmer than CRP","1"
"Silverside",51,17046,35,2016,"Warmer than CRP","1"
"Silverside",51,17046,35,2016,"Warmer than CRP","1"
"Silverside",54,17046,35,2016,"Warmer than CRP","1"
"Silverside",54,17046,35,2016,"Warmer than CRP","1"
"Silverside",54,17046,35,2016,"Warmer than CRP","1"
"Silverside",55,17046,35,2016,"Warmer than CRP","1"
"Silverside",56,17046,35,2016,"Warmer than CRP","1"
"Silverside",56,17046,35,2016,"Warmer than CRP","1"
"Silverside",56,17046,35,2016,"Warmer than CRP","1"
"Silverside",56,17046,35,2016,"Warmer than CRP","1"
"Silverside",56,17046,35,2016,"Warmer than CRP","1"
"Silverside",57,17046,35,2016,"Warmer than CRP","1"
"Silverside",57,17046,35,2016,"Warmer than CRP","1"
"Silverside",58,17046,35,2016,"Warmer than CRP","1"
"Silverside",58,17046,35,2016,"Warmer than CRP","1"
"Silverside",60,17046,35,2016,"Warmer than CRP","1"
"Silverside",60,17046,35,2016,"Warmer than CRP","1"
"Silverside",61,17046,35,2016,"Warmer than CRP","1"
"Silverside",62,17046,35,2016,"Warmer than CRP","1"
"Silverside",65,17046,35,2016,"Warmer than CRP","1"
"Silverside",66,17046,35,2016,"Warmer than CRP","1"
"Silverside",67,17046,35,2016,"Warmer than CRP","1"
"Silverside",68,17046,35,2016,"Warmer than CRP","1"
"Silverside",68,17046,35,2016,"Warmer than CRP","1"
"Silverside",70,17046,35,2016,"Warmer than CRP","1"
"Silverside",70,17046,35,2016,"Warmer than CRP","1"
"Silverside",70,17046,35,2016,"Warmer than CRP","1"
"Silverside",72,17046,35,2016,"Warmer than CRP","1"
"Silverside",72,17046,35,2016,"Warmer than CRP","1"
"Silverside",74,17046,35,2016,"Warmer than CRP","1"
"Silverside",74,17046,35,2016,"Warmer than CRP","1"
"Silverside",74,17046,35,2016,"Warmer than CRP","1"
"Silverside",76,17046,35,2016,"Warmer than CRP","1"
"Silverside",76,17046,35,2016,"Warmer than CRP","1"
"Silverside",77,17046,35,2016,"Warmer than CRP","1"
"Silverside",77,17046,35,2016,"Warmer than CRP","1"
"Silverside",78,17046,35,2016,"Warmer than CRP","1"
"Silverside",79,17046,35,2016,"Warmer than CRP","1"
"Silverside",79,17046,35,2016,"Warmer than CRP","1"
"Silverside",79,17046,35,2016,"Warmer than CRP","1"
"Silverside",79,17046,35,2016,"Warmer than CRP","1"
"Silverside",80,17046,35,2016,"Warmer than CRP","1"
"Silverside",80,17046,35,2016,"Warmer than CRP","1"
"Silverside",81,17046,35,2016,"Warmer than CRP","1"
"Silverside",84,17046,35,2016,"Warmer than CRP","1"
"Silverside",85,17046,35,2016,"Warmer than CRP","1"
"Silverside",85,17046,35,2016,"Warmer than CRP","1"
"Silverside",87,17046,35,2016,"Warmer than CRP","1"
"Silverside",87,17046,35,2016,"Warmer than CRP","1"
"Silverside",87,17046,35,2016,"Warmer than CRP","1"
"Silverside",87,17046,35,2016,"Warmer than CRP","1"
"Silverside",88,17046,35,2016,"Warmer than CRP","1"
"Silverside",89,17046,35,2016,"Warmer than CRP","1"
"Silverside",93,17046,35,2016,"Warmer than CRP","1"
"Silverside",94,17046,35,2016,"Warmer than CRP","1"
"Silverside",96,17046,35,2016,"Warmer than CRP","1"
"Silverside",97,17046,35,2016,"Warmer than CRP","1"
"Silverside",97,17046,35,2016,"Warmer than CRP","1"
"Silverside",99,17046,35,2016,"Warmer than CRP","1"
"Silverside",101,17046,35,2016,"Warmer than CRP","1"
"Silverside",102,17046,35,2016,"Warmer than CRP","1"
"Silverside",103,17046,35,2016,"Warmer than CRP","1"
"Silverside",48,17051,36,2016,"Warmer than CRP","1"
"Silverside",52,17051,36,2016,"Warmer than CRP","1"
"Silverside",54,17051,36,2016,"Warmer than CRP","1"
"Silverside",57,17051,36,2016,"Warmer than CRP","1"
"Silverside",58,17051,36,2016,"Warmer than CRP","1"
"Silverside",58,17051,36,2016,"Warmer than CRP","1"
"Silverside",60,17051,36,2016,"Warmer than CRP","1"
"Silverside",61,17051,36,2016,"Warmer than CRP","1"
"Silverside",62,17051,36,2016,"Warmer than CRP","1"
"Silverside",64,17051,36,2016,"Warmer than CRP","1"
"Silverside",64,17051,36,2016,"Warmer than CRP","1"
"Silverside",64,17051,36,2016,"Warmer than CRP","1"
"Silverside",65,17051,36,2016,"Warmer than CRP","1"
"Silverside",66,17051,36,2016,"Warmer than CRP","1"
"Silverside",67,17051,36,2016,"Warmer than CRP","1"
"Silverside",67,17051,36,2016,"Warmer than CRP","1"
"Silverside",67,17051,36,2016,"Warmer than CRP","1"
"Silverside",67,17051,36,2016,"Warmer than CRP","1"
"Silverside",68,17051,36,2016,"Warmer than CRP","1"
"Silverside",68,17051,36,2016,"Warmer than CRP","1"
"Silverside",68,17051,36,2016,"Warmer than CRP","1"
"Silverside",69,17051,36,2016,"Warmer than CRP","1"
"Silverside",69,17051,36,2016,"Warmer than CRP","1"
"Silverside",69,17051,36,2016,"Warmer than CRP","1"
"Silverside",69,17051,36,2016,"Warmer than CRP","1"
"Silverside",70,17051,36,2016,"Warmer than CRP","1"
"Silverside",70,17051,36,2016,"Warmer than CRP","1"
"Silverside",70,17051,36,2016,"Warmer than CRP","1"
"Silverside",70,17051,36,2016,"Warmer than CRP","1"
"Silverside",71,17051,36,2016,"Warmer than CRP","1"
"Silverside",71,17051,36,2016,"Warmer than CRP","1"
"Silverside",72,17051,36,2016,"Warmer than CRP","1"
"Silverside",72,17051,36,2016,"Warmer than CRP","1"
"Silverside",73,17051,36,2016,"Warmer than CRP","1"
"Silverside",73,17051,36,2016,"Warmer than CRP","1"
"Silverside",73,17051,36,2016,"Warmer than CRP","1"
"Silverside",73,17051,36,2016,"Warmer than CRP","1"
"Silverside",76,17051,36,2016,"Warmer than CRP","1"
"Silverside",77,17051,36,2016,"Warmer than CRP","1"
"Silverside",77,17051,36,2016,"Warmer than CRP","1"
"Silverside",77,17051,36,2016,"Warmer than CRP","1"
"Silverside",77,17051,36,2016,"Warmer than CRP","1"
"Silverside",78,17051,36,2016,"Warmer than CRP","1"
"Silverside",78,17051,36,2016,"Warmer than CRP","1"
"Silverside",79,17051,36,2016,"Warmer than CRP","1"
"Silverside",79,17051,36,2016,"Warmer than CRP","1"
"Silverside",80,17051,36,2016,"Warmer than CRP","1"
"Silverside",81,17051,36,2016,"Warmer than CRP","1"
"Silverside",81,17051,36,2016,"Warmer than CRP","1"
"Silverside",81,17051,36,2016,"Warmer than CRP","1"
"Silverside",81,17051,36,2016,"Warmer than CRP","1"
"Silverside",82,17051,36,2016,"Warmer than CRP","1"
"Silverside",82,17051,36,2016,"Warmer than CRP","1"
"Silverside",83,17051,36,2016,"Warmer than CRP","1"
"Silverside",84,17051,36,2016,"Warmer than CRP","1"
"Silverside",84,17051,36,2016,"Warmer than CRP","1"
"Silverside",84,17051,36,2016,"Warmer than CRP","1"
"Silverside",84,17051,36,2016,"Warmer than CRP","1"
"Silverside",84,17051,36,2016,"Warmer than CRP","1"
"Silverside",85,17051,36,2016,"Warmer than CRP","1"
"Silverside",85,17051,36,2016,"Warmer than CRP","1"
"Silverside",85,17051,36,2016,"Warmer than CRP","1"
"Silverside",86,17051,36,2016,"Warmer than CRP","1"
"Silverside",86,17051,36,2016,"Warmer than CRP","1"
"Silverside",86,17051,36,2016,"Warmer than CRP","1"
"Silverside",87,17051,36,2016,"Warmer than CRP","1"
"Silverside",87,17051,36,2016,"Warmer than CRP","1"
"Silverside",87,17051,36,2016,"Warmer than CRP","1"
"Silverside",88,17051,36,2016,"Warmer than CRP","1"
"Silverside",89,17051,36,2016,"Warmer than CRP","1"
"Silverside",89,17051,36,2016,"Warmer than CRP","1"
"Silverside",89,17051,36,2016,"Warmer than CRP","1"
"Silverside",90,17051,36,2016,"Warmer than CRP","1"
"Silverside",90,17051,36,2016,"Warmer than CRP","1"
"Silverside",90,17051,36,2016,"Warmer than CRP","1"
"Silverside",91,17051,36,2016,"Warmer than CRP","1"
"Silverside",91,17051,36,2016,"Warmer than CRP","1"
"Silverside",91,17051,36,2016,"Warmer than CRP","1"
"Silverside",91,17051,36,2016,"Warmer than CRP","1"
"Silverside",91,17051,36,2016,"Warmer than CRP","1"
"Silverside",91,17051,36,2016,"Warmer than CRP","1"
"Silverside",93,17051,36,2016,"Warmer than CRP","1"
"Silverside",94,17051,36,2016,"Warmer than CRP","1"
"Silverside",94,17051,36,2016,"Warmer than CRP","1"
"Silverside",95,17051,36,2016,"Warmer than CRP","1"
"Silverside",95,17051,36,2016,"Warmer than CRP","1"
"Silverside",95,17051,36,2016,"Warmer than CRP","1"
"Silverside",95,17051,36,2016,"Warmer than CRP","1"
"Silverside",98,17051,36,2016,"Warmer than CRP","1"
"Silverside",98,17051,36,2016,"Warmer than CRP","1"
"Silverside",99,17051,36,2016,"Warmer than CRP","1"
"Silverside",100,17051,36,2016,"Warmer than CRP","1"
"Silverside",102,17051,36,2016,"Warmer than CRP","1"
"Silverside",105,17051,36,2016,"Warmer than CRP","1"
"Silverside",106,17051,36,2016,"Warmer than CRP","1"
"Silverside",107,17051,36,2016,"Warmer than CRP","1"
"Silverside",108,17051,36,2016,"Warmer than CRP","1"
"Silverside",110,17051,36,2016,"Warmer than CRP","1"
"Silverside",26,17359,28,2017,"Cooler than CRP","1"
"Silverside",27,17359,28,2017,"Cooler than CRP","1"
"Silverside",27,17359,28,2017,"Cooler than CRP","1"
"Silverside",28,17359,28,2017,"Cooler than CRP","1"
"Silverside",28,17359,28,2017,"Cooler than CRP","1"
"Silverside",29,17359,28,2017,"Cooler than CRP","1"
"Silverside",34,17365,29,2017,"Cooler than CRP","1"
"Silverside",45,17373,30,2017,"Cooler than CRP","1"
"Silverside",46,17373,30,2017,"Cooler than CRP","1"
"Silverside",54,17373,30,2017,"Cooler than CRP","1"
"Silverside",34,17380,31,2017,"Cooler than CRP","1"
"Silverside",35,17380,31,2017,"Cooler than CRP","1"
"Silverside",39,17380,31,2017,"Cooler than CRP","1"
"Silverside",41,17380,31,2017,"Cooler than CRP","1"
"Silverside",41,17380,31,2017,"Cooler than CRP","1"
"Silverside",41,17380,31,2017,"Cooler than CRP","1"
"Silverside",42,17380,31,2017,"Cooler than CRP","1"
"Silverside",43,17380,31,2017,"Cooler than CRP","1"
"Silverside",43,17380,31,2017,"Cooler than CRP","1"
"Silverside",43,17380,31,2017,"Cooler than CRP","1"
"Silverside",44,17380,31,2017,"Cooler than CRP","1"
"Silverside",44,17380,31,2017,"Cooler than CRP","1"
"Silverside",44,17380,31,2017,"Cooler than CRP","1"
"Silverside",45,17380,31,2017,"Cooler than CRP","1"
"Silverside",45,17380,31,2017,"Cooler than CRP","1"
"Silverside",45,17380,31,2017,"Cooler than CRP","1"
"Silverside",46,17380,31,2017,"Cooler than CRP","1"
"Silverside",46,17380,31,2017,"Cooler than CRP","1"
"Silverside",47,17380,31,2017,"Cooler than CRP","1"
"Silverside",48,17380,31,2017,"Cooler than CRP","1"
"Silverside",48,17380,31,2017,"Cooler than CRP","1"
"Silverside",49,17380,31,2017,"Cooler than CRP","1"
"Silverside",49,17380,31,2017,"Cooler than CRP","1"
"Silverside",51,17380,31,2017,"Cooler than CRP","1"
"Silverside",51,17380,31,2017,"Cooler than CRP","1"
"Silverside",52,17380,31,2017,"Cooler than CRP","1"
"Silverside",52,17380,31,2017,"Cooler than CRP","1"
"Silverside",53,17380,31,2017,"Cooler than CRP","1"
"Silverside",53,17380,31,2017,"Cooler than CRP","1"
"Silverside",53,17380,31,2017,"Cooler than CRP","1"
"Silverside",53,17380,31,2017,"Cooler than CRP","1"
"Silverside",54,17380,31,2017,"Cooler than CRP","1"
"Silverside",54,17380,31,2017,"Cooler than CRP","1"
"Silverside",54,17380,31,2017,"Cooler than CRP","1"
"Silverside",54,17380,31,2017,"Cooler than CRP","1"
"Silverside",55,17380,31,2017,"Cooler than CRP","1"
"Silverside",55,17380,31,2017,"Cooler than CRP","1"
"Silverside",56,17380,31,2017,"Cooler than CRP","1"
"Silverside",57,17380,31,2017,"Cooler than CRP","1"
"Silverside",57,17380,31,2017,"Cooler than CRP","1"
"Silverside",57,17380,31,2017,"Cooler than CRP","1"
"Silverside",58,17380,31,2017,"Cooler than CRP","1"
"Silverside",59,17380,31,2017,"Cooler than CRP","1"
"Silverside",59,17380,31,2017,"Cooler than CRP","1"
"Silverside",59,17380,31,2017,"Cooler than CRP","1"
"Silverside",59,17380,31,2017,"Cooler than CRP","1"
"Silverside",60,17380,31,2017,"Cooler than CRP","1"
"Silverside",61,17380,31,2017,"Cooler than CRP","1"
"Silverside",62,17380,31,2017,"Cooler than CRP","1"
"Silverside",33,17389,32,2017,"Cooler than CRP","1"
"Silverside",33,17389,32,2017,"Cooler than CRP","1"
"Silverside",35,17389,32,2017,"Cooler than CRP","1"
"Silverside",35,17389,32,2017,"Cooler than CRP","1"
"Silverside",36,17389,32,2017,"Cooler than CRP","1"
"Silverside",39,17389,32,2017,"Cooler than CRP","1"
"Silverside",39,17389,32,2017,"Cooler than CRP","1"
"Silverside",39,17389,32,2017,"Cooler than CRP","1"
"Silverside",40,17389,32,2017,"Cooler than CRP","1"
"Silverside",40,17389,32,2017,"Cooler than CRP","1"
"Silverside",43,17389,32,2017,"Cooler than CRP","1"
"Silverside",44,17389,32,2017,"Cooler than CRP","1"
"Silverside",49,17389,32,2017,"Cooler than CRP","1"
"Silverside",51,17389,32,2017,"Cooler than CRP","1"
"Silverside",53,17389,32,2017,"Cooler than CRP","1"
"Silverside",53,17389,32,2017,"Cooler than CRP","1"
"Silverside",54,17389,32,2017,"Cooler than CRP","1"
"Silverside",54,17389,32,2017,"Cooler than CRP","1"
"Silverside",54,17389,32,2017,"Cooler than CRP","1"
"Silverside",55,17389,32,2017,"Cooler than CRP","1"
"Silverside",55,17389,32,2017,"Cooler than CRP","1"
"Silverside",55,17389,32,2017,"Cooler than CRP","1"
"Silverside",55,17389,32,2017,"Cooler than CRP","1"
"Silverside",56,17389,32,2017,"Cooler than CRP","1"
"Silverside",57,17389,32,2017,"Cooler than CRP","1"
"Silverside",57,17389,32,2017,"Cooler than CRP","1"
"Silverside",57,17389,32,2017,"Cooler than CRP","1"
"Silverside",57,17389,32,2017,"Cooler than CRP","1"
"Silverside",59,17389,32,2017,"Cooler than CRP","1"
"Silverside",59,17389,32,2017,"Cooler than CRP","1"
"Silverside",59,17389,32,2017,"Cooler than CRP","1"
"Silverside",60,17389,32,2017,"Cooler than CRP","1"
"Silverside",60,17389,32,2017,"Cooler than CRP","1"
"Silverside",60,17389,32,2017,"Cooler than CRP","1"
"Silverside",61,17389,32,2017,"Cooler than CRP","1"
"Silverside",62,17389,32,2017,"Cooler than CRP","1"
"Silverside",62,17389,32,2017,"Cooler than CRP","1"
"Silverside",65,17389,32,2017,"Cooler than CRP","1"
"Silverside",66,17389,32,2017,"Cooler than CRP","1"
"Silverside",67,17389,32,2017,"Cooler than CRP","1"
"Silverside",69,17389,32,2017,"Cooler than CRP","1"
"Silverside",69,17389,32,2017,"Cooler than CRP","1"
"Silverside",42,17403,34,2017,"Cooler than CRP","1"
"Silverside",46,17403,34,2017,"Cooler than CRP","1"
"Silverside",46,17403,34,2017,"Cooler than CRP","1"
"Silverside",57,17424,37,2017,"Cooler than CRP","1"
"Silverside",60,17424,37,2017,"Cooler than CRP","1"
"Silverside",61,17424,37,2017,"Cooler than CRP","1"
"Silverside",62,17424,37,2017,"Cooler than CRP","1"
"Silverside",62,17424,37,2017,"Cooler than CRP","1"
"Silverside",62,17424,37,2017,"Cooler than CRP","1"
"Silverside",62,17424,37,2017,"Cooler than CRP","1"
"Silverside",62,17424,37,2017,"Cooler than CRP","1"
"Silverside",63,17424,37,2017,"Cooler than CRP","1"
"Silverside",64,17424,37,2017,"Cooler than CRP","1"
"Silverside",65,17424,37,2017,"Cooler than CRP","1"
"Silverside",65,17424,37,2017,"Cooler than CRP","1"
"Silverside",65,17424,37,2017,"Cooler than CRP","1"
"Silverside",66,17424,37,2017,"Cooler than CRP","1"
"Silverside",67,17424,37,2017,"Cooler than CRP","1"
"Silverside",67,17424,37,2017,"Cooler than CRP","1"
"Silverside",68,17424,37,2017,"Cooler than CRP","1"
"Silverside",68,17424,37,2017,"Cooler than CRP","1"
"Silverside",69,17424,37,2017,"Cooler than CRP","1"
"Silverside",69,17424,37,2017,"Cooler than CRP","1"
"Silverside",70,17424,37,2017,"Cooler than CRP","1"
"Silverside",70,17424,37,2017,"Cooler than CRP","1"
"Silverside",70,17424,37,2017,"Cooler than CRP","1"
"Silverside",70,17424,37,2017,"Cooler than CRP","1"
"Silverside",70,17424,37,2017,"Cooler than CRP","1"
"Silverside",70,17424,37,2017,"Cooler than CRP","1"
"Silverside",71,17424,37,2017,"Cooler than CRP","1"
"Silverside",71,17424,37,2017,"Cooler than CRP","1"
"Silverside",71,17424,37,2017,"Cooler than CRP","1"
"Silverside",71,17424,37,2017,"Cooler than CRP","1"
"Silverside",72,17424,37,2017,"Cooler than CRP","1"
"Silverside",72,17424,37,2017,"Cooler than CRP","1"
"Silverside",72,17424,37,2017,"Cooler than CRP","1"
"Silverside",73,17424,37,2017,"Cooler than CRP","1"
"Silverside",74,17424,37,2017,"Cooler than CRP","1"
"Silverside",75,17424,37,2017,"Cooler than CRP","1"
"Silverside",75,17424,37,2017,"Cooler than CRP","1"
"Silverside",77,17424,37,2017,"Cooler than CRP","1"
"Silverside",77,17424,37,2017,"Cooler than CRP","1"
"Silverside",77,17424,37,2017,"Cooler than CRP","1"
"Silverside",78,17424,37,2017,"Cooler than CRP","1"
"Silverside",78,17424,37,2017,"Cooler than CRP","1"
"Silverside",79,17424,37,2017,"Cooler than CRP","1"
"Silverside",79,17424,37,2017,"Cooler than CRP","1"
"Silverside",80,17424,37,2017,"Cooler than CRP","1"
"Silverside",81,17424,37,2017,"Cooler than CRP","1"
"Silverside",81,17424,37,2017,"Cooler than CRP","1"
"Silverside",82,17424,37,2017,"Cooler than CRP","1"
"Silverside",82,17424,37,2017,"Cooler than CRP","1"
"Silverside",83,17424,37,2017,"Cooler than CRP","1"
"Silverside",83,17424,37,2017,"Cooler than CRP","1"
"Silverside",85,17424,37,2017,"Cooler than CRP","1"
"Silverside",85,17424,37,2017,"Cooler than CRP","1"
"Silverside",85,17424,37,2017,"Cooler than CRP","1"
"Silverside",87,17424,37,2017,"Cooler than CRP","1"
"Silverside",87,17424,37,2017,"Cooler than CRP","1"
"Silverside",87,17424,37,2017,"Cooler than CRP","1"
"Silverside",87,17424,37,2017,"Cooler than CRP","1"
"Silverside",89,17424,37,2017,"Cooler than CRP","1"
"Silverside",90,17424,37,2017,"Cooler than CRP","1"
"Silverside",90,17424,37,2017,"Cooler than CRP","1"
"Silverside",90,17424,37,2017,"Cooler than CRP","1"
"Silverside",93,17424,37,2017,"Cooler than CRP","1"
"Silverside",93,17424,37,2017,"Cooler than CRP","1"
"Silverside",94,17424,37,2017,"Cooler than CRP","1"
"Silverside",95,17424,37,2017,"Cooler than CRP","1"
"Silverside",96,17424,37,2017,"Cooler than CRP","1"
"Silverside",97,17424,37,2017,"Cooler than CRP","1"
"Silverside",101,17424,37,2017,"Cooler than CRP","1"
"Silverside",103,17424,37,2017,"Cooler than CRP","1"
"Silverside",104,17424,37,2017,"Cooler than CRP","1"
"Silverside",104,17424,37,2017,"Cooler than CRP","1"
"Silverside",54,17723,28,2018,"Cooler than CRP","1"
"Silverside",42,17737,30,2018,"Cooler than CRP","1"
"Silverside",42,17737,30,2018,"Cooler than CRP","1"
"Silverside",43,17737,30,2018,"Cooler than CRP","1"
"Silverside",43,17737,30,2018,"Cooler than CRP","1"
"Silverside",44,17737,30,2018,"Cooler than CRP","1"
"Silverside",44,17737,30,2018,"Cooler than CRP","1"
"Silverside",45,17737,30,2018,"Cooler than CRP","1"
"Silverside",46,17737,30,2018,"Cooler than CRP","1"
"Silverside",47,17737,30,2018,"Cooler than CRP","1"
"Silverside",48,17737,30,2018,"Cooler than CRP","1"
"Silverside",50,17737,30,2018,"Cooler than CRP","1"
"Silverside",51,17737,30,2018,"Cooler than CRP","1"
"Silverside",52,17737,30,2018,"Cooler than CRP","1"
"Silverside",52,17737,30,2018,"Cooler than CRP","1"
"Silverside",52,17737,30,2018,"Cooler than CRP","1"
"Silverside",53,17737,30,2018,"Cooler than CRP","1"
"Silverside",53,17737,30,2018,"Cooler than CRP","1"
"Silverside",53,17737,30,2018,"Cooler than CRP","1"
"Silverside",53,17737,30,2018,"Cooler than CRP","1"
"Silverside",54,17737,30,2018,"Cooler than CRP","1"
"Silverside",54,17737,30,2018,"Cooler than CRP","1"
"Silverside",54,17737,30,2018,"Cooler than CRP","1"
"Silverside",54,17737,30,2018,"Cooler than CRP","1"
"Silverside",54,17737,30,2018,"Cooler than CRP","1"
"Silverside",54,17737,30,2018,"Cooler than CRP","1"
"Silverside",54,17737,30,2018,"Cooler than CRP","1"
"Silverside",54,17737,30,2018,"Cooler than CRP","1"
"Silverside",54,17737,30,2018,"Cooler than CRP","1"
"Silverside",54,17737,30,2018,"Cooler than CRP","1"
"Silverside",54,17737,30,2018,"Cooler than CRP","1"
"Silverside",54,17737,30,2018,"Cooler than CRP","1"
"Silverside",55,17737,30,2018,"Cooler than CRP","1"
"Silverside",55,17737,30,2018,"Cooler than CRP","1"
"Silverside",56,17737,30,2018,"Cooler than CRP","1"
"Silverside",56,17737,30,2018,"Cooler than CRP","1"
"Silverside",57,17737,30,2018,"Cooler than CRP","1"
"Silverside",57,17737,30,2018,"Cooler than CRP","1"
"Silverside",57,17737,30,2018,"Cooler than CRP","1"
"Silverside",57,17737,30,2018,"Cooler than CRP","1"
"Silverside",57,17737,30,2018,"Cooler than CRP","1"
"Silverside",58,17737,30,2018,"Cooler than CRP","1"
"Silverside",59,17737,30,2018,"Cooler than CRP","1"
"Silverside",60,17737,30,2018,"Cooler than CRP","1"
"Silverside",64,17737,30,2018,"Cooler than CRP","1"
"Silverside",65,17737,30,2018,"Cooler than CRP","1"
"Silverside",66,17737,30,2018,"Cooler than CRP","1"
"Silverside",49,17753,32,2018,"Cooler than CRP","1"
"Silverside",50,17753,32,2018,"Cooler than CRP","1"
"Silverside",51,17753,32,2018,"Cooler than CRP","1"
"Silverside",52,17753,32,2018,"Cooler than CRP","1"
"Silverside",53,17753,32,2018,"Cooler than CRP","1"
"Silverside",53,17753,32,2018,"Cooler than CRP","1"
"Silverside",53,17753,32,2018,"Cooler than CRP","1"
"Silverside",53,17753,32,2018,"Cooler than CRP","1"
"Silverside",53,17753,32,2018,"Cooler than CRP","1"
"Silverside",54,17753,32,2018,"Cooler than CRP","1"
"Silverside",55,17753,32,2018,"Cooler than CRP","1"
"Silverside",55,17753,32,2018,"Cooler than CRP","1"
"Silverside",55,17753,32,2018,"Cooler than CRP","1"
"Silverside",57,17753,32,2018,"Cooler than CRP","1"
"Silverside",57,17753,32,2018,"Cooler than CRP","1"
"Silverside",57,17753,32,2018,"Cooler than CRP","1"
"Silverside",57,17753,32,2018,"Cooler than CRP","1"
"Silverside",57,17753,32,2018,"Cooler than CRP","1"
"Silverside",57,17753,32,2018,"Cooler than CRP","1"
"Silverside",57,17753,32,2018,"Cooler than CRP","1"
"Silverside",57,17753,32,2018,"Cooler than CRP","1"
"Silverside",58,17753,32,2018,"Cooler than CRP","1"
"Silverside",58,17753,32,2018,"Cooler than CRP","1"
"Silverside",58,17753,32,2018,"Cooler than CRP","1"
"Silverside",59,17753,32,2018,"Cooler than CRP","1"
"Silverside",62,17753,32,2018,"Cooler than CRP","1"
"Silverside",63,17753,32,2018,"Cooler than CRP","1"
"Silverside",63,17753,32,2018,"Cooler than CRP","1"
"Silverside",63,17753,32,2018,"Cooler than CRP","1"
"Silverside",63,17753,32,2018,"Cooler than CRP","1"
"Silverside",63,17753,32,2018,"Cooler than CRP","1"
"Silverside",64,17753,32,2018,"Cooler than CRP","1"
"Silverside",64,17753,32,2018,"Cooler than CRP","1"
"Silverside",65,17753,32,2018,"Cooler than CRP","1"
"Silverside",65,17753,32,2018,"Cooler than CRP","1"
"Silverside",66,17753,32,2018,"Cooler than CRP","1"
"Silverside",66,17753,32,2018,"Cooler than CRP","1"
"Silverside",68,17753,32,2018,"Cooler than CRP","1"
"Silverside",68,17753,32,2018,"Cooler than CRP","1"
"Silverside",68,17753,32,2018,"Cooler than CRP","1"
"Silverside",69,17753,32,2018,"Cooler than CRP","1"
"Silverside",69,17753,32,2018,"Cooler than CRP","1"
"Silverside",69,17753,32,2018,"Cooler than CRP","1"
"Silverside",70,17753,32,2018,"Cooler than CRP","1"
"Silverside",71,17753,32,2018,"Cooler than CRP","1"
"Silverside",71,17753,32,2018,"Cooler than CRP","1"
"Silverside",71,17753,32,2018,"Cooler than CRP","1"
"Silverside",71,17753,32,2018,"Cooler than CRP","1"
"Silverside",72,17753,32,2018,"Cooler than CRP","1"
"Silverside",72,17753,32,2018,"Cooler than CRP","1"
"Silverside",72,17753,32,2018,"Cooler than CRP","1"
"Silverside",72,17753,32,2018,"Cooler than CRP","1"
"Silverside",73,17753,32,2018,"Cooler than CRP","1"
"Silverside",73,17753,32,2018,"Cooler than CRP","1"
"Silverside",74,17753,32,2018,"Cooler than CRP","1"
"Silverside",74,17753,32,2018,"Cooler than CRP","1"
"Silverside",75,17753,32,2018,"Cooler than CRP","1"
"Silverside",77,17753,32,2018,"Cooler than CRP","1"
"Silverside",77,17753,32,2018,"Cooler than CRP","1"
"Silverside",80,17753,32,2018,"Cooler than CRP","1"
"Silverside",81,17753,32,2018,"Cooler than CRP","1"
"Silverside",81,17753,32,2018,"Cooler than CRP","1"
"Silverside",81,17753,32,2018,"Cooler than CRP","1"
"Silverside",52,17764,34,2018,"Cooler than CRP","1"
"Silverside",53,17764,34,2018,"Cooler than CRP","1"
"Silverside",54,17764,34,2018,"Cooler than CRP","1"
"Silverside",54,17764,34,2018,"Cooler than CRP","1"
"Silverside",55,17764,34,2018,"Cooler than CRP","1"
"Silverside",56,17764,34,2018,"Cooler than CRP","1"
"Silverside",56,17764,34,2018,"Cooler than CRP","1"
"Silverside",57,17764,34,2018,"Cooler than CRP","1"
"Silverside",58,17764,34,2018,"Cooler than CRP","1"
"Silverside",58,17764,34,2018,"Cooler than CRP","1"
"Silverside",58,17764,34,2018,"Cooler than CRP","1"
"Silverside",60,17764,34,2018,"Cooler than CRP","1"
"Silverside",60,17764,34,2018,"Cooler than CRP","1"
"Silverside",60,17764,34,2018,"Cooler than CRP","1"
"Silverside",64,17764,34,2018,"Cooler than CRP","1"
"Silverside",64,17764,34,2018,"Cooler than CRP","1"
"Silverside",65,17764,34,2018,"Cooler than CRP","1"
"Silverside",65,17764,34,2018,"Cooler than CRP","1"
"Silverside",65,17764,34,2018,"Cooler than CRP","1"
"Silverside",65,17764,34,2018,"Cooler than CRP","1"
"Silverside",65,17764,34,2018,"Cooler than CRP","1"
"Silverside",66,17764,34,2018,"Cooler than CRP","1"
"Silverside",66,17764,34,2018,"Cooler than CRP","1"
"Silverside",66,17764,34,2018,"Cooler than CRP","1"
"Silverside",67,17764,34,2018,"Cooler than CRP","1"
"Silverside",67,17764,34,2018,"Cooler than CRP","1"
"Silverside",68,17764,34,2018,"Cooler than CRP","1"
"Silverside",68,17764,34,2018,"Cooler than CRP","1"
"Silverside",68,17764,34,2018,"Cooler than CRP","1"
"Silverside",69,17764,34,2018,"Cooler than CRP","1"
"Silverside",70,17764,34,2018,"Cooler than CRP","1"
"Silverside",70,17764,34,2018,"Cooler than CRP","1"
"Silverside",70,17764,34,2018,"Cooler than CRP","1"
"Silverside",71,17764,34,2018,"Cooler than CRP","1"
"Silverside",71,17764,34,2018,"Cooler than CRP","1"
"Silverside",72,17764,34,2018,"Cooler than CRP","1"
"Silverside",72,17764,34,2018,"Cooler than CRP","1"
"Silverside",73,17764,34,2018,"Cooler than CRP","1"
"Silverside",73,17764,34,2018,"Cooler than CRP","1"
"Silverside",74,17764,34,2018,"Cooler than CRP","1"
"Silverside",74,17764,34,2018,"Cooler than CRP","1"
"Silverside",75,17764,34,2018,"Cooler than CRP","1"
"Silverside",76,17764,34,2018,"Cooler than CRP","1"
"Silverside",76,17764,34,2018,"Cooler than CRP","1"
"Silverside",76,17764,34,2018,"Cooler than CRP","1"
"Silverside",76,17764,34,2018,"Cooler than CRP","1"
"Silverside",77,17764,34,2018,"Cooler than CRP","1"
"Silverside",78,17764,34,2018,"Cooler than CRP","1"
"Silverside",78,17764,34,2018,"Cooler than CRP","1"
"Silverside",79,17764,34,2018,"Cooler than CRP","1"
"Silverside",80,17764,34,2018,"Cooler than CRP","1"
"Silverside",80,17764,34,2018,"Cooler than CRP","1"
"Silverside",80,17764,34,2018,"Cooler than CRP","1"
"Silverside",81,17764,34,2018,"Cooler than CRP","1"
"Silverside",81,17764,34,2018,"Cooler than CRP","1"
"Silverside",81,17764,34,2018,"Cooler than CRP","1"
"Silverside",82,17764,34,2018,"Cooler than CRP","1"
"Silverside",82,17764,34,2018,"Cooler than CRP","1"
"Silverside",82,17764,34,2018,"Cooler than CRP","1"
"Silverside",82,17764,34,2018,"Cooler than CRP","1"
"Silverside",83,17764,34,2018,"Cooler than CRP","1"
"Silverside",83,17764,34,2018,"Cooler than CRP","1"
"Silverside",83,17764,34,2018,"Cooler than CRP","1"
"Silverside",84,17764,34,2018,"Cooler than CRP","1"
"Silverside",84,17764,34,2018,"Cooler than CRP","1"
"Silverside",84,17764,34,2018,"Cooler than CRP","1"
"Silverside",87,17764,34,2018,"Cooler than CRP","1"
"Silverside",88,17764,34,2018,"Cooler than CRP","1"
"Silverside",90,17764,34,2018,"Cooler than CRP","1"
"Silverside",55,17781,36,2018,"Cooler than CRP","1"
"Silverside",55,17781,36,2018,"Cooler than CRP","1"
"Silverside",55,17781,36,2018,"Cooler than CRP","1"
"Silverside",55,17781,36,2018,"Cooler than CRP","1"
"Silverside",56,17781,36,2018,"Cooler than CRP","1"
"Silverside",56,17781,36,2018,"Cooler than CRP","1"
"Silverside",56,17781,36,2018,"Cooler than CRP","1"
"Silverside",56,17781,36,2018,"Cooler than CRP","1"
"Silverside",56,17781,36,2018,"Cooler than CRP","1"
"Silverside",57,17781,36,2018,"Cooler than CRP","1"
"Silverside",57,17781,36,2018,"Cooler than CRP","1"
"Silverside",57,17781,36,2018,"Cooler than CRP","1"
"Silverside",57,17781,36,2018,"Cooler than CRP","1"
"Silverside",57,17781,36,2018,"Cooler than CRP","1"
"Silverside",57,17781,36,2018,"Cooler than CRP","1"
"Silverside",57,17781,36,2018,"Cooler than CRP","1"
"Silverside",57,17781,36,2018,"Cooler than CRP","1"
"Silverside",58,17781,36,2018,"Cooler than CRP","1"
"Silverside",58,17781,36,2018,"Cooler than CRP","1"
"Silverside",58,17781,36,2018,"Cooler than CRP","1"
"Silverside",58,17781,36,2018,"Cooler than CRP","1"
"Silverside",59,17781,36,2018,"Cooler than CRP","1"
"Silverside",59,17781,36,2018,"Cooler than CRP","1"
"Silverside",60,17781,36,2018,"Cooler than CRP","1"
"Silverside",60,17781,36,2018,"Cooler than CRP","1"
"Silverside",60,17781,36,2018,"Cooler than CRP","1"
"Silverside",60,17781,36,2018,"Cooler than CRP","1"
"Silverside",60,17781,36,2018,"Cooler than CRP","1"
"Silverside",60,17781,36,2018,"Cooler than CRP","1"
"Silverside",61,17781,36,2018,"Cooler than CRP","1"
"Silverside",61,17781,36,2018,"Cooler than CRP","1"
"Silverside",61,17781,36,2018,"Cooler than CRP","1"
"Silverside",61,17781,36,2018,"Cooler than CRP","1"
"Silverside",61,17781,36,2018,"Cooler than CRP","1"
"Silverside",61,17781,36,2018,"Cooler than CRP","1"
"Silverside",62,17781,36,2018,"Cooler than CRP","1"
"Silverside",62,17781,36,2018,"Cooler than CRP","1"
"Silverside",62,17781,36,2018,"Cooler than CRP","1"
"Silverside",62,17781,36,2018,"Cooler than CRP","1"
"Silverside",62,17781,36,2018,"Cooler than CRP","1"
"Silverside",62,17781,36,2018,"Cooler than CRP","1"
"Silverside",62,17781,36,2018,"Cooler than CRP","1"
"Silverside",62,17781,36,2018,"Cooler than CRP","1"
"Silverside",63,17781,36,2018,"Cooler than CRP","1"
"Silverside",63,17781,36,2018,"Cooler than CRP","1"
"Silverside",63,17781,36,2018,"Cooler than CRP","1"
"Silverside",63,17781,36,2018,"Cooler than CRP","1"
"Silverside",63,17781,36,2018,"Cooler than CRP","1"
"Silverside",63,17781,36,2018,"Cooler than CRP","1"
"Silverside",63,17781,36,2018,"Cooler than CRP","1"
"Silverside",64,17781,36,2018,"Cooler than CRP","1"
"Silverside",64,17781,36,2018,"Cooler than CRP","1"
"Silverside",64,17781,36,2018,"Cooler than CRP","1"
"Silverside",64,17781,36,2018,"Cooler than CRP","1"
"Silverside",64,17781,36,2018,"Cooler than CRP","1"
"Silverside",64,17781,36,2018,"Cooler than CRP","1"
"Silverside",65,17781,36,2018,"Cooler than CRP","1"
"Silverside",65,17781,36,2018,"Cooler than CRP","1"
"Silverside",65,17781,36,2018,"Cooler than CRP","1"
"Silverside",65,17781,36,2018,"Cooler than CRP","1"
"Silverside",65,17781,36,2018,"Cooler than CRP","1"
"Silverside",66,17781,36,2018,"Cooler than CRP","1"
"Silverside",66,17781,36,2018,"Cooler than CRP","1"
"Silverside",66,17781,36,2018,"Cooler than CRP","1"
"Silverside",66,17781,36,2018,"Cooler than CRP","1"
"Silverside",66,17781,36,2018,"Cooler than CRP","1"
"Silverside",66,17781,36,2018,"Cooler than CRP","1"
"Silverside",66,17781,36,2018,"Cooler than CRP","1"
"Silverside",67,17781,36,2018,"Cooler than CRP","1"
"Silverside",67,17781,36,2018,"Cooler than CRP","1"
"Silverside",67,17781,36,2018,"Cooler than CRP","1"
"Silverside",67,17781,36,2018,"Cooler than CRP","1"
"Silverside",67,17781,36,2018,"Cooler than CRP","1"
"Silverside",67,17781,36,2018,"Cooler than CRP","1"
"Silverside",68,17781,36,2018,"Cooler than CRP","1"
"Silverside",68,17781,36,2018,"Cooler than CRP","1"
"Silverside",68,17781,36,2018,"Cooler than CRP","1"
"Silverside",68,17781,36,2018,"Cooler than CRP","1"
"Silverside",68,17781,36,2018,"Cooler than CRP","1"
"Silverside",68,17781,36,2018,"Cooler than CRP","1"
"Silverside",69,17781,36,2018,"Cooler than CRP","1"
"Silverside",69,17781,36,2018,"Cooler than CRP","1"
"Silverside",70,17781,36,2018,"Cooler than CRP","1"
"Silverside",70,17781,36,2018,"Cooler than CRP","1"
"Silverside",70,17781,36,2018,"Cooler than CRP","1"
"Silverside",70,17781,36,2018,"Cooler than CRP","1"
"Silverside",70,17781,36,2018,"Cooler than CRP","1"
"Silverside",71,17781,36,2018,"Cooler than CRP","1"
"Silverside",71,17781,36,2018,"Cooler than CRP","1"
"Silverside",71,17781,36,2018,"Cooler than CRP","1"
"Silverside",71,17781,36,2018,"Cooler than CRP","1"
"Silverside",72,17781,36,2018,"Cooler than CRP","1"
"Silverside",72,17781,36,2018,"Cooler than CRP","1"
"Silverside",72,17781,36,2018,"Cooler than CRP","1"
"Silverside",72,17781,36,2018,"Cooler than CRP","1"
"Silverside",73,17781,36,2018,"Cooler than CRP","1"
"Silverside",73,17781,36,2018,"Cooler than CRP","1"
"Silverside",73,17781,36,2018,"Cooler than CRP","1"
"Silverside",73,17781,36,2018,"Cooler than CRP","1"
"Silverside",73,17781,36,2018,"Cooler than CRP","1"
"Silverside",73,17781,36,2018,"Cooler than CRP","1"
"Silverside",75,17781,36,2018,"Cooler than CRP","1"
"Silverside",75,17781,36,2018,"Cooler than CRP","1"
"Silverside",75,17781,36,2018,"Cooler than CRP","1"
"Silverside",76,17781,36,2018,"Cooler than CRP","1"
"Silverside",76,17781,36,2018,"Cooler than CRP","1"
"Silverside",76,17781,36,2018,"Cooler than CRP","1"
"Silverside",77,17781,36,2018,"Cooler than CRP","1"
"Silverside",77,17781,36,2018,"Cooler than CRP","1"
"Silverside",78,17781,36,2018,"Cooler than CRP","1"
"Silverside",79,17781,36,2018,"Cooler than CRP","1"
"Silverside",80,17781,36,2018,"Cooler than CRP","1"
"Silverside",80,17781,36,2018,"Cooler than CRP","1"
"Silverside",80,17781,36,2018,"Cooler than CRP","1"
"Silverside",80,17781,36,2018,"Cooler than CRP","1"
"Silverside",81,17781,36,2018,"Cooler than CRP","1"
"Silverside",81,17781,36,2018,"Cooler than CRP","1"
"Silverside",82,17781,36,2018,"Cooler than CRP","1"
"Silverside",83,17781,36,2018,"Cooler than CRP","1"
"Silverside",83,17781,36,2018,"Cooler than CRP","1"
"Silverside",84,17781,36,2018,"Cooler than CRP","1"
"Silverside",84,17781,36,2018,"Cooler than CRP","1"
"Silverside",84,17781,36,2018,"Cooler than CRP","1"
"Silverside",84,17781,36,2018,"Cooler than CRP","1"
"Silverside",84,17781,36,2018,"Cooler than CRP","1"
"Silverside",85,17781,36,2018,"Cooler than CRP","1"
"Silverside",85,17781,36,2018,"Cooler than CRP","1"
"Silverside",85,17781,36,2018,"Cooler than CRP","1"
"Silverside",86,17781,36,2018,"Cooler than CRP","1"
"Silverside",87,17781,36,2018,"Cooler than CRP","1"
"Silverside",87,17781,36,2018,"Cooler than CRP","1"
"Silverside",90,17781,36,2018,"Cooler than CRP","1"
"Silverside",90,17781,36,2018,"Cooler than CRP","1"
"Silverside",90,17781,36,2018,"Cooler than CRP","1"
"Silverside",91,17781,36,2018,"Cooler than CRP","1"
"Silverside",91,17781,36,2018,"Cooler than CRP","1"
"Silverside",91,17781,36,2018,"Cooler than CRP","1"
"Silverside",92,17781,36,2018,"Cooler than CRP","1"
"Silverside",92,17781,36,2018,"Cooler than CRP","1"
"Silverside",93,17781,36,2018,"Cooler than CRP","1"
"Silverside",93,17781,36,2018,"Cooler than CRP","1"
"Silverside",93,17781,36,2018,"Cooler than CRP","1"
"Silverside",94,17781,36,2018,"Cooler than CRP","1"
"Silverside",95,17781,36,2018,"Cooler than CRP","1"
"Silverside",95,17781,36,2018,"Cooler than CRP","1"
"Silverside",96,17781,36,2018,"Cooler than CRP","1"
"Silverside",97,17781,36,2018,"Cooler than CRP","1"
"Silverside",97,17781,36,2018,"Cooler than CRP","1"
"Silverside",97,17781,36,2018,"Cooler than CRP","1"
"Silverside",16,18438,26,2020,"Warmer than CRP","1"
"Silverside",43,18438,26,2020,"Warmer than CRP","1"
"Silverside",46,18438,26,2020,"Warmer than CRP","1"
"Silverside",61,18438,26,2020,"Warmer than CRP","1"
"Silverside",25,18465,30,2020,"Warmer than CRP","1"
"Silverside",25,18465,30,2020,"Warmer than CRP","1"
"Silverside",25,18465,30,2020,"Warmer than CRP","1"
"Silverside",26,18465,30,2020,"Warmer than CRP","1"
"Silverside",27,18465,30,2020,"Warmer than CRP","1"
"Silverside",28,18465,30,2020,"Warmer than CRP","1"
"Silverside",28,18465,30,2020,"Warmer than CRP","1"
"Silverside",29,18464,30,2020,"Warmer than CRP","1"
"Silverside",31,18465,30,2020,"Warmer than CRP","1"
"Silverside",31,18465,30,2020,"Warmer than CRP","1"
"Silverside",32,18465,30,2020,"Warmer than CRP","1"
"Silverside",32,18465,30,2020,"Warmer than CRP","1"
"Silverside",33,18465,30,2020,"Warmer than CRP","1"
"Silverside",34,18465,30,2020,"Warmer than CRP","1"
"Silverside",36,18464,30,2020,"Warmer than CRP","1"
"Silverside",36,18465,30,2020,"Warmer than CRP","1"
"Silverside",41,18464,30,2020,"Warmer than CRP","1"
"Silverside",42,18465,30,2020,"Warmer than CRP","1"
"Silverside",43,18464,30,2020,"Warmer than CRP","1"
"Silverside",44,18464,30,2020,"Warmer than CRP","1"
"Silverside",45,18465,30,2020,"Warmer than CRP","1"
"Silverside",46,18464,30,2020,"Warmer than CRP","1"
"Silverside",47,18464,30,2020,"Warmer than CRP","1"
"Silverside",47,18464,30,2020,"Warmer than CRP","1"
"Silverside",48,18464,30,2020,"Warmer than CRP","1"
"Silverside",49,18464,30,2020,"Warmer than CRP","1"
"Silverside",49,18464,30,2020,"Warmer than CRP","1"
"Silverside",49,18464,30,2020,"Warmer than CRP","1"
"Silverside",50,18464,30,2020,"Warmer than CRP","1"
"Silverside",50,18464,30,2020,"Warmer than CRP","1"
"Silverside",50,18464,30,2020,"Warmer than CRP","1"
"Silverside",50,18464,30,2020,"Warmer than CRP","1"
"Silverside",51,18464,30,2020,"Warmer than CRP","1"
"Silverside",51,18464,30,2020,"Warmer than CRP","1"
"Silverside",51,18464,30,2020,"Warmer than CRP","1"
"Silverside",52,18464,30,2020,"Warmer than CRP","1"
"Silverside",52,18464,30,2020,"Warmer than CRP","1"
"Silverside",52,18464,30,2020,"Warmer than CRP","1"
"Silverside",52,18464,30,2020,"Warmer than CRP","1"
"Silverside",52,18464,30,2020,"Warmer than CRP","1"
"Silverside",52,18465,30,2020,"Warmer than CRP","1"
"Silverside",53,18464,30,2020,"Warmer than CRP","1"
"Silverside",54,18464,30,2020,"Warmer than CRP","1"
"Silverside",54,18464,30,2020,"Warmer than CRP","1"
"Silverside",54,18464,30,2020,"Warmer than CRP","1"
"Silverside",54,18464,30,2020,"Warmer than CRP","1"
"Silverside",55,18464,30,2020,"Warmer than CRP","1"
"Silverside",55,18464,30,2020,"Warmer than CRP","1"
"Silverside",55,18465,30,2020,"Warmer than CRP","1"
"Silverside",55,18465,30,2020,"Warmer than CRP","1"
"Silverside",55,18465,30,2020,"Warmer than CRP","1"
"Silverside",58,18464,30,2020,"Warmer than CRP","1"
"Silverside",58,18464,30,2020,"Warmer than CRP","1"
"Silverside",59,18464,30,2020,"Warmer than CRP","1"
"Silverside",59,18465,30,2020,"Warmer than CRP","1"
"Silverside",60,18464,30,2020,"Warmer than CRP","1"
"Silverside",61,18464,30,2020,"Warmer than CRP","1"
"Silverside",62,18465,30,2020,"Warmer than CRP","1"
"Silverside",63,18465,30,2020,"Warmer than CRP","1"
"Silverside",64,18465,30,2020,"Warmer than CRP","1"
"Silverside",38,18480,32,2020,"Warmer than CRP","1"
"Silverside",42,18481,32,2020,"Warmer than CRP","1"
"Silverside",44,18480,32,2020,"Warmer than CRP","1"
"Silverside",45,18480,32,2020,"Warmer than CRP","1"
"Silverside",48,18481,32,2020,"Warmer than CRP","1"
"Silverside",48,18481,32,2020,"Warmer than CRP","1"
"Silverside",49,18481,32,2020,"Warmer than CRP","1"
"Silverside",50,18480,32,2020,"Warmer than CRP","1"
"Silverside",50,18481,32,2020,"Warmer than CRP","1"
"Silverside",50,18481,32,2020,"Warmer than CRP","1"
"Silverside",51,18480,32,2020,"Warmer than CRP","1"
"Silverside",51,18481,32,2020,"Warmer than CRP","1"
"Silverside",51,18481,32,2020,"Warmer than CRP","1"
"Silverside",52,18481,32,2020,"Warmer than CRP","1"
"Silverside",52,18481,32,2020,"Warmer than CRP","1"
"Silverside",53,18481,32,2020,"Warmer than CRP","1"
"Silverside",53,18481,32,2020,"Warmer than CRP","1"
"Silverside",54,18480,32,2020,"Warmer than CRP","1"
"Silverside",54,18480,32,2020,"Warmer than CRP","1"
"Silverside",54,18481,32,2020,"Warmer than CRP","1"
"Silverside",54,18481,32,2020,"Warmer than CRP","1"
"Silverside",56,18481,32,2020,"Warmer than CRP","1"
"Silverside",57,18480,32,2020,"Warmer than CRP","1"
"Silverside",57,18481,32,2020,"Warmer than CRP","1"
"Silverside",58,18480,32,2020,"Warmer than CRP","1"
"Silverside",58,18481,32,2020,"Warmer than CRP","1"
"Silverside",58,18481,32,2020,"Warmer than CRP","1"
"Silverside",59,18480,32,2020,"Warmer than CRP","1"
"Silverside",59,18481,32,2020,"Warmer than CRP","1"
"Silverside",60,18480,32,2020,"Warmer than CRP","1"
"Silverside",60,18481,32,2020,"Warmer than CRP","1"
"Silverside",60,18481,32,2020,"Warmer than CRP","1"
"Silverside",62,18481,32,2020,"Warmer than CRP","1"
"Silverside",64,18480,32,2020,"Warmer than CRP","1"
"Silverside",66,18481,32,2020,"Warmer than CRP","1"
"Silverside",67,18481,32,2020,"Warmer than CRP","1"
"Silverside",67,18481,32,2020,"Warmer than CRP","1"
"Silverside",68,18480,32,2020,"Warmer than CRP","1"
"Silverside",68,18481,32,2020,"Warmer than CRP","1"
"Silverside",69,18481,32,2020,"Warmer than CRP","1"
"Silverside",69,18481,32,2020,"Warmer than CRP","1"
"Silverside",71,18481,32,2020,"Warmer than CRP","1"
"Silverside",72,18480,32,2020,"Warmer than CRP","1"
"Silverside",72,18480,32,2020,"Warmer than CRP","1"
"Silverside",73,18480,32,2020,"Warmer than CRP","1"
"Silverside",73,18480,32,2020,"Warmer than CRP","1"
"Silverside",73,18480,32,2020,"Warmer than CRP","1"
"Silverside",73,18480,32,2020,"Warmer than CRP","1"
"Silverside",74,18480,32,2020,"Warmer than CRP","1"
"Silverside",74,18480,32,2020,"Warmer than CRP","1"
"Silverside",74,18480,32,2020,"Warmer than CRP","1"
"Silverside",74,18481,32,2020,"Warmer than CRP","1"
"Silverside",75,18480,32,2020,"Warmer than CRP","1"
"Silverside",75,18480,32,2020,"Warmer than CRP","1"
"Silverside",76,18481,32,2020,"Warmer than CRP","1"
"Silverside",79,18480,32,2020,"Warmer than CRP","1"
"Silverside",79,18480,32,2020,"Warmer than CRP","1"
"Silverside",79,18480,32,2020,"Warmer than CRP","1"
"Silverside",79,18480,32,2020,"Warmer than CRP","1"
"Silverside",80,18480,32,2020,"Warmer than CRP","1"
"Silverside",82,18481,32,2020,"Warmer than CRP","1"
"Silverside",83,18480,32,2020,"Warmer than CRP","1"
"Silverside",83,18480,32,2020,"Warmer than CRP","1"
"Silverside",83,18481,32,2020,"Warmer than CRP","1"
"Silverside",84,18480,32,2020,"Warmer than CRP","1"
"Silverside",84,18480,32,2020,"Warmer than CRP","1"
"Silverside",84,18481,32,2020,"Warmer than CRP","1"
"Silverside",86,18480,32,2020,"Warmer than CRP","1"
"Silverside",43,18493,34,2020,"Warmer than CRP","1"
"Silverside",43,18493,34,2020,"Warmer than CRP","1"
"Silverside",44,18493,34,2020,"Warmer than CRP","1"
"Silverside",44,18493,34,2020,"Warmer than CRP","1"
"Silverside",46,18493,34,2020,"Warmer than CRP","1"
"Silverside",46,18493,34,2020,"Warmer than CRP","1"
"Silverside",47,18493,34,2020,"Warmer than CRP","1"
"Silverside",47,18493,34,2020,"Warmer than CRP","1"
"Silverside",47,18493,34,2020,"Warmer than CRP","1"
"Silverside",47,18493,34,2020,"Warmer than CRP","1"
"Silverside",47,18493,34,2020,"Warmer than CRP","1"
"Silverside",47,18493,34,2020,"Warmer than CRP","1"
"Silverside",48,18493,34,2020,"Warmer than CRP","1"
"Silverside",48,18494,34,2020,"Warmer than CRP","1"
"Silverside",49,18493,34,2020,"Warmer than CRP","1"
"Silverside",49,18493,34,2020,"Warmer than CRP","1"
"Silverside",49,18493,34,2020,"Warmer than CRP","1"
"Silverside",49,18493,34,2020,"Warmer than CRP","1"
"Silverside",50,18493,34,2020,"Warmer than CRP","1"
"Silverside",50,18493,34,2020,"Warmer than CRP","1"
"Silverside",51,18493,34,2020,"Warmer than CRP","1"
"Silverside",52,18493,34,2020,"Warmer than CRP","1"
"Silverside",52,18493,34,2020,"Warmer than CRP","1"
"Silverside",52,18493,34,2020,"Warmer than CRP","1"
"Silverside",52,18493,34,2020,"Warmer than CRP","1"
"Silverside",52,18493,34,2020,"Warmer than CRP","1"
"Silverside",52,18493,34,2020,"Warmer than CRP","1"
"Silverside",52,18493,34,2020,"Warmer than CRP","1"
"Silverside",53,18493,34,2020,"Warmer than CRP","1"
"Silverside",53,18493,34,2020,"Warmer than CRP","1"
"Silverside",53,18493,34,2020,"Warmer than CRP","1"
"Silverside",53,18493,34,2020,"Warmer than CRP","1"
"Silverside",54,18493,34,2020,"Warmer than CRP","1"
"Silverside",54,18493,34,2020,"Warmer than CRP","1"
"Silverside",54,18493,34,2020,"Warmer than CRP","1"
"Silverside",54,18493,34,2020,"Warmer than CRP","1"
"Silverside",54,18493,34,2020,"Warmer than CRP","1"
"Silverside",54,18494,34,2020,"Warmer than CRP","1"
"Silverside",55,18493,34,2020,"Warmer than CRP","1"
"Silverside",55,18493,34,2020,"Warmer than CRP","1"
"Silverside",55,18494,34,2020,"Warmer than CRP","1"
"Silverside",55,18494,34,2020,"Warmer than CRP","1"
"Silverside",56,18493,34,2020,"Warmer than CRP","1"
"Silverside",56,18493,34,2020,"Warmer than CRP","1"
"Silverside",57,18493,34,2020,"Warmer than CRP","1"
"Silverside",57,18494,34,2020,"Warmer than CRP","1"
"Silverside",58,18493,34,2020,"Warmer than CRP","1"
"Silverside",58,18494,34,2020,"Warmer than CRP","1"
"Silverside",58,18494,34,2020,"Warmer than CRP","1"
"Silverside",59,18493,34,2020,"Warmer than CRP","1"
"Silverside",60,18493,34,2020,"Warmer than CRP","1"
"Silverside",60,18493,34,2020,"Warmer than CRP","1"
"Silverside",60,18494,34,2020,"Warmer than CRP","1"
"Silverside",61,18493,34,2020,"Warmer than CRP","1"
"Silverside",62,18493,34,2020,"Warmer than CRP","1"
"Silverside",62,18493,34,2020,"Warmer than CRP","1"
"Silverside",62,18493,34,2020,"Warmer than CRP","1"
"Silverside",62,18494,34,2020,"Warmer than CRP","1"
"Silverside",63,18493,34,2020,"Warmer than CRP","1"
"Silverside",63,18493,34,2020,"Warmer than CRP","1"
"Silverside",63,18493,34,2020,"Warmer than CRP","1"
"Silverside",64,18493,34,2020,"Warmer than CRP","1"
"Silverside",64,18493,34,2020,"Warmer than CRP","1"
"Silverside",64,18493,34,2020,"Warmer than CRP","1"
"Silverside",64,18493,34,2020,"Warmer than CRP","1"
"Silverside",64,18494,34,2020,"Warmer than CRP","1"
"Silverside",65,18493,34,2020,"Warmer than CRP","1"
"Silverside",65,18493,34,2020,"Warmer than CRP","1"
"Silverside",65,18494,34,2020,"Warmer than CRP","1"
"Silverside",66,18493,34,2020,"Warmer than CRP","1"
"Silverside",66,18494,34,2020,"Warmer than CRP","1"
"Silverside",67,18494,34,2020,"Warmer than CRP","1"
"Silverside",68,18493,34,2020,"Warmer than CRP","1"
"Silverside",68,18493,34,2020,"Warmer than CRP","1"
"Silverside",68,18494,34,2020,"Warmer than CRP","1"
"Silverside",68,18494,34,2020,"Warmer than CRP","1"
"Silverside",69,18493,34,2020,"Warmer than CRP","1"
"Silverside",69,18494,34,2020,"Warmer than CRP","1"
"Silverside",70,18493,34,2020,"Warmer than CRP","1"
"Silverside",70,18493,34,2020,"Warmer than CRP","1"
"Silverside",70,18493,34,2020,"Warmer than CRP","1"
"Silverside",70,18494,34,2020,"Warmer than CRP","1"
"Silverside",70,18494,34,2020,"Warmer than CRP","1"
"Silverside",70,18494,34,2020,"Warmer than CRP","1"
"Silverside",70,18494,34,2020,"Warmer than CRP","1"
"Silverside",70,18494,34,2020,"Warmer than CRP","1"
"Silverside",71,18494,34,2020,"Warmer than CRP","1"
"Silverside",71,18494,34,2020,"Warmer than CRP","1"
"Silverside",72,18493,34,2020,"Warmer than CRP","1"
"Silverside",72,18494,34,2020,"Warmer than CRP","1"
"Silverside",72,18494,34,2020,"Warmer than CRP","1"
"Silverside",72,18494,34,2020,"Warmer than CRP","1"
"Silverside",72,18494,34,2020,"Warmer than CRP","1"
"Silverside",73,18493,34,2020,"Warmer than CRP","1"
"Silverside",73,18493,34,2020,"Warmer than CRP","1"
"Silverside",73,18494,34,2020,"Warmer than CRP","1"
"Silverside",73,18494,34,2020,"Warmer than CRP","1"
"Silverside",73,18494,34,2020,"Warmer than CRP","1"
"Silverside",74,18494,34,2020,"Warmer than CRP","1"
"Silverside",74,18494,34,2020,"Warmer than CRP","1"
"Silverside",75,18493,34,2020,"Warmer than CRP","1"
"Silverside",75,18494,34,2020,"Warmer than CRP","1"
"Silverside",75,18494,34,2020,"Warmer than CRP","1"
"Silverside",76,18493,34,2020,"Warmer than CRP","1"
"Silverside",77,18494,34,2020,"Warmer than CRP","1"
"Silverside",77,18494,34,2020,"Warmer than CRP","1"
"Silverside",77,18494,34,2020,"Warmer than CRP","1"
"Silverside",77,18494,34,2020,"Warmer than CRP","1"
"Silverside",78,18493,34,2020,"Warmer than CRP","1"
"Silverside",78,18493,34,2020,"Warmer than CRP","1"
"Silverside",78,18494,34,2020,"Warmer than CRP","1"
"Silverside",78,18494,34,2020,"Warmer than CRP","1"
"Silverside",78,18494,34,2020,"Warmer than CRP","1"
"Silverside",78,18494,34,2020,"Warmer than CRP","1"
"Silverside",78,18494,34,2020,"Warmer than CRP","1"
"Silverside",78,18494,34,2020,"Warmer than CRP","1"
"Silverside",79,18493,34,2020,"Warmer than CRP","1"
"Silverside",79,18494,34,2020,"Warmer than CRP","1"
"Silverside",79,18494,34,2020,"Warmer than CRP","1"
"Silverside",80,18493,34,2020,"Warmer than CRP","1"
"Silverside",80,18493,34,2020,"Warmer than CRP","1"
"Silverside",80,18494,34,2020,"Warmer than CRP","1"
"Silverside",80,18494,34,2020,"Warmer than CRP","1"
"Silverside",80,18494,34,2020,"Warmer than CRP","1"
"Silverside",80,18494,34,2020,"Warmer than CRP","1"
"Silverside",82,18494,34,2020,"Warmer than CRP","1"
"Silverside",82,18494,34,2020,"Warmer than CRP","1"
"Silverside",82,18494,34,2020,"Warmer than CRP","1"
"Silverside",82,18494,34,2020,"Warmer than CRP","1"
"Silverside",82,18494,34,2020,"Warmer than CRP","1"
"Silverside",83,18493,34,2020,"Warmer than CRP","1"
"Silverside",84,18493,34,2020,"Warmer than CRP","1"
"Silverside",84,18493,34,2020,"Warmer than CRP","1"
"Silverside",84,18493,34,2020,"Warmer than CRP","1"
"Silverside",84,18493,34,2020,"Warmer than CRP","1"
"Silverside",84,18493,34,2020,"Warmer than CRP","1"
"Silverside",84,18494,34,2020,"Warmer than CRP","1"
"Silverside",84,18494,34,2020,"Warmer than CRP","1"
"Silverside",84,18494,34,2020,"Warmer than CRP","1"
"Silverside",85,18493,34,2020,"Warmer than CRP","1"
"Silverside",85,18493,34,2020,"Warmer than CRP","1"
"Silverside",85,18494,34,2020,"Warmer than CRP","1"
"Silverside",86,18493,34,2020,"Warmer than CRP","1"
"Silverside",86,18494,34,2020,"Warmer than CRP","1"
"Silverside",86,18494,34,2020,"Warmer than CRP","1"
"Silverside",86,18494,34,2020,"Warmer than CRP","1"
"Silverside",87,18494,34,2020,"Warmer than CRP","1"
"Silverside",87,18494,34,2020,"Warmer than CRP","1"
"Silverside",88,18493,34,2020,"Warmer than CRP","1"
"Silverside",88,18494,34,2020,"Warmer than CRP","1"
"Silverside",88,18494,34,2020,"Warmer than CRP","1"
"Silverside",89,18493,34,2020,"Warmer than CRP","1"
"Silverside",89,18494,34,2020,"Warmer than CRP","1"
"Silverside",90,18493,34,2020,"Warmer than CRP","1"
"Silverside",90,18493,34,2020,"Warmer than CRP","1"
"Silverside",90,18493,34,2020,"Warmer than CRP","1"
"Silverside",90,18493,34,2020,"Warmer than CRP","1"
"Silverside",90,18494,34,2020,"Warmer than CRP","1"
"Silverside",90,18494,34,2020,"Warmer than CRP","1"
"Silverside",90,18494,34,2020,"Warmer than CRP","1"
"Silverside",90,18494,34,2020,"Warmer than CRP","1"
"Silverside",91,18493,34,2020,"Warmer than CRP","1"
"Silverside",92,18493,34,2020,"Warmer than CRP","1"
"Silverside",92,18494,34,2020,"Warmer than CRP","1"
"Silverside",93,18493,34,2020,"Warmer than CRP","1"
"Silverside",93,18494,34,2020,"Warmer than CRP","1"
"Silverside",93,18494,34,2020,"Warmer than CRP","1"
"Silverside",93,18494,34,2020,"Warmer than CRP","1"
"Silverside",93,18494,34,2020,"Warmer than CRP","1"
"Silverside",94,18493,34,2020,"Warmer than CRP","1"
"Silverside",94,18493,34,2020,"Warmer than CRP","1"
"Silverside",94,18493,34,2020,"Warmer than CRP","1"
"Silverside",94,18494,34,2020,"Warmer than CRP","1"
"Silverside",94,18494,34,2020,"Warmer than CRP","1"
"Silverside",95,18493,34,2020,"Warmer than CRP","1"
"Silverside",95,18494,34,2020,"Warmer than CRP","1"
"Silverside",95,18494,34,2020,"Warmer than CRP","1"
"Silverside",95,18494,34,2020,"Warmer than CRP","1"
"Silverside",95,18494,34,2020,"Warmer than CRP","1"
"Silverside",52,18508,36,2020,"Warmer than CRP","1"
"Silverside",52,18509,36,2020,"Warmer than CRP","1"
"Silverside",53,18509,36,2020,"Warmer than CRP","1"
"Silverside",54,18508,36,2020,"Warmer than CRP","1"
"Silverside",54,18508,36,2020,"Warmer than CRP","1"
"Silverside",54,18508,36,2020,"Warmer than CRP","1"
"Silverside",54,18509,36,2020,"Warmer than CRP","1"
"Silverside",54,18509,36,2020,"Warmer than CRP","1"
"Silverside",55,18508,36,2020,"Warmer than CRP","1"
"Silverside",55,18509,36,2020,"Warmer than CRP","1"
"Silverside",56,18508,36,2020,"Warmer than CRP","1"
"Silverside",57,18509,36,2020,"Warmer than CRP","1"
"Silverside",58,18508,36,2020,"Warmer than CRP","1"
"Silverside",58,18508,36,2020,"Warmer than CRP","1"
"Silverside",58,18508,36,2020,"Warmer than CRP","1"
"Silverside",58,18509,36,2020,"Warmer than CRP","1"
"Silverside",58,18509,36,2020,"Warmer than CRP","1"
"Silverside",58,18509,36,2020,"Warmer than CRP","1"
"Silverside",59,18509,36,2020,"Warmer than CRP","1"
"Silverside",59,18509,36,2020,"Warmer than CRP","1"
"Silverside",59,18509,36,2020,"Warmer than CRP","1"
"Silverside",60,18508,36,2020,"Warmer than CRP","1"
"Silverside",60,18508,36,2020,"Warmer than CRP","1"
"Silverside",60,18508,36,2020,"Warmer than CRP","1"
"Silverside",60,18508,36,2020,"Warmer than CRP","1"
"Silverside",60,18508,36,2020,"Warmer than CRP","1"
"Silverside",60,18509,36,2020,"Warmer than CRP","1"
"Silverside",60,18509,36,2020,"Warmer than CRP","1"
"Silverside",60,18509,36,2020,"Warmer than CRP","1"
"Silverside",60,18509,36,2020,"Warmer than CRP","1"
"Silverside",61,18508,36,2020,"Warmer than CRP","1"
"Silverside",61,18508,36,2020,"Warmer than CRP","1"
"Silverside",61,18509,36,2020,"Warmer than CRP","1"
"Silverside",62,18508,36,2020,"Warmer than CRP","1"
"Silverside",62,18508,36,2020,"Warmer than CRP","1"
"Silverside",62,18509,36,2020,"Warmer than CRP","1"
"Silverside",62,18509,36,2020,"Warmer than CRP","1"
"Silverside",63,18508,36,2020,"Warmer than CRP","1"
"Silverside",63,18509,36,2020,"Warmer than CRP","1"
"Silverside",63,18509,36,2020,"Warmer than CRP","1"
"Silverside",63,18509,36,2020,"Warmer than CRP","1"
"Silverside",64,18508,36,2020,"Warmer than CRP","1"
"Silverside",64,18508,36,2020,"Warmer than CRP","1"
"Silverside",64,18508,36,2020,"Warmer than CRP","1"
"Silverside",64,18508,36,2020,"Warmer than CRP","1"
"Silverside",64,18508,36,2020,"Warmer than CRP","1"
"Silverside",65,18508,36,2020,"Warmer than CRP","1"
"Silverside",65,18508,36,2020,"Warmer than CRP","1"
"Silverside",65,18509,36,2020,"Warmer than CRP","1"
"Silverside",66,18508,36,2020,"Warmer than CRP","1"
"Silverside",66,18508,36,2020,"Warmer than CRP","1"
"Silverside",66,18508,36,2020,"Warmer than CRP","1"
"Silverside",66,18508,36,2020,"Warmer than CRP","1"
"Silverside",66,18509,36,2020,"Warmer than CRP","1"
"Silverside",66,18509,36,2020,"Warmer than CRP","1"
"Silverside",66,18509,36,2020,"Warmer than CRP","1"
"Silverside",67,18508,36,2020,"Warmer than CRP","1"
"Silverside",67,18508,36,2020,"Warmer than CRP","1"
"Silverside",67,18509,36,2020,"Warmer than CRP","1"
"Silverside",68,18508,36,2020,"Warmer than CRP","1"
"Silverside",68,18508,36,2020,"Warmer than CRP","1"
"Silverside",68,18508,36,2020,"Warmer than CRP","1"
"Silverside",68,18508,36,2020,"Warmer than CRP","1"
"Silverside",68,18508,36,2020,"Warmer than CRP","1"
"Silverside",69,18508,36,2020,"Warmer than CRP","1"
"Silverside",69,18509,36,2020,"Warmer than CRP","1"
"Silverside",69,18509,36,2020,"Warmer than CRP","1"
"Silverside",70,18508,36,2020,"Warmer than CRP","1"
"Silverside",70,18508,36,2020,"Warmer than CRP","1"
"Silverside",70,18508,36,2020,"Warmer than CRP","1"
"Silverside",70,18508,36,2020,"Warmer than CRP","1"
"Silverside",70,18508,36,2020,"Warmer than CRP","1"
"Silverside",70,18508,36,2020,"Warmer than CRP","1"
"Silverside",70,18509,36,2020,"Warmer than CRP","1"
"Silverside",70,18509,36,2020,"Warmer than CRP","1"
"Silverside",70,18509,36,2020,"Warmer than CRP","1"
"Silverside",70,18509,36,2020,"Warmer than CRP","1"
"Silverside",70,18509,36,2020,"Warmer than CRP","1"
"Silverside",70,18509,36,2020,"Warmer than CRP","1"
"Silverside",71,18508,36,2020,"Warmer than CRP","1"
"Silverside",71,18508,36,2020,"Warmer than CRP","1"
"Silverside",71,18508,36,2020,"Warmer than CRP","1"
"Silverside",71,18509,36,2020,"Warmer than CRP","1"
"Silverside",71,18509,36,2020,"Warmer than CRP","1"
"Silverside",72,18508,36,2020,"Warmer than CRP","1"
"Silverside",72,18508,36,2020,"Warmer than CRP","1"
"Silverside",73,18508,36,2020,"Warmer than CRP","1"
"Silverside",73,18508,36,2020,"Warmer than CRP","1"
"Silverside",73,18508,36,2020,"Warmer than CRP","1"
"Silverside",73,18508,36,2020,"Warmer than CRP","1"
"Silverside",73,18509,36,2020,"Warmer than CRP","1"
"Silverside",73,18509,36,2020,"Warmer than CRP","1"
"Silverside",74,18508,36,2020,"Warmer than CRP","1"
"Silverside",74,18508,36,2020,"Warmer than CRP","1"
"Silverside",74,18508,36,2020,"Warmer than CRP","1"
"Silverside",74,18508,36,2020,"Warmer than CRP","1"
"Silverside",74,18509,36,2020,"Warmer than CRP","1"
"Silverside",75,18508,36,2020,"Warmer than CRP","1"
"Silverside",76,18508,36,2020,"Warmer than CRP","1"
"Silverside",76,18509,36,2020,"Warmer than CRP","1"
"Silverside",76,18509,36,2020,"Warmer than CRP","1"
"Silverside",76,18509,36,2020,"Warmer than CRP","1"
"Silverside",76,18509,36,2020,"Warmer than CRP","1"
"Silverside",77,18508,36,2020,"Warmer than CRP","1"
"Silverside",77,18509,36,2020,"Warmer than CRP","1"
"Silverside",77,18509,36,2020,"Warmer than CRP","1"
"Silverside",78,18508,36,2020,"Warmer than CRP","1"
"Silverside",78,18508,36,2020,"Warmer than CRP","1"
"Silverside",78,18508,36,2020,"Warmer than CRP","1"
"Silverside",79,18508,36,2020,"Warmer than CRP","1"
"Silverside",79,18508,36,2020,"Warmer than CRP","1"
"Silverside",79,18508,36,2020,"Warmer than CRP","1"
"Silverside",79,18508,36,2020,"Warmer than CRP","1"
"Silverside",79,18508,36,2020,"Warmer than CRP","1"
"Silverside",79,18509,36,2020,"Warmer than CRP","1"
"Silverside",80,18508,36,2020,"Warmer than CRP","1"
"Silverside",80,18508,36,2020,"Warmer than CRP","1"
"Silverside",80,18508,36,2020,"Warmer than CRP","1"
"Silverside",80,18508,36,2020,"Warmer than CRP","1"
"Silverside",80,18509,36,2020,"Warmer than CRP","1"
"Silverside",80,18509,36,2020,"Warmer than CRP","1"
"Silverside",80,18509,36,2020,"Warmer than CRP","1"
"Silverside",80,18509,36,2020,"Warmer than CRP","1"
"Silverside",80,18509,36,2020,"Warmer than CRP","1"
"Silverside",80,18509,36,2020,"Warmer than CRP","1"
"Silverside",81,18508,36,2020,"Warmer than CRP","1"
"Silverside",81,18508,36,2020,"Warmer than CRP","1"
"Silverside",81,18508,36,2020,"Warmer than CRP","1"
"Silverside",81,18509,36,2020,"Warmer than CRP","1"
"Silverside",81,18509,36,2020,"Warmer than CRP","1"
"Silverside",82,18509,36,2020,"Warmer than CRP","1"
"Silverside",82,18509,36,2020,"Warmer than CRP","1"
"Silverside",82,18509,36,2020,"Warmer than CRP","1"
"Silverside",83,18508,36,2020,"Warmer than CRP","1"
"Silverside",83,18508,36,2020,"Warmer than CRP","1"
"Silverside",83,18509,36,2020,"Warmer than CRP","1"
"Silverside",83,18509,36,2020,"Warmer than CRP","1"
"Silverside",83,18509,36,2020,"Warmer than CRP","1"
"Silverside",83,18509,36,2020,"Warmer than CRP","1"
"Silverside",84,18508,36,2020,"Warmer than CRP","1"
"Silverside",84,18508,36,2020,"Warmer than CRP","1"
"Silverside",84,18508,36,2020,"Warmer than CRP","1"
"Silverside",84,18508,36,2020,"Warmer than CRP","1"
"Silverside",84,18508,36,2020,"Warmer than CRP","1"
"Silverside",84,18509,36,2020,"Warmer than CRP","1"
"Silverside",84,18509,36,2020,"Warmer than CRP","1"
"Silverside",84,18509,36,2020,"Warmer than CRP","1"
"Silverside",84,18509,36,2020,"Warmer than CRP","1"
"Silverside",84,18509,36,2020,"Warmer than CRP","1"
"Silverside",84,18509,36,2020,"Warmer than CRP","1"
"Silverside",85,18508,36,2020,"Warmer than CRP","1"
"Silverside",85,18508,36,2020,"Warmer than CRP","1"
"Silverside",85,18508,36,2020,"Warmer than CRP","1"
"Silverside",85,18508,36,2020,"Warmer than CRP","1"
"Silverside",85,18509,36,2020,"Warmer than CRP","1"
"Silverside",85,18509,36,2020,"Warmer than CRP","1"
"Silverside",85,18509,36,2020,"Warmer than CRP","1"
"Silverside",85,18509,36,2020,"Warmer than CRP","1"
"Silverside",85,18509,36,2020,"Warmer than CRP","1"
"Silverside",85,18509,36,2020,"Warmer than CRP","1"
"Silverside",86,18508,36,2020,"Warmer than CRP","1"
"Silverside",86,18508,36,2020,"Warmer than CRP","1"
"Silverside",86,18509,36,2020,"Warmer than CRP","1"
"Silverside",86,18509,36,2020,"Warmer than CRP","1"
"Silverside",86,18509,36,2020,"Warmer than CRP","1"
"Silverside",86,18509,36,2020,"Warmer than CRP","1"
"Silverside",87,18508,36,2020,"Warmer than CRP","1"
"Silverside",87,18509,36,2020,"Warmer than CRP","1"
"Silverside",87,18509,36,2020,"Warmer than CRP","1"
"Silverside",87,18509,36,2020,"Warmer than CRP","1"
"Silverside",88,18508,36,2020,"Warmer than CRP","1"
"Silverside",88,18508,36,2020,"Warmer than CRP","1"
"Silverside",88,18509,36,2020,"Warmer than CRP","1"
"Silverside",88,18509,36,2020,"Warmer than CRP","1"
"Silverside",88,18509,36,2020,"Warmer than CRP","1"
"Silverside",88,18509,36,2020,"Warmer than CRP","1"
"Silverside",88,18509,36,2020,"Warmer than CRP","1"
"Silverside",88,18509,36,2020,"Warmer than CRP","1"
"Silverside",89,18508,36,2020,"Warmer than CRP","1"
"Silverside",89,18508,36,2020,"Warmer than CRP","1"
"Silverside",89,18509,36,2020,"Warmer than CRP","1"
"Silverside",90,18509,36,2020,"Warmer than CRP","1"
"Silverside",90,18509,36,2020,"Warmer than CRP","1"
"Silverside",90,18509,36,2020,"Warmer than CRP","1"
"Silverside",90,18509,36,2020,"Warmer than CRP","1"
"Silverside",90,18509,36,2020,"Warmer than CRP","1"
"Silverside",90,18509,36,2020,"Warmer than CRP","1"
"Silverside",91,18508,36,2020,"Warmer than CRP","1"
"Silverside",91,18509,36,2020,"Warmer than CRP","1"
"Silverside",92,18509,36,2020,"Warmer than CRP","1"
"Silverside",92,18509,36,2020,"Warmer than CRP","1"
"Silverside",92,18509,36,2020,"Warmer than CRP","1"
"Silverside",93,18509,36,2020,"Warmer than CRP","1"
"Silverside",93,18509,36,2020,"Warmer than CRP","1"
"Silverside",93,18509,36,2020,"Warmer than CRP","1"
"Silverside",93,18509,36,2020,"Warmer than CRP","1"
"Silverside",94,18508,36,2020,"Warmer than CRP","1"
"Silverside",94,18508,36,2020,"Warmer than CRP","1"
"Silverside",94,18509,36,2020,"Warmer than CRP","1"
"Silverside",94,18509,36,2020,"Warmer than CRP","1"
"Silverside",94,18509,36,2020,"Warmer than CRP","1"
"Silverside",94,18509,36,2020,"Warmer than CRP","1"
"Silverside",94,18509,36,2020,"Warmer than CRP","1"
"Silverside",94,18509,36,2020,"Warmer than CRP","1"
"Silverside",95,18509,36,2020,"Warmer than CRP","1"
"Silverside",95,18509,36,2020,"Warmer than CRP","1"
"Silverside",95,18509,36,2020,"Warmer than CRP","1"
"Silverside",95,18509,36,2020,"Warmer than CRP","1"
"Silverside",95,18509,36,2020,"Warmer than CRP","1"
"Silverside",95,18509,36,2020,"Warmer than CRP","1"
"Silverside",96,18508,36,2020,"Warmer than CRP","1"
"Silverside",96,18508,36,2020,"Warmer than CRP","1"
"Silverside",96,18509,36,2020,"Warmer than CRP","1"
"Silverside",97,18508,36,2020,"Warmer than CRP","1"
"Silverside",97,18508,36,2020,"Warmer than CRP","1"
"Silverside",97,18509,36,2020,"Warmer than CRP","1"
"Silverside",97,18509,36,2020,"Warmer than CRP","1"
"Silverside",98,18508,36,2020,"Warmer than CRP","1"
"Silverside",98,18509,36,2020,"Warmer than CRP","1"
"Silverside",98,18509,36,2020,"Warmer than CRP","1"
"Silverside",99,18509,36,2020,"Warmer than CRP","1"
"Silverside",100,18509,36,2020,"Warmer than CRP","1"
"Silverside",100,18509,36,2020,"Warmer than CRP","1"
"Silverside",100,18509,36,2020,"Warmer than CRP","1"
"Silverside",101,18509,36,2020,"Warmer than CRP","1"
"Silverside",45,18815,27,2021,"Warmer than CRP","1"
"Silverside",45,18815,27,2021,"Warmer than CRP","1"
"Silverside",50,18815,27,2021,"Warmer than CRP","1"
"Silverside",51,18815,27,2021,"Warmer than CRP","1"
"Silverside",51,18815,27,2021,"Warmer than CRP","1"
"Silverside",53,18815,27,2021,"Warmer than CRP","1"
"Silverside",56,18815,27,2021,"Warmer than CRP","1"
"Silverside",65,18815,27,2021,"Warmer than CRP","1"
"Silverside",60,18821,28,2021,"Warmer than CRP","1"
"Silverside",40,18831,29,2021,"Warmer than CRP","1"
"Silverside",48,18831,29,2021,"Warmer than CRP","1"
"Silverside",50,18831,29,2021,"Warmer than CRP","1"
"Silverside",50,18831,29,2021,"Warmer than CRP","1"
"Silverside",50,18831,29,2021,"Warmer than CRP","1"
"Silverside",52,18831,29,2021,"Warmer than CRP","1"
"Silverside",54,18831,29,2021,"Warmer than CRP","1"
"Silverside",54,18831,29,2021,"Warmer than CRP","1"
"Silverside",54,18831,29,2021,"Warmer than CRP","1"
"Silverside",55,18831,29,2021,"Warmer than CRP","1"
"Silverside",55,18831,29,2021,"Warmer than CRP","1"
"Silverside",56,18831,29,2021,"Warmer than CRP","1"
"Silverside",56,18831,29,2021,"Warmer than CRP","1"
"Silverside",56,18831,29,2021,"Warmer than CRP","1"
"Silverside",57,18831,29,2021,"Warmer than CRP","1"
"Silverside",57,18831,29,2021,"Warmer than CRP","1"
"Silverside",58,18831,29,2021,"Warmer than CRP","1"
"Silverside",58,18831,29,2021,"Warmer than CRP","1"
"Silverside",58,18831,29,2021,"Warmer than CRP","1"
"Silverside",59,18831,29,2021,"Warmer than CRP","1"
"Silverside",60,18831,29,2021,"Warmer than CRP","1"
"Silverside",60,18831,29,2021,"Warmer than CRP","1"
"Silverside",60,18831,29,2021,"Warmer than CRP","1"
"Silverside",61,18831,29,2021,"Warmer than CRP","1"
"Silverside",61,18831,29,2021,"Warmer than CRP","1"
"Silverside",62,18831,29,2021,"Warmer than CRP","1"
"Silverside",63,18831,29,2021,"Warmer than CRP","1"
"Silverside",63,18831,29,2021,"Warmer than CRP","1"
"Silverside",63,18831,29,2021,"Warmer than CRP","1"
"Silverside",64,18831,29,2021,"Warmer than CRP","1"
"Silverside",64,18831,29,2021,"Warmer than CRP","1"
"Silverside",65,18831,29,2021,"Warmer than CRP","1"
"Silverside",65,18831,29,2021,"Warmer than CRP","1"
"Silverside",65,18831,29,2021,"Warmer than CRP","1"
"Silverside",65,18831,29,2021,"Warmer than CRP","1"
"Silverside",65,18831,29,2021,"Warmer than CRP","1"
"Silverside",70,18831,29,2021,"Warmer than CRP","1"
"Silverside",71,18831,29,2021,"Warmer than CRP","1"
"Silverside",76,18831,29,2021,"Warmer than CRP","1"
"Silverside",46,18836,30,2021,"Warmer than CRP","1"
"Silverside",63,18836,30,2021,"Warmer than CRP","1"
"Silverside",68,18836,30,2021,"Warmer than CRP","1"
"Silverside",71,18836,30,2021,"Warmer than CRP","1"
"Silverside",77,18836,30,2021,"Warmer than CRP","1"
"Silverside",49,18845,31,2021,"Warmer than CRP","1"
"Silverside",50,18845,31,2021,"Warmer than CRP","1"
"Silverside",50,18845,31,2021,"Warmer than CRP","1"
"Silverside",52,18845,31,2021,"Warmer than CRP","1"
"Silverside",52,18845,31,2021,"Warmer than CRP","1"
"Silverside",52,18845,31,2021,"Warmer than CRP","1"
"Silverside",53,18845,31,2021,"Warmer than CRP","1"
"Silverside",53,18845,31,2021,"Warmer than CRP","1"
"Silverside",53,18845,31,2021,"Warmer than CRP","1"
"Silverside",54,18845,31,2021,"Warmer than CRP","1"
"Silverside",54,18845,31,2021,"Warmer than CRP","1"
"Silverside",55,18845,31,2021,"Warmer than CRP","1"
"Silverside",55,18845,31,2021,"Warmer than CRP","1"
"Silverside",55,18845,31,2021,"Warmer than CRP","1"
"Silverside",55,18845,31,2021,"Warmer than CRP","1"
"Silverside",55,18845,31,2021,"Warmer than CRP","1"
"Silverside",56,18845,31,2021,"Warmer than CRP","1"
"Silverside",56,18845,31,2021,"Warmer than CRP","1"
"Silverside",56,18845,31,2021,"Warmer than CRP","1"
"Silverside",56,18845,31,2021,"Warmer than CRP","1"
"Silverside",56,18845,31,2021,"Warmer than CRP","1"
"Silverside",57,18845,31,2021,"Warmer than CRP","1"
"Silverside",57,18845,31,2021,"Warmer than CRP","1"
"Silverside",57,18845,31,2021,"Warmer than CRP","1"
"Silverside",57,18845,31,2021,"Warmer than CRP","1"
"Silverside",58,18845,31,2021,"Warmer than CRP","1"
"Silverside",58,18845,31,2021,"Warmer than CRP","1"
"Silverside",58,18845,31,2021,"Warmer than CRP","1"
"Silverside",58,18845,31,2021,"Warmer than CRP","1"
"Silverside",59,18845,31,2021,"Warmer than CRP","1"
"Silverside",59,18845,31,2021,"Warmer than CRP","1"
"Silverside",59,18845,31,2021,"Warmer than CRP","1"
"Silverside",59,18845,31,2021,"Warmer than CRP","1"
"Silverside",60,18845,31,2021,"Warmer than CRP","1"
"Silverside",60,18845,31,2021,"Warmer than CRP","1"
"Silverside",60,18845,31,2021,"Warmer than CRP","1"
"Silverside",61,18845,31,2021,"Warmer than CRP","1"
"Silverside",61,18845,31,2021,"Warmer than CRP","1"
"Silverside",61,18845,31,2021,"Warmer than CRP","1"
"Silverside",61,18845,31,2021,"Warmer than CRP","1"
"Silverside",61,18845,31,2021,"Warmer than CRP","1"
"Silverside",62,18845,31,2021,"Warmer than CRP","1"
"Silverside",64,18845,31,2021,"Warmer than CRP","1"
"Silverside",64,18845,31,2021,"Warmer than CRP","1"
"Silverside",65,18845,31,2021,"Warmer than CRP","1"
"Silverside",66,18845,31,2021,"Warmer than CRP","1"
"Silverside",67,18845,31,2021,"Warmer than CRP","1"
"Silverside",67,18845,31,2021,"Warmer than CRP","1"
"Silverside",68,18845,31,2021,"Warmer than CRP","1"
"Silverside",68,18845,31,2021,"Warmer than CRP","1"
"Silverside",68,18845,31,2021,"Warmer than CRP","1"
"Silverside",68,18845,31,2021,"Warmer than CRP","1"
"Silverside",68,18845,31,2021,"Warmer than CRP","1"
"Silverside",69,18845,31,2021,"Warmer than CRP","1"
"Silverside",69,18845,31,2021,"Warmer than CRP","1"
"Silverside",69,18845,31,2021,"Warmer than CRP","1"
"Silverside",70,18845,31,2021,"Warmer than CRP","1"
"Silverside",70,18845,31,2021,"Warmer than CRP","1"
"Silverside",70,18845,31,2021,"Warmer than CRP","1"
"Silverside",70,18845,31,2021,"Warmer than CRP","1"
"Silverside",72,18845,31,2021,"Warmer than CRP","1"
"Silverside",72,18845,31,2021,"Warmer than CRP","1"
"Silverside",72,18845,31,2021,"Warmer than CRP","1"
"Silverside",72,18845,31,2021,"Warmer than CRP","1"
"Silverside",74,18845,31,2021,"Warmer than CRP","1"
"Silverside",74,18845,31,2021,"Warmer than CRP","1"
"Silverside",74,18845,31,2021,"Warmer than CRP","1"
"Silverside",74,18845,31,2021,"Warmer than CRP","1"
"Silverside",75,18845,31,2021,"Warmer than CRP","1"
"Silverside",78,18845,31,2021,"Warmer than CRP","1"
"Silverside",79,18845,31,2021,"Warmer than CRP","1"
"Silverside",79,18845,31,2021,"Warmer than CRP","1"
"Silverside",79,18845,31,2021,"Warmer than CRP","1"
"Silverside",80,18845,31,2021,"Warmer than CRP","1"
"Silverside",80,18845,31,2021,"Warmer than CRP","1"
"Silverside",81,18845,31,2021,"Warmer than CRP","1"
"Silverside",81,18845,31,2021,"Warmer than CRP","1"
"Silverside",81,18845,31,2021,"Warmer than CRP","1"
"Silverside",82,18845,31,2021,"Warmer than CRP","1"
"Silverside",83,18845,31,2021,"Warmer than CRP","1"
"Silverside",84,18845,31,2021,"Warmer than CRP","1"
"Silverside",71,18850,32,2021,"Warmer than CRP","1"
"Silverside",82,18850,32,2021,"Warmer than CRP","1"
"Silverside",82,18850,32,2021,"Warmer than CRP","1"
"Silverside",83,18850,32,2021,"Warmer than CRP","1"
"Silverside",84,18850,32,2021,"Warmer than CRP","1"
"Silverside",85,18850,32,2021,"Warmer than CRP","1"
"Silverside",88,18850,32,2021,"Warmer than CRP","1"
"Silverside",92,18850,32,2021,"Warmer than CRP","1"
"Silverside",92,18850,32,2021,"Warmer than CRP","1"
"Silverside",58,18859,33,2021,"Warmer than CRP","1"
"Silverside",60,18855,33,2021,"Warmer than CRP","1"
"Silverside",61,18859,33,2021,"Warmer than CRP","1"
"Silverside",61,18859,33,2021,"Warmer than CRP","1"
"Silverside",61,18859,33,2021,"Warmer than CRP","1"
"Silverside",62,18859,33,2021,"Warmer than CRP","1"
"Silverside",62,18859,33,2021,"Warmer than CRP","1"
"Silverside",62,18859,33,2021,"Warmer than CRP","1"
"Silverside",63,18859,33,2021,"Warmer than CRP","1"
"Silverside",64,18859,33,2021,"Warmer than CRP","1"
"Silverside",65,18859,33,2021,"Warmer than CRP","1"
"Silverside",66,18859,33,2021,"Warmer than CRP","1"
"Silverside",66,18859,33,2021,"Warmer than CRP","1"
"Silverside",67,18859,33,2021,"Warmer than CRP","1"
"Silverside",68,18855,33,2021,"Warmer than CRP","1"
"Silverside",69,18859,33,2021,"Warmer than CRP","1"
"Silverside",70,18859,33,2021,"Warmer than CRP","1"
"Silverside",70,18859,33,2021,"Warmer than CRP","1"
"Silverside",70,18859,33,2021,"Warmer than CRP","1"
"Silverside",70,18859,33,2021,"Warmer than CRP","1"
"Silverside",70,18859,33,2021,"Warmer than CRP","1"
"Silverside",71,18855,33,2021,"Warmer than CRP","1"
"Silverside",71,18859,33,2021,"Warmer than CRP","1"
"Silverside",71,18859,33,2021,"Warmer than CRP","1"
"Silverside",72,18855,33,2021,"Warmer than CRP","1"
"Silverside",72,18859,33,2021,"Warmer than CRP","1"
"Silverside",72,18859,33,2021,"Warmer than CRP","1"
"Silverside",72,18859,33,2021,"Warmer than CRP","1"
"Silverside",72,18859,33,2021,"Warmer than CRP","1"
"Silverside",72,18859,33,2021,"Warmer than CRP","1"
"Silverside",73,18859,33,2021,"Warmer than CRP","1"
"Silverside",73,18859,33,2021,"Warmer than CRP","1"
"Silverside",74,18855,33,2021,"Warmer than CRP","1"
"Silverside",74,18859,33,2021,"Warmer than CRP","1"
"Silverside",74,18859,33,2021,"Warmer than CRP","1"
"Silverside",74,18859,33,2021,"Warmer than CRP","1"
"Silverside",75,18859,33,2021,"Warmer than CRP","1"
"Silverside",75,18859,33,2021,"Warmer than CRP","1"
"Silverside",75,18859,33,2021,"Warmer than CRP","1"
"Silverside",76,18855,33,2021,"Warmer than CRP","1"
"Silverside",76,18859,33,2021,"Warmer than CRP","1"
"Silverside",77,18859,33,2021,"Warmer than CRP","1"
"Silverside",77,18859,33,2021,"Warmer than CRP","1"
"Silverside",77,18859,33,2021,"Warmer than CRP","1"
"Silverside",77,18859,33,2021,"Warmer than CRP","1"
"Silverside",78,18855,33,2021,"Warmer than CRP","1"
"Silverside",78,18855,33,2021,"Warmer than CRP","1"
"Silverside",78,18859,33,2021,"Warmer than CRP","1"
"Silverside",78,18859,33,2021,"Warmer than CRP","1"
"Silverside",78,18859,33,2021,"Warmer than CRP","1"
"Silverside",79,18855,33,2021,"Warmer than CRP","1"
"Silverside",79,18855,33,2021,"Warmer than CRP","1"
"Silverside",79,18855,33,2021,"Warmer than CRP","1"
"Silverside",79,18859,33,2021,"Warmer than CRP","1"
"Silverside",79,18859,33,2021,"Warmer than CRP","1"
"Silverside",80,18855,33,2021,"Warmer than CRP","1"
"Silverside",80,18859,33,2021,"Warmer than CRP","1"
"Silverside",80,18859,33,2021,"Warmer than CRP","1"
"Silverside",80,18859,33,2021,"Warmer than CRP","1"
"Silverside",81,18855,33,2021,"Warmer than CRP","1"
"Silverside",81,18855,33,2021,"Warmer than CRP","1"
"Silverside",82,18855,33,2021,"Warmer than CRP","1"
"Silverside",82,18859,33,2021,"Warmer than CRP","1"
"Silverside",82,18859,33,2021,"Warmer than CRP","1"
"Silverside",82,18859,33,2021,"Warmer than CRP","1"
"Silverside",82,18859,33,2021,"Warmer than CRP","1"
"Silverside",82,18859,33,2021,"Warmer than CRP","1"
"Silverside",82,18859,33,2021,"Warmer than CRP","1"
"Silverside",83,18855,33,2021,"Warmer than CRP","1"
"Silverside",84,18855,33,2021,"Warmer than CRP","1"
"Silverside",84,18859,33,2021,"Warmer than CRP","1"
"Silverside",84,18859,33,2021,"Warmer than CRP","1"
"Silverside",84,18859,33,2021,"Warmer than CRP","1"
"Silverside",84,18859,33,2021,"Warmer than CRP","1"
"Silverside",84,18859,33,2021,"Warmer than CRP","1"
"Silverside",84,18859,33,2021,"Warmer than CRP","1"
"Silverside",84,18859,33,2021,"Warmer than CRP","1"
"Silverside",85,18855,33,2021,"Warmer than CRP","1"
"Silverside",85,18859,33,2021,"Warmer than CRP","1"
"Silverside",85,18859,33,2021,"Warmer than CRP","1"
"Silverside",86,18855,33,2021,"Warmer than CRP","1"
"Silverside",86,18855,33,2021,"Warmer than CRP","1"
"Silverside",86,18855,33,2021,"Warmer than CRP","1"
"Silverside",86,18859,33,2021,"Warmer than CRP","1"
"Silverside",86,18859,33,2021,"Warmer than CRP","1"
"Silverside",86,18859,33,2021,"Warmer than CRP","1"
"Silverside",87,18859,33,2021,"Warmer than CRP","1"
"Silverside",87,18859,33,2021,"Warmer than CRP","1"
"Silverside",88,18855,33,2021,"Warmer than CRP","1"
"Silverside",88,18859,33,2021,"Warmer than CRP","1"
"Silverside",88,18859,33,2021,"Warmer than CRP","1"
"Silverside",88,18859,33,2021,"Warmer than CRP","1"
"Silverside",89,18859,33,2021,"Warmer than CRP","1"
"Silverside",89,18859,33,2021,"Warmer than CRP","1"
"Silverside",89,18859,33,2021,"Warmer than CRP","1"
"Silverside",89,18859,33,2021,"Warmer than CRP","1"
"Silverside",89,18859,33,2021,"Warmer than CRP","1"
"Silverside",90,18859,33,2021,"Warmer than CRP","1"
"Silverside",90,18859,33,2021,"Warmer than CRP","1"
"Silverside",90,18859,33,2021,"Warmer than CRP","1"
"Silverside",90,18859,33,2021,"Warmer than CRP","1"
"Silverside",91,18855,33,2021,"Warmer than CRP","1"
"Silverside",91,18859,33,2021,"Warmer than CRP","1"
"Silverside",91,18859,33,2021,"Warmer than CRP","1"
"Silverside",91,18859,33,2021,"Warmer than CRP","1"
"Silverside",92,18859,33,2021,"Warmer than CRP","1"
"Silverside",92,18859,33,2021,"Warmer than CRP","1"
"Silverside",93,18859,33,2021,"Warmer than CRP","1"
"Silverside",93,18859,33,2021,"Warmer than CRP","1"
"Silverside",94,18859,33,2021,"Warmer than CRP","1"
"Silverside",94,18859,33,2021,"Warmer than CRP","1"
"Silverside",96,18859,33,2021,"Warmer than CRP","1"
"Silverside",100,18859,33,2021,"Warmer than CRP","1"
"Silverside",100,18859,33,2021,"Warmer than CRP","1"
"Silverside",74,18863,34,2021,"Warmer than CRP","1"
"Silverside",81,18863,34,2021,"Warmer than CRP","1"
"Silverside",85,18863,34,2021,"Warmer than CRP","1"
"Silverside",88,18863,34,2021,"Warmer than CRP","1"
"Silverside",93,18863,34,2021,"Warmer than CRP","1"
"Silverside",95,18863,34,2021,"Warmer than CRP","1"
"Silverside",96,18863,34,2021,"Warmer than CRP","1"
"Silverside",98,18863,34,2021,"Warmer than CRP","1"
"Silverside",105,18863,34,2021,"Warmer than CRP","1"
"Silverside",105,18863,34,2021,"Warmer than CRP","1"
"Silverside",35,19185,28,2022,"Warmer than CRP","1"
"Silverside",36,19185,28,2022,"Warmer than CRP","1"
"Silverside",40,19185,28,2022,"Warmer than CRP","1"
"Silverside",41,19185,28,2022,"Warmer than CRP","1"
"Silverside",41,19185,28,2022,"Warmer than CRP","1"
"Silverside",45,19185,28,2022,"Warmer than CRP","1"
"Silverside",45,19185,28,2022,"Warmer than CRP","1"
"Silverside",45,19185,28,2022,"Warmer than CRP","1"
"Silverside",55,19185,28,2022,"Warmer than CRP","1"
"Silverside",41,19193,29,2022,"Warmer than CRP","1"
"Silverside",43,19193,29,2022,"Warmer than CRP","1"
"Silverside",44,19193,29,2022,"Warmer than CRP","1"
"Silverside",45,19193,29,2022,"Warmer than CRP","1"
"Silverside",46,19193,29,2022,"Warmer than CRP","1"
"Silverside",47,19193,29,2022,"Warmer than CRP","1"
"Silverside",42,19198,30,2022,"Warmer than CRP","1"
"Silverside",43,19198,30,2022,"Warmer than CRP","1"
"Silverside",43,19199,30,2022,"Warmer than CRP","1"
"Silverside",43,19199,30,2022,"Warmer than CRP","1"
"Silverside",43,19199,30,2022,"Warmer than CRP","1"
"Silverside",44,19198,30,2022,"Warmer than CRP","1"
"Silverside",45,19198,30,2022,"Warmer than CRP","1"
"Silverside",45,19199,30,2022,"Warmer than CRP","1"
"Silverside",46,19198,30,2022,"Warmer than CRP","1"
"Silverside",46,19198,30,2022,"Warmer than CRP","1"
"Silverside",46,19199,30,2022,"Warmer than CRP","1"
"Silverside",46,19199,30,2022,"Warmer than CRP","1"
"Silverside",47,19198,30,2022,"Warmer than CRP","1"
"Silverside",47,19198,30,2022,"Warmer than CRP","1"
"Silverside",48,19199,30,2022,"Warmer than CRP","1"
"Silverside",48,19199,30,2022,"Warmer than CRP","1"
"Silverside",48,19199,30,2022,"Warmer than CRP","1"
"Silverside",49,19198,30,2022,"Warmer than CRP","1"
"Silverside",50,19198,30,2022,"Warmer than CRP","1"
"Silverside",50,19198,30,2022,"Warmer than CRP","1"
"Silverside",50,19198,30,2022,"Warmer than CRP","1"
"Silverside",50,19199,30,2022,"Warmer than CRP","1"
"Silverside",50,19199,30,2022,"Warmer than CRP","1"
"Silverside",50,19199,30,2022,"Warmer than CRP","1"
"Silverside",50,19199,30,2022,"Warmer than CRP","1"
"Silverside",51,19198,30,2022,"Warmer than CRP","1"
"Silverside",51,19198,30,2022,"Warmer than CRP","1"
"Silverside",51,19198,30,2022,"Warmer than CRP","1"
"Silverside",51,19199,30,2022,"Warmer than CRP","1"
"Silverside",52,19198,30,2022,"Warmer than CRP","1"
"Silverside",52,19198,30,2022,"Warmer than CRP","1"
"Silverside",53,19198,30,2022,"Warmer than CRP","1"
"Silverside",53,19198,30,2022,"Warmer than CRP","1"
"Silverside",53,19198,30,2022,"Warmer than CRP","1"
"Silverside",53,19198,30,2022,"Warmer than CRP","1"
"Silverside",53,19199,30,2022,"Warmer than CRP","1"
"Silverside",53,19199,30,2022,"Warmer than CRP","1"
"Silverside",53,19199,30,2022,"Warmer than CRP","1"
"Silverside",54,19198,30,2022,"Warmer than CRP","1"
"Silverside",54,19198,30,2022,"Warmer than CRP","1"
"Silverside",54,19199,30,2022,"Warmer than CRP","1"
"Silverside",54,19199,30,2022,"Warmer than CRP","1"
"Silverside",55,19198,30,2022,"Warmer than CRP","1"
"Silverside",55,19199,30,2022,"Warmer than CRP","1"
"Silverside",56,19199,30,2022,"Warmer than CRP","1"
"Silverside",57,19198,30,2022,"Warmer than CRP","1"
"Silverside",57,19199,30,2022,"Warmer than CRP","1"
"Silverside",58,19199,30,2022,"Warmer than CRP","1"
"Silverside",59,19199,30,2022,"Warmer than CRP","1"
"Silverside",59,19199,30,2022,"Warmer than CRP","1"
"Silverside",59,19199,30,2022,"Warmer than CRP","1"
"Silverside",59,19199,30,2022,"Warmer than CRP","1"
"Silverside",60,19198,30,2022,"Warmer than CRP","1"
"Silverside",60,19199,30,2022,"Warmer than CRP","1"
"Silverside",60,19199,30,2022,"Warmer than CRP","1"
"Silverside",61,19199,30,2022,"Warmer than CRP","1"
"Silverside",62,19199,30,2022,"Warmer than CRP","1"
"Silverside",62,19199,30,2022,"Warmer than CRP","1"
"Silverside",64,19199,30,2022,"Warmer than CRP","1"
"Silverside",64,19199,30,2022,"Warmer than CRP","1"
"Silverside",65,19199,30,2022,"Warmer than CRP","1"
"Silverside",66,19199,30,2022,"Warmer than CRP","1"
"Silverside",72,19199,30,2022,"Warmer than CRP","1"
"Silverside",74,19199,30,2022,"Warmer than CRP","1"
"Silverside",49,19208,31,2022,"Warmer than CRP","1"
"Silverside",50,19207,31,2022,"Warmer than CRP","1"
"Silverside",50,19208,31,2022,"Warmer than CRP","1"
"Silverside",50,19208,31,2022,"Warmer than CRP","1"
"Silverside",51,19207,31,2022,"Warmer than CRP","1"
"Silverside",51,19208,31,2022,"Warmer than CRP","1"
"Silverside",51,19208,31,2022,"Warmer than CRP","1"
"Silverside",52,19208,31,2022,"Warmer than CRP","1"
"Silverside",52,19208,31,2022,"Warmer than CRP","1"
"Silverside",52,19208,31,2022,"Warmer than CRP","1"
"Silverside",54,19207,31,2022,"Warmer than CRP","1"
"Silverside",54,19207,31,2022,"Warmer than CRP","1"
"Silverside",54,19208,31,2022,"Warmer than CRP","1"
"Silverside",54,19208,31,2022,"Warmer than CRP","1"
"Silverside",55,19208,31,2022,"Warmer than CRP","1"
"Silverside",56,19208,31,2022,"Warmer than CRP","1"
"Silverside",56,19208,31,2022,"Warmer than CRP","1"
"Silverside",56,19208,31,2022,"Warmer than CRP","1"
"Silverside",57,19207,31,2022,"Warmer than CRP","1"
"Silverside",59,19207,31,2022,"Warmer than CRP","1"
"Silverside",60,19208,31,2022,"Warmer than CRP","1"
"Silverside",60,19208,31,2022,"Warmer than CRP","1"
"Silverside",61,19207,31,2022,"Warmer than CRP","1"
"Silverside",62,19208,31,2022,"Warmer than CRP","1"
"Silverside",63,19207,31,2022,"Warmer than CRP","1"
"Silverside",64,19207,31,2022,"Warmer than CRP","1"
"Silverside",64,19207,31,2022,"Warmer than CRP","1"
"Silverside",64,19208,31,2022,"Warmer than CRP","1"
"Silverside",66,19208,31,2022,"Warmer than CRP","1"
"Silverside",67,19207,31,2022,"Warmer than CRP","1"
"Silverside",67,19208,31,2022,"Warmer than CRP","1"
"Silverside",68,19207,31,2022,"Warmer than CRP","1"
"Silverside",68,19208,31,2022,"Warmer than CRP","1"
"Silverside",70,19207,31,2022,"Warmer than CRP","1"
"Silverside",70,19207,31,2022,"Warmer than CRP","1"
"Silverside",70,19208,31,2022,"Warmer than CRP","1"
"Silverside",73,19207,31,2022,"Warmer than CRP","1"
"Silverside",73,19207,31,2022,"Warmer than CRP","1"
"Silverside",73,19207,31,2022,"Warmer than CRP","1"
"Silverside",74,19207,31,2022,"Warmer than CRP","1"
"Silverside",75,19207,31,2022,"Warmer than CRP","1"
"Silverside",75,19207,31,2022,"Warmer than CRP","1"
"Silverside",75,19207,31,2022,"Warmer than CRP","1"
"Silverside",76,19208,31,2022,"Warmer than CRP","1"
"Silverside",79,19207,31,2022,"Warmer than CRP","1"
"Silverside",79,19208,31,2022,"Warmer than CRP","1"
"Silverside",81,19207,31,2022,"Warmer than CRP","1"
"Silverside",82,19208,31,2022,"Warmer than CRP","1"
"Silverside",88,19207,31,2022,"Warmer than CRP","1"
"Silverside",53,19212,32,2022,"Warmer than CRP","1"
"Silverside",53,19212,32,2022,"Warmer than CRP","1"
"Silverside",53,19212,32,2022,"Warmer than CRP","1"
"Silverside",54,19212,32,2022,"Warmer than CRP","1"
"Silverside",54,19212,32,2022,"Warmer than CRP","1"
"Silverside",54,19214,32,2022,"Warmer than CRP","1"
"Silverside",55,19212,32,2022,"Warmer than CRP","1"
"Silverside",55,19212,32,2022,"Warmer than CRP","1"
"Silverside",56,19212,32,2022,"Warmer than CRP","1"
"Silverside",57,19214,32,2022,"Warmer than CRP","1"
"Silverside",58,19212,32,2022,"Warmer than CRP","1"
"Silverside",58,19212,32,2022,"Warmer than CRP","1"
"Silverside",58,19212,32,2022,"Warmer than CRP","1"
"Silverside",59,19212,32,2022,"Warmer than CRP","1"
"Silverside",59,19212,32,2022,"Warmer than CRP","1"
"Silverside",60,19212,32,2022,"Warmer than CRP","1"
"Silverside",60,19212,32,2022,"Warmer than CRP","1"
"Silverside",60,19212,32,2022,"Warmer than CRP","1"
"Silverside",60,19212,32,2022,"Warmer than CRP","1"
"Silverside",60,19212,32,2022,"Warmer than CRP","1"
"Silverside",60,19212,32,2022,"Warmer than CRP","1"
"Silverside",60,19212,32,2022,"Warmer than CRP","1"
"Silverside",60,19212,32,2022,"Warmer than CRP","1"
"Silverside",60,19212,32,2022,"Warmer than CRP","1"
"Silverside",60,19214,32,2022,"Warmer than CRP","1"
"Silverside",61,19214,32,2022,"Warmer than CRP","1"
"Silverside",61,19214,32,2022,"Warmer than CRP","1"
"Silverside",62,19212,32,2022,"Warmer than CRP","1"
"Silverside",62,19212,32,2022,"Warmer than CRP","1"
"Silverside",62,19214,32,2022,"Warmer than CRP","1"
"Silverside",62,19214,32,2022,"Warmer than CRP","1"
"Silverside",62,19214,32,2022,"Warmer than CRP","1"
"Silverside",63,19212,32,2022,"Warmer than CRP","1"
"Silverside",63,19212,32,2022,"Warmer than CRP","1"
"Silverside",63,19212,32,2022,"Warmer than CRP","1"
"Silverside",64,19212,32,2022,"Warmer than CRP","1"
"Silverside",64,19212,32,2022,"Warmer than CRP","1"
"Silverside",64,19212,32,2022,"Warmer than CRP","1"
"Silverside",64,19212,32,2022,"Warmer than CRP","1"
"Silverside",64,19214,32,2022,"Warmer than CRP","1"
"Silverside",65,19212,32,2022,"Warmer than CRP","1"
"Silverside",65,19212,32,2022,"Warmer than CRP","1"
"Silverside",65,19212,32,2022,"Warmer than CRP","1"
"Silverside",65,19212,32,2022,"Warmer than CRP","1"
"Silverside",66,19212,32,2022,"Warmer than CRP","1"
"Silverside",66,19212,32,2022,"Warmer than CRP","1"
"Silverside",67,19212,32,2022,"Warmer than CRP","1"
"Silverside",67,19212,32,2022,"Warmer than CRP","1"
"Silverside",68,19212,32,2022,"Warmer than CRP","1"
"Silverside",68,19214,32,2022,"Warmer than CRP","1"
"Silverside",69,19212,32,2022,"Warmer than CRP","1"
"Silverside",69,19212,32,2022,"Warmer than CRP","1"
"Silverside",70,19212,32,2022,"Warmer than CRP","1"
"Silverside",70,19212,32,2022,"Warmer than CRP","1"
"Silverside",70,19212,32,2022,"Warmer than CRP","1"
"Silverside",70,19212,32,2022,"Warmer than CRP","1"
"Silverside",70,19212,32,2022,"Warmer than CRP","1"
"Silverside",70,19212,32,2022,"Warmer than CRP","1"
"Silverside",70,19212,32,2022,"Warmer than CRP","1"
"Silverside",71,19212,32,2022,"Warmer than CRP","1"
"Silverside",71,19212,32,2022,"Warmer than CRP","1"
"Silverside",71,19214,32,2022,"Warmer than CRP","1"
"Silverside",71,19214,32,2022,"Warmer than CRP","1"
"Silverside",72,19212,32,2022,"Warmer than CRP","1"
"Silverside",72,19212,32,2022,"Warmer than CRP","1"
"Silverside",72,19212,32,2022,"Warmer than CRP","1"
"Silverside",72,19212,32,2022,"Warmer than CRP","1"
"Silverside",72,19212,32,2022,"Warmer than CRP","1"
"Silverside",72,19212,32,2022,"Warmer than CRP","1"
"Silverside",73,19212,32,2022,"Warmer than CRP","1"
"Silverside",73,19212,32,2022,"Warmer than CRP","1"
"Silverside",73,19212,32,2022,"Warmer than CRP","1"
"Silverside",73,19214,32,2022,"Warmer than CRP","1"
"Silverside",73,19214,32,2022,"Warmer than CRP","1"
"Silverside",74,19212,32,2022,"Warmer than CRP","1"
"Silverside",74,19212,32,2022,"Warmer than CRP","1"
"Silverside",74,19214,32,2022,"Warmer than CRP","1"
"Silverside",74,19214,32,2022,"Warmer than CRP","1"
"Silverside",75,19212,32,2022,"Warmer than CRP","1"
"Silverside",75,19212,32,2022,"Warmer than CRP","1"
"Silverside",75,19214,32,2022,"Warmer than CRP","1"
"Silverside",76,19212,32,2022,"Warmer than CRP","1"
"Silverside",76,19214,32,2022,"Warmer than CRP","1"
"Silverside",76,19214,32,2022,"Warmer than CRP","1"
"Silverside",76,19214,32,2022,"Warmer than CRP","1"
"Silverside",77,19212,32,2022,"Warmer than CRP","1"
"Silverside",77,19214,32,2022,"Warmer than CRP","1"
"Silverside",78,19212,32,2022,"Warmer than CRP","1"
"Silverside",78,19214,32,2022,"Warmer than CRP","1"
"Silverside",79,19212,32,2022,"Warmer than CRP","1"
"Silverside",79,19214,32,2022,"Warmer than CRP","1"
"Silverside",80,19212,32,2022,"Warmer than CRP","1"
"Silverside",80,19212,32,2022,"Warmer than CRP","1"
"Silverside",80,19212,32,2022,"Warmer than CRP","1"
"Silverside",80,19212,32,2022,"Warmer than CRP","1"
"Silverside",80,19214,32,2022,"Warmer than CRP","1"
"Silverside",81,19212,32,2022,"Warmer than CRP","1"
"Silverside",81,19214,32,2022,"Warmer than CRP","1"
"Silverside",82,19212,32,2022,"Warmer than CRP","1"
"Silverside",82,19212,32,2022,"Warmer than CRP","1"
"Silverside",82,19212,32,2022,"Warmer than CRP","1"
"Silverside",82,19214,32,2022,"Warmer than CRP","1"
"Silverside",83,19212,32,2022,"Warmer than CRP","1"
"Silverside",83,19212,32,2022,"Warmer than CRP","1"
"Silverside",84,19212,32,2022,"Warmer than CRP","1"
"Silverside",84,19214,32,2022,"Warmer than CRP","1"
"Silverside",84,19214,32,2022,"Warmer than CRP","1"
"Silverside",85,19212,32,2022,"Warmer than CRP","1"
"Silverside",85,19214,32,2022,"Warmer than CRP","1"
"Silverside",85,19214,32,2022,"Warmer than CRP","1"
"Silverside",87,19214,32,2022,"Warmer than CRP","1"
"Silverside",89,19214,32,2022,"Warmer than CRP","1"
"Silverside",90,19212,32,2022,"Warmer than CRP","1"
"Silverside",91,19212,32,2022,"Warmer than CRP","1"
"Silverside",93,19214,32,2022,"Warmer than CRP","1"
"Silverside",58,19223,33,2022,"Warmer than CRP","1"
"Silverside",65,19223,33,2022,"Warmer than CRP","1"
"Silverside",71,19223,33,2022,"Warmer than CRP","1"
"Silverside",75,19223,33,2022,"Warmer than CRP","1"
"Silverside",78,19223,33,2022,"Warmer than CRP","1"
"Silverside",78,19223,33,2022,"Warmer than CRP","1"
"Silverside",79,19223,33,2022,"Warmer than CRP","1"
"Silverside",79,19223,33,2022,"Warmer than CRP","1"
"Silverside",80,19219,33,2022,"Warmer than CRP","1"
"Silverside",81,19219,33,2022,"Warmer than CRP","1"
"Silverside",82,19219,33,2022,"Warmer than CRP","1"
"Silverside",83,19219,33,2022,"Warmer than CRP","1"
"Silverside",83,19223,33,2022,"Warmer than CRP","1"
"Silverside",84,19219,33,2022,"Warmer than CRP","1"
"Silverside",84,19219,33,2022,"Warmer than CRP","1"
"Silverside",84,19223,33,2022,"Warmer than CRP","1"
"Silverside",85,19219,33,2022,"Warmer than CRP","1"
"Silverside",85,19219,33,2022,"Warmer than CRP","1"
"Silverside",85,19223,33,2022,"Warmer than CRP","1"
"Silverside",86,19219,33,2022,"Warmer than CRP","1"
"Silverside",86,19223,33,2022,"Warmer than CRP","1"
"Silverside",86,19223,33,2022,"Warmer than CRP","1"
"Silverside",86,19223,33,2022,"Warmer than CRP","1"
"Silverside",87,19219,33,2022,"Warmer than CRP","1"
"Silverside",87,19219,33,2022,"Warmer than CRP","1"
"Silverside",87,19219,33,2022,"Warmer than CRP","1"
"Silverside",87,19223,33,2022,"Warmer than CRP","1"
"Silverside",87,19223,33,2022,"Warmer than CRP","1"
"Silverside",88,19219,33,2022,"Warmer than CRP","1"
"Silverside",88,19223,33,2022,"Warmer than CRP","1"
"Silverside",88,19223,33,2022,"Warmer than CRP","1"
"Silverside",88,19223,33,2022,"Warmer than CRP","1"
"Silverside",89,19219,33,2022,"Warmer than CRP","1"
"Silverside",89,19219,33,2022,"Warmer than CRP","1"
"Silverside",89,19223,33,2022,"Warmer than CRP","1"
"Silverside",89,19223,33,2022,"Warmer than CRP","1"
"Silverside",90,19219,33,2022,"Warmer than CRP","1"
"Silverside",90,19223,33,2022,"Warmer than CRP","1"
"Silverside",90,19223,33,2022,"Warmer than CRP","1"
"Silverside",90,19223,33,2022,"Warmer than CRP","1"
"Silverside",91,19223,33,2022,"Warmer than CRP","1"
"Silverside",92,19219,33,2022,"Warmer than CRP","1"
"Silverside",92,19223,33,2022,"Warmer than CRP","1"
"Silverside",92,19223,33,2022,"Warmer than CRP","1"
"Silverside",92,19223,33,2022,"Warmer than CRP","1"
"Silverside",92,19223,33,2022,"Warmer than CRP","1"
"Silverside",93,19223,33,2022,"Warmer than CRP","1"
"Silverside",94,19219,33,2022,"Warmer than CRP","1"
"Silverside",94,19223,33,2022,"Warmer than CRP","1"
"Silverside",94,19223,33,2022,"Warmer than CRP","1"
"Silverside",94,19223,33,2022,"Warmer than CRP","1"
"Silverside",95,19219,33,2022,"Warmer than CRP","1"
"Silverside",95,19223,33,2022,"Warmer than CRP","1"
"Silverside",96,19219,33,2022,"Warmer than CRP","1"
"Silverside",96,19219,33,2022,"Warmer than CRP","1"
"Silverside",96,19223,33,2022,"Warmer than CRP","1"
"Silverside",97,19223,33,2022,"Warmer than CRP","1"
"Silverside",97,19223,33,2022,"Warmer than CRP","1"
"Silverside",98,19223,33,2022,"Warmer than CRP","1"
"Silverside",99,19223,33,2022,"Warmer than CRP","1"
"Silverside",99,19223,33,2022,"Warmer than CRP","1"
"Silverside",99,19223,33,2022,"Warmer than CRP","1"
"Silverside",100,19223,33,2022,"Warmer than CRP","1"
"Silverside",60,19229,34,2022,"Warmer than CRP","1"
"Silverside",61,19229,34,2022,"Warmer than CRP","1"
"Silverside",62,19229,34,2022,"Warmer than CRP","1"
"Silverside",63,19229,34,2022,"Warmer than CRP","1"
"Silverside",64,19229,34,2022,"Warmer than CRP","1"
"Silverside",66,19229,34,2022,"Warmer than CRP","1"
"Silverside",67,19229,34,2022,"Warmer than CRP","1"
"Silverside",67,19229,34,2022,"Warmer than CRP","1"
"Silverside",73,19229,34,2022,"Warmer than CRP","1"
"Silverside",76,19229,34,2022,"Warmer than CRP","1"
"Silverside",77,19229,34,2022,"Warmer than CRP","1"
"Silverside",77,19229,34,2022,"Warmer than CRP","1"
"Silverside",77,19229,34,2022,"Warmer than CRP","1"
"Silverside",78,19229,34,2022,"Warmer than CRP","1"
"Silverside",81,19229,34,2022,"Warmer than CRP","1"
"Silverside",84,19229,34,2022,"Warmer than CRP","1"
"Silverside",85,19229,34,2022,"Warmer than CRP","1"
"Silverside",85,19229,34,2022,"Warmer than CRP","1"
"Silverside",86,19229,34,2022,"Warmer than CRP","1"
"Silverside",87,19229,34,2022,"Warmer than CRP","1"
"Silverside",87,19229,34,2022,"Warmer than CRP","1"
"Silverside",87,19229,34,2022,"Warmer than CRP","1"
"Silverside",88,19229,34,2022,"Warmer than CRP","1"
"Silverside",88,19229,34,2022,"Warmer than CRP","1"
"Silverside",90,19229,34,2022,"Warmer than CRP","1"
"Silverside",90,19229,34,2022,"Warmer than CRP","1"
"Silverside",91,19229,34,2022,"Warmer than CRP","1"
"Silverside",93,19229,34,2022,"Warmer than CRP","1"
"Silverside",93,19229,34,2022,"Warmer than CRP","1"
"Silverside",94,19229,34,2022,"Warmer than CRP","1"
"Silverside",94,19229,34,2022,"Warmer than CRP","1"
"Silverside",95,19229,34,2022,"Warmer than CRP","1"
"Silverside",95,19229,34,2022,"Warmer than CRP","1"
"Silverside",96,19229,34,2022,"Warmer than CRP","1"
"Silverside",96,19229,34,2022,"Warmer than CRP","1"
"Silverside",97,19229,34,2022,"Warmer than CRP","1"
"Silverside",97,19229,34,2022,"Warmer than CRP","1"
"Silverside",97,19229,34,2022,"Warmer than CRP","1"
"Silverside",98,19229,34,2022,"Warmer than CRP","1"
"Silverside",100,19229,34,2022,"Warmer than CRP","1"
"Silverside",101,19229,34,2022,"Warmer than CRP","1"
"Silverside",101,19229,34,2022,"Warmer than CRP","1"
"Silverside",102,19229,34,2022,"Warmer than CRP","1"
"Silverside",104,19229,34,2022,"Warmer than CRP","1"
"Silverside",106,19229,34,2022,"Warmer than CRP","1"
"Silverside",108,19229,34,2022,"Warmer than CRP","1"
"Silverside",92,19233,35,2022,"Warmer than CRP","1"
"Silverside",93,19233,35,2022,"Warmer than CRP","1"
"Silverside",93,19233,35,2022,"Warmer than CRP","1"
"Silverside",94,19233,35,2022,"Warmer than CRP","1"
"Silverside",94,19233,35,2022,"Warmer than CRP","1"
"Silverside",96,19233,35,2022,"Warmer than CRP","1"
"Silverside",99,19233,35,2022,"Warmer than CRP","1"
"Silverside",99,19233,35,2022,"Warmer than CRP","1"
"Silverside",101,19233,35,2022,"Warmer than CRP","1"
"Silverside",101,19233,35,2022,"Warmer than CRP","1"
"Silverside",102,19233,35,2022,"Warmer than CRP","1"
"Silverside",102,19233,35,2022,"Warmer than CRP","1"
"Silverside",103,19233,35,2022,"Warmer than CRP","1"
"Silverside",103,19233,35,2022,"Warmer than CRP","1"
"Silverside",104,19233,35,2022,"Warmer than CRP","1"
"Silverside",104,19233,35,2022,"Warmer than CRP","1"
"Silverside",105,19233,35,2022,"Warmer than CRP","1"
"Silverside",105,19233,35,2022,"Warmer than CRP","1"
"Silverside",106,19233,35,2022,"Warmer than CRP","1"
"Silverside",109,19233,35,2022,"Warmer than CRP","1"
"Silverside",110,19233,35,2022,"Warmer than CRP","1"
"Silverside",111,19233,35,2022,"Warmer than CRP","1"
"Silverside",111,19233,35,2022,"Warmer than CRP","1"
"Silverside",112,19233,35,2022,"Warmer than CRP","1"
"Silverside",69,19244,36,2022,"Warmer than CRP","1"
"Silverside",70,19244,36,2022,"Warmer than CRP","1"
"Silverside",72,19244,36,2022,"Warmer than CRP","1"
"Silverside",73,19244,36,2022,"Warmer than CRP","1"
"Silverside",73,19244,36,2022,"Warmer than CRP","1"
"Silverside",74,19244,36,2022,"Warmer than CRP","1"
"Silverside",74,19244,36,2022,"Warmer than CRP","1"
"Silverside",74,19244,36,2022,"Warmer than CRP","1"
"Silverside",75,19244,36,2022,"Warmer than CRP","1"
"Silverside",76,19244,36,2022,"Warmer than CRP","1"
"Silverside",76,19244,36,2022,"Warmer than CRP","1"
"Silverside",77,19244,36,2022,"Warmer than CRP","1"
"Silverside",80,19244,36,2022,"Warmer than CRP","1"
"Silverside",80,19244,36,2022,"Warmer than CRP","1"
"Silverside",80,19244,36,2022,"Warmer than CRP","1"
"Silverside",80,19244,36,2022,"Warmer than CRP","1"
"Silverside",80,19244,36,2022,"Warmer than CRP","1"
"Silverside",81,19244,36,2022,"Warmer than CRP","1"
"Silverside",83,19244,36,2022,"Warmer than CRP","1"
"Silverside",86,19244,36,2022,"Warmer than CRP","1"
"Silverside",89,19244,36,2022,"Warmer than CRP","1"
"Silverside",93,19244,36,2022,"Warmer than CRP","1"
"Silverside",94,19244,36,2022,"Warmer than CRP","1"
"Silverside",95,19244,36,2022,"Warmer than CRP","1"
"Silverside",95,19244,36,2022,"Warmer than CRP","1"
"Silverside",96,19244,36,2022,"Warmer than CRP","1"
"Silverside",96,19244,36,2022,"Warmer than CRP","1"
"Silverside",97,19244,36,2022,"Warmer than CRP","1"
"Silverside",97,19244,36,2022,"Warmer than CRP","1"
"Silverside",97,19244,36,2022,"Warmer than CRP","1"
"Silverside",99,19244,36,2022,"Warmer than CRP","1"
"Silverside",99,19244,36,2022,"Warmer than CRP","1"
"Silverside",99,19244,36,2022,"Warmer than CRP","1"
"Silverside",99,19244,36,2022,"Warmer than CRP","1"
"Silverside",100,19244,36,2022,"Warmer than CRP","1"
"Silverside",100,19244,36,2022,"Warmer than CRP","1"
"Silverside",100,19244,36,2022,"Warmer than CRP","1"
"Silverside",101,19244,36,2022,"Warmer than CRP","1"
"Silverside",102,19244,36,2022,"Warmer than CRP","1"
"Silverside",102,19244,36,2022,"Warmer than CRP","1"
"Silverside",102,19244,36,2022,"Warmer than CRP","1"
"Silverside",103,19244,36,2022,"Warmer than CRP","1"
"Silverside",103,19244,36,2022,"Warmer than CRP","1"
"Silverside",103,19244,36,2022,"Warmer than CRP","1"
"Silverside",104,19244,36,2022,"Warmer than CRP","1"
"Silverside",104,19244,36,2022,"Warmer than CRP","1"
"Silverside",104,19244,36,2022,"Warmer than CRP","1"
"Silverside",105,19244,36,2022,"Warmer than CRP","1"
"Silverside",105,19244,36,2022,"Warmer than CRP","1"
"Silverside",105,19244,36,2022,"Warmer than CRP","1"
"Silverside",106,19244,36,2022,"Warmer than CRP","1"
"Silverside",107,19244,36,2022,"Warmer than CRP","1"
"Silverside",107,19244,36,2022,"Warmer than CRP","1"
"Silverside",109,19244,36,2022,"Warmer than CRP","1"
"Silverside",109,19244,36,2022,"Warmer than CRP","1"
"Silverside",110,19244,36,2022,"Warmer than CRP","1"
"Silverside",110,19244,36,2022,"Warmer than CRP","1"
"Silverside",110,19244,36,2022,"Warmer than CRP","1"
"Silverside",110,19244,36,2022,"Warmer than CRP","1"
"Silverside",110,19244,36,2022,"Warmer than CRP","1"
"Silverside",110,19244,36,2022,"Warmer than CRP","1"
"Silverside",111,19244,36,2022,"Warmer than CRP","1"
"Silverside",117,19244,36,2022,"Warmer than CRP","1"
"Silverside",118,19244,36,2022,"Warmer than CRP","1"
"Silverside",118,19244,36,2022,"Warmer than CRP","1"
"Silverside",74,19251,37,2022,"Warmer than CRP","1"
"Silverside",82,19251,37,2022,"Warmer than CRP","1"
"Silverside",84,19251,37,2022,"Warmer than CRP","1"
"Silverside",92,19251,37,2022,"Warmer than CRP","1"
"Silverside",92,19251,37,2022,"Warmer than CRP","1"
"Silverside",93,19251,37,2022,"Warmer than CRP","1"
"Silverside",93,19251,37,2022,"Warmer than CRP","1"
"Silverside",94,19251,37,2022,"Warmer than CRP","1"
"Silverside",95,19251,37,2022,"Warmer than CRP","1"
"Silverside",95,19251,37,2022,"Warmer than CRP","1"
"Silverside",96,19251,37,2022,"Warmer than CRP","1"
"Silverside",97,19251,37,2022,"Warmer than CRP","1"
"Silverside",97,19251,37,2022,"Warmer than CRP","1"
"Silverside",97,19251,37,2022,"Warmer than CRP","1"
"Silverside",98,19251,37,2022,"Warmer than CRP","1"
"Silverside",99,19251,37,2022,"Warmer than CRP","1"
"Silverside",99,19251,37,2022,"Warmer than CRP","1"
"Silverside",103,19251,37,2022,"Warmer than CRP","1"
"Silverside",103,19251,37,2022,"Warmer than CRP","1"
"Silverside",104,19251,37,2022,"Warmer than CRP","1"
"Silverside",104,19251,37,2022,"Warmer than CRP","1"
"Silverside",104,19251,37,2022,"Warmer than CRP","1"
"Silverside",104,19251,37,2022,"Warmer than CRP","1"
"Silverside",105,19251,37,2022,"Warmer than CRP","1"
"Silverside",107,19251,37,2022,"Warmer than CRP","1"
"Silverside",107,19251,37,2022,"Warmer than CRP","1"
"Silverside",108,19251,37,2022,"Warmer than CRP","1"
"Silverside",108,19251,37,2022,"Warmer than CRP","1"
"Silverside",108,19251,37,2022,"Warmer than CRP","1"
"Silverside",109,19251,37,2022,"Warmer than CRP","1"
"Silverside",109,19251,37,2022,"Warmer than CRP","1"
"Silverside",109,19251,37,2022,"Warmer than CRP","1"
"Silverside",110,19251,37,2022,"Warmer than CRP","1"
"Silverside",110,19251,37,2022,"Warmer than CRP","1"
"Silverside",110,19251,37,2022,"Warmer than CRP","1"
"Silverside",110,19251,37,2022,"Warmer than CRP","1"
"Silverside",111,19251,37,2022,"Warmer than CRP","1"
"Silverside",112,19251,37,2022,"Warmer than CRP","1"
"Silverside",113,19251,37,2022,"Warmer than CRP","1"
"Silverside",113,19251,37,2022,"Warmer than CRP","1"
"Silverside",115,19251,37,2022,"Warmer than CRP","1"
"Silverside",115,19251,37,2022,"Warmer than CRP","1"
"Silverside",118,19251,37,2022,"Warmer than CRP","1"
"Silverside",118,19251,37,2022,"Warmer than CRP","1"
"Silverside",121,19251,37,2022,"Warmer than CRP","1"
"Silverside",83,19265,39,2022,"Warmer than CRP","1"
"Silverside",84,19265,39,2022,"Warmer than CRP","1"
"Silverside",86,19265,39,2022,"Warmer than CRP","1"
"Silverside",86,19265,39,2022,"Warmer than CRP","1"
"Silverside",86,19265,39,2022,"Warmer than CRP","1"
"Silverside",87,19265,39,2022,"Warmer than CRP","1"
"Silverside",88,19265,39,2022,"Warmer than CRP","1"
"Silverside",89,19265,39,2022,"Warmer than CRP","1"
"Silverside",89,19265,39,2022,"Warmer than CRP","1"
"Silverside",91,19265,39,2022,"Warmer than CRP","1"
"Silverside",91,19265,39,2022,"Warmer than CRP","1"
"Silverside",93,19265,39,2022,"Warmer than CRP","1"
"Silverside",93,19265,39,2022,"Warmer than CRP","1"
"Silverside",93,19265,39,2022,"Warmer than CRP","1"
"Silverside",94,19265,39,2022,"Warmer than CRP","1"
"Silverside",94,19265,39,2022,"Warmer than CRP","1"
"Silverside",94,19265,39,2022,"Warmer than CRP","1"
"Silverside",95,19265,39,2022,"Warmer than CRP","1"
"Silverside",95,19265,39,2022,"Warmer than CRP","1"
"Silverside",95,19265,39,2022,"Warmer than CRP","1"
"Silverside",96,19265,39,2022,"Warmer than CRP","1"
"Silverside",97,19265,39,2022,"Warmer than CRP","1"
"Silverside",97,19265,39,2022,"Warmer than CRP","1"
"Silverside",97,19265,39,2022,"Warmer than CRP","1"
"Silverside",98,19265,39,2022,"Warmer than CRP","1"
"Silverside",98,19265,39,2022,"Warmer than CRP","1"
"Silverside",99,19265,39,2022,"Warmer than CRP","1"
"Silverside",99,19265,39,2022,"Warmer than CRP","1"
"Silverside",99,19265,39,2022,"Warmer than CRP","1"
"Silverside",100,19265,39,2022,"Warmer than CRP","1"
"Silverside",100,19265,39,2022,"Warmer than CRP","1"
"Silverside",100,19265,39,2022,"Warmer than CRP","1"
"Silverside",100,19265,39,2022,"Warmer than CRP","1"
"Silverside",101,19265,39,2022,"Warmer than CRP","1"
"Silverside",102,19265,39,2022,"Warmer than CRP","1"
"Silverside",102,19265,39,2022,"Warmer than CRP","1"
"Silverside",102,19265,39,2022,"Warmer than CRP","1"
"Silverside",103,19265,39,2022,"Warmer than CRP","1"
"Silverside",103,19265,39,2022,"Warmer than CRP","1"
"Silverside",104,19265,39,2022,"Warmer than CRP","1"
"Silverside",104,19265,39,2022,"Warmer than CRP","1"
"Silverside",109,19265,39,2022,"Warmer than CRP","1"
"Silverside",110,19265,39,2022,"Warmer than CRP","1"
"Silverside",110,19265,39,2022,"Warmer than CRP","1"
"Silverside",111,19265,39,2022,"Warmer than CRP","1"
"Silverside",111,19265,39,2022,"Warmer than CRP","1"
"Silverside",115,19265,39,2022,"Warmer than CRP","1"
"Silverside",48,19564,30,2023,"Warmer than CRP","1"
"Silverside",48,19564,30,2023,"Warmer than CRP","1"
"Silverside",50,19564,30,2023,"Warmer than CRP","1"
"Silverside",54,19564,30,2023,"Warmer than CRP","1"
"Silverside",54,19564,30,2023,"Warmer than CRP","1"
"Silverside",54,19564,30,2023,"Warmer than CRP","1"
"Silverside",54,19564,30,2023,"Warmer than CRP","1"
"Silverside",54,19564,30,2023,"Warmer than CRP","1"
"Silverside",54,19564,30,2023,"Warmer than CRP","1"
"Silverside",55,19564,30,2023,"Warmer than CRP","1"
"Silverside",55,19564,30,2023,"Warmer than CRP","1"
"Silverside",56,19564,30,2023,"Warmer than CRP","1"
"Silverside",57,19564,30,2023,"Warmer than CRP","1"
"Silverside",57,19564,30,2023,"Warmer than CRP","1"
"Silverside",57,19564,30,2023,"Warmer than CRP","1"
"Silverside",58,19564,30,2023,"Warmer than CRP","1"
"Silverside",58,19564,30,2023,"Warmer than CRP","1"
"Silverside",58,19564,30,2023,"Warmer than CRP","1"
"Silverside",59,19564,30,2023,"Warmer than CRP","1"
"Silverside",59,19564,30,2023,"Warmer than CRP","1"
"Silverside",60,19564,30,2023,"Warmer than CRP","1"
"Silverside",60,19564,30,2023,"Warmer than CRP","1"
"Silverside",60,19564,30,2023,"Warmer than CRP","1"
"Silverside",37,19576,32,2023,"Warmer than CRP","1"
"Silverside",37,19576,32,2023,"Warmer than CRP","1"
"Silverside",41,19579,32,2023,"Warmer than CRP","1"
"Silverside",41,19579,32,2023,"Warmer than CRP","1"
"Silverside",42,19576,32,2023,"Warmer than CRP","1"
"Silverside",42,19576,32,2023,"Warmer than CRP","1"
"Silverside",44,19576,32,2023,"Warmer than CRP","1"
"Silverside",45,19579,32,2023,"Warmer than CRP","1"
"Silverside",51,19576,32,2023,"Warmer than CRP","1"
"Silverside",53,19576,32,2023,"Warmer than CRP","1"
"Silverside",53,19576,32,2023,"Warmer than CRP","1"
"Silverside",55,19576,32,2023,"Warmer than CRP","1"
"Silverside",55,19576,32,2023,"Warmer than CRP","1"
"Silverside",55,19576,32,2023,"Warmer than CRP","1"
"Silverside",56,19579,32,2023,"Warmer than CRP","1"
"Silverside",57,19576,32,2023,"Warmer than CRP","1"
"Silverside",57,19576,32,2023,"Warmer than CRP","1"
"Silverside",58,19576,32,2023,"Warmer than CRP","1"
"Silverside",58,19576,32,2023,"Warmer than CRP","1"
"Silverside",58,19579,32,2023,"Warmer than CRP","1"
"Silverside",59,19576,32,2023,"Warmer than CRP","1"
"Silverside",60,19576,32,2023,"Warmer than CRP","1"
"Silverside",60,19576,32,2023,"Warmer than CRP","1"
"Silverside",60,19576,32,2023,"Warmer than CRP","1"
"Silverside",60,19576,32,2023,"Warmer than CRP","1"
"Silverside",61,19576,32,2023,"Warmer than CRP","1"
"Silverside",61,19576,32,2023,"Warmer than CRP","1"
"Silverside",62,19576,32,2023,"Warmer than CRP","1"
"Silverside",63,19576,32,2023,"Warmer than CRP","1"
"Silverside",64,19576,32,2023,"Warmer than CRP","1"
"Silverside",64,19576,32,2023,"Warmer than CRP","1"
"Silverside",64,19580,32,2023,"Warmer than CRP","1"
"Silverside",65,19576,32,2023,"Warmer than CRP","1"
"Silverside",65,19576,32,2023,"Warmer than CRP","1"
"Silverside",65,19576,32,2023,"Warmer than CRP","1"
"Silverside",66,19576,32,2023,"Warmer than CRP","1"
"Silverside",66,19576,32,2023,"Warmer than CRP","1"
"Silverside",67,19576,32,2023,"Warmer than CRP","1"
"Silverside",67,19576,32,2023,"Warmer than CRP","1"
"Silverside",67,19576,32,2023,"Warmer than CRP","1"
"Silverside",68,19576,32,2023,"Warmer than CRP","1"
"Silverside",68,19576,32,2023,"Warmer than CRP","1"
"Silverside",69,19576,32,2023,"Warmer than CRP","1"
"Silverside",69,19576,32,2023,"Warmer than CRP","1"
"Silverside",69,19580,32,2023,"Warmer than CRP","1"
"Silverside",70,19576,32,2023,"Warmer than CRP","1"
"Silverside",70,19576,32,2023,"Warmer than CRP","1"
"Silverside",70,19576,32,2023,"Warmer than CRP","1"
"Silverside",70,19576,32,2023,"Warmer than CRP","1"
"Silverside",70,19576,32,2023,"Warmer than CRP","1"
"Silverside",70,19576,32,2023,"Warmer than CRP","1"
"Silverside",70,19579,32,2023,"Warmer than CRP","1"
"Silverside",71,19576,32,2023,"Warmer than CRP","1"
"Silverside",71,19576,32,2023,"Warmer than CRP","1"
"Silverside",71,19576,32,2023,"Warmer than CRP","1"
"Silverside",71,19576,32,2023,"Warmer than CRP","1"
"Silverside",72,19576,32,2023,"Warmer than CRP","1"
"Silverside",72,19576,32,2023,"Warmer than CRP","1"
"Silverside",72,19576,32,2023,"Warmer than CRP","1"
"Silverside",72,19580,32,2023,"Warmer than CRP","1"
"Silverside",73,19576,32,2023,"Warmer than CRP","1"
"Silverside",73,19576,32,2023,"Warmer than CRP","1"
"Silverside",73,19576,32,2023,"Warmer than CRP","1"
"Silverside",73,19576,32,2023,"Warmer than CRP","1"
"Silverside",74,19576,32,2023,"Warmer than CRP","1"
"Silverside",74,19576,32,2023,"Warmer than CRP","1"
"Silverside",74,19576,32,2023,"Warmer than CRP","1"
"Silverside",74,19576,32,2023,"Warmer than CRP","1"
"Silverside",74,19576,32,2023,"Warmer than CRP","1"
"Silverside",74,19576,32,2023,"Warmer than CRP","1"
"Silverside",74,19580,32,2023,"Warmer than CRP","1"
"Silverside",75,19576,32,2023,"Warmer than CRP","1"
"Silverside",75,19576,32,2023,"Warmer than CRP","1"
"Silverside",75,19580,32,2023,"Warmer than CRP","1"
"Silverside",75,19580,32,2023,"Warmer than CRP","1"
"Silverside",76,19576,32,2023,"Warmer than CRP","1"
"Silverside",76,19576,32,2023,"Warmer than CRP","1"
"Silverside",76,19580,32,2023,"Warmer than CRP","1"
"Silverside",77,19576,32,2023,"Warmer than CRP","1"
"Silverside",77,19580,32,2023,"Warmer than CRP","1"
"Silverside",78,19576,32,2023,"Warmer than CRP","1"
"Silverside",78,19576,32,2023,"Warmer than CRP","1"
"Silverside",79,19580,32,2023,"Warmer than CRP","1"
"Silverside",79,19580,32,2023,"Warmer than CRP","1"
"Silverside",79,19580,32,2023,"Warmer than CRP","1"
"Silverside",79,19580,32,2023,"Warmer than CRP","1"
"Silverside",80,19576,32,2023,"Warmer than CRP","1"
"Silverside",80,19576,32,2023,"Warmer than CRP","1"
"Silverside",80,19576,32,2023,"Warmer than CRP","1"
"Silverside",80,19576,32,2023,"Warmer than CRP","1"
"Silverside",81,19576,32,2023,"Warmer than CRP","1"
"Silverside",81,19576,32,2023,"Warmer than CRP","1"
"Silverside",81,19580,32,2023,"Warmer than CRP","1"
"Silverside",82,19576,32,2023,"Warmer than CRP","1"
"Silverside",82,19576,32,2023,"Warmer than CRP","1"
"Silverside",82,19580,32,2023,"Warmer than CRP","1"
"Silverside",83,19576,32,2023,"Warmer than CRP","1"
"Silverside",83,19580,32,2023,"Warmer than CRP","1"
"Silverside",83,19580,32,2023,"Warmer than CRP","1"
"Silverside",84,19576,32,2023,"Warmer than CRP","1"
"Silverside",84,19576,32,2023,"Warmer than CRP","1"
"Silverside",84,19576,32,2023,"Warmer than CRP","1"
"Silverside",85,19580,32,2023,"Warmer than CRP","1"
"Silverside",86,19576,32,2023,"Warmer than CRP","1"
"Silverside",50,19583,33,2023,"Warmer than CRP","1"
"Silverside",54,19583,33,2023,"Warmer than CRP","1"
"Silverside",54,19583,33,2023,"Warmer than CRP","1"
"Silverside",54,19586,33,2023,"Warmer than CRP","1"
"Silverside",54,19586,33,2023,"Warmer than CRP","1"
"Silverside",55,19583,33,2023,"Warmer than CRP","1"
"Silverside",55,19583,33,2023,"Warmer than CRP","1"
"Silverside",55,19583,33,2023,"Warmer than CRP","1"
"Silverside",56,19583,33,2023,"Warmer than CRP","1"
"Silverside",56,19583,33,2023,"Warmer than CRP","1"
"Silverside",56,19583,33,2023,"Warmer than CRP","1"
"Silverside",56,19583,33,2023,"Warmer than CRP","1"
"Silverside",56,19583,33,2023,"Warmer than CRP","1"
"Silverside",56,19586,33,2023,"Warmer than CRP","1"
"Silverside",57,19583,33,2023,"Warmer than CRP","1"
"Silverside",57,19583,33,2023,"Warmer than CRP","1"
"Silverside",57,19583,33,2023,"Warmer than CRP","1"
"Silverside",57,19583,33,2023,"Warmer than CRP","1"
"Silverside",57,19583,33,2023,"Warmer than CRP","1"
"Silverside",57,19583,33,2023,"Warmer than CRP","1"
"Silverside",58,19583,33,2023,"Warmer than CRP","1"
"Silverside",58,19583,33,2023,"Warmer than CRP","1"
"Silverside",58,19583,33,2023,"Warmer than CRP","1"
"Silverside",58,19583,33,2023,"Warmer than CRP","1"
"Silverside",59,19583,33,2023,"Warmer than CRP","1"
"Silverside",59,19583,33,2023,"Warmer than CRP","1"
"Silverside",59,19583,33,2023,"Warmer than CRP","1"
"Silverside",59,19586,33,2023,"Warmer than CRP","1"
"Silverside",59,19586,33,2023,"Warmer than CRP","1"
"Silverside",60,19583,33,2023,"Warmer than CRP","1"
"Silverside",60,19583,33,2023,"Warmer than CRP","1"
"Silverside",60,19583,33,2023,"Warmer than CRP","1"
"Silverside",60,19583,33,2023,"Warmer than CRP","1"
"Silverside",60,19586,33,2023,"Warmer than CRP","1"
"Silverside",60,19586,33,2023,"Warmer than CRP","1"
"Silverside",61,19583,33,2023,"Warmer than CRP","1"
"Silverside",61,19583,33,2023,"Warmer than CRP","1"
"Silverside",61,19583,33,2023,"Warmer than CRP","1"
"Silverside",61,19583,33,2023,"Warmer than CRP","1"
"Silverside",61,19583,33,2023,"Warmer than CRP","1"
"Silverside",61,19583,33,2023,"Warmer than CRP","1"
"Silverside",61,19583,33,2023,"Warmer than CRP","1"
"Silverside",61,19586,33,2023,"Warmer than CRP","1"
"Silverside",61,19586,33,2023,"Warmer than CRP","1"
"Silverside",62,19583,33,2023,"Warmer than CRP","1"
"Silverside",62,19583,33,2023,"Warmer than CRP","1"
"Silverside",62,19583,33,2023,"Warmer than CRP","1"
"Silverside",63,19583,33,2023,"Warmer than CRP","1"
"Silverside",63,19583,33,2023,"Warmer than CRP","1"
"Silverside",63,19583,33,2023,"Warmer than CRP","1"
"Silverside",64,19583,33,2023,"Warmer than CRP","1"
"Silverside",64,19583,33,2023,"Warmer than CRP","1"
"Silverside",64,19586,33,2023,"Warmer than CRP","1"
"Silverside",64,19586,33,2023,"Warmer than CRP","1"
"Silverside",65,19583,33,2023,"Warmer than CRP","1"
"Silverside",65,19586,33,2023,"Warmer than CRP","1"
"Silverside",66,19583,33,2023,"Warmer than CRP","1"
"Silverside",66,19586,33,2023,"Warmer than CRP","1"
"Silverside",67,19583,33,2023,"Warmer than CRP","1"
"Silverside",67,19583,33,2023,"Warmer than CRP","1"
"Silverside",67,19583,33,2023,"Warmer than CRP","1"
"Silverside",67,19586,33,2023,"Warmer than CRP","1"
"Silverside",68,19583,33,2023,"Warmer than CRP","1"
"Silverside",68,19586,33,2023,"Warmer than CRP","1"
"Silverside",69,19583,33,2023,"Warmer than CRP","1"
"Silverside",70,19583,33,2023,"Warmer than CRP","1"
"Silverside",70,19583,33,2023,"Warmer than CRP","1"
"Silverside",70,19586,33,2023,"Warmer than CRP","1"
"Silverside",70,19586,33,2023,"Warmer than CRP","1"
"Silverside",70,19586,33,2023,"Warmer than CRP","1"
"Silverside",70,19586,33,2023,"Warmer than CRP","1"
"Silverside",71,19583,33,2023,"Warmer than CRP","1"
"Silverside",72,19583,33,2023,"Warmer than CRP","1"
"Silverside",73,19583,33,2023,"Warmer than CRP","1"
"Silverside",73,19583,33,2023,"Warmer than CRP","1"
"Silverside",73,19583,33,2023,"Warmer than CRP","1"
"Silverside",73,19583,33,2023,"Warmer than CRP","1"
"Silverside",73,19583,33,2023,"Warmer than CRP","1"
"Silverside",73,19583,33,2023,"Warmer than CRP","1"
"Silverside",73,19586,33,2023,"Warmer than CRP","1"
"Silverside",73,19586,33,2023,"Warmer than CRP","1"
"Silverside",74,19583,33,2023,"Warmer than CRP","1"
"Silverside",74,19586,33,2023,"Warmer than CRP","1"
"Silverside",74,19586,33,2023,"Warmer than CRP","1"
"Silverside",74,19586,33,2023,"Warmer than CRP","1"
"Silverside",75,19583,33,2023,"Warmer than CRP","1"
"Silverside",75,19583,33,2023,"Warmer than CRP","1"
"Silverside",76,19583,33,2023,"Warmer than CRP","1"
"Silverside",76,19586,33,2023,"Warmer than CRP","1"
"Silverside",76,19586,33,2023,"Warmer than CRP","1"
"Silverside",76,19586,33,2023,"Warmer than CRP","1"
"Silverside",77,19583,33,2023,"Warmer than CRP","1"
"Silverside",77,19583,33,2023,"Warmer than CRP","1"
"Silverside",77,19583,33,2023,"Warmer than CRP","1"
"Silverside",78,19583,33,2023,"Warmer than CRP","1"
"Silverside",78,19583,33,2023,"Warmer than CRP","1"
"Silverside",79,19583,33,2023,"Warmer than CRP","1"
"Silverside",80,19583,33,2023,"Warmer than CRP","1"
"Silverside",80,19583,33,2023,"Warmer than CRP","1"
"Silverside",80,19583,33,2023,"Warmer than CRP","1"
"Silverside",81,19583,33,2023,"Warmer than CRP","1"
"Silverside",81,19583,33,2023,"Warmer than CRP","1"
"Silverside",82,19583,33,2023,"Warmer than CRP","1"
"Silverside",82,19583,33,2023,"Warmer than CRP","1"
"Silverside",82,19583,33,2023,"Warmer than CRP","1"
"Silverside",82,19586,33,2023,"Warmer than CRP","1"
"Silverside",82,19586,33,2023,"Warmer than CRP","1"
"Silverside",83,19583,33,2023,"Warmer than CRP","1"
"Silverside",83,19586,33,2023,"Warmer than CRP","1"
"Silverside",84,19583,33,2023,"Warmer than CRP","1"
"Silverside",84,19586,33,2023,"Warmer than CRP","1"
"Silverside",84,19586,33,2023,"Warmer than CRP","1"
"Silverside",84,19586,33,2023,"Warmer than CRP","1"
"Silverside",84,19586,33,2023,"Warmer than CRP","1"
"Silverside",84,19586,33,2023,"Warmer than CRP","1"
"Silverside",86,19583,33,2023,"Warmer than CRP","1"
"Silverside",86,19586,33,2023,"Warmer than CRP","1"
"Silverside",87,19583,33,2023,"Warmer than CRP","1"
"Silverside",87,19586,33,2023,"Warmer than CRP","1"
"Silverside",88,19583,33,2023,"Warmer than CRP","1"
"Silverside",89,19586,33,2023,"Warmer than CRP","1"
"Silverside",89,19586,33,2023,"Warmer than CRP","1"
"Silverside",91,19583,33,2023,"Warmer than CRP","1"
"Silverside",91,19586,33,2023,"Warmer than CRP","1"
"Silverside",92,19583,33,2023,"Warmer than CRP","1"
"Silverside",92,19586,33,2023,"Warmer than CRP","1"
"Silverside",93,19583,33,2023,"Warmer than CRP","1"
"Silverside",95,19586,33,2023,"Warmer than CRP","1"
"Silverside",32,19593,34,2023,"Warmer than CRP","1"
"Silverside",34,19593,34,2023,"Warmer than CRP","1"
"Silverside",36,19591,34,2023,"Warmer than CRP","1"
"Silverside",42,19591,34,2023,"Warmer than CRP","1"
"Silverside",50,19591,34,2023,"Warmer than CRP","1"
"Silverside",55,19591,34,2023,"Warmer than CRP","1"
"Silverside",56,19591,34,2023,"Warmer than CRP","1"
"Silverside",56,19593,34,2023,"Warmer than CRP","1"
"Silverside",58,19591,34,2023,"Warmer than CRP","1"
"Silverside",58,19591,34,2023,"Warmer than CRP","1"
"Silverside",58,19593,34,2023,"Warmer than CRP","1"
"Silverside",59,19591,34,2023,"Warmer than CRP","1"
"Silverside",59,19591,34,2023,"Warmer than CRP","1"
"Silverside",59,19593,34,2023,"Warmer than CRP","1"
"Silverside",60,19591,34,2023,"Warmer than CRP","1"
"Silverside",60,19591,34,2023,"Warmer than CRP","1"
"Silverside",60,19593,34,2023,"Warmer than CRP","1"
"Silverside",61,19591,34,2023,"Warmer than CRP","1"
"Silverside",61,19591,34,2023,"Warmer than CRP","1"
"Silverside",61,19593,34,2023,"Warmer than CRP","1"
"Silverside",62,19593,34,2023,"Warmer than CRP","1"
"Silverside",63,19593,34,2023,"Warmer than CRP","1"
"Silverside",63,19593,34,2023,"Warmer than CRP","1"
"Silverside",64,19591,34,2023,"Warmer than CRP","1"
"Silverside",64,19593,34,2023,"Warmer than CRP","1"
"Silverside",65,19591,34,2023,"Warmer than CRP","1"
"Silverside",65,19591,34,2023,"Warmer than CRP","1"
"Silverside",65,19591,34,2023,"Warmer than CRP","1"
"Silverside",65,19591,34,2023,"Warmer than CRP","1"
"Silverside",65,19593,34,2023,"Warmer than CRP","1"
"Silverside",65,19593,34,2023,"Warmer than CRP","1"
"Silverside",65,19593,34,2023,"Warmer than CRP","1"
"Silverside",66,19591,34,2023,"Warmer than CRP","1"
"Silverside",66,19591,34,2023,"Warmer than CRP","1"
"Silverside",66,19591,34,2023,"Warmer than CRP","1"
"Silverside",66,19591,34,2023,"Warmer than CRP","1"
"Silverside",66,19593,34,2023,"Warmer than CRP","1"
"Silverside",66,19593,34,2023,"Warmer than CRP","1"
"Silverside",67,19593,34,2023,"Warmer than CRP","1"
"Silverside",68,19591,34,2023,"Warmer than CRP","1"
"Silverside",68,19593,34,2023,"Warmer than CRP","1"
"Silverside",69,19593,34,2023,"Warmer than CRP","1"
"Silverside",69,19593,34,2023,"Warmer than CRP","1"
"Silverside",70,19591,34,2023,"Warmer than CRP","1"
"Silverside",70,19591,34,2023,"Warmer than CRP","1"
"Silverside",70,19591,34,2023,"Warmer than CRP","1"
"Silverside",70,19591,34,2023,"Warmer than CRP","1"
"Silverside",70,19593,34,2023,"Warmer than CRP","1"
"Silverside",70,19593,34,2023,"Warmer than CRP","1"
"Silverside",71,19593,34,2023,"Warmer than CRP","1"
"Silverside",71,19593,34,2023,"Warmer than CRP","1"
"Silverside",72,19591,34,2023,"Warmer than CRP","1"
"Silverside",72,19591,34,2023,"Warmer than CRP","1"
"Silverside",72,19591,34,2023,"Warmer than CRP","1"
"Silverside",72,19591,34,2023,"Warmer than CRP","1"
"Silverside",72,19593,34,2023,"Warmer than CRP","1"
"Silverside",73,19591,34,2023,"Warmer than CRP","1"
"Silverside",73,19593,34,2023,"Warmer than CRP","1"
"Silverside",73,19593,34,2023,"Warmer than CRP","1"
"Silverside",74,19591,34,2023,"Warmer than CRP","1"
"Silverside",74,19591,34,2023,"Warmer than CRP","1"
"Silverside",75,19591,34,2023,"Warmer than CRP","1"
"Silverside",76,19591,34,2023,"Warmer than CRP","1"
"Silverside",76,19591,34,2023,"Warmer than CRP","1"
"Silverside",76,19591,34,2023,"Warmer than CRP","1"
"Silverside",76,19593,34,2023,"Warmer than CRP","1"
"Silverside",77,19593,34,2023,"Warmer than CRP","1"
"Silverside",78,19591,34,2023,"Warmer than CRP","1"
"Silverside",78,19593,34,2023,"Warmer than CRP","1"
"Silverside",78,19593,34,2023,"Warmer than CRP","1"
"Silverside",79,19591,34,2023,"Warmer than CRP","1"
"Silverside",80,19591,34,2023,"Warmer than CRP","1"
"Silverside",80,19591,34,2023,"Warmer than CRP","1"
"Silverside",80,19591,34,2023,"Warmer than CRP","1"
"Silverside",80,19593,34,2023,"Warmer than CRP","1"
"Silverside",81,19591,34,2023,"Warmer than CRP","1"
"Silverside",81,19593,34,2023,"Warmer than CRP","1"
"Silverside",82,19591,34,2023,"Warmer than CRP","1"
"Silverside",83,19593,34,2023,"Warmer than CRP","1"
"Silverside",83,19593,34,2023,"Warmer than CRP","1"
"Silverside",83,19593,34,2023,"Warmer than CRP","1"
"Silverside",84,19593,34,2023,"Warmer than CRP","1"
"Silverside",84,19593,34,2023,"Warmer than CRP","1"
"Silverside",84,19593,34,2023,"Warmer than CRP","1"
"Silverside",85,19591,34,2023,"Warmer than CRP","1"
"Silverside",85,19593,34,2023,"Warmer than CRP","1"
"Silverside",86,19593,34,2023,"Warmer than CRP","1"
"Silverside",87,19593,34,2023,"Warmer than CRP","1"
"Silverside",88,19591,34,2023,"Warmer than CRP","1"
"Silverside",88,19591,34,2023,"Warmer than CRP","1"
"Silverside",88,19591,34,2023,"Warmer than CRP","1"
"Silverside",90,19591,34,2023,"Warmer than CRP","1"
"Silverside",90,19591,34,2023,"Warmer than CRP","1"
"Silverside",90,19591,34,2023,"Warmer than CRP","1"
"Silverside",90,19593,34,2023,"Warmer than CRP","1"
"Silverside",90,19593,34,2023,"Warmer than CRP","1"
"Silverside",92,19591,34,2023,"Warmer than CRP","1"
"Silverside",92,19591,34,2023,"Warmer than CRP","1"
"Silverside",92,19591,34,2023,"Warmer than CRP","1"
"Silverside",92,19591,34,2023,"Warmer than CRP","1"
"Silverside",92,19593,34,2023,"Warmer than CRP","1"
"Silverside",92,19593,34,2023,"Warmer than CRP","1"
"Silverside",92,19593,34,2023,"Warmer than CRP","1"
"Silverside",93,19591,34,2023,"Warmer than CRP","1"
"Silverside",93,19593,34,2023,"Warmer than CRP","1"
"Silverside",93,19593,34,2023,"Warmer than CRP","1"
"Silverside",94,19591,34,2023,"Warmer than CRP","1"
"Silverside",94,19591,34,2023,"Warmer than CRP","1"
"Silverside",94,19593,34,2023,"Warmer than CRP","1"
"Silverside",95,19591,34,2023,"Warmer than CRP","1"
"Silverside",95,19593,34,2023,"Warmer than CRP","1"
"Silverside",97,19591,34,2023,"Warmer than CRP","1"
"Silverside",97,19593,34,2023,"Warmer than CRP","1"
"Silverside",98,19591,34,2023,"Warmer than CRP","1"
"Silverside",98,19591,34,2023,"Warmer than CRP","1"
"Silverside",99,19591,34,2023,"Warmer than CRP","1"
"Silverside",99,19591,34,2023,"Warmer than CRP","1"
"Silverside",99,19591,34,2023,"Warmer than CRP","1"
"Silverside",99,19591,34,2023,"Warmer than CRP","1"
"Silverside",100,19591,34,2023,"Warmer than CRP","1"
"Silverside",100,19591,34,2023,"Warmer than CRP","1"
"Silverside",101,19591,34,2023,"Warmer than CRP","1"
"Silverside",104,19593,34,2023,"Warmer than CRP","1"
"Silverside",105,19591,34,2023,"Warmer than CRP","1"
"Silverside",105,19591,34,2023,"Warmer than CRP","1"
"Silverside",105,19591,34,2023,"Warmer than CRP","1"
