<?xml version="1.0" encoding="UTF-8"?>
<kml xmlns="http://www.opengis.net/kml/2.2">
  <Document>
    <name>Directions from 17 Rock Haven Dr, West Bath, ME to 2710 Pleasant Street, South Bend, IN</name>
    <Style id="icon-ci-1-nodesc-normal">
      <IconStyle>
        <scale>0.7</scale>
        <Icon>
          <href>images/icon-1.png</href>
        </Icon>
      </IconStyle>
      <LabelStyle>
        <scale>0</scale>
      </LabelStyle>
      <BalloonStyle>
        <text><![CDATA[<h3>$[name]</h3>]]></text>
      </BalloonStyle>
    </Style>
    <Style id="icon-ci-1-nodesc-highlight">
      <IconStyle>
        <scale>0.7</scale>
        <Icon>
          <href>images/icon-1.png</href>
        </Icon>
      </IconStyle>
      <LabelStyle>
        <scale>0.7</scale>
      </LabelStyle>
      <BalloonStyle>
        <text><![CDATA[<h3>$[name]</h3>]]></text>
      </BalloonStyle>
    </Style>
    <StyleMap id="icon-ci-1-nodesc">
      <Pair>
        <key>normal</key>
        <styleUrl>#icon-ci-1-nodesc-normal</styleUrl>
      </Pair>
      <Pair>
        <key>highlight</key>
        <styleUrl>#icon-ci-1-nodesc-highlight</styleUrl>
      </Pair>
    </StyleMap>
    <Style id="icon-ci-2-nodesc-normal">
      <IconStyle>
        <scale>0.7</scale>
        <Icon>
          <href>images/icon-2.png</href>
        </Icon>
      </IconStyle>
      <LabelStyle>
        <scale>0</scale>
      </LabelStyle>
      <BalloonStyle>
        <text><![CDATA[<h3>$[name]</h3>]]></text>
      </BalloonStyle>
    </Style>
    <Style id="icon-ci-2-nodesc-highlight">
      <IconStyle>
        <scale>0.7</scale>
        <Icon>
          <href>images/icon-2.png</href>
        </Icon>
      </IconStyle>
      <LabelStyle>
        <scale>0.7</scale>
      </LabelStyle>
      <BalloonStyle>
        <text><![CDATA[<h3>$[name]</h3>]]></text>
      </BalloonStyle>
    </Style>
    <StyleMap id="icon-ci-2-nodesc">
      <Pair>
        <key>normal</key>
        <styleUrl>#icon-ci-2-nodesc-normal</styleUrl>
      </Pair>
      <Pair>
        <key>highlight</key>
        <styleUrl>#icon-ci-2-nodesc-highlight</styleUrl>
      </Pair>
    </StyleMap>
    <Style id="line-1267FF-5000-nodesc-normal">
      <LineStyle>
        <color>ffff6712</color>
        <width>5</width>
      </LineStyle>
      <BalloonStyle>
        <text><![CDATA[<h3>$[name]</h3>]]></text>
      </BalloonStyle>
    </Style>
    <Style id="line-1267FF-5000-nodesc-highlight">
      <LineStyle>
        <color>ffff6712</color>
        <width>7.5</width>
      </LineStyle>
      <BalloonStyle>
        <text><![CDATA[<h3>$[name]</h3>]]></text>
      </BalloonStyle>
    </Style>
    <StyleMap id="line-1267FF-5000-nodesc">
      <Pair>
        <key>normal</key>
        <styleUrl>#line-1267FF-5000-nodesc-normal</styleUrl>
      </Pair>
      <Pair>
        <key>highlight</key>
        <styleUrl>#line-1267FF-5000-nodesc-highlight</styleUrl>
      </Pair>
    </StyleMap>
    <Placemark>
      <name>Directions from 17 Rock Haven Dr, West Bath, ME to 2710 Pleasant Street, South Bend, IN</name>
      <styleUrl>#line-1267FF-5000-nodesc</styleUrl>
      <LineString>
        <tessellate>1</tessellate>
        <coordinates>
          -69.88875,43.86838,0
          -69.88848,43.86822,0
          -69.88817,43.86821,0
          -69.88806,43.86823,0
          -69.88801,43.86839,0
          -69.88789,43.86888,0
          -69.88787,43.86901,0
          -69.88787,43.86906,0
          -69.88785,43.8692,0
          -69.88785,43.86929,0
          -69.88787,43.86942,0
          -69.88788,43.86994,0
          -69.88799,43.8706,0
          -69.88799,43.87065,0
          -69.88803,43.87091,0
          -69.88808,43.87112,0
          -69.88808,43.87113,0
          -69.88822,43.87155,0
          -69.88828,43.87178,0
          -69.88837,43.87198,0
          -69.88848,43.87228,0
          -69.88848,43.87229,0
          -69.88867,43.8728,0
          -69.88867,43.87281,0
          -69.88875,43.87301,0
          -69.88878,43.87313,0
          -69.88878,43.87316,0
          -69.88883,43.87332,0
          -69.88884,43.87342,0
          -69.88885,43.87344,0
          -69.88887,43.87361,0
          -69.88883,43.87397,0
          -69.8888,43.87406,0
          -69.88878,43.87419,0
          -69.88871,43.8744,0
          -69.8885,43.87518,0
          -69.88846,43.87528,0
          -69.88832,43.87581,0
          -69.888,43.87669,0
          -69.8879,43.87718,0
          -69.88784,43.87793,0
          -69.88783,43.87793,0
          -69.88781,43.87811,0
          -69.8877,43.87861,0
          -69.88745,43.87896,0
          -69.88734,43.87908,0
          -69.88713,43.87927,0
          -69.88658,43.87969,0
          -69.88588,43.88018,0
          -69.88587,43.88018,0
          -69.88569,43.88031,0
          -69.88568,43.88031,0
          -69.88537,43.88053,0
          -69.88534,43.88056,0
          -69.88499,43.88082,0
          -69.88488,43.88089,0
          -69.88482,43.88095,0
          -69.88456,43.88116,0
          -69.88451,43.88123,0
          -69.88448,43.88126,0
          -69.88447,43.88128,0
          -69.88434,43.88142,0
          -69.88399,43.88191,0
          -69.88399,43.88192,0
          -69.88351,43.88257,0
          -69.88341,43.88273,0
          -69.88332,43.88293,0
          -69.88327,43.88308,0
          -69.88323,43.88326,0
          -69.88309,43.88366,0
          -69.88289,43.88413,0
          -69.88285,43.88417,0
          -69.88279,43.88421,0
          -69.88203,43.88491,0
          -69.88203,43.88492,0
          -69.88151,43.88541,0
          -69.88149,43.88542,0
          -69.88135,43.88555,0
          -69.8813,43.88558,0
          -69.87941,43.8872,0
          -69.8791,43.88755,0
          -69.87837,43.8882,0
          -69.87812,43.88839,0
          -69.8781,43.88841,0
          -69.87792,43.88853,0
          -69.8779,43.88855,0
          -69.87757,43.88876,0
          -69.87755,43.88878,0
          -69.87723,43.889,0
          -69.87719,43.88902,0
          -69.87712,43.88907,0
          -69.877,43.88914,0
          -69.87696,43.88917,0
          -69.87683,43.88924,0
          -69.87673,43.88931,0
          -69.87664,43.88939,0
          -69.87662,43.8894,0
          -69.87653,43.88955,0
          -69.87652,43.88955,0
          -69.87643,43.88975,0
          -69.87629,43.88999,0
          -69.87616,43.89018,0
          -69.87584,43.8905,0
          -69.87542,43.89082,0
          -69.87535,43.89086,0
          -69.87532,43.89089,0
          -69.8753,43.8909,0
          -69.87466,43.89137,0
          -69.87456,43.89146,0
          -69.87435,43.89161,0
          -69.87432,43.89164,0
          -69.87384,43.89199,0
          -69.87359,43.8922,0
          -69.87337,43.89245,0
          -69.87322,43.89268,0
          -69.87309,43.89299,0
          -69.87291,43.89357,0
          -69.87261,43.89437,0
          -69.87241,43.89509,0
          -69.8723,43.89533,0
          -69.87213,43.89583,0
          -69.87204,43.89619,0
          -69.87202,43.89631,0
          -69.87198,43.89683,0
          -69.87185,43.89777,0
          -69.87184,43.8978,0
          -69.87178,43.89815,0
          -69.87178,43.89817,0
          -69.8717,43.89851,0
          -69.87161,43.89876,0
          -69.87144,43.8991,0
          -69.87125,43.89954,0
          -69.87111,43.89979,0
          -69.87111,43.8998,0
          -69.87095,43.90008,0
          -69.87082,43.90023,0
          -69.87038,43.90052,0
          -69.86979,43.90087,0
          -69.86954,43.90105,0
          -69.86944,43.90114,0
          -69.86934,43.90121,0
          -69.86926,43.90129,0
          -69.86924,43.9013,0
          -69.86915,43.90141,0
          -69.86902,43.90154,0
          -69.86878,43.90187,0
          -69.86822,43.90296,0
          -69.86811,43.90328,0
          -69.8681,43.90336,0
          -69.8681,43.90346,0
          -69.86809,43.90355,0
          -69.86811,43.90396,0
          -69.8681,43.90431,0
          -69.86802,43.90534,0
          -69.86798,43.90548,0
          -69.86792,43.9056,0
          -69.86769,43.90596,0
          -69.86733,43.90643,0
          -69.86716,43.90661,0
          -69.86707,43.90672,0
          -69.86702,43.90676,0
          -69.86682,43.90699,0
          -69.8668,43.90702,0
          -69.86674,43.90708,0
          -69.86659,43.9073,0
          -69.8655,43.90945,0
          -69.8641,43.9128,0
          -69.86399,43.9131,0
          -69.86361,43.91398,0
          -69.86298,43.91525,0
          -69.8628,43.91573,0
          -69.86232,43.91728,0
          -69.86232,43.91731,0
          -69.86222,43.91764,0
          -69.86221,43.91765,0
          -69.86195,43.91846,0
          -69.86195,43.91847,0
          -69.86185,43.91878,0
          -69.86151,43.91875,0
          -69.86117,43.91865,0
          -69.86083,43.91858,0
          -69.86061,43.9185,0
          -69.86037,43.91835,0
          -69.8603,43.91823,0
          -69.86026,43.91808,0
          -69.86028,43.91794,0
          -69.86031,43.91787,0
          -69.8604,43.91776,0
          -69.86043,43.91774,0
          -69.86045,43.91772,0
          -69.86056,43.91766,0
          -69.86058,43.91764,0
          -69.86063,43.91763,0
          -69.8607,43.9176,0
          -69.86075,43.91759,0
          -69.8608,43.91757,0
          -69.86082,43.91757,0
          -69.86085,43.91756,0
          -69.86089,43.91756,0
          -69.86103,43.91754,0
          -69.86113,43.91754,0
          -69.86117,43.91753,0
          -69.8613,43.91753,0
          -69.86137,43.91754,0
          -69.86142,43.91754,0
          -69.86181,43.91759,0
          -69.86195,43.91758,0
          -69.86207,43.9176,0
          -69.86433,43.91813,0
          -69.86445,43.91815,0
          -69.86458,43.91819,0
          -69.86591,43.91849,0
          -69.86592,43.9185,0
          -69.86634,43.91859,0
          -69.8664,43.91861,0
          -69.86647,43.91862,0
          -69.86846,43.91908,0
          -69.86924,43.91922,0
          -69.87035,43.91936,0
          -69.8713,43.91943,0
          -69.87144,43.91943,0
          -69.87147,43.91944,0
          -69.87163,43.91944,0
          -69.87175,43.91945,0
          -69.87264,43.91945,0
          -69.88509,43.91914,0
          -69.88628,43.91906,0
          -69.88727,43.91895,0
          -69.88879,43.91872,0
          -69.88881,43.91871,0
          -69.88953,43.91858,0
          -69.89083,43.91828,0
          -69.89215,43.9179,0
          -69.89564,43.91669,0
          -69.8957,43.91668,0
          -69.9041,43.91373,0
          -69.90419,43.91369,0
          -69.90877,43.9121,0
          -69.90878,43.9121,0
          -69.91009,43.91169,0
          -69.91011,43.91168,0
          -69.91013,43.91168,0
          -69.91024,43.91164,0
          -69.91243,43.91104,0
          -69.9125,43.91103,0
          -69.91462,43.91054,0
          -69.91464,43.91054,0
          -69.91622,43.91023,0
          -69.91625,43.91023,0
          -69.91736,43.91004,0
          -69.9195,43.90975,0
          -69.91953,43.90974,0
          -69.92005,43.90968,0
          -69.92009,43.90968,0
          -69.92444,43.9092,0
          -69.92519,43.90916,0
          -69.92607,43.90916,0
          -69.92687,43.90921,0
          -69.92743,43.90927,0
          -69.92768,43.90931,0
          -69.92771,43.90931,0
          -69.9281,43.90937,0
          -69.92827,43.90941,0
          -69.92841,43.90943,0
          -69.93074,43.90998,0
          -69.93086,43.91,0
          -69.93183,43.91024,0
          -69.932,43.91027,0
          -69.93235,43.91036,0
          -69.93242,43.91037,0
          -69.9326,43.91042,0
          -69.93293,43.91049,0
          -69.93302,43.91052,0
          -69.93424,43.91081,0
          -69.93432,43.91082,0
          -69.9353,43.91106,0
          -69.93588,43.91123,0
          -69.93682,43.91157,0
          -69.93748,43.91186,0
          -69.93784,43.91204,0
          -69.93905,43.91272,0
          -69.93906,43.91273,0
          -69.93925,43.91284,0
          -69.93926,43.91284,0
          -69.94293,43.91492,0
          -69.94297,43.91495,0
          -69.94497,43.91608,0
          -69.94511,43.91617,0
          -69.94853,43.91811,0
          -69.9495,43.91858,0
          -69.95018,43.91884,0
          -69.95087,43.91905,0
          -69.95173,43.91925,0
          -69.95233,43.91935,0
          -69.95316,43.91943,0
          -69.95354,43.91945,0
          -69.95425,43.91945,0
          -69.9549,43.91942,0
          -69.95497,43.91941,0
          -69.95503,43.91941,0
          -69.95719,43.9192,0
          -69.9573,43.91918,0
          -69.96313,43.91862,0
          -69.96361,43.91859,0
          -69.96378,43.91856,0
          -69.96508,43.91847,0
          -69.96608,43.91837,0
          -69.96612,43.91836,0
          -69.96643,43.91833,0
          -69.96939,43.91791,0
          -69.96939,43.9179,0
          -69.96944,43.9179,0
          -69.96946,43.91789,0
          -69.9695,43.91789,0
          -69.96992,43.9178,0
          -69.9704,43.91766,0
          -69.97042,43.91766,0
          -69.97072,43.91754,0
          -69.97188,43.91718,0
          -69.97209,43.91713,0
          -69.9733,43.91676,0
          -69.97347,43.91669,0
          -69.97354,43.91665,0
          -69.97361,43.91662,0
          -69.97395,43.91639,0
          -69.97444,43.916,0
          -69.97458,43.91587,0
          -69.97466,43.91578,0
          -69.97469,43.91573,0
          -69.97471,43.91572,0
          -69.97487,43.91549,0
          -69.97492,43.91543,0
          -69.97508,43.91518,0
          -69.97569,43.91407,0
          -69.97587,43.91368,0
          -69.97607,43.91318,0
          -69.97615,43.91313,0
          -69.97635,43.91303,0
          -69.97646,43.91295,0
          -69.98491,43.91248,0
          -69.98497,43.91247,0
          -69.99415,43.912,0
          -69.99538,43.91203,0
          -69.99546,43.91206,0
          -69.99555,43.91208,0
          -69.99618,43.91214,0
          -69.99673,43.91222,0
          -69.99733,43.91234,0
          -69.99871,43.91268,0
          -70.00895,43.91546,0
          -70.00995,43.91569,0
          -70.01008,43.91571,0
          -70.01019,43.91574,0
          -70.01026,43.91575,0
          -70.01351,43.91649,0
          -70.01368,43.91649,0
          -70.01432,43.91664,0
          -70.01434,43.91664,0
          -70.01646,43.9171,0
          -70.01648,43.91711,0
          -70.01692,43.9172,0
          -70.01694,43.91721,0
          -70.01719,43.91726,0
          -70.01721,43.91727,0
          -70.01813,43.91747,0
          -70.01816,43.91747,0
          -70.01835,43.91751,0
          -70.0184,43.91753,0
          -70.01849,43.91754,0
          -70.01922,43.9177,0
          -70.02,43.91783,0
          -70.02006,43.91783,0
          -70.02009,43.91784,0
          -70.02055,43.91789,0
          -70.02058,43.9179,0
          -70.0218,43.91797,0
          -70.02305,43.91794,0
          -70.02406,43.91784,0
          -70.02491,43.9177,0
          -70.02521,43.91763,0
          -70.02525,43.91763,0
          -70.02531,43.91761,0
          -70.02561,43.91755,0
          -70.02616,43.9174,0
          -70.02689,43.91716,0
          -70.02753,43.91691,0
          -70.02835,43.91653,0
          -70.02943,43.9159,0
          -70.03043,43.9152,0
          -70.03097,43.91485,0
          -70.03098,43.91484,0
          -70.03099,43.91484,0
          -70.03136,43.91462,0
          -70.03195,43.91432,0
          -70.03237,43.91413,0
          -70.03337,43.91375,0
          -70.04081,43.91125,0
          -70.04083,43.91125,0
          -70.04185,43.9109,0
          -70.04186,43.9109,0
          -70.04186,43.91089,0
          -70.04192,43.9108,0
          -70.04247,43.91062,0
          -70.04248,43.91061,0
          -70.05817,43.90557,0
          -70.05974,43.90515,0
          -70.05975,43.90515,0
          -70.07027,43.90246,0
          -70.07028,43.90245,0
          -70.0711,43.90224,0
          -70.07195,43.90197,0
          -70.07196,43.90197,0
          -70.07262,43.90171,0
          -70.07351,43.90129,0
          -70.07422,43.90089,0
          -70.07498,43.90037,0
          -70.07542,43.90002,0
          -70.07606,43.89943,0
          -70.07648,43.89896,0
          -70.07691,43.8984,0
          -70.07711,43.89809,0
          -70.07728,43.89779,0
          -70.07758,43.89717,0
          -70.07782,43.89652,0
          -70.07784,43.89643,0
          -70.07952,43.89103,0
          -70.07953,43.89098,0
          -70.07961,43.89073,0
          -70.07962,43.89072,0
          -70.08103,43.88615,0
          -70.08142,43.88499,0
          -70.0815,43.88479,0
          -70.08151,43.88475,0
          -70.08176,43.88417,0
          -70.08178,43.88414,0
          -70.08181,43.88406,0
          -70.08224,43.88323,0
          -70.08525,43.87833,0
          -70.08554,43.87795,0
          -70.08562,43.87786,0
          -70.0857,43.87775,0
          -70.08586,43.87757,0
          -70.08608,43.87735,0
          -70.08611,43.87731,0
          -70.08648,43.87696,0
          -70.08661,43.87686,0
          -70.08687,43.87663,0
          -70.08739,43.87624,0
          -70.08818,43.87574,0
          -70.08998,43.87472,0
          -70.09219,43.87357,0
          -70.09357,43.87291,0
          -70.09732,43.87125,0
          -70.09746,43.8712,0
          -70.10143,43.86943,0
          -70.10264,43.86879,0
          -70.10382,43.86808,0
          -70.10436,43.86772,0
          -70.10511,43.86718,0
          -70.10575,43.86668,0
          -70.10592,43.86653,0
          -70.10603,43.86645,0
          -70.10651,43.86603,0
          -70.1066,43.86594,0
          -70.10661,43.86594,0
          -70.10723,43.86534,0
          -70.10727,43.86531,0
          -70.10777,43.86479,0
          -70.10863,43.86376,0
          -70.109,43.86328,0
          -70.10959,43.8624,0
          -70.10999,43.86172,0
          -70.11,43.86169,0
          -70.11108,43.85955,0
          -70.11109,43.85952,0
          -70.11155,43.8586,0
          -70.11155,43.85859,0
          -70.11157,43.85856,0
          -70.1118,43.85809,0
          -70.11186,43.85799,0
          -70.1119,43.85789,0
          -70.11204,43.85761,0
          -70.11206,43.85758,0
          -70.11287,43.85593,0
          -70.11288,43.85592,0
          -70.11323,43.85521,0
          -70.11329,43.85511,0
          -70.11337,43.85492,0
          -70.1134,43.85487,0
          -70.11343,43.8548,0
          -70.11349,43.8547,0
          -70.11499,43.8517,0
          -70.11503,43.8516,0
          -70.11518,43.85131,0
          -70.11518,43.8513,0
          -70.11553,43.85069,0
          -70.11613,43.84981,0
          -70.11667,43.84914,0
          -70.11812,43.8475,0
          -70.11814,43.84747,0
          -70.11908,43.84638,0
          -70.1193,43.8461,0
          -70.11938,43.84598,0
          -70.11945,43.8459,0
          -70.12005,43.84503,0
          -70.12011,43.84492,0
          -70.12024,43.84472,0
          -70.12025,43.84469,0
          -70.12141,43.8427,0
          -70.12142,43.84269,0
          -70.12146,43.8426,0
          -70.12173,43.84221,0
          -70.12202,43.84183,0
          -70.12202,43.84182,0
          -70.12233,43.84145,0
          -70.12274,43.841,0
          -70.12465,43.83922,0
          -70.12492,43.83899,0
          -70.13018,43.83416,0
          -70.13366,43.83072,0
          -70.13371,43.83068,0
          -70.14691,43.81764,0
          -70.14789,43.81675,0
          -70.14831,43.8164,0
          -70.14833,43.81639,0
          -70.14849,43.81625,0
          -70.14917,43.81572,0
          -70.15041,43.81484,0
          -70.15185,43.81397,0
          -70.15195,43.81393,0
          -70.15221,43.81379,0
          -70.1532,43.81333,0
          -70.15398,43.81303,0
          -70.155,43.81269,0
          -70.16266,43.81051,0
          -70.16332,43.81028,0
          -70.16382,43.81007,0
          -70.16428,43.80985,0
          -70.16516,43.80933,0
          -70.16566,43.80899,0
          -70.1662,43.80855,0
          -70.16692,43.80788,0
          -70.16711,43.80768,0
          -70.16723,43.80757,0
          -70.1681,43.80665,0
          -70.17022,43.80451,0
          -70.173,43.80192,0
          -70.17472,43.80023,0
          -70.17698,43.79813,0
          -70.17776,43.79746,0
          -70.17891,43.79639,0
          -70.18003,43.79515,0
          -70.18583,43.78834,0
          -70.18624,43.78789,0
          -70.18699,43.78716,0
          -70.18743,43.78679,0
          -70.18799,43.78636,0
          -70.1885,43.78601,0
          -70.18861,43.78595,0
          -70.18882,43.78581,0
          -70.18892,43.78576,0
          -70.18948,43.78543,0
          -70.18955,43.78538,0
          -70.19156,43.78424,0
          -70.1925,43.78366,0
          -70.19324,43.78313,0
          -70.19337,43.78302,0
          -70.19343,43.78298,0
          -70.19394,43.78255,0
          -70.19404,43.78245,0
          -70.19407,43.78243,0
          -70.19455,43.78196,0
          -70.19498,43.7815,0
          -70.19541,43.78096,0
          -70.19543,43.78092,0
          -70.19552,43.78081,0
          -70.1965,43.77934,0
          -70.1966,43.77921,0
          -70.19712,43.77843,0
          -70.19722,43.77826,0
          -70.19745,43.77793,0
          -70.1975,43.77784,0
          -70.19869,43.77606,0
          -70.19872,43.77603,0
          -70.20478,43.7669,0
          -70.20492,43.76671,0
          -70.20854,43.76127,0
          -70.20857,43.76121,0
          -70.20894,43.76067,0
          -70.20899,43.76058,0
          -70.20908,43.76046,0
          -70.20917,43.76031,0
          -70.20941,43.75996,0
          -70.20943,43.75992,0
          -70.21034,43.75857,0
          -70.2104,43.75846,0
          -70.21047,43.75837,0
          -70.21106,43.75747,0
          -70.21108,43.75745,0
          -70.21153,43.75678,0
          -70.2116,43.75666,0
          -70.21162,43.75664,0
          -70.21206,43.756,0
          -70.21208,43.75598,0
          -70.21222,43.75578,0
          -70.21229,43.7557,0
          -70.21243,43.75551,0
          -70.21324,43.75457,0
          -70.21337,43.75444,0
          -70.21342,43.75438,0
          -70.21386,43.75394,0
          -70.21607,43.75186,0
          -70.21611,43.75181,0
          -70.21772,43.75023,0
          -70.21833,43.74959,0
          -70.21836,43.74957,0
          -70.21944,43.74841,0
          -70.21968,43.74813,0
          -70.21978,43.74803,0
          -70.21985,43.74794,0
          -70.22011,43.74766,0
          -70.22013,43.74763,0
          -70.22044,43.74728,0
          -70.22059,43.74709,0
          -70.22067,43.74701,0
          -70.22069,43.74698,0
          -70.22092,43.74671,0
          -70.221,43.74663,0
          -70.22108,43.74652,0
          -70.22124,43.74634,0
          -70.22125,43.74632,0
          -70.2221,43.74527,0
          -70.22213,43.74524,0
          -70.22307,43.74403,0
          -70.22312,43.74395,0
          -70.22335,43.74366,0
          -70.22357,43.74335,0
          -70.2236,43.74332,0
          -70.22379,43.74305,0
          -70.22385,43.74298,0
          -70.22393,43.74285,0
          -70.224,43.74277,0
          -70.22529,43.74088,0
          -70.22531,43.74084,0
          -70.22569,43.74027,0
          -70.22653,43.73892,0
          -70.22658,43.73882,0
          -70.22666,43.7387,0
          -70.227,43.73811,0
          -70.22707,43.73801,0
          -70.2277,43.73694,0
          -70.22771,43.73691,0
          -70.22778,43.73679,0
          -70.2278,43.73677,0
          -70.22808,43.73629,0
          -70.22809,43.73628,0
          -70.22825,43.73599,0
          -70.22832,43.73589,0
          -70.22843,43.73569,0
          -70.22848,43.73562,0
          -70.22994,43.73314,0
          -70.23028,43.73264,0
          -70.23064,43.73217,0
          -70.23129,43.73147,0
          -70.2319,43.73093,0
          -70.23254,43.73045,0
          -70.23308,43.7301,0
          -70.23402,43.72954,0
          -70.23406,43.72953,0
          -70.23692,43.72788,0
          -70.23694,43.72786,0
          -70.2379,43.72731,0
          -70.23797,43.72728,0
          -70.23821,43.72713,0
          -70.23868,43.72687,0
          -70.23868,43.72686,0
          -70.2395,43.72638,0
          -70.24082,43.72549,0
          -70.2409,43.72542,0
          -70.24092,43.72541,0
          -70.24124,43.72517,0
          -70.24213,43.72444,0
          -70.24672,43.72041,0
          -70.24681,43.72032,0
          -70.24719,43.71999,0
          -70.24837,43.71887,0
          -70.24907,43.71816,0
          -70.25048,43.71661,0
          -70.25056,43.71651,0
          -70.25064,43.71643,0
          -70.25096,43.71606,0
          -70.25096,43.71605,0
          -70.25126,43.7157,0
          -70.25127,43.71568,0
          -70.25228,43.71447,0
          -70.25228,43.71446,0
          -70.25302,43.71356,0
          -70.25316,43.71337,0
          -70.25324,43.71328,0
          -70.25379,43.7125,0
          -70.25421,43.71182,0
          -70.25422,43.71181,0
          -70.25461,43.71109,0
          -70.25475,43.7108,0
          -70.25475,43.71079,0
          -70.25485,43.71059,0
          -70.25507,43.71006,0
          -70.2553,43.70943,0
          -70.25546,43.70893,0
          -70.25561,43.70837,0
          -70.25574,43.70773,0
          -70.25588,43.70675,0
          -70.25599,43.70553,0
          -70.25599,43.70547,0
          -70.25683,43.69639,0
          -70.25685,43.69535,0
          -70.25683,43.69478,0
          -70.25677,43.69403,0
          -70.25674,43.69384,0
          -70.25673,43.69369,0
          -70.25656,43.69263,0
          -70.25632,43.69161,0
          -70.25621,43.69123,0
          -70.25619,43.69113,0
          -70.25582,43.69005,0
          -70.25561,43.68954,0
          -70.25551,43.68933,0
          -70.25534,43.68903,0
          -70.25515,43.68877,0
          -70.25506,43.68868,0
          -70.25499,43.68859,0
          -70.2548,43.6884,0
          -70.25477,43.68838,0
          -70.2546,43.68821,0
          -70.25344,43.68722,0
          -70.2529,43.6867,0
          -70.2527,43.68645,0
          -70.25267,43.68642,0
          -70.2525,43.68616,0
          -70.25236,43.68588,0
          -70.25225,43.68555,0
          -70.2522,43.68529,0
          -70.25218,43.68511,0
          -70.25218,43.68485,0
          -70.25219,43.68478,0
          -70.25219,43.68474,0
          -70.25222,43.68456,0
          -70.25225,43.68445,0
          -70.25225,43.68441,0
          -70.25228,43.6843,0
          -70.25231,43.68424,0
          -70.25234,43.68413,0
          -70.25251,43.68379,0
          -70.25274,43.68344,0
          -70.25307,43.68305,0
          -70.25577,43.68007,0
          -70.25579,43.68006,0
          -70.25604,43.67977,0
          -70.25611,43.67967,0
          -70.25613,43.67965,0
          -70.25626,43.67945,0
          -70.25632,43.67934,0
          -70.25639,43.67918,0
          -70.25641,43.67915,0
          -70.25643,43.67909,0
          -70.25645,43.67905,0
          -70.25654,43.67873,0
          -70.25654,43.67871,0
          -70.25656,43.67863,0
          -70.25658,43.67841,0
          -70.25658,43.67815,0
          -70.25651,43.67703,0
          -70.2565,43.67698,0
          -70.25637,43.67501,0
          -70.25638,43.67495,0
          -70.25638,43.67475,0
          -70.25641,43.67455,0
          -70.25648,43.67431,0
          -70.25651,43.67425,0
          -70.25655,43.67414,0
          -70.2566,43.67404,0
          -70.25661,43.67403,0
          -70.25675,43.67379,0
          -70.25695,43.67354,0
          -70.25759,43.67281,0
          -70.25789,43.67244,0
          -70.25806,43.6722,0
          -70.25819,43.67198,0
          -70.25835,43.67167,0
          -70.25851,43.67125,0
          -70.25861,43.67085,0
          -70.25862,43.67075,0
          -70.25865,43.67064,0
          -70.25877,43.66998,0
          -70.25892,43.66937,0
          -70.25893,43.66936,0
          -70.25896,43.66924,0
          -70.25907,43.66891,0
          -70.25924,43.6685,0
          -70.25944,43.66808,0
          -70.2597,43.66763,0
          -70.26006,43.6671,0
          -70.26028,43.66682,0
          -70.26083,43.6662,0
          -70.26104,43.66599,0
          -70.26162,43.66548,0
          -70.26256,43.6648,0
          -70.26258,43.6648,0
          -70.26291,43.66459,0
          -70.26292,43.66458,0
          -70.26368,43.66416,0
          -70.26436,43.66385,0
          -70.26441,43.66382,0
          -70.26495,43.6636,0
          -70.26533,43.66347,0
          -70.26542,43.66343,0
          -70.27095,43.66171,0
          -70.27111,43.66167,0
          -70.27292,43.6611,0
          -70.27419,43.6606,0
          -70.2752,43.66011,0
          -70.27568,43.65984,0
          -70.27572,43.65981,0
          -70.27582,43.65976,0
          -70.27708,43.65899,0
          -70.27709,43.65899,0
          -70.2773,43.65886,0
          -70.27731,43.65886,0
          -70.27791,43.65852,0
          -70.27805,43.65846,0
          -70.27816,43.6584,0
          -70.2787,43.65817,0
          -70.27911,43.65803,0
          -70.27969,43.65786,0
          -70.28008,43.65777,0
          -70.28068,43.65766,0
          -70.28198,43.65748,0
          -70.28213,43.65745,0
          -70.28216,43.65745,0
          -70.28289,43.6573,0
          -70.2837,43.65705,0
          -70.28435,43.65679,0
          -70.28485,43.65654,0
          -70.28531,43.65627,0
          -70.28554,43.65611,0
          -70.28557,43.6561,0
          -70.28564,43.65605,0
          -70.28568,43.65601,0
          -70.28606,43.65572,0
          -70.28615,43.65563,0
          -70.28626,43.65554,0
          -70.28644,43.65535,0
          -70.28651,43.65529,0
          -70.28669,43.65509,0
          -70.28699,43.6547,0
          -70.28701,43.65468,0
          -70.28724,43.65432,0
          -70.28725,43.65429,0
          -70.28733,43.65415,0
          -70.28735,43.6541,0
          -70.2874,43.65401,0
          -70.28822,43.65211,0
          -70.28825,43.65202,0
          -70.28828,43.65197,0
          -70.28912,43.64999,0
          -70.28913,43.64998,0
          -70.28914,43.64994,0
          -70.28956,43.64898,0
          -70.28963,43.64879,0
          -70.29096,43.64568,0
          -70.29099,43.64563,0
          -70.29234,43.64247,0
          -70.29237,43.64238,0
          -70.29285,43.64132,0
          -70.29305,43.64093,0
          -70.29313,43.64081,0
          -70.29342,43.64031,0
          -70.29392,43.6396,0
          -70.29435,43.63906,0
          -70.2947,43.63868,0
          -70.2947,43.63867,0
          -70.29495,43.63843,0
          -70.29542,43.63802,0
          -70.29589,43.63768,0
          -70.29644,43.63734,0
          -70.2968,43.63715,0
          -70.29736,43.63689,0
          -70.30624,43.63355,0
          -70.30624,43.63354,0
          -70.31848,43.62896,0
          -70.31965,43.6286,0
          -70.32095,43.62827,0
          -70.32177,43.6281,0
          -70.32313,43.62786,0
          -70.33023,43.62685,0
          -70.3303,43.62685,0
          -70.33453,43.62624,0
          -70.33457,43.62624,0
          -70.33669,43.62594,0
          -70.33674,43.62594,0
          -70.33707,43.62588,0
          -70.33784,43.62579,0
          -70.3379,43.62579,0
          -70.33794,43.62578,0
          -70.33801,43.62578,0
          -70.33805,43.62577,0
          -70.33841,43.62574,0
          -70.3393,43.62571,0
          -70.34011,43.62572,0
          -70.34147,43.62579,0
          -70.34167,43.62579,0
          -70.34262,43.62584,0
          -70.34517,43.62604,0
          -70.34598,43.62604,0
          -70.34682,43.626,0
          -70.34701,43.62598,0
          -70.34708,43.62598,0
          -70.34806,43.62586,0
          -70.35122,43.62538,0
          -70.35125,43.62538,0
          -70.35252,43.62518,0
          -70.35268,43.62514,0
          -70.35276,43.62513,0
          -70.35315,43.62503,0
          -70.35365,43.62486,0
          -70.35377,43.62481,0
          -70.35381,43.6248,0
          -70.35394,43.62475,0
          -70.35405,43.62469,0
          -70.35421,43.62462,0
          -70.3543,43.62457,0
          -70.35433,43.62456,0
          -70.35483,43.62426,0
          -70.35497,43.62416,0
          -70.3554,43.62381,0
          -70.35565,43.62356,0
          -70.35589,43.62327,0
          -70.3559,43.62325,0
          -70.35595,43.62319,0
          -70.35597,43.62315,0
          -70.35601,43.62311,0
          -70.3562,43.62279,0
          -70.35621,43.62278,0
          -70.35622,43.62275,0
          -70.35626,43.62268,0
          -70.3564,43.62235,0
          -70.35645,43.62217,0
          -70.35666,43.62111,0
          -70.35681,43.62069,0
          -70.35696,43.62039,0
          -70.35716,43.62008,0
          -70.3573,43.61989,0
          -70.35765,43.61952,0
          -70.35767,43.61937,0
          -70.36493,43.6124,0
          -70.36499,43.61233,0
          -70.36551,43.61184,0
          -70.36553,43.61183,0
          -70.36712,43.6103,0
          -70.36721,43.6102,0
          -70.37413,43.60357,0
          -70.37414,43.60357,0
          -70.37594,43.60182,0
          -70.37759,43.60002,0
          -70.3776,43.6,0
          -70.38002,43.59732,0
          -70.38003,43.59732,0
          -70.38003,43.59731,0
          -70.38151,43.59568,0
          -70.38153,43.59565,0
          -70.38179,43.59537,0
          -70.38193,43.5952,0
          -70.38195,43.59519,0
          -70.38262,43.59445,0
          -70.38262,43.59444,0
          -70.38295,43.59408,0
          -70.38303,43.59398,0
          -70.38498,43.59186,0
          -70.3857,43.59114,0
          -70.39095,43.58619,0
          -70.39102,43.58611,0
          -70.39148,43.58569,0
          -70.39152,43.58564,0
          -70.39156,43.58561,0
          -70.39664,43.58082,0
          -70.39666,43.58079,0
          -70.40067,43.57702,0
          -70.40075,43.57693,0
          -70.40991,43.5683,0
          -70.40994,43.56826,0
          -70.41154,43.56675,0
          -70.41158,43.56672,0
          -70.41473,43.56375,0
          -70.41482,43.56365,0
          -70.41492,43.56357,0
          -70.41519,43.56332,0
          -70.41528,43.56322,0
          -70.41532,43.56319,0
          -70.41547,43.56305,0
          -70.41547,43.56304,0
          -70.41695,43.56165,0
          -70.41699,43.56162,0
          -70.41807,43.5606,0
          -70.41814,43.56052,0
          -70.42003,43.55875,0
          -70.42009,43.55868,0
          -70.42019,43.5586,0
          -70.42139,43.55746,0
          -70.4214,43.55746,0
          -70.42213,43.55676,0
          -70.42223,43.55668,0
          -70.42239,43.55651,0
          -70.43906,43.54078,0
          -70.43907,43.54078,0
          -70.45464,43.5261,0
          -70.45541,43.52543,0
          -70.45616,43.52483,0
          -70.45628,43.52475,0
          -70.45636,43.52468,0
          -70.45922,43.52262,0
          -70.45923,43.52262,0
          -70.46529,43.51828,0
          -70.46531,43.51826,0
          -70.46791,43.51638,0
          -70.46803,43.51628,0
          -70.46805,43.51627,0
          -70.47044,43.51442,0
          -70.47045,43.51442,0
          -70.47738,43.50907,0
          -70.47747,43.50901,0
          -70.47945,43.50747,0
          -70.4795,43.50744,0
          -70.47989,43.50713,0
          -70.48009,43.50699,0
          -70.4801,43.50697,0
          -70.48061,43.50657,0
          -70.48081,43.50643,0
          -70.48085,43.50639,0
          -70.48182,43.50564,0
          -70.48184,43.50563,0
          -70.48413,43.50385,0
          -70.48447,43.50355,0
          -70.48448,43.50355,0
          -70.48496,43.50312,0
          -70.4856,43.50249,0
          -70.48642,43.50158,0
          -70.48649,43.50148,0
          -70.48686,43.50102,0
          -70.48722,43.50052,0
          -70.48916,43.49761,0
          -70.48919,43.49755,0
          -70.48958,43.49697,0
          -70.48963,43.49688,0
          -70.49002,43.4963,0
          -70.49002,43.49629,0
          -70.49009,43.49618,0
          -70.49014,43.49612,0
          -70.49068,43.49529,0
          -70.49079,43.4951,0
          -70.49086,43.495,0
          -70.49119,43.4944,0
          -70.4912,43.49439,0
          -70.49161,43.49355,0
          -70.49198,43.49262,0
          -70.49215,43.49211,0
          -70.49215,43.4921,0
          -70.49289,43.48971,0
          -70.49289,43.48969,0
          -70.49317,43.4889,0
          -70.49353,43.48806,0
          -70.49381,43.48751,0
          -70.49408,43.48703,0
          -70.4945,43.48635,0
          -70.49489,43.4858,0
          -70.49533,43.48523,0
          -70.49575,43.48473,0
          -70.49584,43.48464,0
          -70.49593,43.48453,0
          -70.49632,43.48413,0
          -70.49659,43.48382,0
          -70.50278,43.47719,0
          -70.50281,43.47717,0
          -70.50345,43.47654,0
          -70.50436,43.47576,0
          -70.50575,43.47473,0
          -70.52145,43.46395,0
          -70.52218,43.4634,0
          -70.52278,43.46291,0
          -70.5236,43.46216,0
          -70.52396,43.46178,0
          -70.52403,43.46172,0
          -70.52439,43.46133,0
          -70.52495,43.46067,0
          -70.52599,43.45928,0
          -70.52604,43.4592,0
          -70.53012,43.4537,0
          -70.53015,43.45365,0
          -70.53506,43.44702,0
          -70.53509,43.44699,0
          -70.53623,43.44544,0
          -70.53626,43.44539,0
          -70.53653,43.44504,0
          -70.53656,43.44499,0
          -70.53727,43.44404,0
          -70.53744,43.44379,0
          -70.53913,43.44151,0
          -70.5392,43.44143,0
          -70.54068,43.43943,0
          -70.54071,43.43938,0
          -70.5431,43.43614,0
          -70.54312,43.43612,0
          -70.54922,43.42786,0
          -70.54928,43.42779,0
          -70.5517,43.42451,0
          -70.5521,43.42392,0
          -70.55271,43.42295,0
          -70.55271,43.42294,0
          -70.55304,43.42236,0
          -70.5531,43.42227,0
          -70.55618,43.41675,0
          -70.55618,43.41674,0
          -70.5629,43.4047,0
          -70.56291,43.40469,0
          -70.56482,43.40127,0
          -70.56488,43.40118,0
          -70.56569,43.39974,0
          -70.56572,43.39967,0
          -70.56597,43.39923,0
          -70.56597,43.39922,0
          -70.56704,43.3973,0
          -70.56704,43.39729,0
          -70.56899,43.39379,0
          -70.569,43.39378,0
          -70.56918,43.39346,0
          -70.56918,43.39345,0
          -70.57267,43.3872,0
          -70.57269,43.38718,0
          -70.57439,43.38413,0
          -70.5744,43.3841,0
          -70.57629,43.38071,0
          -70.57632,43.38067,0
          -70.57725,43.379,0
          -70.57725,43.37899,0
          -70.57815,43.37738,0
          -70.57827,43.37714,0
          -70.57967,43.37463,0
          -70.5797,43.3746,0
          -70.57975,43.37449,0
          -70.57991,43.37422,0
          -70.57992,43.37421,0
          -70.58023,43.37364,0
          -70.58024,43.37363,0
          -70.58192,43.37061,0
          -70.58192,43.3706,0
          -70.58226,43.36999,0
          -70.58229,43.36995,0
          -70.58569,43.36383,0
          -70.58575,43.36374,0
          -70.58608,43.36315,0
          -70.58609,43.36312,0
          -70.58827,43.35922,0
          -70.58828,43.35919,0
          -70.5892,43.35754,0
          -70.58921,43.35753,0
          -70.58943,43.35712,0
          -70.58947,43.35706,0
          -70.5897,43.35664,0
          -70.58972,43.35662,0
          -70.59152,43.35336,0
          -70.59155,43.35332,0
          -70.59183,43.35283,0
          -70.59188,43.35272,0
          -70.5927,43.35125,0
          -70.59272,43.3512,0
          -70.59274,43.35118,0
          -70.59691,43.34369,0
          -70.59691,43.34367,0
          -70.59819,43.34139,0
          -70.59825,43.3413,0
          -70.59826,43.34127,0
          -70.59939,43.33924,0
          -70.59939,43.33923,0
          -70.59983,43.33846,0
          -70.59991,43.33829,0
          -70.59993,43.33827,0
          -70.60039,43.33742,0
          -70.60044,43.33735,0
          -70.60139,43.33564,0
          -70.60145,43.33555,0
          -70.60314,43.33251,0
          -70.60318,43.33242,0
          -70.6037,43.33149,0
          -70.60371,43.33148,0
          -70.60401,43.33095,0
          -70.60407,43.33081,0
          -70.60412,43.33074,0
          -70.60438,43.33026,0
          -70.60445,43.33016,0
          -70.60455,43.32998,0
          -70.60457,43.32993,0
          -70.60484,43.32944,0
          -70.60485,43.32943,0
          -70.60803,43.32372,0
          -70.60833,43.32314,0
          -70.60877,43.32243,0
          -70.60957,43.32091,0
          -70.6116,43.31729,0
          -70.61166,43.3172,0
          -70.61197,43.31664,0
          -70.61201,43.31655,0
          -70.61267,43.31535,0
          -70.61269,43.31533,0
          -70.61276,43.31519,0
          -70.61279,43.31515,0
          -70.61368,43.3135,0
          -70.61373,43.31338,0
          -70.61374,43.31334,0
          -70.61383,43.31316,0
          -70.61389,43.31301,0
          -70.6139,43.313,0
          -70.61415,43.31237,0
          -70.61415,43.31235,0
          -70.61417,43.31231,0
          -70.61423,43.31212,0
          -70.61428,43.31201,0
          -70.61434,43.31178,0
          -70.61438,43.31168,0
          -70.61438,43.31167,0
          -70.6144,43.31161,0
          -70.61441,43.31155,0
          -70.61448,43.31132,0
          -70.61468,43.31043,0
          -70.61469,43.31034,0
          -70.61471,43.31025,0
          -70.61471,43.31023,0
          -70.61473,43.31016,0
          -70.61485,43.30915,0
          -70.61485,43.30909,0
          -70.61561,43.3016,0
          -70.61562,43.30156,0
          -70.61612,43.29656,0
          -70.61612,43.29651,0
          -70.61637,43.29411,0
          -70.61638,43.29407,0
          -70.61686,43.28928,0
          -70.61686,43.28922,0
          -70.61687,43.28918,0
          -70.61865,43.27163,0
          -70.61866,43.27161,0
          -70.61866,43.27154,0
          -70.61913,43.26692,0
          -70.61914,43.26689,0
          -70.6192,43.26628,0
          -70.61922,43.26617,0
          -70.6195,43.2633,0
          -70.6195,43.26323,0
          -70.61956,43.26279,0
          -70.61963,43.26201,0
          -70.61966,43.26181,0
          -70.61976,43.26071,0
          -70.61979,43.26051,0
          -70.61982,43.26015,0
          -70.61985,43.25995,0
          -70.61991,43.25929,0
          -70.61996,43.25894,0
          -70.61998,43.25887,0
          -70.61998,43.25882,0
          -70.62002,43.25863,0
          -70.62003,43.25854,0
          -70.62015,43.25798,0
          -70.62035,43.25725,0
          -70.62073,43.2562,0
          -70.62112,43.25535,0
          -70.6214,43.25481,0
          -70.62303,43.25214,0
          -70.6231,43.25204,0
          -70.62335,43.25162,0
          -70.62337,43.25161,0
          -70.62346,43.25144,0
          -70.62457,43.24965,0
          -70.62458,43.24964,0
          -70.6272,43.24537,0
          -70.62722,43.24535,0
          -70.62871,43.24294,0
          -70.62875,43.24286,0
          -70.62882,43.24276,0
          -70.62955,43.24156,0
          -70.62956,43.24155,0
          -70.63454,43.23344,0
          -70.63454,43.23343,0
          -70.63481,43.23294,0
          -70.63515,43.23226,0
          -70.63557,43.23131,0
          -70.63593,43.23037,0
          -70.63601,43.2301,0
          -70.63604,43.23004,0
          -70.63619,43.22956,0
          -70.63646,43.22855,0
          -70.63674,43.22714,0
          -70.63704,43.22503,0
          -70.63704,43.22498,0
          -70.63728,43.22342,0
          -70.6374,43.22289,0
          -70.63761,43.22219,0
          -70.63763,43.22209,0
          -70.63898,43.21806,0
          -70.63899,43.21805,0
          -70.63905,43.21788,0
          -70.63906,43.21782,0
          -70.63911,43.2177,0
          -70.63911,43.21768,0
          -70.63933,43.21705,0
          -70.63934,43.217,0
          -70.64121,43.21144,0
          -70.64121,43.21142,0
          -70.643,43.20611,0
          -70.64302,43.20603,0
          -70.64373,43.20391,0
          -70.64376,43.20379,0
          -70.64382,43.20362,0
          -70.64406,43.2027,0
          -70.64426,43.20176,0
          -70.64426,43.20174,0
          -70.64433,43.20135,0
          -70.6445,43.20002,0
          -70.64451,43.19998,0
          -70.64461,43.1991,0
          -70.64462,43.19907,0
          -70.64465,43.19885,0
          -70.64465,43.19881,0
          -70.64469,43.19851,0
          -70.64469,43.19845,0
          -70.64499,43.19597,0
          -70.645,43.19594,0
          -70.6457,43.19025,0
          -70.64576,43.18992,0
          -70.64578,43.18974,0
          -70.64579,43.18971,0
          -70.6459,43.18897,0
          -70.6459,43.18894,0
          -70.64617,43.18777,0
          -70.64617,43.18776,0
          -70.64648,43.18664,0
          -70.64658,43.18637,0
          -70.64672,43.18592,0
          -70.64687,43.18553,0
          -70.64689,43.18544,0
          -70.64733,43.18433,0
          -70.64843,43.1812,0
          -70.64845,43.18117,0
          -70.65171,43.17234,0
          -70.65206,43.17157,0
          -70.65331,43.16805,0
          -70.65334,43.16794,0
          -70.65372,43.16692,0
          -70.65398,43.16631,0
          -70.65423,43.1658,0
          -70.65475,43.1649,0
          -70.65504,43.16444,0
          -70.65577,43.16346,0
          -70.65642,43.1627,0
          -70.6574,43.1617,0
          -70.65817,43.16104,0
          -70.65895,43.16043,0
          -70.65994,43.15974,0
          -70.66065,43.15929,0
          -70.66144,43.15884,0
          -70.66326,43.15791,0
          -70.66663,43.15631,0
          -70.66666,43.15629,0
          -70.66707,43.1561,0
          -70.66714,43.15606,0
          -70.66789,43.15571,0
          -70.6679,43.1557,0
          -70.6693,43.15503,0
          -70.66931,43.15502,0
          -70.66937,43.155,0
          -70.6699,43.15475,0
          -70.66991,43.15475,0
          -70.67008,43.15466,0
          -70.67009,43.15466,0
          -70.67756,43.15113,0
          -70.67759,43.15111,0
          -70.69137,43.1446,0
          -70.69152,43.14454,0
          -70.69153,43.14453,0
          -70.71056,43.13556,0
          -70.7107,43.13548,0
          -70.71076,43.13546,0
          -70.71169,43.13497,0
          -70.71275,43.13435,0
          -70.71305,43.13415,0
          -70.71309,43.13413,0
          -70.7132,43.13405,0
          -70.71324,43.13403,0
          -70.71378,43.13366,0
          -70.71467,43.13298,0
          -70.71469,43.13296,0
          -70.71484,43.13285,0
          -70.71593,43.13187,0
          -70.72511,43.12233,0
          -70.72574,43.12172,0
          -70.72662,43.12097,0
          -70.72663,43.12097,0
          -70.73209,43.11672,0
          -70.73211,43.11671,0
          -70.74287,43.10839,0
          -70.74312,43.10822,0
          -70.75023,43.10271,0
          -70.75023,43.1027,0
          -70.752,43.10136,0
          -70.75354,43.10027,0
          -70.75601,43.09867,0
          -70.75619,43.09857,0
          -70.75634,43.09847,0
          -70.75738,43.09786,0
          -70.75739,43.09785,0
          -70.76151,43.09555,0
          -70.76172,43.09542,0
          -70.76441,43.09394,0
          -70.76488,43.09366,0
          -70.76951,43.09112,0
          -70.76999,43.0908,0
          -70.77044,43.09043,0
          -70.77082,43.09009,0
          -70.77107,43.08982,0
          -70.77143,43.08935,0
          -70.77176,43.0888,0
          -70.77179,43.08873,0
          -70.77184,43.08864,0
          -70.7721,43.08805,0
          -70.77285,43.08611,0
          -70.77337,43.08491,0
          -70.77348,43.08472,0
          -70.77513,43.08073,0
          -70.77516,43.08064,0
          -70.77538,43.08018,0
          -70.77568,43.07968,0
          -70.7762,43.07902,0
          -70.77637,43.07884,0
          -70.77684,43.07841,0
          -70.77725,43.07808,0
          -70.77768,43.07777,0
          -70.78332,43.07408,0
          -70.78342,43.074,0
          -70.78353,43.07393,0
          -70.78364,43.07384,0
          -70.78371,43.0738,0
          -70.78599,43.07195,0
          -70.78604,43.07192,0
          -70.78668,43.07143,0
          -70.78721,43.07099,0
          -70.78778,43.07048,0
          -70.78835,43.06992,0
          -70.78978,43.06837,0
          -70.78984,43.06829,0
          -70.79052,43.06755,0
          -70.79061,43.06747,0
          -70.79087,43.0672,0
          -70.79091,43.06717,0
          -70.79105,43.06703,0
          -70.79106,43.06703,0
          -70.79114,43.06695,0
          -70.79169,43.06647,0
          -70.79271,43.06572,0
          -70.79285,43.06564,0
          -70.79295,43.06556,0
          -70.79606,43.06355,0
          -70.79617,43.06349,0
          -70.8065,43.05681,0
          -70.80736,43.0562,0
          -70.80816,43.05552,0
          -70.80861,43.05508,0
          -70.80863,43.05507,0
          -70.80916,43.05446,0
          -70.80956,43.05395,0
          -70.80972,43.05377,0
          -70.81001,43.05338,0
          -70.81009,43.05329,0
          -70.81056,43.05265,0
          -70.81058,43.05261,0
          -70.81093,43.05212,0
          -70.81102,43.05201,0
          -70.81134,43.05149,0
          -70.81139,43.05143,0
          -70.81144,43.05134,0
          -70.81152,43.05123,0
          -70.81171,43.05091,0
          -70.81177,43.05083,0
          -70.81189,43.05063,0
          -70.81189,43.05062,0
          -70.81218,43.05015,0
          -70.81219,43.05014,0
          -70.81268,43.04932,0
          -70.81269,43.04931,0
          -70.81316,43.04852,0
          -70.81321,43.04845,0
          -70.81328,43.04832,0
          -70.81347,43.04802,0
          -70.81352,43.04792,0
          -70.81359,43.04782,0
          -70.81461,43.04612,0
          -70.81468,43.04602,0
          -70.81551,43.04463,0
          -70.81558,43.04453,0
          -70.8169,43.04235,0
          -70.81693,43.04231,0
          -70.81852,43.03968,0
          -70.81853,43.03967,0
          -70.81864,43.03948,0
          -70.81871,43.03938,0
          -70.81997,43.03728,0
          -70.81999,43.03726,0
          -70.82052,43.03639,0
          -70.82057,43.03629,0
          -70.82064,43.03619,0
          -70.82172,43.0344,0
          -70.82179,43.0343,0
          -70.82184,43.0342,0
          -70.82232,43.03341,0
          -70.82239,43.03331,0
          -70.82244,43.03321,0
          -70.82257,43.03301,0
          -70.82262,43.03291,0
          -70.82335,43.03172,0
          -70.82335,43.03171,0
          -70.82347,43.03153,0
          -70.82352,43.03142,0
          -70.82419,43.03034,0
          -70.82423,43.03025,0
          -70.82665,43.02625,0
          -70.82678,43.02606,0
          -70.82679,43.02603,0
          -70.82684,43.02596,0
          -70.82689,43.02587,0
          -70.8269,43.02586,0
          -70.82798,43.0242,0
          -70.82799,43.02419,0
          -70.82987,43.02148,0
          -70.82993,43.02138,0
          -70.83209,43.01828,0
          -70.83215,43.01818,0
          -70.83229,43.01799,0
          -70.83235,43.01789,0
          -70.83303,43.01692,0
          -70.83309,43.01682,0
          -70.83323,43.01663,0
          -70.83329,43.01653,0
          -70.84204,43.00391,0
          -70.84207,43.00385,0
          -70.84761,42.99585,0
          -70.84762,42.99584,0
          -70.84778,42.9956,0
          -70.84778,42.99559,0
          -70.84829,42.99483,0
          -70.84835,42.99472,0
          -70.84836,42.99469,0
          -70.84854,42.99441,0
          -70.84855,42.9944,0
          -70.84859,42.99432,0
          -70.84861,42.9943,0
          -70.84884,42.9939,0
          -70.84884,42.99389,0
          -70.84895,42.99369,0
          -70.84901,42.9936,0
          -70.84918,42.99329,0
          -70.84923,42.99318,0
          -70.84925,42.99315,0
          -70.84928,42.99308,0
          -70.84934,42.99298,0
          -70.8497,42.99226,0
          -70.84974,42.99216,0
          -70.8498,42.99205,0
          -70.84984,42.99195,0
          -70.84987,42.9919,0
          -70.85006,42.99146,0
          -70.85008,42.99143,0
          -70.85022,42.99112,0
          -70.85022,42.99111,0
          -70.8503,42.9909,0
          -70.85035,42.9908,0
          -70.85041,42.99063,0
          -70.85048,42.99048,0
          -70.8506,42.99017,0
          -70.85063,42.99006,0
          -70.85079,42.98965,0
          -70.85079,42.98963,0
          -70.85083,42.98954,0
          -70.85109,42.98872,0
          -70.8511,42.98867,0
          -70.85114,42.98857,0
          -70.8514,42.98762,0
          -70.85141,42.9876,0
          -70.85143,42.98749,0
          -70.85146,42.98739,0
          -70.85175,42.98609,0
          -70.85176,42.98599,0
          -70.85188,42.98538,0
          -70.85193,42.98524,0
          -70.85267,42.98153,0
          -70.85275,42.9812,0
          -70.85275,42.98116,0
          -70.8529,42.98032,0
          -70.85293,42.98023,0
          -70.85307,42.97948,0
          -70.85308,42.97937,0
          -70.85314,42.97905,0
          -70.85314,42.97901,0
          -70.85339,42.97774,0
          -70.85342,42.97764,0
          -70.85346,42.97743,0
          -70.85346,42.97741,0
          -70.85364,42.97656,0
          -70.85365,42.97654,0
          -70.85366,42.97645,0
          -70.85369,42.97634,0
          -70.85377,42.97591,0
          -70.8538,42.9758,0
          -70.85392,42.97515,0
          -70.85411,42.97429,0
          -70.85412,42.9742,0
          -70.85413,42.97418,0
          -70.85428,42.97343,0
          -70.85428,42.97339,0
          -70.8543,42.97332,0
          -70.85434,42.9731,0
          -70.85437,42.97299,0
          -70.85445,42.97256,0
          -70.85448,42.97245,0
          -70.8546,42.97181,0
          -70.85462,42.97174,0
          -70.85462,42.9717,0
          -70.85465,42.97159,0
          -70.85469,42.97137,0
          -70.85472,42.97127,0
          -70.85482,42.97073,0
          -70.85485,42.97062,0
          -70.85489,42.9704,0
          -70.85492,42.97029,0
          -70.85508,42.96943,0
          -70.85509,42.96942,0
          -70.85524,42.96866,0
          -70.85527,42.96855,0
          -70.85544,42.96766,0
          -70.85538,42.96755,0
          -70.85546,42.96714,0
          -70.85549,42.96703,0
          -70.85549,42.967,0
          -70.85559,42.96651,0
          -70.8556,42.96649,0
          -70.8557,42.96595,0
          -70.85571,42.96592,0
          -70.85576,42.96562,0
          -70.85578,42.96556,0
          -70.8558,42.96541,0
          -70.85581,42.96539,0
          -70.85595,42.96479,0
          -70.85639,42.96247,0
          -70.85641,42.96241,0
          -70.85644,42.96219,0
          -70.85646,42.96213,0
          -70.85648,42.96201,0
          -70.8565,42.96194,0
          -70.8565,42.96191,0
          -70.85651,42.96189,0
          -70.85655,42.96168,0
          -70.8566,42.9615,0
          -70.8566,42.96147,0
          -70.85661,42.96145,0
          -70.85661,42.96142,0
          -70.85662,42.9614,0
          -70.85662,42.96139,0
          -70.85669,42.96108,0
          -70.85669,42.96105,0
          -70.8567,42.96102,0
          -70.8567,42.961,0
          -70.85737,42.9577,0
          -70.85783,42.95573,0
          -70.85788,42.95559,0
          -70.85861,42.95221,0
          -70.85863,42.95215,0
          -70.85916,42.9495,0
          -70.85919,42.94939,0
          -70.85976,42.94658,0
          -70.85976,42.94656,0
          -70.85978,42.94645,0
          -70.85981,42.94635,0
          -70.85991,42.94581,0
          -70.85992,42.9458,0
          -70.86026,42.94407,0
          -70.86029,42.94396,0
          -70.8605,42.94287,0
          -70.86053,42.94276,0
          -70.86089,42.94096,0
          -70.86096,42.94068,0
          -70.86105,42.94016,0
          -70.86109,42.94,0
          -70.86109,42.93996,0
          -70.86141,42.93841,0
          -70.86142,42.9384,0
          -70.8615,42.93798,0
          -70.86152,42.93792,0
          -70.86152,42.93787,0
          -70.86155,42.93776,0
          -70.86161,42.93743,0
          -70.86172,42.937,0
          -70.86172,42.93699,0
          -70.8618,42.93669,0
          -70.8618,42.93668,0
          -70.86205,42.93588,0
          -70.86221,42.93547,0
          -70.86223,42.9354,0
          -70.86228,42.9353,0
          -70.86232,42.93519,0
          -70.86237,42.93509,0
          -70.86238,42.93505,0
          -70.86255,42.93467,0
          -70.86303,42.93373,0
          -70.86308,42.93365,0
          -70.86344,42.93293,0
          -70.8635,42.93283,0
          -70.86355,42.93272,0
          -70.86366,42.93252,0
          -70.86369,42.93248,0
          -70.86369,42.93247,0
          -70.86385,42.93215,0
          -70.86388,42.93211,0
          -70.86403,42.9318,0
          -70.86405,42.93178,0
          -70.86414,42.93159,0
          -70.8642,42.9315,0
          -70.8644,42.93108,0
          -70.86494,42.93006,0
          -70.86498,42.92996,0
          -70.86518,42.92959,0
          -70.8652,42.92954,0
          -70.86607,42.92786,0
          -70.86611,42.9278,0
          -70.86639,42.92724,0
          -70.86641,42.92722,0
          -70.86678,42.92649,0
          -70.86688,42.92632,0
          -70.86689,42.92628,0
          -70.86718,42.92574,0
          -70.86719,42.92573,0
          -70.86756,42.925,0
          -70.86757,42.92499,0
          -70.86762,42.92488,0
          -70.86772,42.9247,0
          -70.86779,42.92455,0
          -70.86785,42.92445,0
          -70.8679,42.92434,0
          -70.86792,42.92431,0
          -70.86794,42.92426,0
          -70.86946,42.92132,0
          -70.86952,42.92122,0
          -70.87007,42.92014,0
          -70.87019,42.91993,0
          -70.87074,42.91885,0
          -70.87086,42.91864,0
          -70.87102,42.91831,0
          -70.87108,42.91821,0
          -70.87158,42.91723,0
          -70.87164,42.91713,0
          -70.87165,42.9171,0
          -70.87192,42.91659,0
          -70.87192,42.91658,0
          -70.87198,42.91649,0
          -70.87203,42.91637,0
          -70.87291,42.91468,0
          -70.87292,42.91465,0
          -70.8742,42.91217,0
          -70.87421,42.91216,0
          -70.87695,42.90687,0
          -70.87742,42.90579,0
          -70.87754,42.90546,0
          -70.87778,42.90467,0
          -70.87837,42.90217,0
          -70.87841,42.90195,0
          -70.88193,42.88659,0
          -70.88193,42.88658,0
          -70.88249,42.88416,0
          -70.8825,42.88409,0
          -70.88266,42.8834,0
          -70.88266,42.88338,0
          -70.88335,42.88059,0
          -70.88351,42.88006,0
          -70.88384,42.87923,0
          -70.88409,42.87871,0
          -70.88448,42.87799,0
          -70.88735,42.87366,0
          -70.88737,42.87364,0
          -70.88749,42.87344,0
          -70.88771,42.87312,0
          -70.88775,42.87304,0
          -70.88798,42.8727,0
          -70.88855,42.87173,0
          -70.88862,42.87163,0
          -70.89108,42.86708,0
          -70.89114,42.86695,0
          -70.8913,42.86667,0
          -70.89131,42.86664,0
          -70.89166,42.866,0
          -70.89172,42.86587,0
          -70.89178,42.86578,0
          -70.8918,42.86573,0
          -70.89219,42.86501,0
          -70.8922,42.865,0
          -70.89228,42.86483,0
          -70.89446,42.8608,0
          -70.89462,42.86072,0
          -70.89463,42.8607,0
          -70.89465,42.86068,0
          -70.89509,42.85996,0
          -70.89553,42.85932,0
          -70.89595,42.8588,0
          -70.89657,42.85811,0
          -70.89694,42.85773,0
          -70.89769,42.85708,0
          -70.898,42.85685,0
          -70.89855,42.85648,0
          -70.89926,42.85607,0
          -70.89929,42.85606,0
          -70.89973,42.85584,0
          -70.89974,42.85583,0
          -70.90047,42.85551,0
          -70.90054,42.85549,0
          -70.9007,42.85542,0
          -70.90083,42.85538,0
          -70.90089,42.85535,0
          -70.90779,42.85288,0
          -70.90949,42.85219,0
          -70.9095,42.85219,0
          -70.91015,42.85191,0
          -70.9119,42.85108,0
          -70.91362,42.85018,0
          -70.91762,42.8479,0
          -70.91776,42.84781,0
          -70.91905,42.84708,0
          -70.91909,42.84705,0
          -70.91981,42.84663,0
          -70.92041,42.84632,0
          -70.92144,42.84572,0
          -70.92156,42.84566,0
          -70.92409,42.8442,0
          -70.92558,42.84339,0
          -70.92726,42.8426,0
          -70.92838,42.84213,0
          -70.92974,42.84162,0
          -70.93078,42.84127,0
          -70.93094,42.84123,0
          -70.93117,42.84115,0
          -70.93336,42.84056,0
          -70.95345,42.83657,0
          -70.95348,42.83657,0
          -70.95814,42.83565,0
          -70.95945,42.83543,0
          -70.96179,42.83512,0
          -70.96371,42.83494,0
          -70.96531,42.83484,0
          -70.9655,42.83484,0
          -70.96639,42.83478,0
          -70.96653,42.83478,0
          -70.96728,42.83473,0
          -70.96744,42.83473,0
          -70.97532,42.83427,0
          -70.97668,42.83413,0
          -70.97885,42.8338,0
          -70.9807,42.83342,0
          -70.9824,42.83299,0
          -70.98255,42.83294,0
          -70.99344,42.83003,0
          -70.99346,42.83002,0
          -70.99903,42.82853,0
          -71.00094,42.82795,0
          -71.0024,42.82746,0
          -71.00577,42.82617,0
          -71.00976,42.82455,0
          -71.00979,42.82453,0
          -71.01161,42.82377,0
          -71.01349,42.8229,0
          -71.01535,42.82195,0
          -71.01728,42.82084,0
          -71.01738,42.82077,0
          -71.01814,42.82031,0
          -71.01964,42.8193,0
          -71.02029,42.81882,0
          -71.02147,42.81787,0
          -71.02174,42.81763,0
          -71.02186,42.81754,0
          -71.0227,42.81676,0
          -71.02322,42.81623,0
          -71.02741,42.81172,0
          -71.02743,42.81169,0
          -71.02751,42.81161,0
          -71.02754,42.81157,0
          -71.02937,42.80962,0
          -71.02954,42.80942,0
          -71.03033,42.80865,0
          -71.03074,42.80828,0
          -71.03168,42.80753,0
          -71.03237,42.80704,0
          -71.03328,42.80647,0
          -71.03528,42.80534,0
          -71.03626,42.80484,0
          -71.03706,42.80449,0
          -71.03706,42.80448,0
          -71.03708,42.80448,0
          -71.03709,42.80447,0
          -71.03752,42.80429,0
          -71.03841,42.80396,0
          -71.03861,42.8039,0
          -71.03873,42.80385,0
          -71.04008,42.80344,0
          -71.0417,42.80306,0
          -71.04314,42.8028,0
          -71.04327,42.80279,0
          -71.04332,42.80277,0
          -71.04482,42.80259,0
          -71.04636,42.80248,0
          -71.04693,42.80246,0
          -71.04824,42.80246,0
          -71.04971,42.80252,0
          -71.05154,42.80269,0
          -71.05169,42.80272,0
          -71.05174,42.80272,0
          -71.05201,42.80277,0
          -71.05204,42.80278,0
          -71.05473,42.80326,0
          -71.05476,42.80326,0
          -71.05582,42.80346,0
          -71.05592,42.80347,0
          -71.05599,42.80349,0
          -71.06668,42.80544,0
          -71.06671,42.80544,0
          -71.0674,42.80557,0
          -71.06743,42.80557,0
          -71.06883,42.80581,0
          -71.0691,42.80584,0
          -71.06912,42.80585,0
          -71.07099,42.80607,0
          -71.07144,42.8061,0
          -71.07159,42.80612,0
          -71.07226,42.80616,0
          -71.0723,42.80617,0
          -71.07419,42.80625,0
          -71.0761,42.80623,0
          -71.07622,42.80622,0
          -71.07639,42.80622,0
          -71.07741,42.80616,0
          -71.07831,42.80607,0
          -71.07835,42.80606,0
          -71.0795,42.8059,0
          -71.08073,42.80566,0
          -71.08115,42.80556,0
          -71.08118,42.80556,0
          -71.08267,42.80515,0
          -71.08359,42.80484,0
          -71.0836,42.80483,0
          -71.08441,42.80453,0
          -71.08978,42.80214,0
          -71.08994,42.80208,0
          -71.09725,42.79882,0
          -71.09728,42.7988,0
          -71.09803,42.79847,0
          -71.09804,42.79846,0
          -71.09941,42.79782,0
          -71.09949,42.79777,0
          -71.09952,42.79776,0
          -71.10054,42.79723,0
          -71.10182,42.79648,0
          -71.10262,42.79596,0
          -71.10276,42.79588,0
          -71.10338,42.79545,0
          -71.10348,42.79536,0
          -71.10389,42.79507,0
          -71.10541,42.7939,0
          -71.10552,42.79383,0
          -71.10562,42.79375,0
          -71.10566,42.79371,0
          -71.10575,42.79365,0
          -71.10587,42.79355,0
          -71.10592,42.79352,0
          -71.10638,42.79316,0
          -71.10643,42.79313,0
          -71.10703,42.79267,0
          -71.10712,42.79259,0
          -71.10774,42.79213,0
          -71.10784,42.79204,0
          -71.10946,42.79081,0
          -71.10956,42.79072,0
          -71.10966,42.79065,0
          -71.11005,42.79033,0
          -71.11006,42.79033,0
          -71.11097,42.78954,0
          -71.11099,42.78953,0
          -71.11126,42.78927,0
          -71.11136,42.78919,0
          -71.11154,42.78902,0
          -71.11162,42.78893,0
          -71.11189,42.78868,0
          -71.11296,42.78753,0
          -71.11349,42.7869,0
          -71.11363,42.78671,0
          -71.11365,42.78669,0
          -71.11412,42.78608,0
          -71.11469,42.78526,0
          -71.11535,42.78417,0
          -71.11538,42.78413,0
          -71.11608,42.78276,0
          -71.11612,42.78265,0
          -71.11617,42.78256,0
          -71.11648,42.78183,0
          -71.11651,42.78173,0
          -71.1166,42.78152,0
          -71.11671,42.7812,0
          -71.11675,42.78111,0
          -71.11684,42.78084,0
          -71.11686,42.7808,0
          -71.11824,42.77703,0
          -71.11824,42.77702,0
          -71.11921,42.77433,0
          -71.1193,42.77403,0
          -71.11931,42.77401,0
          -71.11942,42.77363,0
          -71.11943,42.77362,0
          -71.11976,42.77248,0
          -71.11977,42.77247,0
          -71.12004,42.77151,0
          -71.12012,42.77116,0
          -71.12012,42.77114,0
          -71.12014,42.77104,0
          -71.12016,42.77098,0
          -71.1202,42.7708,0
          -71.1202,42.77079,0
          -71.12074,42.76843,0
          -71.12089,42.76786,0
          -71.12092,42.76779,0
          -71.12142,42.76582,0
          -71.12142,42.7658,0
          -71.12249,42.76147,0
          -71.12249,42.76146,0
          -71.12258,42.76111,0
          -71.12259,42.7611,0
          -71.12266,42.7608,0
          -71.12269,42.76073,0
          -71.12271,42.76063,0
          -71.12292,42.76,0
          -71.12297,42.7599,0
          -71.12305,42.75969,0
          -71.12334,42.75907,0
          -71.12351,42.75876,0
          -71.12357,42.75867,0
          -71.12363,42.75856,0
          -71.12406,42.75792,0
          -71.12409,42.75789,0
          -71.12445,42.75743,0
          -71.12474,42.7571,0
          -71.12526,42.75657,0
          -71.12564,42.75622,0
          -71.12618,42.75578,0
          -71.12623,42.75575,0
          -71.13007,42.75266,0
          -71.1301,42.75262,0
          -71.13016,42.75258,0
          -71.13547,42.74831,0
          -71.13557,42.74824,0
          -71.13577,42.74807,0
          -71.13588,42.74799,0
          -71.13608,42.74782,0
          -71.13614,42.74778,0
          -71.13617,42.74775,0
          -71.13658,42.74743,0
          -71.13663,42.74738,0
          -71.13778,42.74646,0
          -71.13862,42.74569,0
          -71.1387,42.7456,0
          -71.13891,42.7454,0
          -71.13922,42.74506,0
          -71.13929,42.74497,0
          -71.13938,42.74488,0
          -71.13991,42.74424,0
          -71.14018,42.74387,0
          -71.1402,42.74385,0
          -71.14026,42.74375,0
          -71.14042,42.74353,0
          -71.14106,42.74245,0
          -71.14125,42.74207,0
          -71.14163,42.74121,0
          -71.14186,42.74058,0
          -71.14196,42.74026,0
          -71.14212,42.73962,0
          -71.14212,42.7396,0
          -71.14223,42.73908,0
          -71.14224,42.73906,0
          -71.14226,42.7389,0
          -71.14227,42.73887,0
          -71.14231,42.73854,0
          -71.14232,42.7385,0
          -71.14232,42.73843,0
          -71.14234,42.73832,0
          -71.14237,42.73786,0
          -71.14238,42.73716,0
          -71.14235,42.73661,0
          -71.14234,42.73655,0
          -71.14234,42.73647,0
          -71.14224,42.73567,0
          -71.14212,42.73505,0
          -71.14209,42.73495,0
          -71.14207,42.73484,0
          -71.14176,42.73382,0
          -71.14151,42.73318,0
          -71.14077,42.73153,0
          -71.14077,42.73152,0
          -71.13861,42.7267,0
          -71.13854,42.72652,0
          -71.13848,42.7264,0
          -71.1384,42.7262,0
          -71.13834,42.72609,0
          -71.13804,42.72533,0
          -71.1378,42.72459,0
          -71.13758,42.72372,0
          -71.13744,42.72298,0
          -71.13738,42.7225,0
          -71.13738,42.72243,0
          -71.13736,42.72233,0
          -71.13731,42.72146,0
          -71.13731,42.72047,0
          -71.13732,42.72037,0
          -71.13732,42.71938,0
          -71.13733,42.71927,0
          -71.13737,42.71523,0
          -71.13738,42.71511,0
          -71.13738,42.71463,0
          -71.13739,42.71452,0
          -71.13739,42.71354,0
          -71.1374,42.71346,0
          -71.1374,42.71313,0
          -71.13741,42.71305,0
          -71.13741,42.71282,0
          -71.13742,42.71278,0
          -71.13746,42.71199,0
          -71.13765,42.71051,0
          -71.13789,42.7094,0
          -71.13792,42.7093,0
          -71.13792,42.70929,0
          -71.13801,42.70898,0
          -71.13803,42.70888,0
          -71.13831,42.70798,0
          -71.13886,42.70648,0
          -71.13891,42.70637,0
          -71.13985,42.70384,0
          -71.13989,42.70376,0
          -71.13991,42.70369,0
          -71.14093,42.70099,0
          -71.14096,42.70088,0
          -71.1413,42.69999,0
          -71.14132,42.69992,0
          -71.14174,42.69882,0
          -71.14175,42.69881,0
          -71.14182,42.69861,0
          -71.14185,42.69855,0
          -71.14195,42.69825,0
          -71.14198,42.69819,0
          -71.14206,42.69797,0
          -71.14206,42.69795,0
          -71.14216,42.69767,0
          -71.14237,42.69691,0
          -71.14248,42.69629,0
          -71.14248,42.69627,0
          -71.1425,42.69615,0
          -71.14256,42.69548,0
          -71.14256,42.69512,0
          -71.14255,42.69504,0
          -71.14253,42.6942,0
          -71.14245,42.69364,0
          -71.14245,42.69361,0
          -71.1424,42.69325,0
          -71.14238,42.69316,0
          -71.14216,42.69162,0
          -71.14214,42.69153,0
          -71.14208,42.69086,0
          -71.14206,42.68971,0
          -71.14208,42.68942,0
          -71.14218,42.68856,0
          -71.14231,42.68789,0
          -71.14245,42.68739,0
          -71.14264,42.68683,0
          -71.14292,42.6862,0
          -71.14311,42.68585,0
          -71.14311,42.68584,0
          -71.14327,42.68559,0
          -71.14328,42.68558,0
          -71.14354,42.68517,0
          -71.14389,42.68469,0
          -71.14403,42.68453,0
          -71.14412,42.68441,0
          -71.14476,42.68373,0
          -71.14497,42.68353,0
          -71.14569,42.68291,0
          -71.1457,42.68291,0
          -71.14581,42.68281,0
          -71.14633,42.68241,0
          -71.14636,42.68238,0
          -71.14749,42.68158,0
          -71.14848,42.68099,0
          -71.14912,42.68064,0
          -71.14968,42.68036,0
          -71.1503,42.68008,0
          -71.15039,42.68003,0
          -71.15107,42.67975,0
          -71.15282,42.67912,0
          -71.15388,42.67879,0
          -71.1551,42.67845,0
          -71.15524,42.67842,0
          -71.15555,42.67833,0
          -71.1557,42.6783,0
          -71.1561,42.67819,0
          -71.15718,42.67794,0
          -71.16998,42.67552,0
          -71.17005,42.6755,0
          -71.17029,42.67546,0
          -71.17195,42.6751,0
          -71.17209,42.67506,0
          -71.17242,42.67499,0
          -71.17417,42.67453,0
          -71.17418,42.67453,0
          -71.17639,42.67389,0
          -71.179,42.67301,0
          -71.18088,42.67229,0
          -71.18311,42.67134,0
          -71.18441,42.67073,0
          -71.18552,42.67017,0
          -71.18555,42.67016,0
          -71.18711,42.66932,0
          -71.18712,42.66931,0
          -71.18828,42.66867,0
          -71.19089,42.667,0
          -71.19174,42.66641,0
          -71.19184,42.66633,0
          -71.19185,42.66633,0
          -71.19297,42.6655,0
          -71.19309,42.6654,0
          -71.19319,42.66533,0
          -71.19323,42.66529,0
          -71.19328,42.66526,0
          -71.19334,42.66521,0
          -71.19336,42.6652,0
          -71.19465,42.6642,0
          -71.19469,42.66416,0
          -71.19501,42.66392,0
          -71.19503,42.6639,0
          -71.19816,42.66149,0
          -71.1982,42.66145,0
          -71.19844,42.66127,0
          -71.19846,42.66125,0
          -71.19852,42.66121,0
          -71.19873,42.66104,0
          -71.19877,42.66102,0
          -71.19883,42.66096,0
          -71.20138,42.65902,0
          -71.20178,42.65869,0
          -71.20727,42.65444,0
          -71.20801,42.6539,0
          -71.20899,42.65323,0
          -71.21029,42.65244,0
          -71.21119,42.65193,0
          -71.21198,42.65153,0
          -71.21206,42.6515,0
          -71.21293,42.65108,0
          -71.21409,42.65057,0
          -71.21679,42.64952,0
          -71.21716,42.6494,0
          -71.22261,42.64733,0
          -71.22404,42.64673,0
          -71.22661,42.64551,0
          -71.22677,42.64542,0
          -71.2268,42.64541,0
          -71.22828,42.64468,0
          -71.22829,42.64467,0
          -71.23126,42.6432,0
          -71.23129,42.64319,0
          -71.23171,42.64298,0
          -71.23172,42.64297,0
          -71.2363,42.64073,0
          -71.23631,42.64072,0
          -71.23691,42.64043,0
          -71.23692,42.64042,0
          -71.24109,42.63839,0
          -71.24111,42.63837,0
          -71.24114,42.63836,0
          -71.24354,42.6372,0
          -71.24359,42.63717,0
          -71.2465,42.63588,0
          -71.25043,42.63438,0
          -71.25123,42.6341,0
          -71.25151,42.63402,0
          -71.25304,42.63351,0
          -71.25426,42.63314,0
          -71.25427,42.63314,0
          -71.25577,42.63271,0
          -71.25591,42.63266,0
          -71.25883,42.63192,0
          -71.26427,42.63066,0
          -71.26427,42.63065,0
          -71.26526,42.63042,0
          -71.26553,42.63034,0
          -71.26568,42.63031,0
          -71.26738,42.62982,0
          -71.26935,42.62919,0
          -71.27168,42.62819,0
          -71.27313,42.62748,0
          -71.27404,42.62699,0
          -71.27533,42.62624,0
          -71.27858,42.62422,0
          -71.27869,42.62414,0
          -71.27984,42.62343,0
          -71.27995,42.62335,0
          -71.28382,42.62103,0
          -71.28515,42.62031,0
          -71.28628,42.61976,0
          -71.28641,42.61971,0
          -71.28704,42.61942,0
          -71.28705,42.61942,0
          -71.2874,42.61926,0
          -71.29,42.61825,0
          -71.2919,42.61763,0
          -71.29196,42.61762,0
          -71.29817,42.61563,0
          -71.29932,42.61523,0
          -71.2994,42.61521,0
          -71.29947,42.61518,0
          -71.2996,42.61514,0
          -71.30122,42.61453,0
          -71.30175,42.61431,0
          -71.30189,42.61424,0
          -71.30664,42.61219,0
          -71.30665,42.61218,0
          -71.30992,42.6108,0
          -71.30996,42.61079,0
          -71.31063,42.61053,0
          -71.31065,42.61053,0
          -71.31206,42.61004,0
          -71.31395,42.60946,0
          -71.31555,42.60903,0
          -71.31582,42.60897,0
          -71.31591,42.60894,0
          -71.31767,42.60852,0
          -71.31985,42.6081,0
          -71.32037,42.60802,0
          -71.3205,42.60799,0
          -71.32102,42.60791,0
          -71.3211,42.60789,0
          -71.32309,42.60762,0
          -71.32593,42.60735,0
          -71.326,42.60735,0
          -71.32605,42.60734,0
          -71.3272,42.60727,0
          -71.33569,42.60697,0
          -71.33747,42.60681,0
          -71.33892,42.60658,0
          -71.34049,42.60627,0
          -71.34411,42.60544,0
          -71.34424,42.60542,0
          -71.3566,42.60252,0
          -71.3577,42.60219,0
          -71.35916,42.60165,0
          -71.36,42.60127,0
          -71.36096,42.6008,0
          -71.36599,42.59802,0
          -71.36602,42.59799,0
          -71.36886,42.59641,0
          -71.36887,42.59641,0
          -71.36896,42.59635,0
          -71.36983,42.59587,0
          -71.36986,42.59586,0
          -71.37002,42.59577,0
          -71.37003,42.59576,0
          -71.37005,42.59576,0
          -71.37007,42.59574,0
          -71.38179,42.58922,0
          -71.3818,42.58922,0
          -71.38322,42.58845,0
          -71.38333,42.58838,0
          -71.38338,42.58836,0
          -71.3854,42.58727,0
          -71.38713,42.58644,0
          -71.38902,42.58568,0
          -71.39788,42.58261,0
          -71.39789,42.5826,0
          -71.3981,42.58253,0
          -71.39811,42.58253,0
          -71.4058,42.57984,0
          -71.40588,42.57982,0
          -71.41297,42.57737,0
          -71.41319,42.57728,0
          -71.41326,42.57726,0
          -71.41376,42.57707,0
          -71.41383,42.57705,0
          -71.4144,42.57682,0
          -71.41447,42.5768,0
          -71.41562,42.5763,0
          -71.41563,42.57629,0
          -71.41715,42.57556,0
          -71.41851,42.57481,0
          -71.41904,42.57449,0
          -71.41905,42.57448,0
          -71.41927,42.57435,0
          -71.41928,42.57434,0
          -71.42021,42.57373,0
          -71.42026,42.57369,0
          -71.42043,42.57358,0
          -71.42059,42.57346,0
          -71.42066,42.57342,0
          -71.42598,42.56939,0
          -71.42601,42.56936,0
          -71.42898,42.56709,0
          -71.42899,42.56709,0
          -71.43621,42.56153,0
          -71.43633,42.56145,0
          -71.43642,42.56137,0
          -71.43717,42.5608,0
          -71.43855,42.55987,0
          -71.43856,42.55987,0
          -71.43875,42.55975,0
          -71.4401,42.55902,0
          -71.4403,42.55893,0
          -71.4404,42.55887,0
          -71.44133,42.55844,0
          -71.44144,42.5584,0
          -71.44149,42.55837,0
          -71.44165,42.55831,0
          -71.44187,42.55821,0
          -71.44202,42.55816,0
          -71.44223,42.55807,0
          -71.44334,42.55767,0
          -71.44336,42.55767,0
          -71.44475,42.55725,0
          -71.45474,42.55496,0
          -71.45476,42.55496,0
          -71.45828,42.55416,0
          -71.45838,42.55413,0
          -71.47168,42.55111,0
          -71.47176,42.5511,0
          -71.47735,42.5498,0
          -71.47914,42.54927,0
          -71.48034,42.54885,0
          -71.4815,42.5484,0
          -71.48154,42.54839,0
          -71.48271,42.54788,0
          -71.48272,42.54788,0
          -71.48352,42.54751,0
          -71.48367,42.54743,0
          -71.4837,42.54742,0
          -71.48491,42.54679,0
          -71.4861,42.54611,0
          -71.48766,42.54509,0
          -71.48867,42.54435,0
          -71.48974,42.54348,0
          -71.49055,42.54276,0
          -71.49167,42.54166,0
          -71.4924,42.54084,0
          -71.4939,42.539,0
          -71.49394,42.53894,0
          -71.49512,42.53746,0
          -71.49513,42.53744,0
          -71.49604,42.53632,0
          -71.49604,42.53631,0
          -71.49609,42.53626,0
          -71.49623,42.53607,0
          -71.49644,42.53582,0
          -71.49647,42.53577,0
          -71.50074,42.53044,0
          -71.50078,42.53038,0
          -71.50183,42.52907,0
          -71.50186,42.52904,0
          -71.50695,42.52267,0
          -71.50794,42.52152,0
          -71.50919,42.52021,0
          -71.50925,42.52016,0
          -71.51001,42.51941,0
          -71.51099,42.51851,0
          -71.51161,42.51798,0
          -71.51167,42.51792,0
          -71.51908,42.51187,0
          -71.5191,42.51186,0
          -71.52113,42.5102,0
          -71.52161,42.50978,0
          -71.53456,42.49928,0
          -71.5346,42.49924,0
          -71.53486,42.49903,0
          -71.5351,42.49881,0
          -71.53512,42.4988,0
          -71.53521,42.49871,0
          -71.53537,42.49859,0
          -71.53561,42.49837,0
          -71.53564,42.49835,0
          -71.53577,42.49822,0
          -71.53587,42.49814,0
          -71.53606,42.49796,0
          -71.5361,42.49793,0
          -71.53623,42.4978,0
          -71.53625,42.49779,0
          -71.5373,42.49681,0
          -71.53913,42.49494,0
          -71.54033,42.49358,0
          -71.5412,42.49253,0
          -71.54196,42.49154,0
          -71.54197,42.49152,0
          -71.54897,42.48174,0
          -71.54945,42.48111,0
          -71.54958,42.48092,0
          -71.55104,42.47906,0
          -71.55108,42.47902,0
          -71.55321,42.47646,0
          -71.55329,42.47638,0
          -71.55335,42.4763,0
          -71.55524,42.47421,0
          -71.55607,42.47334,0
          -71.5561,42.4733,0
          -71.55771,42.47166,0
          -71.5587,42.47074,0
          -71.55915,42.47035,0
          -71.55923,42.47027,0
          -71.55928,42.47024,0
          -71.56332,42.46669,0
          -71.56343,42.46661,0
          -71.57349,42.45785,0
          -71.57349,42.45784,0
          -71.57367,42.45768,0
          -71.57374,42.45763,0
          -71.57419,42.45723,0
          -71.57426,42.45718,0
          -71.57531,42.45625,0
          -71.57532,42.45625,0
          -71.5769,42.45488,0
          -71.57691,42.45486,0
          -71.57717,42.45464,0
          -71.57736,42.45446,0
          -71.57883,42.45319,0
          -71.5789,42.45312,0
          -71.5791,42.45295,0
          -71.57917,42.45288,0
          -71.5796,42.45251,0
          -71.57962,42.4525,0
          -71.58095,42.45135,0
          -71.58104,42.45126,0
          -71.58111,42.45121,0
          -71.58155,42.45082,0
          -71.58157,42.45081,0
          -71.58217,42.45028,0
          -71.58303,42.44946,0
          -71.58344,42.44904,0
          -71.58351,42.44898,0
          -71.58433,42.4481,0
          -71.58445,42.44795,0
          -71.58488,42.44747,0
          -71.5852,42.44707,0
          -71.58523,42.44704,0
          -71.58534,42.44689,0
          -71.5855,42.4467,0
          -71.58552,42.44666,0
          -71.58615,42.44583,0
          -71.58618,42.44578,0
          -71.58621,42.44575,0
          -71.58693,42.44468,0
          -71.58694,42.44467,0
          -71.58748,42.44379,0
          -71.58749,42.44376,0
          -71.58753,42.4437,0
          -71.58805,42.44275,0
          -71.58871,42.44137,0
          -71.58875,42.44126,0
          -71.58883,42.44109,0
          -71.58885,42.44103,0
          -71.5889,42.44093,0
          -71.58936,42.43974,0
          -71.58939,42.43968,0
          -71.5902,42.43727,0
          -71.5903,42.43701,0
          -71.59033,42.4369,0
          -71.59104,42.43485,0
          -71.59106,42.43481,0
          -71.5912,42.43443,0
          -71.59169,42.43335,0
          -71.59171,42.43329,0
          -71.59175,42.43323,0
          -71.5918,42.43311,0
          -71.59219,42.43236,0
          -71.59286,42.43123,0
          -71.59323,42.4307,0
          -71.59325,42.43068,0
          -71.59365,42.4301,0
          -71.59367,42.43008,0
          -71.5937,42.43003,0
          -71.59414,42.42946,0
          -71.5945,42.42903,0
          -71.59458,42.42895,0
          -71.59512,42.42833,0
          -71.59516,42.4283,0
          -71.59659,42.4267,0
          -71.59679,42.4265,0
          -71.60476,42.41767,0
          -71.6052,42.41712,0
          -71.60521,42.41709,0
          -71.60601,42.41599,0
          -71.60611,42.41583,0
          -71.60612,42.41583,0
          -71.60652,42.41518,0
          -71.607,42.41434,0
          -71.60733,42.41371,0
          -71.60761,42.41311,0
          -71.60796,42.41225,0
          -71.60801,42.41209,0
          -71.60813,42.4118,0
          -71.60815,42.41172,0
          -71.60823,42.41151,0
          -71.6085,42.41058,0
          -71.6085,42.41057,0
          -71.60867,42.40989,0
          -71.60888,42.40874,0
          -71.60888,42.40868,0
          -71.609,42.40769,0
          -71.609,42.40756,0
          -71.60901,42.40749,0
          -71.60903,42.40699,0
          -71.60903,42.40623,0
          -71.60895,42.40487,0
          -71.60885,42.404,0
          -71.60727,42.3948,0
          -71.60702,42.39353,0
          -71.6068,42.39265,0
          -71.60641,42.39138,0
          -71.6064,42.39136,0
          -71.60629,42.39101,0
          -71.60562,42.38935,0
          -71.60522,42.38847,0
          -71.59614,42.36984,0
          -71.59542,42.36853,0
          -71.59483,42.36761,0
          -71.59392,42.36636,0
          -71.59336,42.36569,0
          -71.59338,42.3656,0
          -71.59338,42.36558,0
          -71.59331,42.36546,0
          -71.59323,42.36529,0
          -71.59316,42.36503,0
          -71.59315,42.3647,0
          -71.59316,42.36464,0
          -71.59316,42.36459,0
          -71.5932,42.36443,0
          -71.5933,42.36417,0
          -71.59339,42.36401,0
          -71.59383,42.3631,0
          -71.59397,42.36285,0
          -71.59399,42.36283,0
          -71.594,42.36281,0
          -71.59423,42.36254,0
          -71.59431,42.36248,0
          -71.59441,42.36239,0
          -71.59451,42.36232,0
          -71.59462,42.36226,0
          -71.59474,42.36218,0
          -71.59487,42.36212,0
          -71.59526,42.36197,0
          -71.5962,42.36168,0
          -71.59621,42.36168,0
          -71.59628,42.36157,0
          -71.59809,42.36101,0
          -71.59899,42.3607,0
          -71.59905,42.36067,0
          -71.59912,42.36065,0
          -71.60034,42.36018,0
          -71.60151,42.35969,0
          -71.60282,42.35906,0
          -71.60385,42.35852,0
          -71.60859,42.35582,0
          -71.60871,42.35574,0
          -71.62324,42.34741,0
          -71.62481,42.3466,0
          -71.62537,42.34634,0
          -71.62546,42.34629,0
          -71.62655,42.34581,0
          -71.62656,42.34581,0
          -71.62666,42.34576,0
          -71.62811,42.3452,0
          -71.62838,42.34511,0
          -71.62855,42.34504,0
          -71.6298,42.34463,0
          -71.63106,42.34427,0
          -71.63255,42.34391,0
          -71.63256,42.34391,0
          -71.63324,42.34376,0
          -71.63563,42.34335,0
          -71.63575,42.34334,0
          -71.63593,42.34331,0
          -71.63596,42.34331,0
          -71.6369,42.34317,0
          -71.63695,42.34317,0
          -71.64639,42.34179,0
          -71.64806,42.34146,0
          -71.6481,42.34146,0
          -71.64899,42.34125,0
          -71.649,42.34125,0
          -71.65091,42.34073,0
          -71.65114,42.34065,0
          -71.6513,42.34061,0
          -71.65314,42.33996,0
          -71.65436,42.33947,0
          -71.65443,42.33943,0
          -71.65459,42.33937,0
          -71.65469,42.33932,0
          -71.6547,42.33932,0
          -71.65706,42.33818,0
          -71.6572,42.3381,0
          -71.66057,42.33641,0
          -71.6606,42.3364,0
          -71.66294,42.33523,0
          -71.66302,42.33518,0
          -71.66326,42.33506,0
          -71.66327,42.33506,0
          -71.66487,42.33428,0
          -71.66596,42.33384,0
          -71.66675,42.33356,0
          -71.66747,42.33334,0
          -71.66829,42.33312,0
          -71.66831,42.33312,0
          -71.6695,42.33286,0
          -71.66954,42.33286,0
          -71.67095,42.33264,0
          -71.67111,42.33263,0
          -71.67123,42.33261,0
          -71.6722,42.33253,0
          -71.67328,42.33249,0
          -71.67886,42.33266,0
          -71.68066,42.33265,0
          -71.68072,42.33264,0
          -71.68155,42.33261,0
          -71.68293,42.33251,0
          -71.68387,42.3324,0
          -71.68392,42.3324,0
          -71.68409,42.33238,0
          -71.68416,42.33238,0
          -71.68558,42.33218,0
          -71.68713,42.3319,0
          -71.68782,42.33175,0
          -71.68783,42.33175,0
          -71.68898,42.33148,0
          -71.69037,42.3311,0
          -71.69147,42.33075,0
          -71.69238,42.33043,0
          -71.6959,42.32909,0
          -71.69598,42.32907,0
          -71.69916,42.32787,0
          -71.70146,42.32707,0
          -71.70577,42.32575,0
          -71.71355,42.32357,0
          -71.71365,42.32355,0
          -71.71397,42.32345,0
          -71.71421,42.32339,0
          -71.71592,42.32285,0
          -71.71758,42.32224,0
          -71.71926,42.32152,0
          -71.72045,42.32097,0
          -71.72222,42.32003,0
          -71.72396,42.31899,0
          -71.72475,42.31844,0
          -71.72592,42.31755,0
          -71.72769,42.31606,0
          -71.72807,42.31569,0
          -71.7289,42.31481,0
          -71.7301,42.31345,0
          -71.73071,42.31268,0
          -71.73082,42.31256,0
          -71.73108,42.3122,0
          -71.73193,42.31091,0
          -71.73229,42.31029,0
          -71.73231,42.31024,0
          -71.73413,42.3071,0
          -71.73482,42.30599,0
          -71.73521,42.30542,0
          -71.73569,42.30477,0
          -71.73664,42.30363,0
          -71.73767,42.30253,0
          -71.73896,42.30135,0
          -71.73955,42.30086,0
          -71.74091,42.29982,0
          -71.7415,42.29943,0
          -71.74152,42.29941,0
          -71.74166,42.29932,0
          -71.74167,42.29931,0
          -71.74168,42.29931,0
          -71.74239,42.29886,0
          -71.74241,42.29884,0
          -71.74242,42.29884,0
          -71.74296,42.29851,0
          -71.74297,42.2985,0
          -71.74298,42.2985,0
          -71.74349,42.2982,0
          -71.74356,42.29817,0
          -71.74433,42.29774,0
          -71.74496,42.29742,0
          -71.74701,42.2965,0
          -71.74877,42.29583,0
          -71.74962,42.29555,0
          -71.74974,42.29552,0
          -71.74987,42.29547,0
          -71.75239,42.29478,0
          -71.75453,42.29434,0
          -71.76011,42.29342,0
          -71.76017,42.29342,0
          -71.77772,42.29055,0
          -71.77885,42.2904,0
          -71.77891,42.2904,0
          -71.77906,42.29038,0
          -71.78069,42.2903,0
          -71.78173,42.29031,0
          -71.78252,42.29035,0
          -71.78502,42.29057,0
          -71.78588,42.29062,0
          -71.78595,42.29063,0
          -71.78669,42.29065,0
          -71.78787,42.29064,0
          -71.78913,42.29056,0
          -71.79164,42.29029,0
          -71.79289,42.29012,0
          -71.79374,42.28994,0
          -71.79378,42.28994,0
          -71.79445,42.28974,0
          -71.79446,42.28974,0
          -71.79515,42.28949,0
          -71.79581,42.28916,0
          -71.79609,42.28899,0
          -71.79628,42.28885,0
          -71.7963,42.28883,0
          -71.79641,42.28875,0
          -71.79676,42.28844,0
          -71.79708,42.28809,0
          -71.79731,42.28776,0
          -71.79753,42.28737,0
          -71.79755,42.28731,0
          -71.79759,42.28723,0
          -71.79773,42.28683,0
          -71.79787,42.28621,0
          -71.79794,42.2856,0
          -71.79797,42.28486,0
          -71.79786,42.28207,0
          -71.79781,42.27894,0
          -71.79774,42.27835,0
          -71.79772,42.27825,0
          -71.79772,42.27819,0
          -71.79768,42.27798,0
          -71.79758,42.27759,0
          -71.79745,42.27718,0
          -71.79722,42.27657,0
          -71.79517,42.27249,0
          -71.79515,42.27247,0
          -71.79514,42.27244,0
          -71.79374,42.26965,0
          -71.79361,42.26933,0
          -71.79347,42.2689,0
          -71.79337,42.26838,0
          -71.79333,42.26763,0
          -71.79336,42.26705,0
          -71.79362,42.26465,0
          -71.79368,42.26378,0
          -71.79368,42.26308,0
          -71.79349,42.26,0
          -71.79348,42.25957,0
          -71.7935,42.25926,0
          -71.79356,42.25884,0
          -71.79364,42.25846,0
          -71.79378,42.25804,0
          -71.79408,42.25742,0
          -71.79419,42.25722,0
          -71.79446,42.25683,0
          -71.7948,42.2564,0
          -71.79489,42.25631,0
          -71.79497,42.25621,0
          -71.79518,42.25602,0
          -71.79518,42.25601,0
          -71.79734,42.25398,0
          -71.7978,42.25348,0
          -71.79807,42.25316,0
          -71.79855,42.25253,0
          -71.79894,42.25197,0
          -71.799,42.25185,0
          -71.79927,42.25139,0
          -71.79928,42.25136,0
          -71.79929,42.25136,0
          -71.79935,42.25123,0
          -71.79941,42.25113,0
          -71.79967,42.25056,0
          -71.79969,42.25053,0
          -71.79984,42.25017,0
          -71.79987,42.25013,0
          -71.80021,42.24935,0
          -71.8006,42.24855,0
          -71.80095,42.24791,0
          -71.80096,42.24787,0
          -71.80109,42.24766,0
          -71.80114,42.24756,0
          -71.80115,42.24756,0
          -71.80186,42.24647,0
          -71.80231,42.24586,0
          -71.80234,42.24583,0
          -71.80238,42.24577,0
          -71.80241,42.24574,0
          -71.80338,42.24445,0
          -71.80361,42.24418,0
          -71.80376,42.24403,0
          -71.8038,42.244,0
          -71.80386,42.24394,0
          -71.80423,42.24364,0
          -71.8044,42.24353,0
          -71.80443,42.2435,0
          -71.80453,42.24345,0
          -71.8046,42.2434,0
          -71.80473,42.24333,0
          -71.80523,42.2431,0
          -71.8055,42.243,0
          -71.80604,42.24285,0
          -71.80627,42.2428,0
          -71.80677,42.24273,0
          -71.80721,42.2427,0
          -71.80913,42.24267,0
          -71.80928,42.24265,0
          -71.80935,42.24265,0
          -71.80987,42.24257,0
          -71.81015,42.24251,0
          -71.81043,42.24243,0
          -71.81044,42.24243,0
          -71.8107,42.24235,0
          -71.81123,42.24213,0
          -71.81159,42.24194,0
          -71.81182,42.2418,0
          -71.81204,42.24164,0
          -71.81272,42.24107,0
          -71.81281,42.24098,0
          -71.81291,42.2409,0
          -71.813,42.24081,0
          -71.81376,42.24015,0
          -71.81387,42.24004,0
          -71.81395,42.23998,0
          -71.81403,42.2399,0
          -71.81458,42.23942,0
          -71.81571,42.23851,0
          -71.81721,42.23746,0
          -71.81737,42.23737,0
          -71.81754,42.23725,0
          -71.8192,42.23624,0
          -71.82015,42.2356,0
          -71.82017,42.23558,0
          -71.82028,42.23551,0
          -71.82111,42.23487,0
          -71.82169,42.23437,0
          -71.8217,42.23437,0
          -71.82179,42.23428,0
          -71.82189,42.2342,0
          -71.82262,42.2335,0
          -71.82267,42.23344,0
          -71.82288,42.23323,0
          -71.82325,42.23282,0
          -71.82385,42.2321,0
          -71.82447,42.23125,0
          -71.82515,42.23017,0
          -71.8256,42.22929,0
          -71.82592,42.22853,0
          -71.82609,42.22804,0
          -71.82629,42.22734,0
          -71.82723,42.2229,0
          -71.82731,42.22262,0
          -71.82755,42.22194,0
          -71.82775,42.22146,0
          -71.82836,42.2203,0
          -71.82899,42.21937,0
          -71.82902,42.21934,0
          -71.82908,42.21926,0
          -71.82909,42.21924,0
          -71.82954,42.21869,0
          -71.83007,42.21811,0
          -71.83528,42.21286,0
          -71.83534,42.21279,0
          -71.83544,42.2127,0
          -71.83587,42.21226,0
          -71.83642,42.21165,0
          -71.83688,42.21107,0
          -71.83716,42.21068,0
          -71.83728,42.21049,0
          -71.83729,42.21048,0
          -71.8377,42.2098,0
          -71.83796,42.20931,0
          -71.83803,42.20915,0
          -71.83808,42.20906,0
          -71.83868,42.2077,0
          -71.83873,42.20756,0
          -71.83953,42.20573,0
          -71.83955,42.2057,0
          -71.83963,42.20551,0
          -71.83965,42.20548,0
          -71.84025,42.2041,0
          -71.84025,42.20408,0
          -71.84055,42.20341,0
          -71.84055,42.20339,0
          -71.84081,42.20285,0
          -71.84107,42.20238,0
          -71.84156,42.20161,0
          -71.84206,42.20094,0
          -71.84209,42.20089,0
          -71.84268,42.20013,0
          -71.84271,42.20008,0
          -71.84278,42.2,0
          -71.84357,42.19896,0
          -71.84366,42.19886,0
          -71.84448,42.19774,0
          -71.84474,42.19734,0
          -71.84506,42.19678,0
          -71.84513,42.19663,0
          -71.84521,42.19649,0
          -71.84554,42.19573,0
          -71.8458,42.19502,0
          -71.84626,42.19354,0
          -71.84628,42.1935,0
          -71.84663,42.19242,0
          -71.84663,42.1924,0
          -71.84735,42.19004,0
          -71.84753,42.18934,0
          -71.84764,42.1893,0
          -71.84765,42.18929,0
          -71.84782,42.18884,0
          -71.84792,42.18863,0
          -71.84806,42.18838,0
          -71.84812,42.18831,0
          -71.84829,42.18807,0
          -71.84857,42.18775,0
          -71.84905,42.1873,0
          -71.84922,42.18718,0
          -71.84928,42.18712,0
          -71.85054,42.18629,0
          -71.85115,42.18599,0
          -71.85149,42.18585,0
          -71.85251,42.18551,0
          -71.85281,42.18544,0
          -71.85286,42.18542,0
          -71.85301,42.18538,0
          -71.85305,42.18538,0
          -71.85317,42.18536,0
          -71.85333,42.18536,0
          -71.85345,42.18537,0
          -71.85352,42.18539,0
          -71.85359,42.1854,0
          -71.85375,42.18544,0
          -71.85396,42.18553,0
          -71.85403,42.18557,0
          -71.85426,42.18575,0
          -71.85437,42.18589,0
          -71.85446,42.18604,0
          -71.85455,42.18625,0
          -71.85492,42.18729,0
          -71.85494,42.18737,0
          -71.85496,42.18759,0
          -71.85496,42.1877,0
          -71.85495,42.18778,0
          -71.85495,42.18787,0
          -71.85494,42.18788,0
          -71.85493,42.18797,0
          -71.85491,42.18804,0
          -71.85444,42.18911,0
          -71.85443,42.18915,0
          -71.85386,42.19046,0
          -71.8527,42.19332,0
          -71.85268,42.19335,0
          -71.85266,42.19343,0
          -71.85244,42.19393,0
          -71.8524,42.19398,0
          -71.85238,42.19402,0
          -71.85231,42.19411,0
          -71.85224,42.19418,0
          -71.85208,42.1943,0
          -71.85198,42.19436,0
          -71.85186,42.19441,0
          -71.85184,42.19441,0
          -71.85182,42.19442,0
          -71.8518,42.19442,0
          -71.85175,42.19443,0
          -71.8517,42.19443,0
          -71.85166,42.19444,0
          -71.85153,42.19444,0
          -71.85134,42.19441,0
          -71.85112,42.19431,0
          -71.85105,42.19424,0
          -71.85102,42.19422,0
          -71.85098,42.19417,0
          -71.8509,42.19402,0
          -71.85089,42.19398,0
          -71.85089,42.19385,0
          -71.8509,42.19382,0
          -71.85091,42.19376,0
          -71.85095,42.19367,0
          -71.85101,42.19358,0
          -71.85114,42.19345,0
          -71.8512,42.1934,0
          -71.85148,42.19323,0
          -71.85173,42.1931,0
          -71.85174,42.19309,0
          -71.85175,42.19301,0
          -71.85267,42.19271,0
          -71.8533,42.19253,0
          -71.85467,42.19219,0
          -71.85533,42.19206,0
          -71.85538,42.19206,0
          -71.85625,42.1919,0
          -71.85716,42.19179,0
          -71.85729,42.19179,0
          -71.8623,42.19144,0
          -71.86346,42.19131,0
          -71.86378,42.19126,0
          -71.8638,42.19126,0
          -71.86534,42.19098,0
          -71.86563,42.19091,0
          -71.86566,42.19091,0
          -71.86694,42.19058,0
          -71.86698,42.19058,0
          -71.86805,42.19025,0
          -71.86884,42.18996,0
          -71.87036,42.18932,0
          -71.87037,42.18932,0
          -71.8743,42.18763,0
          -71.87469,42.18749,0
          -71.87475,42.18746,0
          -71.87533,42.18726,0
          -71.8864,42.18423,0
          -71.89669,42.18193,0
          -71.89803,42.18159,0
          -71.8981,42.18158,0
          -71.90075,42.18079,0
          -71.90151,42.18053,0
          -71.90151,42.18052,0
          -71.90325,42.17988,0
          -71.90736,42.17827,0
          -71.90926,42.17757,0
          -71.90976,42.17741,0
          -71.90978,42.1774,0
          -71.91211,42.1767,0
          -71.9141,42.17621,0
          -71.92074,42.17483,0
          -71.92192,42.17455,0
          -71.92371,42.17405,0
          -71.92516,42.17359,0
          -71.9265,42.17311,0
          -71.92651,42.17311,0
          -71.92652,42.1731,0
          -71.92668,42.17305,0
          -71.92673,42.17302,0
          -71.92711,42.17288,0
          -71.92712,42.17287,0
          -71.92775,42.17263,0
          -71.92941,42.17191,0
          -71.93013,42.17156,0
          -71.93023,42.17152,0
          -71.93377,42.16968,0
          -71.9338,42.16967,0
          -71.93756,42.16771,0
          -71.93764,42.16766,0
          -71.94287,42.16494,0
          -71.94455,42.16417,0
          -71.95295,42.16081,0
          -71.95308,42.16077,0
          -71.95321,42.16071,0
          -71.95386,42.16046,0
          -71.95399,42.1604,0
          -71.95424,42.16031,0
          -71.95427,42.16029,0
          -71.95437,42.16025,0
          -71.95438,42.16025,0
          -71.95631,42.15946,0
          -71.95645,42.15939,0
          -71.95656,42.15935,0
          -71.95681,42.15923,0
          -71.95694,42.15918,0
          -71.95866,42.15834,0
          -71.95959,42.15784,0
          -71.95964,42.15782,0
          -71.96,42.15762,0
          -71.96001,42.15762,0
          -71.96127,42.15693,0
          -71.96133,42.15691,0
          -71.96141,42.15686,0
          -71.96204,42.15653,0
          -71.96212,42.15648,0
          -71.96271,42.15617,0
          -71.96384,42.15564,0
          -71.96474,42.15527,0
          -71.96475,42.15527,0
          -71.96514,42.15511,0
          -71.96527,42.15507,0
          -71.96552,42.15497,0
          -71.96692,42.15452,0
          -71.96702,42.1545,0
          -71.96753,42.15435,0
          -71.96782,42.15428,0
          -71.96787,42.15426,0
          -71.96861,42.15409,0
          -71.9687,42.15406,0
          -71.96941,42.15391,0
          -71.96978,42.15385,0
          -71.96984,42.15383,0
          -71.97143,42.15359,0
          -71.97245,42.15348,0
          -71.97348,42.15341,0
          -71.97947,42.15316,0
          -71.97955,42.15315,0
          -71.98176,42.15306,0
          -71.98308,42.15297,0
          -71.98322,42.15295,0
          -71.98398,42.15289,0
          -71.98447,42.15283,0
          -71.98455,42.15283,0
          -71.98508,42.15276,0
          -71.98514,42.15276,0
          -71.98762,42.15239,0
          -71.99774,42.15032,0
          -71.99776,42.15032,0
          -71.99939,42.14998,0
          -71.99945,42.14996,0
          -72.00487,42.14884,0
          -72.00489,42.14884,0
          -72.00702,42.1484,0
          -72.00858,42.14804,0
          -72.00943,42.14781,0
          -72.00954,42.14779,0
          -72.00962,42.14776,0
          -72.01094,42.14738,0
          -72.01095,42.14738,0
          -72.01298,42.1467,0
          -72.01467,42.14605,0
          -72.01646,42.14527,0
          -72.01693,42.14504,0
          -72.01696,42.14503,0
          -72.01766,42.14468,0
          -72.01769,42.14467,0
          -72.01903,42.144,0
          -72.01917,42.14394,0
          -72.01929,42.14387,0
          -72.02124,42.1429,0
          -72.02125,42.1429,0
          -72.02161,42.14272,0
          -72.02162,42.14272,0
          -72.02173,42.14267,0
          -72.02185,42.1426,0
          -72.02196,42.14255,0
          -72.02197,42.14255,0
          -72.02248,42.14229,0
          -72.02254,42.14227,0
          -72.02517,42.14097,0
          -72.02529,42.14092,0
          -72.02532,42.1409,0
          -72.02681,42.14025,0
          -72.02695,42.1402,0
          -72.02707,42.14014,0
          -72.02865,42.13954,0
          -72.02866,42.13954,0
          -72.0303,42.13898,0
          -72.03122,42.1387,0
          -72.03135,42.13867,0
          -72.03188,42.13851,0
          -72.0319,42.13851,0
          -72.03395,42.13792,0
          -72.03396,42.13792,0
          -72.03507,42.1376,0
          -72.03508,42.1376,0
          -72.03575,42.13741,0
          -72.03577,42.13741,0
          -72.03591,42.13736,0
          -72.03604,42.13733,0
          -72.03833,42.13663,0
          -72.03835,42.13662,0
          -72.03931,42.13631,0
          -72.03933,42.1363,0
          -72.04078,42.13582,0
          -72.04083,42.13581,0
          -72.04093,42.13577,0
          -72.04105,42.13574,0
          -72.042,42.13543,0
          -72.04202,42.13542,0
          -72.04829,42.13338,0
          -72.0483,42.13338,0
          -72.05713,42.13049,0
          -72.05838,42.13016,0
          -72.05908,42.13002,0
          -72.05923,42.12998,0
          -72.06031,42.12981,0
          -72.06056,42.12979,0
          -72.06066,42.12977,0
          -72.06073,42.12977,0
          -72.06098,42.12973,0
          -72.06184,42.12966,0
          -72.06198,42.12966,0
          -72.06223,42.12964,0
          -72.06375,42.12963,0
          -72.06379,42.12964,0
          -72.06423,42.12965,0
          -72.06512,42.12971,0
          -72.06526,42.12973,0
          -72.06533,42.12973,0
          -72.06597,42.1298,0
          -72.06601,42.12981,0
          -72.06641,42.12986,0
          -72.06669,42.12991,0
          -72.06672,42.12991,0
          -72.06811,42.13018,0
          -72.06881,42.13036,0
          -72.06883,42.13036,0
          -72.06909,42.13044,0
          -72.06922,42.13047,0
          -72.06983,42.13066,0
          -72.0699,42.13069,0
          -72.07053,42.1309,0
          -72.07059,42.13093,0
          -72.07072,42.13097,0
          -72.07147,42.13127,0
          -72.07184,42.13144,0
          -72.07185,42.13145,0
          -72.07198,42.1315,0
          -72.07652,42.13358,0
          -72.07661,42.13363,0
          -72.07788,42.13418,0
          -72.07863,42.13447,0
          -72.0796,42.13481,0
          -72.08098,42.13522,0
          -72.0815,42.13535,0
          -72.08152,42.13535,0
          -72.08181,42.13542,0
          -72.08182,42.13542,0
          -72.08197,42.13546,0
          -72.0821,42.13548,0
          -72.08238,42.13555,0
          -72.08357,42.13577,0
          -72.08367,42.13578,0
          -72.08381,42.13581,0
          -72.08524,42.136,0
          -72.08596,42.13607,0
          -72.08792,42.13617,0
          -72.0895,42.13615,0
          -72.09112,42.13605,0
          -72.09136,42.13602,0
          -72.09142,42.13602,0
          -72.09419,42.13566,0
          -72.09435,42.13563,0
          -72.0945,42.13562,0
          -72.09594,42.13542,0
          -72.09597,42.13542,0
          -72.09839,42.13508,0
          -72.09852,42.13507,0
          -72.09897,42.135,0
          -72.0991,42.13499,0
          -72.09926,42.13496,0
          -72.09939,42.13495,0
          -72.09985,42.13488,0
          -72.09989,42.13488,0
          -72.10057,42.13478,0
          -72.10061,42.13478,0
          -72.10489,42.13419,0
          -72.10503,42.13418,0
          -72.10981,42.13354,0
          -72.10985,42.13354,0
          -72.10995,42.13352,0
          -72.11069,42.13345,0
          -72.11081,42.13345,0
          -72.11084,42.13344,0
          -72.11259,42.13334,0
          -72.11289,42.13334,0
          -72.11298,42.13333,0
          -72.11451,42.13333,0
          -72.11465,42.13334,0
          -72.11494,42.13334,0
          -72.11685,42.13345,0
          -72.11698,42.13347,0
          -72.1173,42.13349,0
          -72.11733,42.1335,0
          -72.1179,42.13355,0
          -72.11799,42.13357,0
          -72.11814,42.13358,0
          -72.12018,42.13388,0
          -72.12028,42.13391,0
          -72.12031,42.13391,0
          -72.12101,42.13404,0
          -72.12269,42.13442,0
          -72.12296,42.1345,0
          -72.12311,42.13453,0
          -72.12338,42.13461,0
          -72.12352,42.13464,0
          -72.12394,42.13477,0
          -72.12396,42.13477,0
          -72.12512,42.13513,0
          -72.12516,42.13515,0
          -72.12569,42.13533,0
          -72.12583,42.13539,0
          -72.1261,42.13548,0
          -72.1274,42.136,0
          -72.12854,42.13651,0
          -72.1301,42.1373,0
          -72.13012,42.13732,0
          -72.13118,42.13792,0
          -72.13163,42.13821,0
          -72.13164,42.13821,0
          -72.13241,42.13871,0
          -72.13568,42.14105,0
          -72.13587,42.1412,0
          -72.13777,42.14256,0
          -72.13779,42.14258,0
          -72.13956,42.14385,0
          -72.13957,42.14385,0
          -72.14139,42.14516,0
          -72.14142,42.14519,0
          -72.14182,42.14547,0
          -72.14197,42.14559,0
          -72.14368,42.14681,0
          -72.14371,42.14684,0
          -72.14636,42.14873,0
          -72.14756,42.1495,0
          -72.14826,42.14991,0
          -72.14844,42.15,0
          -72.1486,42.1501,0
          -72.14865,42.15012,0
          -72.14885,42.15023,0
          -72.14886,42.15024,0
          -72.15005,42.15084,0
          -72.15111,42.15132,0
          -72.1521,42.15173,0
          -72.1533,42.15217,0
          -72.15341,42.15222,0
          -72.15435,42.15255,0
          -72.15435,42.15256,0
          -72.15965,42.15449,0
          -72.15974,42.15451,0
          -72.16441,42.15623,0
          -72.16554,42.15672,0
          -72.16678,42.15731,0
          -72.16714,42.1575,0
          -72.16715,42.15751,0
          -72.16754,42.15771,0
          -72.16869,42.15837,0
          -72.17003,42.15924,0
          -72.17077,42.15978,0
          -72.17085,42.15985,0
          -72.17141,42.16027,0
          -72.17146,42.16032,0
          -72.17158,42.1604,0
          -72.17268,42.16128,0
          -72.1729,42.16144,0
          -72.173,42.16153,0
          -72.17533,42.16337,0
          -72.17539,42.16341,0
          -72.17666,42.16442,0
          -72.17672,42.16446,0
          -72.17687,42.16459,0
          -72.17688,42.16459,0
          -72.17882,42.1661,0
          -72.17942,42.16652,0
          -72.17945,42.16655,0
          -72.17991,42.16685,0
          -72.17996,42.16689,0
          -72.18118,42.16764,0
          -72.18211,42.16816,0
          -72.18222,42.16821,0
          -72.18426,42.16931,0
          -72.18439,42.16937,0
          -72.18938,42.17206,0
          -72.18941,42.17207,0
          -72.19135,42.17312,0
          -72.1914,42.17314,0
          -72.19388,42.17447,0
          -72.19394,42.17451,0
          -72.19747,42.1764,0
          -72.19748,42.17641,0
          -72.19768,42.17651,0
          -72.1977,42.17653,0
          -72.2022,42.17894,0
          -72.20226,42.17898,0
          -72.20371,42.17976,0
          -72.20382,42.17981,0
          -72.20441,42.18013,0
          -72.20567,42.18072,0
          -72.20692,42.18121,0
          -72.20725,42.18131,0
          -72.20752,42.18141,0
          -72.20835,42.18166,0
          -72.2095,42.18195,0
          -72.21082,42.18221,0
          -72.21184,42.18236,0
          -72.21308,42.18248,0
          -72.21412,42.18253,0
          -72.21546,42.18254,0
          -72.21604,42.18252,0
          -72.21737,42.18242,0
          -72.23851,42.18016,0
          -72.24054,42.1799,0
          -72.2414,42.17975,0
          -72.24307,42.1794,0
          -72.24381,42.17922,0
          -72.24472,42.17896,0
          -72.24474,42.17896,0
          -72.24599,42.17858,0
          -72.24781,42.17791,0
          -72.24782,42.17791,0
          -72.24875,42.17752,0
          -72.2523,42.17587,0
          -72.25236,42.17585,0
          -72.25356,42.17528,0
          -72.25367,42.17524,0
          -72.25482,42.17469,0
          -72.25483,42.17469,0
          -72.25686,42.17374,0
          -72.25688,42.17374,0
          -72.25752,42.17344,0
          -72.25831,42.17306,0
          -72.25839,42.17303,0
          -72.25913,42.17268,0
          -72.25914,42.17268,0
          -72.25929,42.17261,0
          -72.25934,42.17258,0
          -72.25953,42.1725,0
          -72.25954,42.17249,0
          -72.25987,42.17234,0
          -72.25988,42.17233,0
          -72.26054,42.17202,0
          -72.26069,42.17196,0
          -72.26167,42.17149,0
          -72.2618,42.17144,0
          -72.26242,42.17115,0
          -72.26249,42.17111,0
          -72.26387,42.17047,0
          -72.26387,42.17046,0
          -72.26451,42.17017,0
          -72.26466,42.17009,0
          -72.26508,42.16991,0
          -72.26514,42.16987,0
          -72.26522,42.16984,0
          -72.26559,42.16966,0
          -72.26563,42.16965,0
          -72.2657,42.16961,0
          -72.26595,42.1695,0
          -72.26604,42.16945,0
          -72.26733,42.16886,0
          -72.26748,42.16878,0
          -72.26759,42.16874,0
          -72.26785,42.16861,0
          -72.26926,42.16801,0
          -72.2715,42.16717,0
          -72.27315,42.16664,0
          -72.27509,42.16611,0
          -72.27755,42.16556,0
          -72.27843,42.1654,0
          -72.27847,42.1654,0
          -72.27986,42.16517,0
          -72.28113,42.16501,0
          -72.28226,42.16492,0
          -72.28321,42.16488,0
          -72.28487,42.1649,0
          -72.28605,42.16498,0
          -72.28734,42.16514,0
          -72.28737,42.16515,0
          -72.2876,42.16518,0
          -72.28876,42.1654,0
          -72.28878,42.1654,0
          -72.2888,42.16541,0
          -72.28964,42.1656,0
          -72.28977,42.16564,0
          -72.28991,42.16567,0
          -72.29103,42.166,0
          -72.2917,42.16623,0
          -72.29195,42.16634,0
          -72.29225,42.16644,0
          -72.29316,42.16682,0
          -72.29413,42.16728,0
          -72.29494,42.16773,0
          -72.29497,42.16774,0
          -72.29513,42.16784,0
          -72.29521,42.16788,0
          -72.29749,42.16928,0
          -72.2975,42.16929,0
          -72.29949,42.17052,0
          -72.29955,42.17055,0
          -72.29983,42.17073,0
          -72.29986,42.17074,0
          -72.30137,42.17168,0
          -72.30138,42.17168,0
          -72.30159,42.1718,0
          -72.30175,42.17191,0
          -72.30755,42.17546,0
          -72.30853,42.17594,0
          -72.30957,42.17636,0
          -72.31048,42.17666,0
          -72.31054,42.17667,0
          -72.31111,42.17683,0
          -72.31126,42.17686,0
          -72.3114,42.1769,0
          -72.3121,42.17705,0
          -72.31213,42.17705,0
          -72.31256,42.17713,0
          -72.31353,42.17726,0
          -72.31456,42.17734,0
          -72.31546,42.17736,0
          -72.31623,42.17734,0
          -72.31728,42.17726,0
          -72.31845,42.1771,0
          -72.31923,42.17695,0
          -72.31966,42.17684,0
          -72.31968,42.17683,0
          -72.32008,42.17673,0
          -72.3211,42.17641,0
          -72.3235,42.17552,0
          -72.32354,42.17551,0
          -72.32485,42.17502,0
          -72.32489,42.17501,0
          -72.32493,42.17499,0
          -72.32623,42.17451,0
          -72.32624,42.17451,0
          -72.33143,42.17257,0
          -72.3325,42.17222,0
          -72.33406,42.17181,0
          -72.33563,42.1715,0
          -72.33622,42.17142,0
          -72.34172,42.17102,0
          -72.34181,42.17102,0
          -72.34403,42.17084,0
          -72.34523,42.17068,0
          -72.34594,42.17056,0
          -72.34733,42.17024,0
          -72.34831,42.16996,0
          -72.34962,42.16951,0
          -72.35056,42.16913,0
          -72.35129,42.1688,0
          -72.35129,42.16879,0
          -72.35181,42.16853,0
          -72.35282,42.16798,0
          -72.35297,42.16788,0
          -72.35305,42.16784,0
          -72.35391,42.16728,0
          -72.35454,42.16682,0
          -72.35476,42.16664,0
          -72.35658,42.16528,0
          -72.35677,42.16512,0
          -72.35689,42.16504,0
          -72.35911,42.16336,0
          -72.35913,42.16334,0
          -72.35915,42.16333,0
          -72.35954,42.16304,0
          -72.35965,42.16297,0
          -72.35992,42.16277,0
          -72.35993,42.16277,0
          -72.3607,42.16219,0
          -72.36084,42.16207,0
          -72.36223,42.16102,0
          -72.36224,42.16102,0
          -72.36285,42.16054,0
          -72.36335,42.16018,0
          -72.36338,42.16015,0
          -72.36501,42.15896,0
          -72.36629,42.15814,0
          -72.36706,42.15769,0
          -72.36777,42.15731,0
          -72.3689,42.15677,0
          -72.36891,42.15676,0
          -72.37021,42.1562,0
          -72.37182,42.15561,0
          -72.37385,42.155,0
          -72.37505,42.15471,0
          -72.37661,42.1544,0
          -72.3769,42.15436,0
          -72.37692,42.15435,0
          -72.37899,42.15408,0
          -72.37906,42.15408,0
          -72.37973,42.15401,0
          -72.38043,42.15397,0
          -72.38045,42.15396,0
          -72.38201,42.15391,0
          -72.38338,42.15392,0
          -72.38536,42.15403,0
          -72.3854,42.15404,0
          -72.38598,42.15409,0
          -72.38609,42.15411,0
          -72.38689,42.1542,0
          -72.3869,42.15421,0
          -72.38905,42.15451,0
          -72.38919,42.15452,0
          -72.39052,42.15471,0
          -72.39055,42.15472,0
          -72.3928,42.15504,0
          -72.39285,42.15504,0
          -72.39448,42.15527,0
          -72.39451,42.15528,0
          -72.39911,42.15593,0
          -72.39914,42.15593,0
          -72.39988,42.15604,0
          -72.39991,42.15604,0
          -72.4039,42.15659,0
          -72.40399,42.15661,0
          -72.41218,42.15776,0
          -72.41357,42.15806,0
          -72.41377,42.15812,0
          -72.41392,42.15815,0
          -72.41393,42.15816,0
          -72.41448,42.15832,0
          -72.41522,42.15858,0
          -72.41544,42.15867,0
          -72.41548,42.15868,0
          -72.4158,42.15881,0
          -72.41584,42.15882,0
          -72.42015,42.16072,0
          -72.42029,42.16077,0
          -72.42067,42.16094,0
          -72.4207,42.16096,0
          -72.42083,42.16101,0
          -72.42106,42.16112,0
          -72.4212,42.16117,0
          -72.42381,42.16233,0
          -72.42395,42.16238,0
          -72.4242,42.1625,0
          -72.42426,42.16252,0
          -72.42775,42.16406,0
          -72.42786,42.1641,0
          -72.42957,42.16485,0
          -72.42975,42.16494,0
          -72.43067,42.16534,0
          -72.43068,42.16534,0
          -72.43251,42.16615,0
          -72.43257,42.16617,0
          -72.43509,42.16728,0
          -72.43513,42.16729,0
          -72.43593,42.16764,0
          -72.43606,42.16771,0
          -72.43645,42.16787,0
          -72.43645,42.16788,0
          -72.43746,42.16832,0
          -72.4375,42.16833,0
          -72.43825,42.16865,0
          -72.43829,42.16866,0
          -72.43843,42.16872,0
          -72.43941,42.16907,0
          -72.44027,42.16934,0
          -72.44029,42.16935,0
          -72.44175,42.16975,0
          -72.4424,42.16989,0
          -72.44242,42.1699,0
          -72.44279,42.16998,0
          -72.44288,42.16999,0
          -72.44347,42.17011,0
          -72.44349,42.17011,0
          -72.44407,42.17021,0
          -72.44553,42.1704,0
          -72.44725,42.17053,0
          -72.4486,42.17057,0
          -72.45027,42.17052,0
          -72.45123,42.17046,0
          -72.48337,42.16704,0
          -72.48358,42.167,0
          -72.48919,42.16643,0
          -72.48923,42.16642,0
          -72.49964,42.16541,0
          -72.49966,42.1654,0
          -72.50235,42.16513,0
          -72.50239,42.16512,0
          -72.50441,42.16491,0
          -72.50446,42.16491,0
          -72.50714,42.16463,0
          -72.50717,42.16462,0
          -72.51374,42.16394,0
          -72.51379,42.16394,0
          -72.51632,42.16367,0
          -72.51651,42.16366,0
          -72.52396,42.16288,0
          -72.52404,42.16288,0
          -72.52424,42.16285,0
          -72.52479,42.1628,0
          -72.52491,42.16278,0
          -72.53468,42.16177,0
          -72.53658,42.16163,0
          -72.53758,42.16159,0
          -72.53972,42.16159,0
          -72.54067,42.16163,0
          -72.54073,42.16164,0
          -72.54206,42.16173,0
          -72.5421,42.16174,0
          -72.54836,42.16243,0
          -72.5484,42.16244,0
          -72.54987,42.16261,0
          -72.55003,42.16264,0
          -72.55023,42.16266,0
          -72.55139,42.16286,0
          -72.55285,42.16318,0
          -72.55291,42.1632,0
          -72.55298,42.16321,0
          -72.55456,42.16366,0
          -72.55571,42.16407,0
          -72.55572,42.16407,0
          -72.55721,42.16464,0
          -72.55722,42.16465,0
          -72.55751,42.16475,0
          -72.55828,42.16506,0
          -72.55835,42.16508,0
          -72.55901,42.16533,0
          -72.55914,42.16539,0
          -72.55916,42.16539,0
          -72.56001,42.16572,0
          -72.56002,42.16572,0
          -72.56509,42.16769,0
          -72.56523,42.16773,0
          -72.56542,42.16781,0
          -72.56561,42.16787,0
          -72.5657,42.16789,0
          -72.56739,42.16841,0
          -72.56853,42.16868,0
          -72.56952,42.16888,0
          -72.56967,42.1689,0
          -72.5698,42.16893,0
          -72.57037,42.16902,0
          -72.57039,42.16902,0
          -72.57053,42.16905,0
          -72.57181,42.16921,0
          -72.57185,42.16921,0
          -72.57197,42.16923,0
          -72.57263,42.16929,0
          -72.57288,42.1693,0
          -72.57302,42.16932,0
          -72.57547,42.1695,0
          -72.57561,42.16952,0
          -72.5816,42.16995,0
          -72.58325,42.16997,0
          -72.58332,42.16996,0
          -72.58471,42.16992,0
          -72.58592,42.16984,0
          -72.58748,42.16966,0
          -72.58807,42.16956,0
          -72.58826,42.16954,0
          -72.5895,42.16932,0
          -72.59222,42.16871,0
          -72.59396,42.16827,0
          -72.59435,42.16815,0
          -72.59448,42.16812,0
          -72.59549,42.16779,0
          -72.59678,42.16731,0
          -72.59792,42.16682,0
          -72.59879,42.1664,0
          -72.59884,42.16637,0
          -72.59885,42.16637,0
          -72.5995,42.16602,0
          -72.59973,42.16588,0
          -72.59985,42.16582,0
          -72.60125,42.16493,0
          -72.60235,42.16412,0
          -72.60238,42.16409,0
          -72.6025,42.16401,0
          -72.60265,42.16389,0
          -72.60269,42.16385,0
          -72.60413,42.16275,0
          -72.60422,42.16267,0
          -72.6046,42.16238,0
          -72.60463,42.16235,0
          -72.60473,42.16228,0
          -72.60476,42.16225,0
          -72.60484,42.1622,0
          -72.60668,42.16078,0
          -72.60678,42.16069,0
          -72.60832,42.15951,0
          -72.60832,42.1595,0
          -72.60852,42.15935,0
          -72.60861,42.15927,0
          -72.60862,42.15927,0
          -72.60933,42.15872,0
          -72.60945,42.15864,0
          -72.60967,42.15846,0
          -72.60978,42.15839,0
          -72.60998,42.15823,0
          -72.6102,42.15808,0
          -72.6103,42.158,0
          -72.61053,42.15785,0
          -72.61058,42.15781,0
          -72.61064,42.15778,0
          -72.61086,42.15763,0
          -72.61097,42.15757,0
          -72.6112,42.15742,0
          -72.61143,42.15729,0
          -72.61155,42.15721,0
          -72.61179,42.15708,0
          -72.61181,42.15706,0
          -72.61314,42.15637,0
          -72.61429,42.15587,0
          -72.61433,42.15586,0
          -72.61457,42.15576,0
          -72.61458,42.15576,0
          -72.61513,42.15555,0
          -72.61554,42.15542,0
          -72.61565,42.15537,0
          -72.6162,42.15521,0
          -72.61634,42.15518,0
          -72.6173,42.1549,0
          -72.61731,42.1549,0
          -72.61769,42.1548,0
          -72.61772,42.1548,0
          -72.61924,42.15449,0
          -72.61928,42.15449,0
          -72.62056,42.1543,0
          -72.62103,42.15426,0
          -72.62105,42.15425,0
          -72.62202,42.15417,0
          -72.62261,42.15415,0
          -72.62267,42.15414,0
          -72.62304,42.15414,0
          -72.62318,42.15413,0
          -72.62362,42.15413,0
          -72.62363,42.15412,0
          -72.62522,42.1541,0
          -72.62535,42.15409,0
          -72.62574,42.15409,0
          -72.62582,42.15408,0
          -72.62762,42.15406,0
          -72.62769,42.15405,0
          -72.62881,42.15404,0
          -72.62894,42.15403,0
          -72.63049,42.15401,0
          -72.63062,42.154,0
          -72.63236,42.15398,0
          -72.63246,42.15397,0
          -72.63636,42.15392,0
          -72.63643,42.15391,0
          -72.63701,42.15391,0
          -72.64857,42.15325,0
          -72.64874,42.15323,0
          -72.65345,42.15337,0
          -72.65354,42.15338,0
          -72.65482,42.15339,0
          -72.65543,42.15337,0
          -72.65545,42.15336,0
          -72.65552,42.15336,0
          -72.65696,42.15324,0
          -72.65778,42.15314,0
          -72.65864,42.153,0
          -72.65977,42.15277,0
          -72.6606,42.15256,0
          -72.66063,42.15256,0
          -72.66089,42.1525,0
          -72.66144,42.15234,0
          -72.6617,42.15224,0
          -72.66184,42.1522,0
          -72.66209,42.1521,0
          -72.66223,42.15206,0
          -72.66909,42.14959,0
          -72.66911,42.14959,0
          -72.6699,42.14929,0
          -72.67003,42.14925,0
          -72.67095,42.14885,0
          -72.67171,42.14848,0
          -72.67198,42.14832,0
          -72.672,42.14832,0
          -72.67276,42.14787,0
          -72.67286,42.1478,0
          -72.67307,42.14769,0
          -72.68301,42.14179,0
          -72.68345,42.14155,0
          -72.68446,42.14105,0
          -72.68509,42.14077,0
          -72.68577,42.1405,0
          -72.68694,42.14011,0
          -72.6879,42.13983,0
          -72.68804,42.1398,0
          -72.68817,42.13976,0
          -72.69,42.13937,0
          -72.69043,42.13931,0
          -72.69057,42.13928,0
          -72.691,42.13922,0
          -72.69115,42.13921,0
          -72.69144,42.13917,0
          -72.6926,42.13907,0
          -72.69363,42.13903,0
          -72.69465,42.13903,0
          -72.69713,42.13917,0
          -72.69728,42.13917,0
          -72.69874,42.13927,0
          -72.69888,42.13927,0
          -72.70919,42.13991,0
          -72.71003,42.13999,0
          -72.71117,42.14015,0
          -72.71131,42.14018,0
          -72.7114,42.14019,0
          -72.71258,42.14043,0
          -72.71825,42.14184,0
          -72.71826,42.14184,0
          -72.71937,42.14212,0
          -72.7194,42.14212,0
          -72.71949,42.14215,0
          -72.71951,42.14215,0
          -72.72062,42.14243,0
          -72.72064,42.14243,0
          -72.72188,42.14272,0
          -72.72194,42.14274,0
          -72.7237,42.1431,0
          -72.72494,42.14331,0
          -72.72497,42.14332,0
          -72.72921,42.14403,0
          -72.72934,42.14406,0
          -72.7296,42.1441,0
          -72.72963,42.14411,0
          -72.73006,42.14418,0
          -72.73009,42.14418,0
          -72.73622,42.14522,0
          -72.73635,42.14525,0
          -72.7365,42.14527,0
          -72.73818,42.14563,0
          -72.73831,42.14567,0
          -72.73845,42.1457,0
          -72.73954,42.14602,0
          -72.74052,42.14636,0
          -72.7409,42.14651,0
          -72.74229,42.14712,0
          -72.74525,42.14858,0
          -72.74536,42.14865,0
          -72.74584,42.1489,0
          -72.74595,42.14897,0
          -72.74606,42.14902,0
          -72.75018,42.15135,0
          -72.75019,42.15135,0
          -72.75219,42.15249,0
          -72.75327,42.15306,0
          -72.75328,42.15306,0
          -72.75404,42.15341,0
          -72.75481,42.15372,0
          -72.75482,42.15372,0
          -72.75535,42.15392,0
          -72.75576,42.15405,0
          -72.75577,42.15406,0
          -72.75685,42.15438,0
          -72.75755,42.15456,0
          -72.75844,42.15475,0
          -72.75942,42.15492,0
          -72.7598,42.15497,0
          -72.75984,42.15497,0
          -72.76103,42.1551,0
          -72.76491,42.15538,0
          -72.76497,42.15539,0
          -72.76688,42.15552,0
          -72.7669,42.15553,0
          -72.77307,42.15597,0
          -72.77322,42.15599,0
          -72.77601,42.15618,0
          -72.77633,42.15618,0
          -72.77646,42.15619,0
          -72.77823,42.15617,0
          -72.78125,42.1559,0
          -72.78133,42.1559,0
          -72.78135,42.15589,0
          -72.78296,42.15575,0
          -72.78309,42.15573,0
          -72.78509,42.15557,0
          -72.78657,42.15554,0
          -72.78826,42.15562,0
          -72.78995,42.15579,0
          -72.78998,42.1558,0
          -72.79097,42.1559,0
          -72.79098,42.15591,0
          -72.79284,42.15611,0
          -72.79291,42.15611,0
          -72.79383,42.15622,0
          -72.794,42.15623,0
          -72.79428,42.15627,0
          -72.79435,42.15627,0
          -72.79901,42.15678,0
          -72.79905,42.15678,0
          -72.79915,42.1568,0
          -72.79957,42.15683,0
          -72.79971,42.15685,0
          -72.80073,42.15691,0
          -72.80102,42.15691,0
          -72.80111,42.15692,0
          -72.80219,42.15692,0
          -72.8042,42.15681,0
          -72.80426,42.1568,0
          -72.80551,42.15672,0
          -72.80567,42.1567,0
          -72.80579,42.1567,0
          -72.80823,42.15653,0
          -72.80911,42.1565,0
          -72.81018,42.15651,0
          -72.81031,42.15652,0
          -72.81051,42.15652,0
          -72.81057,42.15653,0
          -72.81125,42.15657,0
          -72.81129,42.15658,0
          -72.81666,42.15694,0
          -72.81791,42.15713,0
          -72.81792,42.15714,0
          -72.81824,42.1572,0
          -72.81859,42.15729,0
          -72.8186,42.15729,0
          -72.81888,42.15736,0
          -72.8189,42.15737,0
          -72.81911,42.15743,0
          -72.81921,42.15745,0
          -72.81986,42.15765,0
          -72.82044,42.15786,0
          -72.82254,42.15871,0
          -72.82255,42.15872,0
          -72.82478,42.15962,0
          -72.82485,42.15964,0
          -72.82745,42.16063,0
          -72.82922,42.16125,0
          -72.83004,42.16151,0
          -72.83076,42.1617,0
          -72.83078,42.1617,0
          -72.83164,42.16188,0
          -72.83166,42.16189,0
          -72.83267,42.16204,0
          -72.83356,42.16213,0
          -72.83431,42.16217,0
          -72.83506,42.16218,0
          -72.83671,42.1621,0
          -72.83674,42.16209,0
          -72.84172,42.16179,0
          -72.84271,42.1618,0
          -72.8433,42.16184,0
          -72.84363,42.16188,0
          -72.84367,42.16188,0
          -72.84396,42.16193,0
          -72.84415,42.16195,0
          -72.84483,42.16206,0
          -72.84569,42.16225,0
          -72.84625,42.16241,0
          -72.84707,42.16268,0
          -72.8472,42.16274,0
          -72.84733,42.16278,0
          -72.84792,42.16304,0
          -72.84889,42.16355,0
          -72.84891,42.16357,0
          -72.84937,42.16385,0
          -72.85236,42.16585,0
          -72.85306,42.16626,0
          -72.85388,42.16667,0
          -72.85501,42.16715,0
          -72.85606,42.16749,0
          -72.85607,42.16749,0
          -72.85651,42.16762,0
          -72.85749,42.16785,0
          -72.85841,42.16801,0
          -72.86866,42.16905,0
          -72.87013,42.16927,0
          -72.87892,42.17084,0
          -72.87903,42.17085,0
          -72.88069,42.17114,0
          -72.88083,42.17115,0
          -72.88098,42.17118,0
          -72.88173,42.17126,0
          -72.88303,42.17133,0
          -72.88442,42.17131,0
          -72.89037,42.17078,0
          -72.89137,42.17074,0
          -72.89252,42.17075,0
          -72.89345,42.17081,0
          -72.8935,42.17082,0
          -72.89356,42.17082,0
          -72.90565,42.17248,0
          -72.9067,42.1727,0
          -72.90773,42.17298,0
          -72.90899,42.1734,0
          -72.90994,42.1738,0
          -72.91078,42.17421,0
          -72.91124,42.17446,0
          -72.91133,42.1745,0
          -72.91205,42.17491,0
          -72.91333,42.1757,0
          -72.91335,42.17572,0
          -72.91425,42.17633,0
          -72.9149,42.17682,0
          -72.91529,42.17714,0
          -72.9153,42.17716,0
          -72.9159,42.17771,0
          -72.91638,42.17821,0
          -72.91716,42.17912,0
          -72.91716,42.17913,0
          -72.91867,42.18089,0
          -72.9191,42.18135,0
          -72.9196,42.18184,0
          -72.92053,42.18265,0
          -72.92109,42.18308,0
          -72.92327,42.18457,0
          -72.92328,42.18458,0
          -72.9245,42.1854,0
          -72.92462,42.18547,0
          -72.92581,42.18628,0
          -72.92648,42.18678,0
          -72.92679,42.18704,0
          -72.92742,42.18762,0
          -72.92807,42.1883,0
          -72.92834,42.18862,0
          -72.93093,42.19193,0
          -72.93098,42.19198,0
          -72.93118,42.19224,0
          -72.93121,42.19229,0
          -72.932,42.19331,0
          -72.93209,42.19341,0
          -72.9328,42.19434,0
          -72.93284,42.19438,0
          -72.93297,42.19456,0
          -72.93366,42.19538,0
          -72.93419,42.19594,0
          -72.93517,42.19687,0
          -72.93696,42.19821,0
          -72.9397,42.20003,0
          -72.93975,42.20007,0
          -72.93988,42.20015,0
          -72.94177,42.20153,0
          -72.94553,42.2047,0
          -72.9456,42.20477,0
          -72.95193,42.21014,0
          -72.95205,42.21023,0
          -72.95758,42.21496,0
          -72.95984,42.21724,0
          -72.95992,42.21734,0
          -72.96003,42.21744,0
          -72.96011,42.21753,0
          -72.96019,42.2176,0
          -72.9602,42.21762,0
          -72.96043,42.21786,0
          -72.96052,42.21794,0
          -72.96111,42.21855,0
          -72.96111,42.21856,0
          -72.96259,42.22003,0
          -72.96278,42.22019,0
          -72.96287,42.22028,0
          -72.96336,42.22069,0
          -72.96857,42.22461,0
          -72.96867,42.2247,0
          -72.9697,42.22546,0
          -72.97073,42.22613,0
          -72.97187,42.22676,0
          -72.9731,42.22734,0
          -72.98279,42.2312,0
          -72.9828,42.23121,0
          -72.98364,42.23155,0
          -72.98379,42.2316,0
          -72.98521,42.23218,0
          -72.98628,42.23269,0
          -72.98649,42.23281,0
          -72.98656,42.23284,0
          -72.9872,42.23319,0
          -72.98819,42.23381,0
          -72.98832,42.23388,0
          -72.98843,42.23396,0
          -72.98942,42.23458,0
          -72.98953,42.23466,0
          -72.98964,42.23472,0
          -72.98975,42.2348,0
          -72.98986,42.23486,0
          -72.99019,42.23508,0
          -72.9903,42.23514,0
          -72.99196,42.23619,0
          -72.99254,42.23652,0
          -72.99325,42.23686,0
          -72.99416,42.23725,0
          -72.99478,42.23747,0
          -72.99562,42.23773,0
          -72.99658,42.23796,0
          -72.99728,42.2381,0
          -72.99811,42.23822,0
          -72.99815,42.23822,0
          -72.99857,42.23827,0
          -73.00003,42.23835,0
          -73.00102,42.23834,0
          -73.00191,42.23828,0
          -73.00246,42.23822,0
          -73.0025,42.23821,0
          -73.00265,42.2382,0
          -73.00378,42.23801,0
          -73.00657,42.23741,0
          -73.00663,42.23739,0
          -73.00834,42.23703,0
          -73.0084,42.23701,0
          -73.00879,42.23693,0
          -73.00881,42.23693,0
          -73.00893,42.2369,0
          -73.00895,42.2369,0
          -73.00962,42.23676,0
          -73.0101,42.23668,0
          -73.01013,42.23668,0
          -73.01063,42.2366,0
          -73.0118,42.23647,0
          -73.01251,42.23642,0
          -73.01685,42.23632,0
          -73.01696,42.23631,0
          -73.02226,42.2362,0
          -73.02384,42.23609,0
          -73.02468,42.23598,0
          -73.02474,42.23598,0
          -73.02627,42.23572,0
          -73.02654,42.23566,0
          -73.02664,42.23565,0
          -73.02864,42.23526,0
          -73.02867,42.23526,0
          -73.03024,42.23496,0
          -73.03031,42.23494,0
          -73.03219,42.23458,0
          -73.03221,42.23458,0
          -73.03306,42.23442,0
          -73.03313,42.2344,0
          -73.03963,42.23317,0
          -73.04052,42.23306,0
          -73.0414,42.233,0
          -73.04234,42.23298,0
          -73.04248,42.23299,0
          -73.04278,42.23299,0
          -73.04307,42.23301,0
          -73.04322,42.23301,0
          -73.04397,42.23307,0
          -73.04509,42.23322,0
          -73.04624,42.23345,0
          -73.04668,42.23357,0
          -73.04689,42.23361,0
          -73.04729,42.23372,0
          -73.04844,42.23413,0
          -73.04921,42.23446,0
          -73.04994,42.23483,0
          -73.05171,42.23581,0
          -73.05174,42.23582,0
          -73.0528,42.23641,0
          -73.05281,42.23641,0
          -73.05292,42.23648,0
          -73.05328,42.23667,0
          -73.05351,42.23681,0
          -73.05358,42.23684,0
          -73.05375,42.23694,0
          -73.05378,42.23695,0
          -73.05422,42.2372,0
          -73.05482,42.23751,0
          -73.05522,42.23769,0
          -73.05533,42.23775,0
          -73.05598,42.23803,0
          -73.05705,42.23842,0
          -73.05788,42.23867,0
          -73.06336,42.23997,0
          -73.06338,42.23997,0
          -73.06406,42.24016,0
          -73.06475,42.24039,0
          -73.06541,42.24064,0
          -73.06553,42.2407,0
          -73.06592,42.24086,0
          -73.06617,42.24098,0
          -73.0663,42.24103,0
          -73.06655,42.24115,0
          -73.06668,42.2412,0
          -73.07014,42.24277,0
          -73.07141,42.24327,0
          -73.07248,42.24364,0
          -73.0733,42.24389,0
          -73.07512,42.24435,0
          -73.0767,42.24466,0
          -73.07802,42.24485,0
          -73.07875,42.24493,0
          -73.07907,42.24495,0
          -73.0792,42.24497,0
          -73.0807,42.24506,0
          -73.0816,42.24508,0
          -73.08169,42.24507,0
          -73.08187,42.24508,0
          -73.08468,42.24509,0
          -73.08486,42.2451,0
          -73.08768,42.24511,0
          -73.08782,42.24512,0
          -73.09084,42.24513,0
          -73.09227,42.24517,0
          -73.09421,42.24529,0
          -73.09629,42.24548,0
          -73.09938,42.24585,0
          -73.09939,42.24586,0
          -73.10185,42.24623,0
          -73.10188,42.24623,0
          -73.10256,42.24635,0
          -73.10273,42.24637,0
          -73.1056,42.24692,0
          -73.1083,42.24754,0
          -73.10843,42.24758,0
          -73.10846,42.24758,0
          -73.10858,42.24762,0
          -73.10928,42.2478,0
          -73.11011,42.24805,0
          -73.11024,42.24808,0
          -73.11173,42.24856,0
          -73.11174,42.24857,0
          -73.11334,42.24915,0
          -73.11398,42.24943,0
          -73.11466,42.24977,0
          -73.11531,42.25014,0
          -73.11587,42.2505,0
          -73.1167,42.25112,0
          -73.11717,42.25153,0
          -73.11719,42.25154,0
          -73.11782,42.25216,0
          -73.11814,42.25253,0
          -73.11823,42.25262,0
          -73.11846,42.2529,0
          -73.11863,42.25308,0
          -73.11878,42.25327,0
          -73.11887,42.25336,0
          -73.12014,42.25485,0
          -73.12075,42.2555,0
          -73.12103,42.25576,0
          -73.1232,42.25757,0
          -73.12321,42.25757,0
          -73.12446,42.25868,0
          -73.12461,42.25883,0
          -73.12466,42.25887,0
          -73.12489,42.2591,0
          -73.12514,42.25938,0
          -73.12551,42.25985,0
          -73.12596,42.26047,0
          -73.12689,42.26188,0
          -73.12757,42.26282,0
          -73.12928,42.26542,0
          -73.12929,42.26543,0
          -73.12988,42.26632,0
          -73.1303,42.26691,0
          -73.13033,42.26694,0
          -73.13036,42.267,0
          -73.13134,42.26828,0
          -73.1314,42.26834,0
          -73.13147,42.26844,0
          -73.13156,42.26854,0
          -73.13162,42.26863,0
          -73.13177,42.2688,0
          -73.13182,42.26887,0
          -73.13194,42.269,0
          -73.132,42.26909,0
          -73.13224,42.26936,0
          -73.13229,42.26943,0
          -73.13258,42.26975,0
          -73.13265,42.26984,0
          -73.13316,42.27038,0
          -73.13317,42.2704,0
          -73.13367,42.27093,0
          -73.13373,42.27098,0
          -73.13376,42.27102,0
          -73.13385,42.2711,0
          -73.13456,42.27182,0
          -73.1346,42.27185,0
          -73.13491,42.27216,0
          -73.13511,42.27233,0
          -73.13529,42.27251,0
          -73.13581,42.27298,0
          -73.13596,42.2731,0
          -73.13605,42.27319,0
          -73.13733,42.27427,0
          -73.13877,42.27539,0
          -73.13888,42.27546,0
          -73.13899,42.27555,0
          -73.13903,42.27557,0
          -73.13941,42.27586,0
          -73.13995,42.27623,0
          -73.14005,42.27631,0
          -73.14061,42.27668,0
          -73.14062,42.27669,0
          -73.1419,42.27752,0
          -73.14315,42.27828,0
          -73.14351,42.27848,0
          -73.14352,42.27849,0
          -73.14375,42.27861,0
          -73.14398,42.27875,0
          -73.144,42.27875,0
          -73.14494,42.27926,0
          -73.14495,42.27927,0
          -73.14568,42.27965,0
          -73.14579,42.27972,0
          -73.14592,42.27978,0
          -73.14905,42.28146,0
          -73.14997,42.28203,0
          -73.15007,42.28211,0
          -73.15028,42.28225,0
          -73.15086,42.28268,0
          -73.15124,42.28299,0
          -73.15178,42.28348,0
          -73.15181,42.28352,0
          -73.15212,42.28383,0
          -73.15322,42.28502,0
          -73.15324,42.28503,0
          -73.1555,42.28746,0
          -73.15611,42.28802,0
          -73.15671,42.28851,0
          -73.15768,42.2892,0
          -73.15868,42.28979,0
          -73.15967,42.29029,0
          -73.16003,42.29044,0
          -73.16017,42.29051,0
          -73.16137,42.29096,0
          -73.16151,42.291,0
          -73.16164,42.29105,0
          -73.16292,42.29141,0
          -73.16346,42.29153,0
          -73.16347,42.29153,0
          -73.16374,42.29159,0
          -73.16515,42.29183,0
          -73.16521,42.29185,0
          -73.16956,42.29259,0
          -73.16957,42.2926,0
          -73.17073,42.29279,0
          -73.17075,42.2928,0
          -73.17802,42.29405,0
          -73.17813,42.29406,0
          -73.17984,42.29441,0
          -73.18066,42.29465,0
          -73.1812,42.29483,0
          -73.18121,42.29484,0
          -73.18174,42.29503,0
          -73.18225,42.29525,0
          -73.18226,42.29525,0
          -73.1824,42.29532,0
          -73.18253,42.29537,0
          -73.18339,42.29581,0
          -73.1834,42.29581,0
          -73.18432,42.29636,0
          -73.18432,42.29637,0
          -73.18484,42.29668,0
          -73.185,42.29679,0
          -73.18506,42.29682,0
          -73.18727,42.29819,0
          -73.18728,42.2982,0
          -73.18821,42.29874,0
          -73.18927,42.29925,0
          -73.19012,42.29959,0
          -73.19075,42.2998,0
          -73.1908,42.29981,0
          -73.19135,42.29998,0
          -73.1915,42.30001,0
          -73.19172,42.30008,0
          -73.19301,42.30035,0
          -73.19351,42.30043,0
          -73.19437,42.30053,0
          -73.19671,42.30069,0
          -73.19677,42.3007,0
          -73.20935,42.30155,0
          -73.21101,42.30156,0
          -73.2119,42.30153,0
          -73.21293,42.30146,0
          -73.21381,42.30137,0
          -73.21513,42.30119,0
          -73.22024,42.30033,0
          -73.22228,42.30005,0
          -73.22994,42.2992,0
          -73.22997,42.29919,0
          -73.25191,42.29674,0
          -73.25197,42.29674,0
          -73.25435,42.29647,0
          -73.25439,42.29646,0
          -73.25444,42.29646,0
          -73.25533,42.29636,0
          -73.25676,42.29625,0
          -73.25784,42.29621,0
          -73.25904,42.29621,0
          -73.25915,42.29622,0
          -73.25944,42.29622,0
          -73.26125,42.29633,0
          -73.26253,42.29647,0
          -73.27058,42.29753,0
          -73.27061,42.29754,0
          -73.27068,42.29755,0
          -73.27077,42.29755,0
          -73.2709,42.29757,0
          -73.27309,42.29774,0
          -73.27325,42.29774,0
          -73.27353,42.29776,0
          -73.27369,42.29776,0
          -73.27398,42.29778,0
          -73.27428,42.29778,0
          -73.27442,42.29779,0
          -73.28186,42.29777,0
          -73.28201,42.29776,0
          -73.28588,42.29775,0
          -73.28603,42.29774,0
          -73.29058,42.29773,0
          -73.29066,42.29772,0
          -73.29285,42.29772,0
          -73.29299,42.29771,0
          -73.29593,42.29771,0
          -73.29752,42.29776,0
          -73.2993,42.29788,0
          -73.30151,42.29811,0
          -73.30166,42.29814,0
          -73.3018,42.29815,0
          -73.30341,42.29839,0
          -73.30355,42.29842,0
          -73.30385,42.29846,0
          -73.30456,42.2986,0
          -73.30471,42.29862,0
          -73.31276,42.30017,0
          -73.31291,42.30019,0
          -73.31377,42.30036,0
          -73.31378,42.30037,0
          -73.31392,42.30039,0
          -73.31505,42.30064,0
          -73.31628,42.30095,0
          -73.31632,42.30097,0
          -73.31643,42.30099,0
          -73.3166,42.30104,0
          -73.31661,42.30104,0
          -73.31785,42.30141,0
          -73.31993,42.30213,0
          -73.32001,42.30215,0
          -73.32203,42.30287,0
          -73.32204,42.30287,0
          -73.32515,42.30393,0
          -73.32625,42.30423,0
          -73.32628,42.30423,0
          -73.32652,42.3043,0
          -73.32669,42.30433,0
          -73.32696,42.3044,0
          -73.32826,42.30466,0
          -73.32899,42.30478,0
          -73.3291,42.30479,0
          -73.32914,42.3048,0
          -73.32934,42.30482,0
          -73.32944,42.30484,0
          -73.34381,42.30648,0
          -73.34897,42.30684,0
          -73.34973,42.30693,0
          -73.34987,42.30696,0
          -73.35003,42.30698,0
          -73.35045,42.30706,0
          -73.3506,42.3071,0
          -73.35072,42.30712,0
          -73.35086,42.30716,0
          -73.35101,42.30719,0
          -73.35155,42.30734,0
          -73.35156,42.30735,0
          -73.35172,42.30739,0
          -73.35262,42.30772,0
          -73.35274,42.30778,0
          -73.35287,42.30783,0
          -73.35365,42.30821,0
          -73.3544,42.30866,0
          -73.35452,42.30875,0
          -73.35464,42.30882,0
          -73.35494,42.30905,0
          -73.35495,42.30905,0
          -73.35524,42.30928,0
          -73.35543,42.30945,0
          -73.35544,42.30945,0
          -73.35562,42.30962,0
          -73.35572,42.3097,0
          -73.35629,42.31032,0
          -73.35665,42.31079,0
          -73.35704,42.3114,0
          -73.35714,42.31161,0
          -73.35716,42.31163,0
          -73.35729,42.31192,0
          -73.35731,42.31195,0
          -73.35738,42.31212,0
          -73.35738,42.31214,0
          -73.3575,42.31247,0
          -73.35752,42.31251,0
          -73.35759,42.31274,0
          -73.35771,42.31326,0
          -73.35784,42.31425,0
          -73.35785,42.31429,0
          -73.35823,42.31726,0
          -73.35823,42.31729,0
          -73.3585,42.31934,0
          -73.35852,42.3194,0
          -73.3586,42.31977,0
          -73.35864,42.31987,0
          -73.3587,42.32009,0
          -73.35882,42.32042,0
          -73.359,42.32084,0
          -73.35901,42.32085,0
          -73.35905,42.32095,0
          -73.35939,42.32156,0
          -73.35972,42.32206,0
          -73.36025,42.32272,0
          -73.36415,42.32689,0
          -73.36416,42.32689,0
          -73.36492,42.32771,0
          -73.36496,42.32774,0
          -73.36526,42.32806,0
          -73.36637,42.32908,0
          -73.36639,42.32909,0
          -73.36689,42.32951,0
          -73.36782,42.33022,0
          -73.36792,42.33028,0
          -73.36802,42.33036,0
          -73.36844,42.33065,0
          -73.36845,42.33065,0
          -73.36946,42.33129,0
          -73.36963,42.33138,0
          -73.3697,42.33143,0
          -73.37057,42.33191,0
          -73.37129,42.33227,0
          -73.3713,42.33227,0
          -73.37763,42.33527,0
          -73.37767,42.3353,0
          -73.38124,42.33699,0
          -73.38238,42.33749,0
          -73.38484,42.33847,0
          -73.38497,42.33851,0
          -73.38679,42.33922,0
          -73.38687,42.33926,0
          -73.38718,42.33938,0
          -73.38921,42.34027,0
          -73.38932,42.34033,0
          -73.38997,42.34062,0
          -73.39003,42.34064,0
          -73.39262,42.3418,0
          -73.39353,42.34215,0
          -73.3942,42.34237,0
          -73.395,42.34259,0
          -73.39527,42.34265,0
          -73.39528,42.34266,0
          -73.39613,42.34284,0
          -73.39627,42.34286,0
          -73.39629,42.34287,0
          -73.40028,42.3435,0
          -73.4003,42.34351,0
          -73.40256,42.34386,0
          -73.40264,42.34388,0
          -73.404,42.34409,0
          -73.40486,42.34426,0
          -73.40612,42.34459,0
          -73.40625,42.34464,0
          -73.40652,42.34472,0
          -73.40692,42.34487,0
          -73.40693,42.34487,0
          -73.40731,42.34501,0
          -73.40833,42.34546,0
          -73.40869,42.34564,0
          -73.40928,42.34597,0
          -73.40973,42.34625,0
          -73.40994,42.3464,0
          -73.41006,42.34647,0
          -73.41027,42.34662,0
          -73.41036,42.3467,0
          -73.41057,42.34686,0
          -73.41059,42.34687,0
          -73.41078,42.34701,0
          -73.41453,42.35013,0
          -73.4146,42.3502,0
          -73.41535,42.35077,0
          -73.41615,42.35133,0
          -73.41767,42.3523,0
          -73.41967,42.35347,0
          -73.41968,42.35348,0
          -73.42282,42.35524,0
          -73.42287,42.35526,0
          -73.42447,42.35621,0
          -73.42465,42.35633,0
          -73.42471,42.35636,0
          -73.4266,42.35759,0
          -73.42661,42.3576,0
          -73.42672,42.35767,0
          -73.42728,42.35808,0
          -73.42786,42.35854,0
          -73.42843,42.35905,0
          -73.4286,42.35923,0
          -73.42869,42.35931,0
          -73.42939,42.3601,0
          -73.43036,42.36131,0
          -73.43042,42.36137,0
          -73.4308,42.36184,0
          -73.43087,42.36194,0
          -73.43091,42.36198,0
          -73.43179,42.36307,0
          -73.43186,42.36317,0
          -73.43243,42.36381,0
          -73.43274,42.36412,0
          -73.43278,42.36417,0
          -73.43296,42.36434,0
          -73.43307,42.36442,0
          -73.43316,42.36451,0
          -73.43345,42.36475,0
          -73.43346,42.36475,0
          -73.43377,42.36499,0
          -73.43443,42.36543,0
          -73.43518,42.36584,0
          -73.43577,42.36612,0
          -73.4359,42.36617,0
          -73.43602,42.36623,0
          -73.43629,42.36634,0
          -73.43736,42.3667,0
          -73.43792,42.36685,0
          -73.43892,42.36705,0
          -73.43936,42.36712,0
          -73.44009,42.3672,0
          -73.44084,42.36724,0
          -73.44202,42.36724,0
          -73.44276,42.36721,0
          -73.44735,42.3669,0
          -73.44868,42.36685,0
          -73.45001,42.36686,0
          -73.4509,42.36693,0
          -73.45162,42.36703,0
          -73.45249,42.36721,0
          -73.45346,42.36748,0
          -73.45373,42.36758,0
          -73.45387,42.36762,0
          -73.45464,42.36793,0
          -73.45562,42.36843,0
          -73.4562,42.36878,0
          -73.45674,42.36916,0
          -73.45715,42.36949,0
          -73.45733,42.36966,0
          -73.45743,42.36974,0
          -73.45795,42.37027,0
          -73.45803,42.37037,0
          -73.4582,42.37055,0
          -73.45843,42.37083,0
          -73.45872,42.37122,0
          -73.4588,42.37131,0
          -73.45961,42.37249,0
          -73.46037,42.3738,0
          -73.46042,42.37391,0
          -73.46204,42.37685,0
          -73.46204,42.37686,0
          -73.46294,42.37847,0
          -73.46295,42.3785,0
          -73.46338,42.37929,0
          -73.46346,42.37941,0
          -73.46356,42.37961,0
          -73.46357,42.37962,0
          -73.46368,42.3798,0
          -73.46385,42.38012,0
          -73.46391,42.38021,0
          -73.46397,42.38032,0
          -73.46404,42.38042,0
          -73.46419,42.38069,0
          -73.46505,42.38201,0
          -73.4651,42.3821,0
          -73.46597,42.38337,0
          -73.46667,42.38433,0
          -73.46671,42.38437,0
          -73.46676,42.38445,0
          -73.467,42.38476,0
          -73.46703,42.38481,0
          -73.46725,42.3851,0
          -73.46733,42.38519,0
          -73.46747,42.38538,0
          -73.46755,42.38547,0
          -73.46762,42.38557,0
          -73.46861,42.38673,0
          -73.46963,42.38781,0
          -73.47038,42.38848,0
          -73.47059,42.38864,0
          -73.47133,42.38915,0
          -73.47215,42.38961,0
          -73.47277,42.3899,0
          -73.47318,42.39006,0
          -73.47319,42.39007,0
          -73.47396,42.39034,0
          -73.4748,42.39057,0
          -73.47546,42.39071,0
          -73.47549,42.39071,0
          -73.47606,42.39081,0
          -73.47617,42.39082,0
          -73.47621,42.39083,0
          -73.47711,42.39092,0
          -73.47835,42.39094,0
          -73.47843,42.39093,0
          -73.47884,42.39092,0
          -73.47887,42.39091,0
          -73.47962,42.39085,0
          -73.48022,42.39076,0
          -73.48028,42.39076,0
          -73.48192,42.39042,0
          -73.48193,42.39041,0
          -73.48608,42.3894,0
          -73.48703,42.3892,0
          -73.48802,42.38903,0
          -73.48845,42.38898,0
          -73.48948,42.38892,0
          -73.49007,42.38892,0
          -73.49111,42.38898,0
          -73.4915,42.38903,0
          -73.49155,42.38903,0
          -73.4917,42.38905,0
          -73.49184,42.38908,0
          -73.49188,42.38908,0
          -73.4927,42.38923,0
          -73.49312,42.38934,0
          -73.49313,42.38934,0
          -73.49369,42.38949,0
          -73.49409,42.38962,0
          -73.49476,42.38987,0
          -73.49539,42.39015,0
          -73.49588,42.3904,0
          -73.49635,42.39067,0
          -73.49636,42.39068,0
          -73.49692,42.39105,0
          -73.49742,42.39143,0
          -73.49809,42.39202,0
          -73.4981,42.39204,0
          -73.49836,42.39228,0
          -73.49889,42.39282,0
          -73.49898,42.3929,0
          -73.49977,42.3937,0
          -73.49981,42.39375,0
          -73.49986,42.39379,0
          -73.50113,42.39509,0
          -73.50121,42.39516,0
          -73.50128,42.39524,0
          -73.50136,42.39531,0
          -73.50142,42.39538,0
          -73.50178,42.39574,0
          -73.50179,42.39574,0
          -73.50187,42.39583,0
          -73.50261,42.39653,0
          -73.5033,42.39714,0
          -73.50381,42.39755,0
          -73.50381,42.39756,0
          -73.5047,42.39824,0
          -73.50481,42.39831,0
          -73.50492,42.3984,0
          -73.50513,42.39854,0
          -73.50523,42.39862,0
          -73.50665,42.39955,0
          -73.50754,42.40007,0
          -73.50874,42.40071,0
          -73.50975,42.40119,0
          -73.50976,42.4012,0
          -73.51128,42.40185,0
          -73.51292,42.40247,0
          -73.5265,42.40712,0
          -73.52762,42.40754,0
          -73.52767,42.40757,0
          -73.52801,42.40768,0
          -73.53185,42.40924,0
          -73.53186,42.40924,0
          -73.53451,42.41047,0
          -73.53581,42.41115,0
          -73.53737,42.41202,0
          -73.53738,42.41202,0
          -73.53749,42.41209,0
          -73.53761,42.41215,0
          -73.53765,42.41218,0
          -73.53785,42.41229,0
          -73.53789,42.41232,0
          -73.53807,42.41242,0
          -73.53819,42.4125,0
          -73.53843,42.41263,0
          -73.53853,42.4127,0
          -73.53865,42.41276,0
          -73.53865,42.41277,0
          -73.53935,42.41318,0
          -73.53938,42.41321,0
          -73.53946,42.41325,0
          -73.54103,42.41425,0
          -73.54114,42.41433,0
          -73.54117,42.41434,0
          -73.54297,42.41559,0
          -73.54401,42.41638,0
          -73.54481,42.41703,0
          -73.54566,42.41778,0
          -73.54569,42.4178,0
          -73.54576,42.41787,0
          -73.54586,42.41795,0
          -73.54659,42.41865,0
          -73.54663,42.41868,0
          -73.54667,42.41873,0
          -73.54741,42.41948,0
          -73.54745,42.41953,0
          -73.5478,42.41989,0
          -73.54788,42.41999,0
          -73.54796,42.42007,0
          -73.54812,42.42026,0
          -73.54821,42.42035,0
          -73.54836,42.42054,0
          -73.54837,42.42054,0
          -73.54868,42.4209,0
          -73.54913,42.42147,0
          -73.54919,42.42157,0
          -73.54926,42.42166,0
          -73.54968,42.42237,0
          -73.54969,42.4224,0
          -73.54973,42.42246,0
          -73.55007,42.42319,0
          -73.55007,42.42322,0
          -73.55015,42.42341,0
          -73.55018,42.42351,0
          -73.55019,42.42351,0
          -73.55036,42.42403,0
          -73.55036,42.42404,0
          -73.55062,42.42486,0
          -73.55063,42.42492,0
          -73.55103,42.4262,0
          -73.55107,42.4263,0
          -73.5511,42.42642,0
          -73.55125,42.42684,0
          -73.55125,42.42686,0
          -73.55136,42.42716,0
          -73.55141,42.42726,0
          -73.55142,42.4273,0
          -73.55153,42.42758,0
          -73.55158,42.42768,0
          -73.55162,42.42779,0
          -73.55192,42.42841,0
          -73.55193,42.42844,0
          -73.55351,42.43174,0
          -73.55394,42.43282,0
          -73.55396,42.4329,0
          -73.55404,42.43311,0
          -73.5541,42.43333,0
          -73.55414,42.43343,0
          -73.55426,42.43387,0
          -73.55449,42.43495,0
          -73.5545,42.43506,0
          -73.55454,42.43528,0
          -73.55456,42.4355,0
          -73.55458,42.43561,0
          -73.55488,42.43845,0
          -73.55492,42.43867,0
          -73.55493,42.43878,0
          -73.55502,42.43922,0
          -73.55508,42.43944,0
          -73.55508,42.43946,0
          -73.55517,42.43977,0
          -73.55533,42.44019,0
          -73.5555,42.44056,0
          -73.55585,42.44118,0
          -73.55604,42.44147,0
          -73.55656,42.44214,0
          -73.55657,42.44214,0
          -73.55673,42.44232,0
          -73.55708,42.44266,0
          -73.55716,42.44275,0
          -73.55754,42.44308,0
          -73.55795,42.4434,0
          -73.5585,42.44378,0
          -73.55899,42.44408,0
          -73.55938,42.44428,0
          -73.55944,42.44432,0
          -73.55982,42.4445,0
          -73.55983,42.44451,0
          -73.56015,42.44466,0
          -73.56016,42.44466,0
          -73.56033,42.44473,0
          -73.56034,42.44474,0
          -73.56125,42.44509,0
          -73.56126,42.44509,0
          -73.56195,42.44532,0
          -73.56611,42.44647,0
          -73.56625,42.44652,0
          -73.56639,42.44655,0
          -73.5679,42.447,0
          -73.56803,42.44705,0
          -73.56811,42.44707,0
          -73.56815,42.44709,0
          -73.56881,42.44733,0
          -73.56945,42.44761,0
          -73.56991,42.44784,0
          -73.57046,42.44816,0
          -73.57077,42.44836,0
          -73.57122,42.44868,0
          -73.57126,42.44872,0
          -73.57144,42.44886,0
          -73.57152,42.44894,0
          -73.57196,42.44932,0
          -73.57235,42.4497,0
          -73.57321,42.4506,0
          -73.57323,42.45063,0
          -73.57359,42.451,0
          -73.57363,42.45105,0
          -73.57369,42.4511,0
          -73.57423,42.45168,0
          -73.57424,42.45168,0
          -73.57578,42.45327,0
          -73.57581,42.45329,0
          -73.57595,42.45345,0
          -73.57604,42.45353,0
          -73.5763,42.45381,0
          -73.57819,42.45564,0
          -73.57913,42.45648,0
          -73.58001,42.45722,0
          -73.58084,42.45786,0
          -73.58095,42.45793,0
          -73.58136,42.45824,0
          -73.58138,42.45825,0
          -73.58213,42.45878,0
          -73.58246,42.45899,0
          -73.58248,42.45901,0
          -73.58291,42.45928,0
          -73.58413,42.45997,0
          -73.58421,42.46,0
          -73.58445,42.46013,0
          -73.58448,42.46014,0
          -73.58493,42.46036,0
          -73.58494,42.46037,0
          -73.58629,42.46095,0
          -73.58742,42.46136,0
          -73.58847,42.46168,0
          -73.58994,42.46204,0
          -73.59002,42.46205,0
          -73.59044,42.46214,0
          -73.59088,42.46221,0
          -73.59101,42.46224,0
          -73.59118,42.46226,0
          -73.59132,42.46229,0
          -73.59234,42.46242,0
          -73.59294,42.46247,0
          -73.59297,42.46248,0
          -73.59308,42.46248,0
          -73.59322,42.4625,0
          -73.59514,42.46264,0
          -73.59529,42.46266,0
          -73.59602,42.46271,0
          -73.59604,42.46272,0
          -73.59676,42.46277,0
          -73.59691,42.46279,0
          -73.5975,42.46283,0
          -73.59765,42.46285,0
          -73.59839,42.4629,0
          -73.59853,42.46292,0
          -73.59942,42.46299,0
          -73.60132,42.46322,0
          -73.60146,42.46325,0
          -73.60149,42.46325,0
          -73.60246,42.46344,0
          -73.60329,42.46367,0
          -73.6041,42.46395,0
          -73.60475,42.46423,0
          -73.60549,42.4646,0
          -73.60628,42.46509,0
          -73.60658,42.46531,0
          -73.6066,42.46532,0
          -73.60681,42.46548,0
          -73.60727,42.46587,0
          -73.60728,42.46589,0
          -73.60754,42.46613,0
          -73.60757,42.46615,0
          -73.608,42.4666,0
          -73.608,42.46661,0
          -73.6084,42.46705,0
          -73.60848,42.46716,0
          -73.60854,42.46722,0
          -73.60931,42.46818,0
          -73.60933,42.46819,0
          -73.6094,42.46829,0
          -73.61039,42.46952,0
          -73.61046,42.46962,0
          -73.61138,42.47076,0
          -73.61145,42.47086,0
          -73.61158,42.47101,0
          -73.6116,42.47104,0
          -73.61183,42.47131,0
          -73.61184,42.47133,0
          -73.612,42.47151,0
          -73.61206,42.47159,0
          -73.61212,42.47165,0
          -73.61223,42.47179,0
          -73.6124,42.47197,0
          -73.61248,42.47207,0
          -73.61354,42.47321,0
          -73.61366,42.47332,0
          -73.61374,42.47341,0
          -73.61446,42.47411,0
          -73.61456,42.47419,0
          -73.61458,42.47422,0
          -73.61519,42.47478,0
          -73.61667,42.47603,0
          -73.61677,42.4761,0
          -73.61707,42.47635,0
          -73.61748,42.47666,0
          -73.61758,42.47675,0
          -73.61821,42.47721,0
          -73.61823,42.47723,0
          -73.61853,42.47744,0
          -73.61856,42.47747,0
          -73.61908,42.47783,0
          -73.61998,42.4784,0
          -73.62069,42.4788,0
          -73.62141,42.47917,0
          -73.62142,42.47918,0
          -73.62254,42.4797,0
          -73.62257,42.47972,0
          -73.62268,42.47976,0
          -73.62346,42.48011,0
          -73.62357,42.48015,0
          -73.62369,42.48021,0
          -73.62383,42.48026,0
          -73.62417,42.48041,0
          -73.62421,42.48042,0
          -73.62461,42.48058,0
          -73.62473,42.48064,0
          -73.62658,42.48135,0
          -73.62668,42.48138,0
          -73.62672,42.4814,0
          -73.62857,42.48203,0
          -73.62862,42.48204,0
          -73.62888,42.48213,0
          -73.62901,42.48216,0
          -73.62998,42.48245,0
          -73.63011,42.48248,0
          -73.63026,42.48253,0
          -73.63138,42.48281,0
          -73.63139,42.48281,0
          -73.63258,42.48309,0
          -73.63436,42.48343,0
          -73.63461,42.48346,0
          -73.63468,42.48348,0
          -73.63525,42.48356,0
          -73.63528,42.48356,0
          -73.63612,42.48368,0
          -73.63627,42.48369,0
          -73.63664,42.48374,0
          -73.6367,42.48374,0
          -73.63804,42.48388,0
          -73.63951,42.48398,0
          -73.64353,42.48409,0
          -73.64635,42.48409,0
          -73.65044,42.48397,0
          -73.65048,42.48396,0
          -73.65063,42.48396,0
          -73.65107,42.48393,0
          -73.65121,42.48393,0
          -73.65196,42.48388,0
          -73.6521,42.48388,0
          -73.65418,42.48373,0
          -73.65432,42.48371,0
          -73.65491,42.48367,0
          -73.65505,42.48365,0
          -73.6555,42.48362,0
          -73.65564,42.4836,0
          -73.65595,42.48358,0
          -73.65609,42.48356,0
          -73.65628,42.48355,0
          -73.65639,42.48353,0
          -73.65801,42.48337,0
          -73.65812,42.48335,0
          -73.6583,42.48334,0
          -73.66183,42.48295,0
          -73.66518,42.48268,0
          -73.66531,42.48268,0
          -73.66568,42.48265,0
          -73.66581,42.48265,0
          -73.66587,42.48264,0
          -73.66908,42.4825,0
          -73.66938,42.4825,0
          -73.66946,42.48249,0
          -73.67191,42.48245,0
          -73.67503,42.4825,0
          -73.6778,42.48268,0
          -73.6797,42.48288,0
          -73.68121,42.48309,0
          -73.68135,42.48312,0
          -73.68151,42.48314,0
          -73.6816,42.48316,0
          -73.68209,42.48323,0
          -73.68411,42.48362,0
          -73.68422,42.48365,0
          -73.68424,42.48365,0
          -73.68536,42.48389,0
          -73.68538,42.48389,0
          -73.68548,42.48392,0
          -73.68607,42.48405,0
          -73.68609,42.48405,0
          -73.68624,42.48408,0
          -73.68638,42.48412,0
          -73.68694,42.48424,0
          -73.687,42.48426,0
          -73.68789,42.48446,0
          -73.68798,42.48449,0
          -73.69131,42.4853,0
          -73.6952,42.48636,0
          -73.69647,42.48675,0
          -73.69791,42.48725,0
          -73.69924,42.48776,0
          -73.70046,42.48828,0
          -73.70185,42.48892,0
          -73.70352,42.48978,0
          -73.70803,42.49234,0
          -73.70902,42.49284,0
          -73.70903,42.49284,0
          -73.71016,42.49336,0
          -73.71081,42.49363,0
          -73.71156,42.49391,0
          -73.7116,42.49392,0
          -73.71186,42.49402,0
          -73.71189,42.49404,0
          -73.71368,42.49462,0
          -73.7137,42.49463,0
          -73.71532,42.49506,0
          -73.71661,42.49534,0
          -73.71777,42.49554,0
          -73.72195,42.49615,0
          -73.72202,42.49615,0
          -73.72216,42.49618,0
          -73.72274,42.49626,0
          -73.72339,42.49642,0
          -73.72736,42.49699,0
          -73.72903,42.49729,0
          -73.73019,42.49753,0
          -73.73166,42.49788,0
          -73.73318,42.4983,0
          -73.74279,42.50115,0
          -73.74508,42.50177,0
          -73.75212,42.5034,0
          -73.75218,42.50342,0
          -73.75355,42.50372,0
          -73.75361,42.50374,0
          -73.75518,42.50409,0
          -73.75577,42.50425,0
          -73.75593,42.50428,0
          -73.75627,42.50437,0
          -73.75633,42.50438,0
          -73.75763,42.50472,0
          -73.75769,42.50473,0
          -73.75882,42.50504,0
          -73.75883,42.50504,0
          -73.75994,42.50537,0
          -73.75995,42.50537,0
          -73.76336,42.50641,0
          -73.76342,42.50642,0
          -73.76344,42.50643,0
          -73.76899,42.50814,0
          -73.76924,42.5082,0
          -73.76928,42.50822,0
          -73.77248,42.50915,0
          -73.7725,42.50916,0
          -73.77293,42.50929,0
          -73.77294,42.50929,0
          -73.77314,42.50935,0
          -73.77316,42.50936,0
          -73.77451,42.50977,0
          -73.77453,42.50977,0
          -73.77496,42.50991,0
          -73.77498,42.50991,0
          -73.77518,42.50997,0
          -73.77519,42.50997,0
          -73.77542,42.51004,0
          -73.77543,42.51005,0
          -73.77766,42.51073,0
          -73.77767,42.51073,0
          -73.77852,42.51099,0
          -73.77857,42.511,0
          -73.77889,42.51112,0
          -73.78307,42.51244,0
          -73.78412,42.51284,0
          -73.78505,42.51323,0
          -73.78619,42.51378,0
          -73.78727,42.51436,0
          -73.7873,42.51441,0
          -73.78745,42.51452,0
          -73.78784,42.51488,0
          -73.78806,42.51512,0
          -73.78818,42.51527,0
          -73.78822,42.51534,0
          -73.78837,42.51555,0
          -73.78844,42.51568,0
          -73.78844,42.51569,0
          -73.78848,42.51577,0
          -73.78854,42.51593,0
          -73.78855,42.51594,0
          -73.78866,42.51633,0
          -73.78866,42.51638,0
          -73.78867,42.51639,0
          -73.78867,42.51646,0
          -73.78869,42.51658,0
          -73.78871,42.51786,0
          -73.78872,42.5179,0
          -73.78871,42.51794,0
          -73.78873,42.51895,0
          -73.78872,42.51963,0
          -73.78873,42.51988,0
          -73.78872,42.51998,0
          -73.78873,42.52011,0
          -73.78882,42.52019,0
          -73.78882,42.52059,0
          -73.78881,42.5207,0
          -73.78881,42.52202,0
          -73.7888,42.52212,0
          -73.7888,42.52246,0
          -73.78879,42.52256,0
          -73.78879,42.52267,0
          -73.78873,42.52333,0
          -73.78864,42.52388,0
          -73.78864,42.52392,0
          -73.78862,42.52398,0
          -73.7886,42.52409,0
          -73.78837,42.52496,0
          -73.78804,42.52581,0
          -73.78756,42.52674,0
          -73.78738,42.52704,0
          -73.78712,42.52743,0
          -73.78628,42.52859,0
          -73.78628,42.5286,0
          -73.78579,42.52927,0
          -73.78528,42.53007,0
          -73.78488,42.53081,0
          -73.78466,42.5313,0
          -73.78449,42.53174,0
          -73.78446,42.53184,0
          -73.78438,42.53204,0
          -73.78428,42.53236,0
          -73.78414,42.5329,0
          -73.7841,42.53311,0
          -73.78407,42.53322,0
          -73.78406,42.53331,0
          -73.78405,42.53333,0
          -73.78396,42.5341,0
          -73.78396,42.5342,0
          -73.78383,42.53539,0
          -73.78381,42.5355,0
          -73.78376,42.53604,0
          -73.78375,42.53607,0
          -73.78375,42.53615,0
          -73.78364,42.53691,0
          -73.7835,42.53766,0
          -73.78318,42.53894,0
          -73.78317,42.53896,0
          -73.78302,42.53945,0
          -73.78302,42.53948,0
          -73.78298,42.53958,0
          -73.78295,42.53969,0
          -73.78291,42.53978,0
          -73.78288,42.5399,0
          -73.78275,42.54024,0
          -73.78273,42.54032,0
          -73.78268,42.54043,0
          -73.78186,42.54274,0
          -73.78168,42.54338,0
          -73.78166,42.54349,0
          -73.7816,42.5437,0
          -73.78148,42.54436,0
          -73.78147,42.54437,0
          -73.7814,42.54489,0
          -73.78134,42.54553,0
          -73.78132,42.54597,0
          -73.78134,42.54705,0
          -73.7814,42.54771,0
          -73.78142,42.54782,0
          -73.78144,42.54803,0
          -73.78154,42.54857,0
          -73.78183,42.54975,0
          -73.78193,42.55007,0
          -73.78216,42.5507,0
          -73.78216,42.55071,0
          -73.783,42.55295,0
          -73.78314,42.55326,0
          -73.78335,42.55365,0
          -73.78336,42.55368,0
          -73.78438,42.55526,0
          -73.7853,42.5565,0
          -73.78536,42.5566,0
          -73.78551,42.5568,0
          -73.78602,42.55758,0
          -73.78711,42.55969,0
          -73.78711,42.5597,0
          -73.78717,42.55982,0
          -73.78718,42.55986,0
          -73.78744,42.56045,0
          -73.78799,42.56195,0
          -73.78802,42.56207,0
          -73.78806,42.56217,0
          -73.78807,42.56218,0
          -73.78817,42.56247,0
          -73.78819,42.56251,0
          -73.78821,42.56258,0
          -73.78825,42.56267,0
          -73.78847,42.56331,0
          -73.78849,42.56335,0
          -73.78851,42.56343,0
          -73.78863,42.56374,0
          -73.78863,42.56375,0
          -73.78886,42.56438,0
          -73.78922,42.56568,0
          -73.78926,42.56589,0
          -73.78929,42.566,0
          -73.78933,42.56621,0
          -73.78934,42.56632,0
          -73.78941,42.56674,0
          -73.78945,42.56717,0
          -73.78947,42.56727,0
          -73.78949,42.56749,0
          -73.78949,42.5676,0
          -73.78951,42.56782,0
          -73.78951,42.56793,0
          -73.78952,42.56802,0
          -73.78952,42.5682,0
          -73.78953,42.56826,0
          -73.78953,42.56882,0
          -73.78949,42.56978,0
          -73.78944,42.5703,0
          -73.78942,42.5704,0
          -73.78941,42.57053,0
          -73.78919,42.57178,0
          -73.78918,42.57188,0
          -73.78912,42.5722,0
          -73.78911,42.57231,0
          -73.78908,42.57242,0
          -73.78907,42.57252,0
          -73.78854,42.57503,0
          -73.7882,42.57633,0
          -73.78818,42.57644,0
          -73.78812,42.57662,0
          -73.78812,42.57665,0
          -73.7878,42.57775,0
          -73.78779,42.57777,0
          -73.78672,42.58132,0
          -73.78672,42.58133,0
          -73.78645,42.58218,0
          -73.7864,42.58238,0
          -73.78636,42.5825,0
          -73.78634,42.5826,0
          -73.78627,42.58283,0
          -73.78613,42.58346,0
          -73.7861,42.58355,0
          -73.78608,42.58368,0
          -73.78605,42.58379,0
          -73.78601,42.58401,0
          -73.78598,42.58412,0
          -73.78596,42.58424,0
          -73.78593,42.58435,0
          -73.78576,42.58538,0
          -73.78574,42.5856,0
          -73.78572,42.58571,0
          -73.7857,42.58593,0
          -73.78568,42.58604,0
          -73.78558,42.58713,0
          -73.78558,42.58724,0
          -73.78556,42.58746,0
          -73.78556,42.58762,0
          -73.78555,42.58769,0
          -73.78555,42.5878,0
          -73.78554,42.58791,0
          -73.78554,42.58824,0
          -73.78553,42.58836,0
          -73.78553,42.59119,0
          -73.78546,42.59278,0
          -73.78544,42.59297,0
          -73.78544,42.59313,0
          -73.78533,42.59478,0
          -73.78533,42.59492,0
          -73.7853,42.5953,0
          -73.78528,42.59541,0
          -73.78527,42.59565,0
          -73.78526,42.59568,0
          -73.78512,42.59744,0
          -73.78452,42.60139,0
          -73.78438,42.60212,0
          -73.78425,42.60298,0
          -73.78424,42.603,0
          -73.78423,42.60309,0
          -73.78422,42.60311,0
          -73.78418,42.60341,0
          -73.78415,42.60354,0
          -73.78325,42.60938,0
          -73.78325,42.60945,0
          -73.783,42.61138,0
          -73.78298,42.61148,0
          -73.78289,42.61225,0
          -73.78287,42.61235,0
          -73.78278,42.61311,0
          -73.78276,42.61321,0
          -73.78274,42.61343,0
          -73.78273,42.61344,0
          -73.78263,42.6143,0
          -73.78261,42.6144,0
          -73.78256,42.61484,0
          -73.78252,42.61505,0
          -73.78251,42.61516,0
          -73.78239,42.6158,0
          -73.78229,42.61623,0
          -73.78217,42.61665,0
          -73.78217,42.61666,0
          -73.782,42.61719,0
          -73.78172,42.61791,0
          -73.78144,42.61853,0
          -73.78143,42.61854,0
          -73.78131,42.61879,0
          -73.78128,42.61883,0
          -73.78118,42.61904,0
          -73.78107,42.61923,0
          -73.78107,42.61924,0
          -73.78035,42.62043,0
          -73.78028,42.62053,0
          -73.78023,42.62063,0
          -73.78005,42.62093,0
          -73.77968,42.62169,0
          -73.77942,42.62236,0
          -73.77915,42.62333,0
          -73.77905,42.62388,0
          -73.77904,42.62398,0
          -73.77902,42.62408,0
          -73.77896,42.62457,0
          -73.77896,42.62463,0
          -73.77876,42.62636,0
          -73.77874,42.62646,0
          -73.77872,42.62672,0
          -73.7787,42.62685,0
          -73.77864,42.62754,0
          -73.77864,42.62796,0
          -73.77865,42.62807,0
          -73.77865,42.6282,0
          -73.7787,42.62863,0
          -73.77876,42.62898,0
          -73.77896,42.62972,0
          -73.77908,42.63003,0
          -73.77938,42.63066,0
          -73.77975,42.63126,0
          -73.78003,42.63165,0
          -73.78006,42.63168,0
          -73.78018,42.63184,0
          -73.78058,42.6323,0
          -73.78113,42.63282,0
          -73.78198,42.63349,0
          -73.78275,42.63398,0
          -73.78288,42.63404,0
          -73.783,42.63411,0
          -73.78375,42.63447,0
          -73.78528,42.63514,0
          -73.78529,42.63515,0
          -73.78589,42.63541,0
          -73.78592,42.63543,0
          -73.78913,42.63687,0
          -73.79666,42.64055,0
          -73.80048,42.64232,0
          -73.80059,42.64236,0
          -73.80201,42.64301,0
          -73.80214,42.64306,0
          -73.80388,42.64388,0
          -73.80472,42.64431,0
          -73.80636,42.64521,0
          -73.80709,42.64565,0
          -73.8071,42.64566,0
          -73.80794,42.64617,0
          -73.80805,42.64625,0
          -73.80934,42.64706,0
          -73.80966,42.64728,0
          -73.81127,42.6483,0
          -73.81138,42.64838,0
          -73.81142,42.6484,0
          -73.81447,42.65038,0
          -73.81579,42.65133,0
          -73.81639,42.6518,0
          -73.81644,42.65183,0
          -73.81809,42.6532,0
          -73.81814,42.65323,0
          -73.81824,42.65333,0
          -73.82769,42.66141,0
          -73.8278,42.66152,0
          -73.83126,42.66447,0
          -73.83142,42.66459,0
          -73.8325,42.66552,0
          -73.83262,42.66561,0
          -73.83267,42.66566,0
          -73.83831,42.67045,0
          -73.83832,42.67047,0
          -73.84137,42.67306,0
          -73.84139,42.67309,0
          -73.84249,42.67404,0
          -73.84313,42.67468,0
          -73.84367,42.67531,0
          -73.84371,42.67537,0
          -73.84381,42.67549,0
          -73.84418,42.67601,0
          -73.84419,42.67603,0
          -73.8442,42.67604,0
          -73.84429,42.67618,0
          -73.84433,42.67623,0
          -73.84482,42.6771,0
          -73.84496,42.67739,0
          -73.84529,42.67821,0
          -73.84541,42.67858,0
          -73.84559,42.67933,0
          -73.84568,42.67989,0
          -73.84573,42.68035,0
          -73.84575,42.68105,0
          -73.8457,42.68184,0
          -73.84562,42.68234,0
          -73.84542,42.68331,0
          -73.84532,42.6837,0
          -73.8453,42.68383,0
          -73.84469,42.68657,0
          -73.84469,42.68658,0
          -73.84466,42.68668,0
          -73.84463,42.68683,0
          -73.84432,42.68801,0
          -73.84412,42.68891,0
          -73.84391,42.6901,0
          -73.84391,42.69017,0
          -73.84384,42.69057,0
          -73.84374,42.6915,0
          -73.84372,42.69211,0
          -73.84374,42.69282,0
          -73.84376,42.69308,0
          -73.84377,42.6931,0
          -73.84379,42.69337,0
          -73.84389,42.69403,0
          -73.8439,42.69406,0
          -73.84396,42.69438,0
          -73.84407,42.69481,0
          -73.8443,42.69556,0
          -73.84443,42.69592,0
          -73.84451,42.6961,0
          -73.84462,42.6964,0
          -73.8447,42.69657,0
          -73.84474,42.69663,0
          -73.84516,42.69745,0
          -73.84565,42.69823,0
          -73.84595,42.69866,0
          -73.84597,42.69868,0
          -73.84622,42.69903,0
          -73.84664,42.69956,0
          -73.84668,42.69959,0
          -73.84684,42.69978,0
          -73.84684,42.69979,0
          -73.84753,42.7005,0
          -73.84848,42.70136,0
          -73.84915,42.70189,0
          -73.84976,42.70232,0
          -73.85041,42.70274,0
          -73.85043,42.70276,0
          -73.8518,42.70363,0
          -73.85265,42.70423,0
          -73.85267,42.70424,0
          -73.85301,42.70449,0
          -73.85301,42.7045,0
          -73.85391,42.70517,0
          -73.85394,42.7052,0
          -73.85434,42.7055,0
          -73.85442,42.70557,0
          -73.85447,42.7056,0
          -73.85549,42.7064,0
          -73.85553,42.70642,0
          -73.85591,42.70672,0
          -73.85689,42.70743,0
          -73.85734,42.70772,0
          -73.85736,42.70774,0
          -73.85815,42.70823,0
          -73.85828,42.70835,0
          -73.85891,42.7087,0
          -73.86173,42.71008,0
          -73.86376,42.7112,0
          -73.86461,42.71171,0
          -73.86475,42.71181,0
          -73.86497,42.71193,0
          -73.87208,42.71641,0
          -73.87213,42.71645,0
          -73.87409,42.71767,0
          -73.87521,42.71828,0
          -73.877,42.7191,0
          -73.87886,42.71981,0
          -73.88002,42.72029,0
          -73.88003,42.7203,0
          -73.88089,42.72068,0
          -73.88165,42.72106,0
          -73.88166,42.72106,0
          -73.88176,42.72112,0
          -73.88186,42.72116,0
          -73.88209,42.72128,0
          -73.88212,42.72129,0
          -73.88255,42.72152,0
          -73.88256,42.72152,0
          -73.88306,42.7218,0
          -73.88313,42.72183,0
          -73.88469,42.72274,0
          -73.8848,42.72282,0
          -73.88498,42.72293,0
          -73.88718,42.72445,0
          -73.88736,42.72459,0
          -73.88904,42.72577,0
          -73.88906,42.72578,0
          -73.89237,42.72816,0
          -73.89336,42.72896,0
          -73.89356,42.7291,0
          -73.89617,42.73122,0
          -73.8963,42.73134,0
          -73.89833,42.73297,0
          -73.89944,42.73377,0
          -73.89995,42.73411,0
          -73.90154,42.73508,0
          -73.90315,42.73594,0
          -73.90666,42.73767,0
          -73.90832,42.7386,0
          -73.90954,42.73936,0
          -73.90955,42.73937,0
          -73.9108,42.74021,0
          -73.91119,42.74051,0
          -73.91139,42.74064,0
          -73.91529,42.74353,0
          -73.91792,42.74541,0
          -73.91957,42.74644,0
          -73.92689,42.75062,0
          -73.92948,42.75203,0
          -73.93811,42.75632,0
          -73.93814,42.75634,0
          -73.93827,42.75639,0
          -73.93866,42.75658,0
          -73.93876,42.75664,0
          -73.93886,42.75668,0
          -73.93899,42.75675,0
          -73.93903,42.75676,0
          -73.93918,42.75684,0
          -73.93919,42.75685,0
          -73.93928,42.75689,0
          -73.93931,42.75691,0
          -73.93937,42.75693,0
          -73.93996,42.75723,0
          -73.94004,42.75726,0
          -73.9402,42.75735,0
          -73.94028,42.75738,0
          -73.94064,42.75756,0
          -73.94065,42.75756,0
          -73.94659,42.76049,0
          -73.9466,42.7605,0
          -73.94693,42.76066,0
          -73.94699,42.7607,0
          -73.95432,42.76431,0
          -73.95435,42.76432,0
          -73.95437,42.76434,0
          -73.95638,42.76526,0
          -73.95804,42.76594,0
          -73.95805,42.76595,0
          -73.96023,42.76674,0
          -73.9604,42.76679,0
          -73.9609,42.76697,0
          -73.96823,42.76935,0
          -73.96824,42.76935,0
          -73.98029,42.77321,0
          -73.98174,42.77363,0
          -73.98176,42.77363,0
          -73.98251,42.77383,0
          -73.98445,42.77428,0
          -73.98809,42.77494,0
          -73.98812,42.77494,0
          -73.98812,42.77495,0
          -73.98832,42.77498,0
          -73.98835,42.77499,0
          -73.99298,42.77585,0
          -73.993,42.77585,0
          -73.99381,42.77604,0
          -73.99528,42.77646,0
          -73.99632,42.77681,0
          -73.99789,42.77743,0
          -73.99796,42.77747,0
          -73.99837,42.77765,0
          -74.00134,42.7791,0
          -74.00142,42.77913,0
          -74.0066,42.78168,0
          -74.00662,42.7817,0
          -74.00857,42.78268,0
          -74.00865,42.78273,0
          -74.0087,42.78275,0
          -74.00952,42.78322,0
          -74.0103,42.78372,0
          -74.01094,42.78418,0
          -74.01165,42.78474,0
          -74.01183,42.7849,0
          -74.01195,42.78499,0
          -74.01296,42.78595,0
          -74.01337,42.78639,0
          -74.01406,42.78723,0
          -74.01462,42.78802,0
          -74.0151,42.78882,0
          -74.01512,42.78887,0
          -74.01541,42.78943,0
          -74.01541,42.78944,0
          -74.01568,42.79003,0
          -74.01568,42.79006,0
          -74.01573,42.79016,0
          -74.01583,42.79042,0
          -74.01594,42.79076,0
          -74.01596,42.7908,0
          -74.01602,42.79098,0
          -74.01602,42.791,0
          -74.01621,42.79167,0
          -74.01632,42.79219,0
          -74.01632,42.79221,0
          -74.01639,42.79259,0
          -74.01639,42.79264,0
          -74.01642,42.79281,0
          -74.01676,42.79608,0
          -74.01676,42.79616,0
          -74.01688,42.79733,0
          -74.0169,42.79744,0
          -74.01692,42.79765,0
          -74.01693,42.79768,0
          -74.01702,42.79842,0
          -74.01704,42.79852,0
          -74.01708,42.79885,0
          -74.01712,42.79907,0
          -74.01713,42.79918,0
          -74.01715,42.79927,0
          -74.01716,42.79939,0
          -74.01724,42.79983,0
          -74.01725,42.79994,0
          -74.01751,42.80135,0
          -74.01753,42.80141,0
          -74.01764,42.802,0
          -74.01765,42.80201,0
          -74.01766,42.8021,0
          -74.01775,42.80254,0
          -74.01776,42.80256,0
          -74.01786,42.80309,0
          -74.01789,42.8032,0
          -74.01797,42.80364,0
          -74.018,42.80374,0
          -74.01806,42.80406,0
          -74.01809,42.80417,0
          -74.01815,42.80449,0
          -74.01818,42.8046,0
          -74.01833,42.80536,0
          -74.01834,42.80538,0
          -74.01853,42.80633,0
          -74.01856,42.80644,0
          -74.01864,42.80687,0
          -74.01867,42.80698,0
          -74.01875,42.80742,0
          -74.01878,42.80753,0
          -74.01886,42.80796,0
          -74.01889,42.80807,0
          -74.01905,42.80893,0
          -74.01913,42.80948,0
          -74.01921,42.81034,0
          -74.01921,42.81046,0
          -74.01923,42.81067,0
          -74.01923,42.8109,0
          -74.01924,42.811,0
          -74.01924,42.81199,0
          -74.01923,42.8121,0
          -74.01923,42.81231,0
          -74.0192,42.81265,0
          -74.0192,42.81275,0
          -74.01906,42.81395,0
          -74.01894,42.81458,0
          -74.01894,42.8146,0
          -74.0189,42.81482,0
          -74.01887,42.81493,0
          -74.01886,42.815,0
          -74.01882,42.81514,0
          -74.0188,42.81525,0
          -74.01874,42.81546,0
          -74.01872,42.81557,0
          -74.01854,42.81622,0
          -74.0185,42.81632,0
          -74.01849,42.81638,0
          -74.01843,42.81655,0
          -74.01843,42.81656,0
          -74.01818,42.81728,0
          -74.01784,42.81812,0
          -74.01779,42.81822,0
          -74.01775,42.81833,0
          -74.01765,42.81853,0
          -74.01765,42.81854,0
          -74.01756,42.81874,0
          -74.0175,42.81884,0
          -74.01746,42.81894,0
          -74.01745,42.81895,0
          -74.0173,42.81926,0
          -74.01725,42.81934,0
          -74.01708,42.81967,0
          -74.01703,42.81975,0
          -74.01697,42.81987,0
          -74.01667,42.82037,0
          -74.01666,42.82038,0
          -74.01649,42.82067,0
          -74.01555,42.82213,0
          -74.01553,42.82217,0
          -74.01547,42.82225,0
          -74.01401,42.82453,0
          -74.014,42.82454,0
          -74.01363,42.82513,0
          -74.01356,42.82522,0
          -74.01299,42.82612,0
          -74.01293,42.8262,0
          -74.01293,42.82621,0
          -74.01281,42.82641,0
          -74.0128,42.82641,0
          -74.01238,42.82711,0
          -74.01238,42.82712,0
          -74.01216,42.82752,0
          -74.01216,42.82754,0
          -74.01206,42.82773,0
          -74.01206,42.82774,0
          -74.01201,42.82783,0
          -74.01182,42.82825,0
          -74.01171,42.82853,0
          -74.0117,42.82857,0
          -74.01168,42.8286,0
          -74.0115,42.8291,0
          -74.0115,42.82911,0
          -74.01147,42.82921,0
          -74.01145,42.82924,0
          -74.01142,42.82937,0
          -74.01133,42.82964,0
          -74.01133,42.82966,0
          -74.0113,42.82975,0
          -74.01117,42.83028,0
          -74.01116,42.83037,0
          -74.01112,42.83053,0
          -74.01102,42.83112,0
          -74.011,42.83135,0
          -74.01098,42.83146,0
          -74.01096,42.83169,0
          -74.01096,42.8318,0
          -74.01094,42.83201,0
          -74.01094,42.83213,0
          -74.01093,42.83224,0
          -74.01094,42.83312,0
          -74.01095,42.83317,0
          -74.01095,42.83323,0
          -74.01101,42.83389,0
          -74.01103,42.83399,0
          -74.01104,42.8341,0
          -74.01116,42.83478,0
          -74.01132,42.83544,0
          -74.01149,42.83598,0
          -74.01172,42.83661,0
          -74.01177,42.83671,0
          -74.01186,42.83694,0
          -74.01191,42.83704,0
          -74.01193,42.8371,0
          -74.01196,42.83715,0
          -74.0121,42.83746,0
          -74.01212,42.83749,0
          -74.01215,42.83756,0
          -74.01227,42.83777,0
          -74.01231,42.83786,0
          -74.01256,42.83829,0
          -74.01259,42.83833,0
          -74.01279,42.83869,0
          -74.01286,42.83878,0
          -74.01292,42.83888,0
          -74.01334,42.83948,0
          -74.01387,42.84015,0
          -74.01471,42.84106,0
          -74.01475,42.84109,0
          -74.01483,42.84118,0
          -74.01489,42.84123,0
          -74.01498,42.84133,0
          -74.01565,42.84193,0
          -74.01691,42.84293,0
          -74.01698,42.84297,0
          -74.02019,42.84543,0
          -74.02021,42.84544,0
          -74.02394,42.8483,0
          -74.02403,42.84836,0
          -74.02405,42.84838,0
          -74.0253,42.84934,0
          -74.02541,42.84941,0
          -74.02862,42.85188,0
          -74.02999,42.85306,0
          -74.03099,42.85401,0
          -74.03212,42.85519,0
          -74.03697,42.86089,0
          -74.03812,42.86218,0
          -74.03989,42.86397,0
          -74.03994,42.86403,0
          -74.04213,42.86619,0
          -74.04214,42.86619,0
          -74.04329,42.86734,0
          -74.04331,42.86735,0
          -74.04356,42.86761,0
          -74.04419,42.86821,0
          -74.04419,42.86822,0
          -74.04434,42.86836,0
          -74.04438,42.86839,0
          -74.04456,42.86857,0
          -74.04495,42.86891,0
          -74.04495,42.86892,0
          -74.04595,42.86971,0
          -74.04684,42.87032,0
          -74.04765,42.87081,0
          -74.04862,42.87133,0
          -74.0495,42.87174,0
          -74.05082,42.87227,0
          -74.05351,42.8732,0
          -74.05352,42.87321,0
          -74.05528,42.87381,0
          -74.05529,42.87382,0
          -74.05652,42.87424,0
          -74.05664,42.87429,0
          -74.05704,42.87442,0
          -74.05718,42.87448,0
          -74.05784,42.87471,0
          -74.05785,42.87472,0
          -74.05806,42.87479,0
          -74.05812,42.87482,0
          -74.05849,42.87496,0
          -74.05852,42.87498,0
          -74.05891,42.87514,0
          -74.05995,42.87562,0
          -74.06015,42.87573,0
          -74.06017,42.87573,0
          -74.06092,42.87613,0
          -74.06101,42.87619,0
          -74.06113,42.87625,0
          -74.06254,42.87711,0
          -74.06254,42.87712,0
          -74.06343,42.87767,0
          -74.06354,42.87775,0
          -74.06389,42.87796,0
          -74.0639,42.87797,0
          -74.06469,42.87846,0
          -74.0648,42.87854,0
          -74.06549,42.87896,0
          -74.0656,42.87904,0
          -74.06686,42.87982,0
          -74.06697,42.8799,0
          -74.06881,42.88105,0
          -74.06882,42.88105,0
          -74.07224,42.88319,0
          -74.07232,42.88325,0
          -74.07555,42.88526,0
          -74.07557,42.88528,0
          -74.07635,42.88576,0
          -74.07637,42.88578,0
          -74.0793,42.8876,0
          -74.07933,42.88763,0
          -74.07946,42.8877,0
          -74.08017,42.88815,0
          -74.08023,42.88818,0
          -74.0804,42.88829,0
          -74.08041,42.8883,0
          -74.08191,42.88923,0
          -74.08193,42.88925,0
          -74.08477,42.89099,0
          -74.08486,42.89103,0
          -74.08605,42.89168,0
          -74.08793,42.89258,0
          -74.08949,42.89323,0
          -74.09605,42.89577,0
          -74.0961,42.89578,0
          -74.10036,42.89742,0
          -74.10256,42.89815,0
          -74.10479,42.89878,0
          -74.10601,42.89908,0
          -74.1078,42.89947,0
          -74.10782,42.89947,0
          -74.10924,42.89974,0
          -74.10926,42.89974,0
          -74.10969,42.89982,0
          -74.10972,42.89982,0
          -74.11657,42.901,0
          -74.11661,42.901,0
          -74.12308,42.90211,0
          -74.12427,42.90234,0
          -74.12442,42.90238,0
          -74.12451,42.90239,0
          -74.12456,42.90241,0
          -74.12541,42.90261,0
          -74.1268,42.90302,0
          -74.12696,42.90308,0
          -74.12707,42.90311,0
          -74.12841,42.9036,0
          -74.12956,42.9041,0
          -74.12957,42.90411,0
          -74.13045,42.90453,0
          -74.13116,42.90492,0
          -74.13117,42.90492,0
          -74.13367,42.9063,0
          -74.13378,42.90637,0
          -74.13466,42.90685,0
          -74.13473,42.9069,0
          -74.13524,42.90718,0
          -74.13533,42.90722,0
          -74.13544,42.90729,0
          -74.13545,42.90729,0
          -74.13641,42.90782,0
          -74.13727,42.90826,0
          -74.13847,42.90882,0
          -74.1397,42.90933,0
          -74.14063,42.90968,0
          -74.14201,42.91014,0
          -74.14326,42.9105,0
          -74.15393,42.91328,0
          -74.15394,42.91329,0
          -74.15432,42.91339,0
          -74.15435,42.91339,0
          -74.1661,42.91646,0
          -74.16612,42.91647,0
          -74.16777,42.91687,0
          -74.17097,42.91755,0
          -74.17098,42.91756,0
          -74.17293,42.91798,0
          -74.17295,42.91798,0
          -74.17436,42.91828,0
          -74.1745,42.91832,0
          -74.17735,42.91893,0
          -74.17737,42.91893,0
          -74.17896,42.91928,0
          -74.17909,42.9193,0
          -74.18234,42.92001,0
          -74.18237,42.92001,0
          -74.18679,42.92096,0
          -74.18693,42.921,0
          -74.18792,42.92121,0
          -74.18796,42.92121,0
          -74.18832,42.92129,0
          -74.18833,42.9213,0
          -74.19392,42.92249,0
          -74.19402,42.92252,0
          -74.21626,42.92729,0
          -74.21632,42.92731,0
          -74.22204,42.92853,0
          -74.22218,42.92857,0
          -74.23406,42.93111,0
          -74.23409,42.93111,0
          -74.23506,42.93132,0
          -74.2352,42.93136,0
          -74.23734,42.93181,0
          -74.23748,42.93185,0
          -74.23936,42.93224,0
          -74.24016,42.93238,0
          -74.24022,42.9324,0
          -74.24298,42.93282,0
          -74.24446,42.93299,0
          -74.24476,42.93301,0
          -74.2449,42.93303,0
          -74.24521,42.93305,0
          -74.24536,42.93307,0
          -74.24609,42.93312,0
          -74.24624,42.93314,0
          -74.24639,42.93314,0
          -74.24728,42.9332,0
          -74.24984,42.93327,0
          -74.25131,42.93327,0
          -74.2535,42.93319,0
          -74.25354,42.93318,0
          -74.25368,42.93318,0
          -74.25488,42.9331,0
          -74.25502,42.9331,0
          -74.25652,42.933,0
          -74.25666,42.933,0
          -74.25668,42.93299,0
          -74.25766,42.93294,0
          -74.25771,42.93293,0
          -74.25919,42.93284,0
          -74.25934,42.93284,0
          -74.26068,42.93275,0
          -74.26081,42.93275,0
          -74.26201,42.93267,0
          -74.26215,42.93267,0
          -74.26379,42.93256,0
          -74.26394,42.93256,0
          -74.26529,42.93247,0
          -74.26542,42.93247,0
          -74.27098,42.93212,0
          -74.27111,42.93212,0
          -74.27352,42.93197,0
          -74.27366,42.93197,0
          -74.27604,42.93182,0
          -74.27618,42.93182,0
          -74.28349,42.93138,0
          -74.28356,42.93137,0
          -74.28987,42.93099,0
          -74.28993,42.93098,0
          -74.29155,42.93088,0
          -74.2917,42.93088,0
          -74.29319,42.93078,0
          -74.29333,42.93078,0
          -74.29454,42.9307,0
          -74.29469,42.9307,0
          -74.29474,42.93069,0
          -74.29597,42.93062,0
          -74.29603,42.93061,0
          -74.29719,42.93055,0
          -74.29723,42.93054,0
          -74.29944,42.9304,0
          -74.29959,42.9304,0
          -74.30063,42.93033,0
          -74.30077,42.93033,0
          -74.30197,42.93025,0
          -74.30212,42.93025,0
          -74.30361,42.93016,0
          -74.3038,42.93016,0
          -74.30392,42.93015,0
          -74.30455,42.93014,0
          -74.30547,42.93016,0
          -74.30653,42.93022,0
          -74.3076,42.93033,0
          -74.30771,42.93035,0
          -74.30785,42.93036,0
          -74.3089,42.93052,0
          -74.31069,42.93087,0
          -74.31188,42.93116,0
          -74.31193,42.93118,0
          -74.3122,42.93125,0
          -74.31412,42.93184,0
          -74.31413,42.93184,0
          -74.3144,42.93192,0
          -74.31453,42.93197,0
          -74.31565,42.93232,0
          -74.31578,42.93237,0
          -74.32152,42.9342,0
          -74.32164,42.93423,0
          -74.32389,42.93495,0
          -74.32399,42.93499,0
          -74.32569,42.93553,0
          -74.32576,42.93556,0
          -74.32798,42.93626,0
          -74.32811,42.93631,0
          -74.32854,42.93644,0
          -74.32867,42.93649,0
          -74.32879,42.93652,0
          -74.32893,42.93657,0
          -74.32908,42.93661,0
          -74.32933,42.9367,0
          -74.32949,42.93674,0
          -74.3299,42.93688,0
          -74.33002,42.93691,0
          -74.33059,42.9371,0
          -74.3306,42.9371,0
          -74.33128,42.93731,0
          -74.33141,42.93736,0
          -74.33348,42.93801,0
          -74.33361,42.93806,0
          -74.33416,42.93823,0
          -74.3342,42.93825,0
          -74.34222,42.9408,0
          -74.34235,42.94085,0
          -74.34415,42.94142,0
          -74.34418,42.94144,0
          -74.34664,42.9422,0
          -74.3483,42.94262,0
          -74.34832,42.94263,0
          -74.35064,42.94316,0
          -74.35609,42.94419,0
          -74.35625,42.94421,0
          -74.35943,42.9448,0
          -74.35945,42.9448,0
          -74.36056,42.94501,0
          -74.36059,42.94501,0
          -74.36115,42.94512,0
          -74.36118,42.94512,0
          -74.36458,42.94576,0
          -74.36474,42.9458,0
          -74.36502,42.94585,0
          -74.36516,42.94589,0
          -74.3666,42.94621,0
          -74.36936,42.94696,0
          -74.36954,42.94702,0
          -74.37079,42.94736,0
          -74.37095,42.94739,0
          -74.37108,42.94743,0
          -74.37263,42.94775,0
          -74.37361,42.9479,0
          -74.37497,42.94806,0
          -74.37528,42.94808,0
          -74.37531,42.94809,0
          -74.37588,42.94813,0
          -74.37603,42.94815,0
          -74.37661,42.94819,0
          -74.37676,42.94819,0
          -74.3772,42.94822,0
          -74.37853,42.94826,0
          -74.38062,42.94824,0
          -74.38194,42.94816,0
          -74.38269,42.94808,0
          -74.38389,42.9479,0
          -74.38402,42.94787,0
          -74.38404,42.94787,0
          -74.38417,42.94784,0
          -74.38431,42.94782,0
          -74.38558,42.94753,0
          -74.38683,42.94716,0
          -74.38857,42.94654,0
          -74.38871,42.94648,0
          -74.38884,42.94644,0
          -74.38986,42.94604,0
          -74.3899,42.94603,0
          -74.39161,42.94534,0
          -74.39273,42.94485,0
          -74.39275,42.94485,0
          -74.39437,42.94414,0
          -74.39443,42.94412,0
          -74.39932,42.94196,0
          -74.39967,42.94179,0
          -74.3998,42.94174,0
          -74.39991,42.94168,0
          -74.39994,42.94167,0
          -74.40042,42.94144,0
          -74.40262,42.94028,0
          -74.4032,42.93995,0
          -74.40322,42.93993,0
          -74.40457,42.93914,0
          -74.40469,42.93908,0
          -74.40548,42.93861,0
          -74.40551,42.9386,0
          -74.40612,42.93822,0
          -74.40613,42.93821,0
          -74.41131,42.93488,0
          -74.41132,42.93488,0
          -74.41289,42.93387,0
          -74.41297,42.93381,0
          -74.413,42.9338,0
          -74.41323,42.93364,0
          -74.41334,42.93358,0
          -74.41345,42.9335,0
          -74.41353,42.93346,0
          -74.4174,42.93096,0
          -74.41741,42.93096,0
          -74.42101,42.92864,0
          -74.42296,42.92744,0
          -74.42308,42.92738,0
          -74.42436,42.92663,0
          -74.42439,42.92662,0
          -74.4246,42.92649,0
          -74.42472,42.92643,0
          -74.42531,42.92608,0
          -74.42543,42.92602,0
          -74.4259,42.92574,0
          -74.42602,42.92568,0
          -74.4269,42.92517,0
          -74.42695,42.92513,0
          -74.43016,42.92333,0
          -74.4304,42.92321,0
          -74.43243,42.92207,0
          -74.43245,42.92207,0
          -74.43256,42.922,0
          -74.4365,42.91982,0
          -74.43656,42.91978,0
          -74.43663,42.91975,0
          -74.43674,42.91968,0
          -74.43782,42.91909,0
          -74.43793,42.91902,0
          -74.43985,42.91796,0
          -74.43996,42.91789,0
          -74.44009,42.91783,0
          -74.45105,42.91171,0
          -74.45106,42.9117,0
          -74.45298,42.91047,0
          -74.45319,42.91031,0
          -74.4533,42.91024,0
          -74.4534,42.91016,0
          -74.45351,42.91009,0
          -74.45466,42.90923,0
          -74.45564,42.90837,0
          -74.45572,42.90828,0
          -74.456,42.90802,0
          -74.45643,42.90757,0
          -74.45713,42.90673,0
          -74.45713,42.90672,0
          -74.45742,42.90634,0
          -74.45749,42.90623,0
          -74.45756,42.90614,0
          -74.45762,42.90604,0
          -74.45769,42.90595,0
          -74.45807,42.90535,0
          -74.45841,42.90474,0
          -74.45846,42.90463,0
          -74.45862,42.90434,0
          -74.45863,42.90433,0
          -74.45868,42.90422,0
          -74.4588,42.90402,0
          -74.45885,42.90391,0
          -74.45942,42.90289,0
          -74.45981,42.90229,0
          -74.46009,42.90191,0
          -74.46017,42.90182,0
          -74.46039,42.90153,0
          -74.46089,42.90097,0
          -74.46149,42.90036,0
          -74.46159,42.90028,0
          -74.46197,42.89993,0
          -74.46246,42.89953,0
          -74.4631,42.89906,0
          -74.46411,42.89841,0
          -74.46477,42.89804,0
          -74.4655,42.89767,0
          -74.46621,42.89735,0
          -74.46756,42.89683,0
          -74.46828,42.8966,0
          -74.46916,42.89636,0
          -74.46999,42.89617,0
          -74.4711,42.89597,0
          -74.472,42.89585,0
          -74.4733,42.89574,0
          -74.47373,42.89572,0
          -74.47425,42.89572,0
          -74.47427,42.89571,0
          -74.47475,42.89571,0
          -74.47601,42.89576,0
          -74.47998,42.89604,0
          -74.48102,42.89608,0
          -74.48224,42.89608,0
          -74.48357,42.89603,0
          -74.48491,42.89591,0
          -74.49888,42.89417,0
          -74.50155,42.89395,0
          -74.52059,42.89339,0
          -74.52268,42.89337,0
          -74.52448,42.89344,0
          -74.52552,42.89352,0
          -74.52556,42.89353,0
          -74.52604,42.89358,0
          -74.52611,42.89358,0
          -74.5264,42.89362,0
          -74.52655,42.89363,0
          -74.52861,42.89393,0
          -74.53092,42.89441,0
          -74.53147,42.89456,0
          -74.53162,42.89459,0
          -74.53218,42.89475,0
          -74.53232,42.89478,0
          -74.53246,42.89483,0
          -74.53273,42.8949,0
          -74.53383,42.89525,0
          -74.53477,42.89558,0
          -74.5357,42.89594,0
          -74.5383,42.89704,0
          -74.53993,42.89782,0
          -74.53996,42.89783,0
          -74.54115,42.89844,0
          -74.54258,42.89924,0
          -74.54388,42.90003,0
          -74.54396,42.90009,0
          -74.54475,42.90059,0
          -74.54486,42.90065,0
          -74.54612,42.90145,0
          -74.5479,42.90246,0
          -74.54838,42.90271,0
          -74.55053,42.90373,0
          -74.55078,42.90383,0
          -74.5509,42.90389,0
          -74.55104,42.90394,0
          -74.55128,42.90405,0
          -74.55329,42.90482,0
          -74.5548,42.90532,0
          -74.55689,42.90592,0
          -74.55704,42.90595,0
          -74.55717,42.90599,0
          -74.55861,42.90633,0
          -74.56034,42.90669,0
          -74.56048,42.90671,0
          -74.56063,42.90675,0
          -74.56742,42.90813,0
          -74.56845,42.90827,0
          -74.5686,42.90828,0
          -74.56881,42.90831,0
          -74.5698,42.90837,0
          -74.56984,42.90838,0
          -74.57104,42.9084,0
          -74.57178,42.90838,0
          -74.57267,42.90832,0
          -74.57322,42.90826,0
          -74.57326,42.90825,0
          -74.5737,42.9082,0
          -74.57372,42.90819,0
          -74.57445,42.90808,0
          -74.57502,42.90796,0
          -74.5751,42.90795,0
          -74.57546,42.90787,0
          -74.57559,42.90783,0
          -74.57574,42.9078,0
          -74.5774,42.90732,0
          -74.57742,42.90732,0
          -74.57755,42.90727,0
          -74.57825,42.90707,0
          -74.57839,42.90702,0
          -74.57937,42.90676,0
          -74.58038,42.90656,0
          -74.58112,42.90646,0
          -74.58215,42.90639,0
          -74.58305,42.90639,0
          -74.5835,42.90641,0
          -74.58454,42.90651,0
          -74.58541,42.90666,0
          -74.58599,42.90679,0
          -74.58683,42.90703,0
          -74.58696,42.90708,0
          -74.58701,42.90709,0
          -74.58723,42.90716,0
          -74.58724,42.90717,0
          -74.58737,42.90721,0
          -74.58937,42.90796,0
          -74.5895,42.90802,0
          -74.59509,42.91014,0
          -74.5951,42.91015,0
          -74.59926,42.91174,0
          -74.59928,42.91174,0
          -74.59948,42.91183,0
          -74.5997,42.91191,0
          -74.60153,42.91269,0
          -74.60339,42.91356,0
          -74.60342,42.91358,0
          -74.60419,42.91396,0
          -74.60514,42.91448,0
          -74.6061,42.91507,0
          -74.60698,42.91568,0
          -74.60764,42.91618,0
          -74.60855,42.91697,0
          -74.60857,42.91698,0
          -74.60908,42.91747,0
          -74.60915,42.91755,0
          -74.60925,42.91764,0
          -74.60927,42.91767,0
          -74.60978,42.91821,0
          -74.6101,42.91858,0
          -74.61062,42.91923,0
          -74.61131,42.92024,0
          -74.61184,42.92114,0
          -74.61191,42.92124,0
          -74.61353,42.92398,0
          -74.6136,42.92408,0
          -74.61396,42.92471,0
          -74.61408,42.92489,0
          -74.61413,42.92499,0
          -74.61676,42.92942,0
          -74.61676,42.92943,0
          -74.617,42.92983,0
          -74.61705,42.92993,0
          -74.61706,42.92994,0
          -74.61742,42.93054,0
          -74.61743,42.93057,0
          -74.61748,42.93064,0
          -74.61753,42.93074,0
          -74.61827,42.93199,0
          -74.61829,42.93201,0
          -74.61833,42.93209,0
          -74.61852,42.93239,0
          -74.6188,42.93288,0
          -74.61882,42.9329,0
          -74.61887,42.933,0
          -74.61942,42.93392,0
          -74.61944,42.93394,0
          -74.61973,42.93445,0
          -74.61999,42.93484,0
          -74.62028,42.93523,0
          -74.62051,42.93551,0
          -74.62093,42.93597,0
          -74.62102,42.93605,0
          -74.62102,42.93606,0
          -74.62139,42.93641,0
          -74.62168,42.93666,0
          -74.62176,42.93674,0
          -74.62178,42.93675,0
          -74.62206,42.93698,0
          -74.62208,42.93699,0
          -74.62218,42.93708,0
          -74.62281,42.93755,0
          -74.62343,42.93798,0
          -74.6237,42.93814,0
          -74.62376,42.93819,0
          -74.62381,42.93821,0
          -74.62392,42.93829,0
          -74.62512,42.93897,0
          -74.62517,42.93899,0
          -74.62535,42.9391,0
          -74.62547,42.93916,0
          -74.6259,42.93943,0
          -74.62593,42.93944,0
          -74.62667,42.93995,0
          -74.62667,42.93996,0
          -74.62681,42.94006,0
          -74.62739,42.94056,0
          -74.62783,42.941,0
          -74.62837,42.94166,0
          -74.62862,42.94203,0
          -74.62893,42.94256,0
          -74.62898,42.94267,0
          -74.62904,42.94277,0
          -74.62998,42.94485,0
          -74.63002,42.94496,0
          -74.63207,42.94958,0
          -74.63241,42.9504,0
          -74.63273,42.95126,0
          -74.63387,42.95491,0
          -74.63404,42.95539,0
          -74.63405,42.95544,0
          -74.63444,42.95639,0
          -74.6345,42.9565,0
          -74.63454,42.9566,0
          -74.63509,42.95763,0
          -74.63557,42.95838,0
          -74.63606,42.95906,0
          -74.63648,42.95959,0
          -74.63675,42.9599,0
          -74.63756,42.96076,0
          -74.63801,42.96118,0
          -74.63802,42.9612,0
          -74.63838,42.96152,0
          -74.64132,42.96394,0
          -74.64143,42.96402,0
          -74.64156,42.96414,0
          -74.64229,42.96473,0
          -74.64319,42.96552,0
          -74.64389,42.9662,0
          -74.64442,42.96677,0
          -74.6445,42.96687,0
          -74.64466,42.96704,0
          -74.64498,42.96742,0
          -74.64543,42.968,0
          -74.64551,42.96809,0
          -74.64558,42.96819,0
          -74.64566,42.96828,0
          -74.64625,42.96905,0
          -74.64633,42.96914,0
          -74.64737,42.97049,0
          -74.64745,42.97058,0
          -74.64752,42.97068,0
          -74.6476,42.97077,0
          -74.64767,42.97087,0
          -74.64817,42.97148,0
          -74.64821,42.97154,0
          -74.6489,42.97235,0
          -74.64892,42.97238,0
          -74.64943,42.97294,0
          -74.6495,42.97303,0
          -74.65084,42.9745,0
          -74.65347,42.97719,0
          -74.65456,42.97824,0
          -74.6546,42.97827,0
          -74.65549,42.97911,0
          -74.65551,42.97912,0
          -74.65586,42.97945,0
          -74.65782,42.98112,0
          -74.65915,42.98218,0
          -74.66093,42.98353,0
          -74.66264,42.98474,0
          -74.66266,42.98476,0
          -74.66406,42.98571,0
          -74.66581,42.98684,0
          -74.66693,42.9875,0
          -74.66783,42.98797,0
          -74.66911,42.98856,0
          -74.67022,42.98901,0
          -74.67162,42.9895,0
          -74.67164,42.9895,0
          -74.67166,42.98951,0
          -74.67302,42.98991,0
          -74.6744,42.99024,0
          -74.67561,42.99048,0
          -74.67709,42.9907,0
          -74.67813,42.99081,0
          -74.67816,42.99082,0
          -74.67963,42.99092,0
          -74.68069,42.99095,0
          -74.68258,42.99093,0
          -74.68267,42.99092,0
          -74.69931,42.9905,0
          -74.70036,42.99044,0
          -74.70052,42.99044,0
          -74.70112,42.9904,0
          -74.70126,42.9904,0
          -74.70366,42.99024,0
          -74.71378,42.98941,0
          -74.71484,42.98935,0
          -74.71656,42.9893,0
          -74.71829,42.98931,0
          -74.71991,42.98937,0
          -74.72198,42.98953,0
          -74.72352,42.9897,0
          -74.72493,42.9899,0
          -74.72501,42.98992,0
          -74.72517,42.98994,0
          -74.72744,42.99036,0
          -74.72893,42.9907,0
          -74.73115,42.9913,0
          -74.73319,42.99196,0
          -74.73463,42.99249,0
          -74.73574,42.99294,0
          -74.74675,42.99788,0
          -74.7486,42.99864,0
          -74.74861,42.99864,0
          -74.74965,42.99904,0
          -74.75172,42.99975,0
          -74.75181,42.99977,0
          -74.752,42.99984,0
          -74.75409,43.00045,0
          -74.75673,43.00114,0
          -74.75678,43.00116,0
          -74.7681,43.00412,0
          -74.76838,43.00418,0
          -74.76851,43.00422,0
          -74.76866,43.00425,0
          -74.76879,43.00429,0
          -74.76938,43.00443,0
          -74.7694,43.00444,0
          -74.77597,43.00594,0
          -74.77598,43.00594,0
          -74.77814,43.00643,0
          -74.77827,43.00645,0
          -74.77841,43.00649,0
          -74.78144,43.00717,0
          -74.78158,43.00721,0
          -74.78173,43.00724,0
          -74.78215,43.00736,0
          -74.7823,43.00739,0
          -74.78341,43.00771,0
          -74.78465,43.00811,0
          -74.78559,43.00845,0
          -74.78717,43.00909,0
          -74.78857,43.00974,0
          -74.78955,43.01024,0
          -74.79159,43.01135,0
          -74.7916,43.01135,0
          -74.79222,43.01169,0
          -74.79233,43.01174,0
          -74.79547,43.01344,0
          -74.7955,43.01345,0
          -74.79619,43.01383,0
          -74.79632,43.01389,0
          -74.79643,43.01396,0
          -74.79656,43.01402,0
          -74.79667,43.01409,0
          -74.79843,43.01502,0
          -74.79979,43.01563,0
          -74.80059,43.01593,0
          -74.80139,43.01619,0
          -74.80254,43.01651,0
          -74.80369,43.01676,0
          -74.80443,43.01689,0
          -74.80577,43.01706,0
          -74.80668,43.01713,0
          -74.8083,43.01717,0
          -74.81054,43.01707,0
          -74.81057,43.01706,0
          -74.8182,43.01665,0
          -74.81909,43.01658,0
          -74.81996,43.01648,0
          -74.8213,43.01628,0
          -74.82245,43.01605,0
          -74.82359,43.01577,0
          -74.82457,43.01549,0
          -74.82568,43.01512,0
          -74.82685,43.01466,0
          -74.82812,43.01409,0
          -74.83296,43.01177,0
          -74.83393,43.01137,0
          -74.8346,43.01113,0
          -74.83544,43.01088,0
          -74.83643,43.01064,0
          -74.83744,43.01046,0
          -74.83818,43.01036,0
          -74.83935,43.01026,0
          -74.83996,43.01024,0
          -74.84154,43.01027,0
          -74.84159,43.01028,0
          -74.84219,43.01032,0
          -74.84309,43.01043,0
          -74.84964,43.01151,0
          -74.8499,43.01154,0
          -74.85006,43.01157,0
          -74.85135,43.01171,0
          -74.85139,43.01172,0
          -74.85322,43.01182,0
          -74.85454,43.01182,0
          -74.85574,43.01177,0
          -74.85577,43.01176,0
          -74.85589,43.01176,0
          -74.8571,43.01165,0
          -74.85831,43.01149,0
          -74.85904,43.01137,0
          -74.86091,43.01096,0
          -74.87278,43.00755,0
          -74.87292,43.0075,0
          -74.87599,43.00662,0
          -74.87613,43.00657,0
          -74.87795,43.00605,0
          -74.87797,43.00604,0
          -74.88038,43.00535,0
          -74.88052,43.0053,0
          -74.88123,43.00511,0
          -74.88208,43.00492,0
          -74.88296,43.00478,0
          -74.88401,43.00469,0
          -74.88536,43.00469,0
          -74.88637,43.00477,0
          -74.90338,43.00756,0
          -74.90454,43.00781,0
          -74.90581,43.00813,0
          -74.90582,43.00813,0
          -74.90735,43.00857,0
          -74.90739,43.00859,0
          -74.91224,43.01001,0
          -74.91238,43.01006,0
          -74.91501,43.01083,0
          -74.91503,43.01084,0
          -74.91516,43.01087,0
          -74.91741,43.01154,0
          -74.91743,43.01154,0
          -74.92158,43.01277,0
          -74.92329,43.01319,0
          -74.92331,43.01319,0
          -74.92443,43.01342,0
          -74.92445,43.01342,0
          -74.92489,43.0135,0
          -74.92492,43.01351,0
          -74.92636,43.01372,0
          -74.92756,43.01384,0
          -74.92846,43.0139,0
          -74.92993,43.01395,0
          -74.92996,43.01396,0
          -74.94795,43.01464,0
          -74.951,43.01471,0
          -74.95634,43.01473,0
          -74.9613,43.01462,0
          -74.96138,43.01461,0
          -74.96187,43.0146,0
          -74.9619,43.01459,0
          -74.9637,43.01452,0
          -74.96692,43.01428,0
          -74.97092,43.01387,0
          -74.97125,43.01386,0
          -74.97129,43.01385,0
          -74.97223,43.01385,0
          -74.97234,43.01386,0
          -74.97248,43.01386,0
          -74.97354,43.01395,0
          -74.97427,43.01406,0
          -74.97536,43.0143,0
          -74.97541,43.01432,0
          -74.97559,43.01436,0
          -74.97638,43.01461,0
          -74.97644,43.01464,0
          -74.97651,43.01466,0
          -74.97704,43.01487,0
          -74.97709,43.0149,0
          -74.97729,43.01498,0
          -74.9773,43.01499,0
          -74.97743,43.01504,0
          -74.97746,43.01506,0
          -74.97767,43.01516,0
          -74.97768,43.01516,0
          -74.9784,43.01555,0
          -74.97841,43.01555,0
          -74.97908,43.01593,0
          -74.97913,43.01595,0
          -74.97971,43.01627,0
          -74.97972,43.01628,0
          -74.98059,43.01672,0
          -74.98067,43.01675,0
          -74.98072,43.01678,0
          -74.98085,43.01683,0
          -74.98088,43.01685,0
          -74.98109,43.01694,0
          -74.98113,43.01695,0
          -74.98152,43.0171,0
          -74.98153,43.0171,0
          -74.98164,43.01715,0
          -74.98175,43.01718,0
          -74.98178,43.0172,0
          -74.98262,43.01746,0
          -74.98265,43.01746,0
          -74.98289,43.01753,0
          -74.9829,43.01753,0
          -74.98348,43.01767,0
          -74.9842,43.0178,0
          -74.98495,43.0179,0
          -74.98511,43.01791,0
          -74.98525,43.01793,0
          -74.98601,43.01798,0
          -74.98651,43.01798,0
          -74.9866,43.01799,0
          -74.9875,43.01797,0
          -74.98754,43.01796,0
          -74.98803,43.01795,0
          -74.98811,43.01794,0
          -74.99126,43.01782,0
          -74.99135,43.01781,0
          -74.99184,43.0178,0
          -74.99186,43.01779,0
          -74.9935,43.01773,0
          -74.99356,43.01772,0
          -74.99378,43.01772,0
          -74.99405,43.0177,0
          -74.99429,43.0177,0
          -74.99435,43.01769,0
          -74.99652,43.01761,0
          -74.99659,43.0176,0
          -75.00325,43.01733,0
          -75.00356,43.01733,0
          -75.0037,43.01732,0
          -75.00489,43.01732,0
          -75.00592,43.01737,0
          -75.00622,43.0174,0
          -75.00629,43.0174,0
          -75.00672,43.01744,0
          -75.0068,43.01744,0
          -75.00784,43.01755,0
          -75.00917,43.01776,0
          -75.00946,43.01782,0
          -75.00961,43.01784,0
          -75.01056,43.01805,0
          -75.0107,43.01809,0
          -75.01072,43.01809,0
          -75.01127,43.01823,0
          -75.01139,43.01827,0
          -75.01142,43.01827,0
          -75.01161,43.01833,0
          -75.01167,43.01834,0
          -75.01317,43.01881,0
          -75.01434,43.01925,0
          -75.01511,43.01958,0
          -75.01637,43.02018,0
          -75.01649,43.02025,0
          -75.0165,43.02025,0
          -75.01956,43.02176,0
          -75.01957,43.02176,0
          -75.02067,43.02231,0
          -75.02079,43.02236,0
          -75.02103,43.02249,0
          -75.02107,43.0225,0
          -75.02115,43.02255,0
          -75.02165,43.02279,0
          -75.02169,43.0228,0
          -75.02289,43.02336,0
          -75.02291,43.02336,0
          -75.02316,43.02348,0
          -75.02343,43.02359,0
          -75.02355,43.02365,0
          -75.02565,43.02451,0
          -75.02813,43.02541,0
          -75.02866,43.02558,0
          -75.02867,43.02559,0
          -75.02882,43.02563,0
          -75.02888,43.02566,0
          -75.03046,43.02615,0
          -75.03047,43.02615,0
          -75.03225,43.02668,0
          -75.03238,43.02671,0
          -75.03252,43.02676,0
          -75.03253,43.02676,0
          -75.0332,43.02696,0
          -75.03322,43.02696,0
          -75.03515,43.02753,0
          -75.03682,43.02809,0
          -75.03825,43.02866,0
          -75.03826,43.02866,0
          -75.03908,43.02902,0
          -75.04015,43.02953,0
          -75.04099,43.02997,0
          -75.04245,43.03082,0
          -75.04344,43.03147,0
          -75.04431,43.03209,0
          -75.04502,43.03264,0
          -75.046,43.03347,0
          -75.04708,43.0345,0
          -75.04828,43.03582,0
          -75.0483,43.03586,0
          -75.04838,43.03594,0
          -75.04902,43.03668,0
          -75.04909,43.03675,0
          -75.04997,43.03777,0
          -75.05006,43.03786,0
          -75.05174,43.03979,0
          -75.05177,43.03981,0
          -75.05182,43.03988,0
          -75.05191,43.03997,0
          -75.05408,43.04246,0
          -75.05416,43.04254,0
          -75.05481,43.0433,0
          -75.05482,43.0433,0
          -75.05537,43.04394,0
          -75.05546,43.04403,0
          -75.05599,43.04465,0
          -75.0561,43.04476,0
          -75.05615,43.04483,0
          -75.05624,43.04492,0
          -75.05888,43.04794,0
          -75.05889,43.04796,0
          -75.05896,43.04804,0
          -75.05897,43.04804,0
          -75.05938,43.04849,0
          -75.05943,43.04856,0
          -75.05955,43.04867,0
          -75.05956,43.04869,0
          -75.05978,43.04892,0
          -75.05978,43.04893,0
          -75.06029,43.04947,0
          -75.06032,43.04949,0
          -75.06035,43.04953,0
          -75.06047,43.04965,0
          -75.06049,43.04966,0
          -75.06082,43.05001,0
          -75.0609,43.05008,0
          -75.061,43.05019,0
          -75.06107,43.05025,0
          -75.06118,43.05037,0
          -75.06254,43.05166,0
          -75.06376,43.05275,0
          -75.06468,43.05352,0
          -75.06473,43.05357,0
          -75.06484,43.05365,0
          -75.06513,43.0539,0
          -75.06575,43.05439,0
          -75.06584,43.05445,0
          -75.06604,43.05462,0
          -75.0673,43.05557,0
          -75.06732,43.05558,0
          -75.06747,43.05569,0
          -75.06749,43.0557,0
          -75.06905,43.0568,0
          -75.06907,43.05682,0
          -75.07096,43.05805,0
          -75.07101,43.05809,0
          -75.07278,43.05916,0
          -75.07302,43.05929,0
          -75.07314,43.05937,0
          -75.07326,43.05943,0
          -75.0733,43.05946,0
          -75.07503,43.06042,0
          -75.07505,43.06042,0
          -75.0754,43.06061,0
          -75.07551,43.06068,0
          -75.0761,43.061,0
          -75.07623,43.06106,0
          -75.07634,43.06113,0
          -75.07843,43.06226,0
          -75.07849,43.0623,0
          -75.07968,43.06295,0
          -75.07971,43.06296,0
          -75.08053,43.06341,0
          -75.08056,43.06342,0
          -75.08291,43.06471,0
          -75.08302,43.06476,0
          -75.08529,43.066,0
          -75.08542,43.06606,0
          -75.08546,43.06609,0
          -75.08553,43.06612,0
          -75.08637,43.06658,0
          -75.08648,43.06665,0
          -75.08672,43.06677,0
          -75.08672,43.06678,0
          -75.0872,43.06703,0
          -75.08721,43.06704,0
          -75.09293,43.07015,0
          -75.09304,43.07022,0
          -75.09511,43.07134,0
          -75.09514,43.07135,0
          -75.09998,43.07398,0
          -75.10009,43.07405,0
          -75.10344,43.07587,0
          -75.10345,43.07587,0
          -75.10533,43.0769,0
          -75.10542,43.07694,0
          -75.11085,43.07989,0
          -75.11096,43.07996,0
          -75.11288,43.081,0
          -75.11299,43.08105,0
          -75.11312,43.08113,0
          -75.11313,43.08113,0
          -75.11382,43.08149,0
          -75.11383,43.08149,0
          -75.11443,43.08179,0
          -75.11447,43.0818,0
          -75.11484,43.08198,0
          -75.11485,43.08198,0
          -75.11496,43.08204,0
          -75.11611,43.08254,0
          -75.11612,43.08255,0
          -75.11637,43.08266,0
          -75.11846,43.08347,0
          -75.12164,43.08452,0
          -75.12173,43.08454,0
          -75.1224,43.08476,0
          -75.12244,43.08478,0
          -75.12289,43.08492,0
          -75.12294,43.08493,0
          -75.12362,43.08516,0
          -75.12374,43.08519,0
          -75.12391,43.08526,0
          -75.12393,43.08526,0
          -75.12525,43.08575,0
          -75.12528,43.08577,0
          -75.12549,43.08585,0
          -75.12702,43.08652,0
          -75.12716,43.08657,0
          -75.12778,43.08685,0
          -75.12779,43.08685,0
          -75.1307,43.08812,0
          -75.13074,43.08813,0
          -75.13095,43.08822,0
          -75.131,43.08825,0
          -75.1312,43.08834,0
          -75.13121,43.08834,0
          -75.13215,43.08876,0
          -75.13229,43.08881,0
          -75.13841,43.09148,0
          -75.13842,43.09149,0
          -75.1448,43.09428,0
          -75.14494,43.09433,0
          -75.14494,43.09434,0
          -75.14506,43.09438,0
          -75.14557,43.0946,0
          -75.14558,43.0946,0
          -75.14579,43.09469,0
          -75.1458,43.0947,0
          -75.14881,43.09595,0
          -75.14893,43.09601,0
          -75.15199,43.09729,0
          -75.152,43.09729,0
          -75.15307,43.09774,0
          -75.15314,43.09778,0
          -75.1532,43.0978,0
          -75.15456,43.0984,0
          -75.1568,43.0995,0
          -75.15681,43.0995,0
          -75.15803,43.1001,0
          -75.15815,43.10015,0
          -75.15824,43.1002,0
          -75.15828,43.10021,0
          -75.15904,43.10058,0
          -75.15907,43.10059,0
          -75.15955,43.10082,0
          -75.15956,43.10082,0
          -75.15977,43.10092,0
          -75.15978,43.10093,0
          -75.16018,43.10112,0
          -75.16019,43.10113,0
          -75.16095,43.10149,0
          -75.161,43.10152,0
          -75.16108,43.10155,0
          -75.16517,43.10353,0
          -75.16528,43.10357,0
          -75.16529,43.10358,0
          -75.1666,43.10413,0
          -75.17209,43.1061,0
          -75.17213,43.10612,0
          -75.17541,43.10728,0
          -75.17541,43.10729,0
          -75.17549,43.10731,0
          -75.17562,43.10736,0
          -75.17713,43.10784,0
          -75.17956,43.10851,0
          -75.17958,43.10852,0
          -75.18177,43.10903,0
          -75.18285,43.10924,0
          -75.18288,43.10924,0
          -75.18374,43.1094,0
          -75.18647,43.10981,0
          -75.18731,43.10989,0
          -75.18735,43.1099,0
          -75.19091,43.11027,0
          -75.191,43.11027,0
          -75.19718,43.11093,0
          -75.19724,43.11093,0
          -75.20125,43.11135,0
          -75.20254,43.11152,0
          -75.20286,43.11158,0
          -75.20296,43.11159,0
          -75.20376,43.11174,0
          -75.20386,43.11177,0
          -75.20425,43.11185,0
          -75.20426,43.11186,0
          -75.20498,43.11203,0
          -75.2051,43.11207,0
          -75.20553,43.11218,0
          -75.20556,43.1122,0
          -75.20608,43.11235,0
          -75.20621,43.1124,0
          -75.20651,43.11249,0
          -75.20801,43.11306,0
          -75.20809,43.1131,0
          -75.20816,43.11312,0
          -75.20887,43.11344,0
          -75.20891,43.11345,0
          -75.20985,43.11387,0
          -75.20989,43.11388,0
          -75.21003,43.11394,0
          -75.21014,43.114,0
          -75.21099,43.11437,0
          -75.21101,43.11437,0
          -75.21155,43.11462,0
          -75.21166,43.11466,0
          -75.2141,43.11574,0
          -75.21416,43.11576,0
          -75.21601,43.11657,0
          -75.21602,43.11658,0
          -75.21732,43.11711,0
          -75.21733,43.11712,0
          -75.21892,43.11772,0
          -75.21893,43.11772,0
          -75.22094,43.11847,0
          -75.22108,43.11851,0
          -75.23019,43.12187,0
          -75.2303,43.12192,0
          -75.23312,43.12295,0
          -75.23313,43.12296,0
          -75.23514,43.12369,0
          -75.2352,43.12372,0
          -75.23554,43.12383,0
          -75.23556,43.12384,0
          -75.23567,43.12387,0
          -75.2358,43.12392,0
          -75.23691,43.12425,0
          -75.23706,43.12428,0
          -75.23749,43.1244,0
          -75.23907,43.12475,0
          -75.23923,43.12477,0
          -75.23936,43.1248,0
          -75.23951,43.12482,0
          -75.23965,43.12485,0
          -75.24053,43.12498,0
          -75.24056,43.12499,0
          -75.24343,43.1254,0
          -75.24348,43.1254,0
          -75.24365,43.12543,0
          -75.24377,43.12544,0
          -75.24464,43.12557,0
          -75.24594,43.12581,0
          -75.24596,43.12582,0
          -75.24609,43.12584,0
          -75.24643,43.12592,0
          -75.24666,43.12596,0
          -75.2471,43.12607,0
          -75.24713,43.12607,0
          -75.24783,43.12625,0
          -75.24794,43.12627,0
          -75.24794,43.12628,0
          -75.24909,43.12659,0
          -75.25033,43.12699,0
          -75.25034,43.12699,0
          -75.25059,43.12707,0
          -75.25087,43.12718,0
          -75.25101,43.12722,0
          -75.25262,43.12785,0
          -75.25351,43.12824,0
          -75.2539,43.12843,0
          -75.25403,43.12848,0
          -75.25428,43.12861,0
          -75.2544,43.12866,0
          -75.25462,43.12878,0
          -75.25463,43.12878,0
          -75.25539,43.12917,0
          -75.2554,43.12918,0
          -75.25575,43.12935,0
          -75.25585,43.12941,0
          -75.25699,43.12999,0
          -75.25702,43.13,0
          -75.26018,43.13162,0
          -75.26018,43.13163,0
          -75.26041,43.13174,0
          -75.26045,43.13177,0
          -75.26068,43.13188,0
          -75.26078,43.13194,0
          -75.26547,43.13434,0
          -75.26552,43.13436,0
          -75.26562,43.13442,0
          -75.26567,43.13444,0
          -75.26719,43.13522,0
          -75.26722,43.13523,0
          -75.26744,43.13535,0
          -75.26747,43.13536,0
          -75.26748,43.13537,0
          -75.26754,43.13539,0
          -75.2677,43.13548,0
          -75.26874,43.13593,0
          -75.26875,43.13593,0
          -75.26886,43.13598,0
          -75.26954,43.13623,0
          -75.27066,43.13657,0
          -75.27072,43.13658,0
          -75.27093,43.13664,0
          -75.27203,43.13688,0
          -75.27282,43.13701,0
          -75.27295,43.13702,0
          -75.27297,43.13703,0
          -75.27341,43.13709,0
          -75.27454,43.13719,0
          -75.27565,43.13723,0
          -75.27673,43.13721,0
          -75.27701,43.13719,0
          -75.27717,43.13719,0
          -75.27747,43.13717,0
          -75.2775,43.13716,0
          -75.27837,43.13708,0
          -75.27896,43.137,0
          -75.2797,43.13687,0
          -75.28042,43.13671,0
          -75.28043,43.13671,0
          -75.28095,43.13659,0
          -75.28238,43.13616,0
          -75.28312,43.13591,0
          -75.28313,43.1359,0
          -75.28324,43.13586,0
          -75.28339,43.13582,0
          -75.28481,43.13534,0
          -75.28488,43.13531,0
          -75.29066,43.13339,0
          -75.29068,43.13338,0
          -75.2942,43.13221,0
          -75.29424,43.13219,0
          -75.30509,43.12859,0
          -75.30636,43.12824,0
          -75.3078,43.12793,0
          -75.30794,43.12791,0
          -75.30807,43.12788,0
          -75.3081,43.12788,0
          -75.30952,43.12766,0
          -75.30955,43.12766,0
          -75.30986,43.12762,0
          -75.31,43.12759,0
          -75.31073,43.12751,0
          -75.31208,43.12743,0
          -75.31523,43.12745,0
          -75.31538,43.12744,0
          -75.31615,43.12744,0
          -75.3163,43.12745,0
          -75.31646,43.12744,0
          -75.31935,43.12743,0
          -75.31937,43.12742,0
          -75.34848,43.12735,0
          -75.34863,43.12734,0
          -75.35198,43.12734,0
          -75.35213,43.12733,0
          -75.3545,43.12733,0
          -75.3566,43.12727,0
          -75.35735,43.12722,0
          -75.3575,43.12722,0
          -75.35943,43.12706,0
          -75.3595,43.12706,0
          -75.36194,43.12677,0
          -75.36209,43.12674,0
          -75.36282,43.12664,0
          -75.37372,43.12479,0
          -75.37376,43.12479,0
          -75.37537,43.12451,0
          -75.3754,43.12451,0
          -75.37564,43.12447,0
          -75.37566,43.12446,0
          -75.37653,43.12432,0
          -75.3766,43.1243,0
          -75.3777,43.12412,0
          -75.37783,43.12409,0
          -75.37915,43.12387,0
          -75.37923,43.12385,0
          -75.38068,43.12362,0
          -75.38076,43.1236,0
          -75.38116,43.12354,0
          -75.38119,43.12354,0
          -75.38282,43.12333,0
          -75.38286,43.12332,0
          -75.38457,43.12316,0
          -75.38459,43.12315,0
          -75.38638,43.12303,0
          -75.38892,43.12295,0
          -75.39057,43.12296,0
          -75.39235,43.12302,0
          -75.39429,43.12315,0
          -75.39621,43.12334,0
          -75.4018,43.12409,0
          -75.40195,43.1241,0
          -75.40637,43.1247,0
          -75.40642,43.1247,0
          -75.40652,43.12472,0
          -75.40665,43.12473,0
          -75.40681,43.12476,0
          -75.40708,43.12479,0
          -75.40711,43.1248,0
          -75.40971,43.12514,0
          -75.40975,43.12515,0
          -75.41226,43.12549,0
          -75.4124,43.1255,0
          -75.41958,43.12646,0
          -75.41962,43.12647,0
          -75.42183,43.12677,0
          -75.42197,43.12678,0
          -75.42242,43.12685,0
          -75.42257,43.12686,0
          -75.42463,43.12714,0
          -75.42723,43.12739,0
          -75.42804,43.12744,0
          -75.42808,43.12745,0
          -75.43088,43.12763,0
          -75.43103,43.12765,0
          -75.44265,43.12845,0
          -75.44529,43.12877,0
          -75.44531,43.12878,0
          -75.44589,43.12886,0
          -75.44764,43.12916,0
          -75.44807,43.12925,0
          -75.44822,43.12927,0
          -75.45152,43.12999,0
          -75.45166,43.13003,0
          -75.45381,43.1305,0
          -75.45395,43.13054,0
          -75.45424,43.1306,0
          -75.4543,43.13062,0
          -75.45524,43.13082,0
          -75.45538,43.13086,0
          -75.4561,43.13101,0
          -75.45624,43.13105,0
          -75.45739,43.1313,0
          -75.45753,43.13134,0
          -75.45825,43.13149,0
          -75.45839,43.13153,0
          -75.45982,43.13184,0
          -75.45996,43.13188,0
          -75.46054,43.132,0
          -75.46068,43.13204,0
          -75.4614,43.13219,0
          -75.46154,43.13223,0
          -75.47078,43.13429,0
          -75.47081,43.13429,0
          -75.47772,43.13582,0
          -75.47933,43.13608,0
          -75.47948,43.13609,0
          -75.47993,43.13615,0
          -75.48187,43.1363,0
          -75.48365,43.13632,0
          -75.48374,43.13631,0
          -75.48399,43.13631,0
          -75.48409,43.1363,0
          -75.48454,43.13629,0
          -75.48646,43.13613,0
          -75.4869,43.13607,0
          -75.48705,43.13606,0
          -75.49101,43.13554,0
          -75.49116,43.13553,0
          -75.49336,43.13524,0
          -75.4935,43.13523,0
          -75.49454,43.13509,0
          -75.49468,43.13508,0
          -75.4957,43.13494,0
          -75.49585,43.13493,0
          -75.49688,43.13479,0
          -75.49702,43.13478,0
          -75.49805,43.13464,0
          -75.49819,43.13463,0
          -75.49861,43.13457,0
          -75.49864,43.13457,0
          -75.50186,43.13415,0
          -75.502,43.13414,0
          -75.50319,43.13398,0
          -75.50333,43.13397,0
          -75.50536,43.1337,0
          -75.50551,43.13369,0
          -75.50668,43.13353,0
          -75.50683,43.13352,0
          -75.51361,43.13264,0
          -75.51376,43.13263,0
          -75.51479,43.13249,0
          -75.51493,43.13248,0
          -75.51625,43.1323,0
          -75.5164,43.13229,0
          -75.51889,43.13196,0
          -75.51904,43.13195,0
          -75.52007,43.13181,0
          -75.52014,43.13181,0
          -75.52155,43.13162,0
          -75.5216,43.13162,0
          -75.52506,43.13117,0
          -75.52521,43.13116,0
          -75.52524,43.13115,0
          -75.52621,43.13103,0
          -75.52624,43.13102,0
          -75.52741,43.13087,0
          -75.52767,43.13085,0
          -75.52998,43.13054,0
          -75.53003,43.13054,0
          -75.53264,43.1302,0
          -75.5327,43.1302,0
          -75.55401,43.12746,0
          -75.55417,43.12743,0
          -75.57115,43.12525,0
          -75.57118,43.12524,0
          -75.57288,43.12503,0
          -75.57292,43.12502,0
          -75.58132,43.12395,0
          -75.58243,43.12384,0
          -75.58412,43.12378,0
          -75.58566,43.12379,0
          -75.58709,43.12388,0
          -75.60439,43.12595,0
          -75.60484,43.12598,0
          -75.60487,43.12599,0
          -75.60512,43.126,0
          -75.60515,43.12601,0
          -75.60664,43.12607,0
          -75.60844,43.12604,0
          -75.60949,43.12597,0
          -75.61037,43.12588,0
          -75.61156,43.12572,0
          -75.61243,43.12557,0
          -75.6141,43.1252,0
          -75.62644,43.12165,0
          -75.62658,43.12162,0
          -75.63339,43.11964,0
          -75.63341,43.11964,0
          -75.64402,43.11656,0
          -75.64408,43.11655,0
          -75.66456,43.11062,0
          -75.66458,43.11061,0
          -75.66765,43.10972,0
          -75.66772,43.10969,0
          -75.66987,43.10908,0
          -75.67001,43.10903,0
          -75.67252,43.10832,0
          -75.6733,43.10813,0
          -75.6751,43.1078,0
          -75.68361,43.10671,0
          -75.68368,43.10671,0
          -75.68464,43.10658,0
          -75.68478,43.10657,0
          -75.6949,43.10526,0
          -75.70288,43.10437,0
          -75.70294,43.10437,0
          -75.72177,43.10225,0
          -75.72194,43.10224,0
          -75.72353,43.10205,0
          -75.72369,43.10204,0
          -75.72539,43.10178,0
          -75.726,43.10166,0
          -75.72615,43.10164,0
          -75.72743,43.10134,0
          -75.72885,43.10093,0
          -75.72984,43.10059,0
          -75.73105,43.10012,0
          -75.73431,43.09863,0
          -75.73442,43.09859,0
          -75.73443,43.09858,0
          -75.74001,43.096,0
          -75.74014,43.09595,0
          -75.74027,43.09588,0
          -75.74297,43.09464,0
          -75.74306,43.09459,0
          -75.74565,43.0934,0
          -75.747,43.09282,0
          -75.74855,43.09229,0
          -75.74905,43.09214,0
          -75.75074,43.09171,0
          -75.75127,43.0916,0
          -75.75131,43.0916,0
          -75.75153,43.09155,0
          -75.75813,43.09048,0
          -75.7588,43.09039,0
          -75.7601,43.09026,0
          -75.76092,43.09021,0
          -75.76277,43.09018,0
          -75.76414,43.09023,0
          -75.76428,43.09025,0
          -75.76466,43.09027,0
          -75.76738,43.09054,0
          -75.76743,43.09055,0
          -75.76768,43.09057,0
          -75.76768,43.09058,0
          -75.77399,43.09122,0
          -75.77402,43.09123,0
          -75.77685,43.09151,0
          -75.77695,43.09153,0
          -75.77701,43.09153,0
          -75.7779,43.09162,0
          -75.77793,43.09163,0
          -75.78073,43.09191,0
          -75.78085,43.09193,0
          -75.78179,43.09202,0
          -75.78183,43.09203,0
          -75.78657,43.09251,0
          -75.78659,43.09252,0
          -75.79883,43.09378,0
          -75.79888,43.09378,0
          -75.80188,43.09409,0
          -75.802,43.09411,0
          -75.80369,43.09422,0
          -75.80639,43.09422,0
          -75.80654,43.09421,0
          -75.8108,43.09418,0
          -75.81096,43.09417,0
          -75.81186,43.09417,0
          -75.81201,43.09416,0
          -75.82017,43.09411,0
          -75.82034,43.0941,0
          -75.82154,43.0941,0
          -75.8217,43.09409,0
          -75.82278,43.09409,0
          -75.82292,43.09408,0
          -75.82412,43.09408,0
          -75.82429,43.09407,0
          -75.82535,43.09407,0
          -75.8255,43.09406,0
          -75.82655,43.09406,0
          -75.82669,43.09405,0
          -75.82866,43.09405,0
          -75.82957,43.09408,0
          -75.83121,43.09421,0
          -75.83132,43.09423,0
          -75.83136,43.09423,0
          -75.83181,43.09429,0
          -75.83196,43.0943,0
          -75.83315,43.09446,0
          -75.8333,43.09447,0
          -75.83619,43.09484,0
          -75.83621,43.09485,0
          -75.8366,43.0949,0
          -75.83667,43.0949,0
          -75.83763,43.09503,0
          -75.83778,43.09504,0
          -75.83986,43.09531,0
          -75.8399,43.09531,0
          -75.84016,43.09535,0
          -75.84031,43.09536,0
          -75.84209,43.09559,0
          -75.84213,43.09559,0
          -75.84237,43.09562,0
          -75.84238,43.09563,0
          -75.84403,43.09582,0
          -75.84407,43.09583,0
          -75.84601,43.09596,0
          -75.84646,43.09596,0
          -75.84661,43.09597,0
          -75.84722,43.09597,0
          -75.84734,43.09596,0
          -75.85025,43.09592,0
          -75.85034,43.09591,0
          -75.85556,43.09583,0
          -75.85569,43.09582,0
          -75.86479,43.09567,0
          -75.86491,43.09566,0
          -75.87525,43.0955,0
          -75.87714,43.09542,0
          -75.87846,43.09529,0
          -75.88605,43.09422,0
          -75.88618,43.09421,0
          -75.88831,43.0939,0
          -75.88834,43.0939,0
          -75.89481,43.09299,0
          -75.89487,43.09299,0
          -75.8982,43.09252,0
          -75.89835,43.09249,0
          -75.89998,43.09227,0
          -75.90013,43.09224,0
          -75.90019,43.09224,0
          -75.90027,43.09223,0
          -75.90029,43.09222,0
          -75.90206,43.09197,0
          -75.90213,43.09197,0
          -75.90265,43.09189,0
          -75.9028,43.09188,0
          -75.9034,43.0918,0
          -75.90428,43.09173,0
          -75.9043,43.09172,0
          -75.90487,43.09169,0
          -75.9049,43.09168,0
          -75.91275,43.09158,0
          -75.91289,43.09157,0
          -75.91365,43.09157,0
          -75.9138,43.09156,0
          -75.91561,43.09155,0
          -75.916,43.09153,0
          -75.92113,43.09152,0
          -75.92128,43.09151,0
          -75.92324,43.0915,0
          -75.9246,43.09153,0
          -75.92465,43.09154,0
          -75.92693,43.09159,0
          -75.92701,43.0916,0
          -75.93351,43.09177,0
          -75.93362,43.09178,0
          -75.93425,43.09179,0
          -75.93429,43.0918,0
          -75.93783,43.09189,0
          -75.93787,43.0919,0
          -75.93921,43.09193,0
          -75.93924,43.09194,0
          -75.93954,43.09194,0
          -75.93966,43.09195,0
          -75.93989,43.09195,0
          -75.93999,43.09196,0
          -75.94676,43.09214,0
          -75.9468,43.09215,0
          -75.96001,43.09252,0
          -75.96005,43.09253,0
          -75.96018,43.09253,0
          -75.96046,43.09255,0
          -75.96061,43.09255,0
          -75.97267,43.09342,0
          -75.97919,43.09374,0
          -75.9794,43.09374,0
          -75.98823,43.0942,0
          -75.99488,43.09431,0
          -75.995,43.09432,0
          -75.99548,43.09432,0
          -75.99561,43.09433,0
          -75.99802,43.09436,0
          -75.99816,43.09437,0
          -75.99846,43.09437,0
          -75.99859,43.09438,0
          -76.00185,43.09442,0
          -76.00199,43.09443,0
          -76.00249,43.09443,0
          -76.00258,43.09444,0
          -76.01043,43.09458,0
          -76.01271,43.09467,0
          -76.01279,43.09468,0
          -76.0194,43.09495,0
          -76.01946,43.09496,0
          -76.0285,43.09533,0
          -76.0288,43.09533,0
          -76.02885,43.09534,0
          -76.03016,43.09533,0
          -76.0302,43.09532,0
          -76.0331,43.09522,0
          -76.03319,43.09521,0
          -76.04328,43.0949,0
          -76.04334,43.09489,0
          -76.05654,43.09463,0
          -76.05661,43.09462,0
          -76.06752,43.09439,0
          -76.08226,43.09375,0
          -76.08381,43.09362,0
          -76.09153,43.09269,0
          -76.09156,43.09268,0
          -76.09548,43.09223,0
          -76.09549,43.09222,0
          -76.09554,43.09222,0
          -76.09588,43.09218,0
          -76.09591,43.09217,0
          -76.09742,43.09201,0
          -76.09786,43.09198,0
          -76.098,43.09196,0
          -76.09977,43.09187,0
          -76.1002,43.09187,0
          -76.10036,43.09186,0
          -76.1016,43.09186,0
          -76.10279,43.0919,0
          -76.10666,43.09216,0
          -76.1068,43.09218,0
          -76.10862,43.0923,0
          -76.10864,43.09231,0
          -76.11323,43.09264,0
          -76.11338,43.09266,0
          -76.11577,43.09282,0
          -76.11582,43.09283,0
          -76.11608,43.09284,0
          -76.11622,43.09286,0
          -76.12161,43.09323,0
          -76.12166,43.09324,0
          -76.12178,43.09324,0
          -76.12474,43.09344,0
          -76.12607,43.09348,0
          -76.12682,43.09347,0
          -76.13462,43.09311,0
          -76.1373,43.09291,0
          -76.13744,43.09289,0
          -76.1382,43.09284,0
          -76.13835,43.09282,0
          -76.13897,43.09278,0
          -76.13911,43.09276,0
          -76.13998,43.0927,0
          -76.14013,43.09268,0
          -76.14023,43.09268,0
          -76.14179,43.09256,0
          -76.14193,43.09254,0
          -76.14254,43.0925,0
          -76.14268,43.09248,0
          -76.14345,43.09243,0
          -76.14359,43.09241,0
          -76.15398,43.09192,0
          -76.15557,43.09189,0
          -76.15663,43.09192,0
          -76.1572,43.09196,0
          -76.15734,43.09196,0
          -76.1578,43.09199,0
          -76.15894,43.09211,0
          -76.15898,43.09212,0
          -76.15981,43.09223,0
          -76.16132,43.09251,0
          -76.16274,43.09286,0
          -76.16447,43.09338,0
          -76.16498,43.09356,0
          -76.16805,43.09477,0
          -76.16812,43.09479,0
          -76.16996,43.09552,0
          -76.16998,43.09552,0
          -76.17048,43.09573,0
          -76.17092,43.09594,0
          -76.171,43.09597,0
          -76.17152,43.09622,0
          -76.17215,43.09656,0
          -76.17216,43.09656,0
          -76.17272,43.09686,0
          -76.17392,43.09759,0
          -76.17403,43.09767,0
          -76.17427,43.09782,0
          -76.17429,43.09784,0
          -76.1764,43.09928,0
          -76.17646,43.09933,0
          -76.17739,43.09994,0
          -76.17861,43.10068,0
          -76.17863,43.1007,0
          -76.17915,43.101,0
          -76.18132,43.10215,0
          -76.18373,43.10326,0
          -76.18382,43.10329,0
          -76.18605,43.10426,0
          -76.18631,43.10436,0
          -76.1966,43.10885,0
          -76.19661,43.10885,0
          -76.20324,43.11171,0
          -76.20453,43.1123,0
          -76.20454,43.1123,0
          -76.21039,43.11483,0
          -76.21224,43.11552,0
          -76.21294,43.11575,0
          -76.21359,43.11593,0
          -76.21361,43.11594,0
          -76.21932,43.11743,0
          -76.22097,43.11774,0
          -76.22128,43.11778,0
          -76.22131,43.11779,0
          -76.22263,43.11795,0
          -76.22272,43.11795,0
          -76.22276,43.11796,0
          -76.22338,43.11801,0
          -76.22475,43.11807,0
          -76.23376,43.11822,0
          -76.23534,43.11815,0
          -76.2369,43.11799,0
          -76.23693,43.11798,0
          -76.23777,43.11787,0
          -76.23846,43.11775,0
          -76.23966,43.1175,0
          -76.24237,43.11678,0
          -76.24488,43.11606,0
          -76.2449,43.11606,0
          -76.24505,43.11601,0
          -76.24519,43.11598,0
          -76.24707,43.11545,0
          -76.24713,43.11544,0
          -76.25016,43.11461,0
          -76.25024,43.11458,0
          -76.25181,43.1142,0
          -76.25329,43.11388,0
          -76.2533,43.11387,0
          -76.25647,43.11317,0
          -76.25657,43.11314,0
          -76.2591,43.11263,0
          -76.25982,43.11251,0
          -76.25988,43.11249,0
          -76.26153,43.1122,0
          -76.26158,43.1122,0
          -76.26171,43.11217,0
          -76.26187,43.11215,0
          -76.26285,43.11197,0
          -76.26289,43.11197,0
          -76.2837,43.10824,0
          -76.28569,43.10783,0
          -76.28668,43.10757,0
          -76.28674,43.10756,0
          -76.28682,43.10753,0
          -76.28693,43.10751,0
          -76.29068,43.10647,0
          -76.29076,43.10644,0
          -76.29139,43.10627,0
          -76.29572,43.10487,0
          -76.29674,43.10449,0
          -76.29807,43.1039,0
          -76.29938,43.10322,0
          -76.30006,43.10282,0
          -76.30559,43.09937,0
          -76.30567,43.09933,0
          -76.31235,43.09516,0
          -76.31248,43.09509,0
          -76.31417,43.09404,0
          -76.31428,43.09396,0
          -76.31439,43.0939,0
          -76.31462,43.09375,0
          -76.31468,43.09372,0
          -76.31473,43.09368,0
          -76.31529,43.09334,0
          -76.31659,43.09262,0
          -76.31666,43.09259,0
          -76.31671,43.09256,0
          -76.31768,43.0921,0
          -76.31834,43.09182,0
          -76.31938,43.09142,0
          -76.32046,43.09106,0
          -76.32212,43.0906,0
          -76.32369,43.09027,0
          -76.32528,43.09003,0
          -76.32673,43.08987,0
          -76.32691,43.08986,0
          -76.3378,43.08866,0
          -76.33784,43.08865,0
          -76.34093,43.08828,0
          -76.34234,43.08817,0
          -76.34412,43.08813,0
          -76.3458,43.08818,0
          -76.35492,43.08877,0
          -76.35498,43.08878,0
          -76.37264,43.08991,0
          -76.37404,43.08995,0
          -76.37516,43.08993,0
          -76.38118,43.08966,0
          -76.38252,43.08957,0
          -76.39578,43.0882,0
          -76.4044,43.08742,0
          -76.41971,43.08575,0
          -76.42078,43.08561,0
          -76.42113,43.08558,0
          -76.42117,43.08557,0
          -76.43938,43.08307,0
          -76.43941,43.08306,0
          -76.44512,43.08227,0
          -76.44527,43.08224,0
          -76.4454,43.08223,0
          -76.44543,43.08222,0
          -76.45184,43.08135,0
          -76.45404,43.08112,0
          -76.45408,43.08111,0
          -76.46021,43.08044,0
          -76.4614,43.08026,0
          -76.46142,43.08025,0
          -76.4637,43.07989,0
          -76.46373,43.07989,0
          -76.46583,43.07956,0
          -76.46586,43.07955,0
          -76.4661,43.07951,0
          -76.46614,43.07951,0
          -76.48449,43.07669,0
          -76.48878,43.0761,0
          -76.48892,43.07609,0
          -76.49554,43.07521,0
          -76.49568,43.0752,0
          -76.49598,43.07515,0
          -76.49613,43.07514,0
          -76.49644,43.07509,0
          -76.49658,43.07508,0
          -76.49673,43.07505,0
          -76.49824,43.07485,0
          -76.49839,43.07484,0
          -76.50639,43.07378,0
          -76.50643,43.07377,0
          -76.5079,43.07358,0
          -76.51004,43.07323,0
          -76.51293,43.07262,0
          -76.51409,43.07233,0
          -76.51619,43.07174,0
          -76.51624,43.07172,0
          -76.51637,43.07169,0
          -76.51642,43.07167,0
          -76.51894,43.07095,0
          -76.51896,43.07094,0
          -76.51909,43.07091,0
          -76.51952,43.07078,0
          -76.53064,43.06796,0
          -76.5308,43.06793,0
          -76.53326,43.06731,0
          -76.53561,43.06681,0
          -76.53711,43.06655,0
          -76.53712,43.06654,0
          -76.53856,43.0663,0
          -76.53857,43.06629,0
          -76.54664,43.06491,0
          -76.54738,43.06476,0
          -76.54753,43.06472,0
          -76.55341,43.06354,0
          -76.55344,43.06353,0
          -76.55368,43.06349,0
          -76.55371,43.06348,0
          -76.55592,43.06304,0
          -76.55607,43.063,0
          -76.56209,43.0618,0
          -76.56287,43.06162,0
          -76.5654,43.06112,0
          -76.56555,43.0611,0
          -76.56611,43.06098,0
          -76.56613,43.06098,0
          -76.56786,43.06062,0
          -76.568,43.0606,0
          -76.56871,43.06045,0
          -76.56885,43.06043,0
          -76.57303,43.05958,0
          -76.57318,43.05956,0
          -76.57463,43.05926,0
          -76.57477,43.05924,0
          -76.57783,43.05862,0
          -76.57789,43.0586,0
          -76.57797,43.05859,0
          -76.57818,43.05854,0
          -76.57821,43.05854,0
          -76.57823,43.05853,0
          -76.58068,43.05804,0
          -76.58071,43.05803,0
          -76.58245,43.05768,0
          -76.58248,43.05768,0
          -76.58317,43.05754,0
          -76.58319,43.05753,0
          -76.58995,43.05617,0
          -76.59001,43.05615,0
          -76.59005,43.05615,0
          -76.591,43.05595,0
          -76.59103,43.05595,0
          -76.59337,43.05548,0
          -76.59348,43.05545,0
          -76.59406,43.05534,0
          -76.59408,43.05533,0
          -76.59535,43.05508,0
          -76.59536,43.05507,0
          -76.5955,43.05504,0
          -76.59565,43.05502,0
          -76.60403,43.05332,0
          -76.60405,43.05332,0
          -76.60429,43.05327,0
          -76.60431,43.05327,0
          -76.60604,43.05291,0
          -76.60718,43.05261,0
          -76.60855,43.05215,0
          -76.60932,43.05184,0
          -76.60933,43.05183,0
          -76.60958,43.05173,0
          -76.61037,43.05136,0
          -76.61143,43.05079,0
          -76.61152,43.05073,0
          -76.61155,43.05072,0
          -76.61335,43.04969,0
          -76.61336,43.04968,0
          -76.61354,43.04957,0
          -76.61357,43.04956,0
          -76.61418,43.04921,0
          -76.61422,43.04918,0
          -76.61808,43.04696,0
          -76.61833,43.04683,0
          -76.61914,43.04635,0
          -76.61939,43.04622,0
          -76.62009,43.04581,0
          -76.62021,43.04575,0
          -76.62035,43.04566,0
          -76.62052,43.04557,0
          -76.62056,43.04554,0
          -76.6208,43.04541,0
          -76.62092,43.04533,0
          -76.62127,43.04514,0
          -76.62129,43.04512,0
          -76.62139,43.04507,0
          -76.62162,43.04493,0
          -76.62174,43.04487,0
          -76.62175,43.04486,0
          -76.62209,43.04466,0
          -76.62223,43.04459,0
          -76.62292,43.04419,0
          -76.62293,43.04419,0
          -76.62596,43.04243,0
          -76.62597,43.04242,0
          -76.6294,43.04046,0
          -76.63079,43.03976,0
          -76.6308,43.03976,0
          -76.63178,43.03932,0
          -76.63181,43.0393,0
          -76.63912,43.0361,0
          -76.63913,43.03609,0
          -76.64399,43.03398,0
          -76.64565,43.0334,0
          -76.64567,43.0334,0
          -76.65012,43.03209,0
          -76.65013,43.03208,0
          -76.65164,43.03164,0
          -76.65168,43.03162,0
          -76.65201,43.03153,0
          -76.65206,43.03151,0
          -76.65994,43.02919,0
          -76.65996,43.02918,0
          -76.66345,43.02814,0
          -76.66491,43.0276,0
          -76.66502,43.02755,0
          -76.66503,43.02754,0
          -76.66524,43.02746,0
          -76.66529,43.02743,0
          -76.66538,43.0274,0
          -76.66744,43.02645,0
          -76.66751,43.02641,0
          -76.6676,43.02638,0
          -76.66996,43.02527,0
          -76.67009,43.02522,0
          -76.67022,43.02515,0
          -76.67086,43.02486,0
          -76.67097,43.0248,0
          -76.6749,43.02297,0
          -76.67505,43.02291,0
          -76.67781,43.02162,0
          -76.67855,43.02125,0
          -76.67858,43.02124,0
          -76.6788,43.02113,0
          -76.67893,43.02105,0
          -76.67928,43.02087,0
          -76.68057,43.02009,0
          -76.68407,43.01787,0
          -76.68408,43.01786,0
          -76.68904,43.01472,0
          -76.68909,43.01468,0
          -76.69147,43.01323,0
          -76.69157,43.01316,0
          -76.69167,43.01311,0
          -76.69214,43.01283,0
          -76.69216,43.01281,0
          -76.6945,43.0114,0
          -76.69458,43.01136,0
          -76.69876,43.00886,0
          -76.69981,43.00831,0
          -76.69987,43.00829,0
          -76.70011,43.00817,0
          -76.70095,43.0078,0
          -76.701,43.00777,0
          -76.70309,43.00689,0
          -76.70321,43.00683,0
          -76.70451,43.00629,0
          -76.70463,43.00623,0
          -76.71178,43.00321,0
          -76.71192,43.00314,0
          -76.71204,43.0031,0
          -76.71417,43.0022,0
          -76.71417,43.00219,0
          -76.71493,43.0019,0
          -76.71533,43.00177,0
          -76.71534,43.00176,0
          -76.71664,43.00135,0
          -76.71685,43.0013,0
          -76.71711,43.00122,0
          -76.72378,42.99962,0
          -76.72379,42.99962,0
          -76.72703,42.99885,0
          -76.72704,42.99885,0
          -76.72971,42.99821,0
          -76.72973,42.9982,0
          -76.73136,42.99782,0
          -76.73149,42.99778,0
          -76.7351,42.99691,0
          -76.7369,42.9964,0
          -76.74119,42.99508,0
          -76.7412,42.99507,0
          -76.74241,42.9947,0
          -76.74243,42.9947,0
          -76.74282,42.99457,0
          -76.74284,42.99457,0
          -76.74337,42.99441,0
          -76.74339,42.9944,0
          -76.74487,42.99394,0
          -76.74492,42.99393,0
          -76.7489,42.9927,0
          -76.74892,42.99269,0
          -76.74901,42.99267,0
          -76.74905,42.99265,0
          -76.75303,42.99143,0
          -76.75305,42.99142,0
          -76.75307,42.99142,0
          -76.7651,42.9877,0
          -76.76512,42.98769,0
          -76.76609,42.9874,0
          -76.76622,42.98735,0
          -76.76887,42.98654,0
          -76.76888,42.98653,0
          -76.77033,42.98608,0
          -76.77034,42.98607,0
          -76.77285,42.98535,0
          -76.7734,42.98522,0
          -76.77342,42.98521,0
          -76.77473,42.98493,0
          -76.77475,42.98492,0
          -76.77584,42.98472,0
          -76.78224,42.98386,0
          -76.78229,42.98386,0
          -76.78926,42.98295,0
          -76.79061,42.98274,0
          -76.79088,42.98268,0
          -76.79103,42.98266,0
          -76.79245,42.98234,0
          -76.79376,42.98197,0
          -76.79386,42.98193,0
          -76.7942,42.98183,0
          -76.79421,42.98182,0
          -76.79508,42.98152,0
          -76.79631,42.98103,0
          -76.79774,42.98035,0
          -76.80674,42.97541,0
          -76.80734,42.97512,0
          -76.8084,42.97465,0
          -76.80999,42.97406,0
          -76.81123,42.97368,0
          -76.81352,42.97313,0
          -76.81354,42.97313,0
          -76.81926,42.97187,0
          -76.81928,42.97187,0
          -76.8214,42.9714,0
          -76.82142,42.9714,0
          -76.82344,42.97096,0
          -76.82352,42.97095,0
          -76.82359,42.97093,0
          -76.82763,42.97014,0
          -76.82778,42.97012,0
          -76.82785,42.9701,0
          -76.82981,42.96972,0
          -76.82996,42.9697,0
          -76.83183,42.96933,0
          -76.83185,42.96933,0
          -76.83254,42.96919,0
          -76.83269,42.96917,0
          -76.83281,42.96914,0
          -76.83285,42.96914,0
          -76.83472,42.96877,0
          -76.83487,42.96875,0
          -76.83645,42.96844,0
          -76.8366,42.96842,0
          -76.83667,42.9684,0
          -76.83703,42.96834,0
          -76.83896,42.9681,0
          -76.84013,42.96802,0
          -76.84464,42.96793,0
          -76.84481,42.96794,0
          -76.84485,42.96793,0
          -76.85021,42.96783,0
          -76.85139,42.96776,0
          -76.85142,42.96775,0
          -76.85244,42.96766,0
          -76.85332,42.96754,0
          -76.85332,42.96753,0
          -76.85815,42.96669,0
          -76.85818,42.96668,0
          -76.86004,42.96635,0
          -76.86008,42.96635,0
          -76.86133,42.96612,0
          -76.86137,42.96612,0
          -76.86167,42.96606,0
          -76.86287,42.96588,0
          -76.86302,42.96587,0
          -76.86314,42.96585,0
          -76.86451,42.96572,0
          -76.87599,42.96517,0
          -76.87612,42.96515,0
          -76.87632,42.96514,0
          -76.87687,42.96508,0
          -76.87689,42.96507,0
          -76.87702,42.96506,0
          -76.87704,42.96505,0
          -76.87748,42.965,0
          -76.87776,42.96495,0
          -76.87779,42.96495,0
          -76.8782,42.96488,0
          -76.87824,42.96488,0
          -76.8788,42.96478,0
          -76.87882,42.96477,0
          -76.87982,42.96457,0
          -76.87984,42.96457,0
          -76.87998,42.96454,0
          -76.88,42.96453,0
          -76.88552,42.96341,0
          -76.88556,42.96341,0
          -76.8867,42.96317,0
          -76.88684,42.96315,0
          -76.89063,42.96238,0
          -76.89065,42.96237,0
          -76.89093,42.96231,0
          -76.89107,42.96229,0
          -76.89138,42.96222,0
          -76.89146,42.96221,0
          -76.89151,42.96219,0
          -76.8916,42.96218,0
          -76.8918,42.96213,0
          -76.89194,42.96211,0
          -76.89225,42.96204,0
          -76.89233,42.96203,0
          -76.89346,42.96179,0
          -76.89354,42.96178,0
          -76.90215,42.96002,0
          -76.9023,42.95998,0
          -76.90244,42.95996,0
          -76.9026,42.95992,0
          -76.90274,42.9599,0
          -76.9046,42.95951,0
          -76.90462,42.95951,0
          -76.90655,42.95913,0
          -76.90741,42.959,0
          -76.90746,42.959,0
          -76.90765,42.95897,0
          -76.90771,42.95897,0
          -76.90808,42.95893,0
          -76.90809,42.95892,0
          -76.90816,42.95892,0
          -76.90898,42.95884,0
          -76.91614,42.95852,0
          -76.91621,42.95851,0
          -76.91706,42.95848,0
          -76.91711,42.95847,0
          -76.92033,42.95834,0
          -76.92039,42.95833,0
          -76.92107,42.95831,0
          -76.92109,42.9583,0
          -76.92505,42.95814,0
          -76.92625,42.95814,0
          -76.92774,42.95821,0
          -76.92947,42.95838,0
          -76.94193,42.95986,0
          -76.94307,42.95997,0
          -76.94315,42.95997,0
          -76.94322,42.95998,0
          -76.94336,42.95998,0
          -76.94337,42.95999,0
          -76.9447,42.96004,0
          -76.94584,42.96003,0
          -76.94588,42.96002,0
          -76.94633,42.96001,0
          -76.94636,42.96,0
          -76.94652,42.96,0
          -76.94708,42.95996,0
          -76.9471,42.95995,0
          -76.94769,42.9599,0
          -76.94856,42.95979,0
          -76.94858,42.95978,0
          -76.94876,42.95976,0
          -76.94996,42.95955,0
          -76.95034,42.95946,0
          -76.95039,42.95946,0
          -76.95161,42.95916,0
          -76.95421,42.95837,0
          -76.95422,42.95837,0
          -76.95491,42.95816,0
          -76.95493,42.95815,0
          -76.95685,42.95757,0
          -76.95686,42.95757,0
          -76.95869,42.95702,0
          -76.9587,42.95702,0
          -76.96051,42.95647,0
          -76.96079,42.9564,0
          -76.96094,42.95635,0
          -76.96096,42.95635,0
          -76.96109,42.95631,0
          -76.96295,42.95587,0
          -76.96297,42.95586,0
          -76.96487,42.95549,0
          -76.96489,42.95549,0
          -76.96503,42.95546,0
          -76.96695,42.95519,0
          -76.96844,42.95504,0
          -76.96947,42.95497,0
          -76.97128,42.9549,0
          -76.97396,42.95491,0
          -76.9741,42.95492,0
          -76.99902,42.95516,0
          -76.99912,42.95517,0
          -77.00256,42.9552,0
          -77.01039,42.9555,0
          -77.01045,42.95551,0
          -77.02146,42.95602,0
          -77.0215,42.95603,0
          -77.02166,42.95603,0
          -77.0221,42.95606,0
          -77.02225,42.95606,0
          -77.0224,42.95608,0
          -77.02331,42.95614,0
          -77.02448,42.95626,0
          -77.02623,42.95651,0
          -77.02626,42.95651,0
          -77.02767,42.95677,0
          -77.02911,42.95709,0
          -77.02925,42.95713,0
          -77.02936,42.95715,0
          -77.02952,42.9572,0
          -77.02959,42.95721,0
          -77.03091,42.95758,0
          -77.03187,42.95788,0
          -77.03255,42.95812,0
          -77.03269,42.95816,0
          -77.03388,42.95861,0
          -77.0353,42.95921,0
          -77.03537,42.95925,0
          -77.03813,42.96045,0
          -77.03814,42.96046,0
          -77.04568,42.96377,0
          -77.04569,42.96377,0
          -77.0459,42.96386,0
          -77.04593,42.96388,0
          -77.04671,42.96422,0
          -77.04674,42.96424,0
          -77.04721,42.96444,0
          -77.04737,42.96452,0
          -77.04748,42.96456,0
          -77.05119,42.96618,0
          -77.05131,42.96622,0
          -77.05132,42.96623,0
          -77.05266,42.96674,0
          -77.05386,42.96715,0
          -77.05428,42.96727,0
          -77.05442,42.96732,0
          -77.05609,42.96779,0
          -77.05623,42.96782,0
          -77.05636,42.96786,0
          -77.0568,42.96796,0
          -77.05685,42.96798,0
          -77.05867,42.96837,0
          -77.06026,42.96864,0
          -77.06144,42.9688,0
          -77.06277,42.96894,0
          -77.06322,42.96897,0
          -77.06337,42.96899,0
          -77.06411,42.96904,0
          -77.06426,42.96904,0
          -77.0647,42.96907,0
          -77.07036,42.96922,0
          -77.0708,42.96925,0
          -77.07095,42.96925,0
          -77.07154,42.96929,0
          -77.07169,42.96931,0
          -77.07175,42.96931,0
          -77.07346,42.9695,0
          -77.0736,42.96953,0
          -77.07404,42.96959,0
          -77.07491,42.96975,0
          -77.07646,42.97011,0
          -77.07688,42.97023,0
          -77.07694,42.97024,0
          -77.07812,42.9706,0
          -77.07948,42.9711,0
          -77.0795,42.9711,0
          -77.08183,42.97199,0
          -77.0819,42.97201,0
          -77.08196,42.97204,0
          -77.0821,42.97208,0
          -77.08256,42.97225,0
          -77.08264,42.97227,0
          -77.08277,42.97232,0
          -77.08428,42.9728,0
          -77.08429,42.9728,0
          -77.08534,42.9731,0
          -77.0868,42.97346,0
          -77.08896,42.97389,0
          -77.08913,42.97391,0
          -77.08926,42.97394,0
          -77.08955,42.97398,0
          -77.08969,42.97401,0
          -77.09102,42.97419,0
          -77.09109,42.97419,0
          -77.09191,42.97429,0
          -77.09221,42.97431,0
          -77.09235,42.97433,0
          -77.09265,42.97435,0
          -77.09279,42.97437,0
          -77.09384,42.97444,0
          -77.09398,42.97444,0
          -77.09443,42.97447,0
          -77.09951,42.97452,0
          -77.09966,42.97453,0
          -77.10085,42.97453,0
          -77.101,42.97454,0
          -77.10354,42.97454,0
          -77.10369,42.97453,0
          -77.10458,42.97453,0
          -77.14156,42.9734,0
          -77.1475,42.97335,0
          -77.14764,42.97336,0
          -77.1478,42.97335,0
          -77.14839,42.97336,0
          -77.1485,42.97335,0
          -77.15064,42.97336,0
          -77.15079,42.97337,0
          -77.15228,42.97338,0
          -77.15243,42.97339,0
          -77.15287,42.97339,0
          -77.15303,42.9734,0
          -77.15377,42.9734,0
          -77.15387,42.97341,0
          -77.156,42.97345,0
          -77.15608,42.97346,0
          -77.15999,42.97355,0
          -77.1601,42.97356,0
          -77.16978,42.9738,0
          -77.16986,42.97381,0
          -77.17506,42.97394,0
          -77.17536,42.97396,0
          -77.17561,42.97396,0
          -77.17567,42.97397,0
          -77.17581,42.97397,0
          -77.17586,42.97398,0
          -77.17729,42.97406,0
          -77.17877,42.9742,0
          -77.18028,42.97439,0
          -77.1803,42.9744,0
          -77.18069,42.97445,0
          -77.18377,42.97497,0
          -77.18651,42.97549,0
          -77.18653,42.97549,0
          -77.18737,42.97567,0
          -77.18751,42.97571,0
          -77.18866,42.97596,0
          -77.1888,42.976,0
          -77.18909,42.97606,0
          -77.18923,42.9761,0
          -77.19125,42.97653,0
          -77.19151,42.97657,0
          -77.19154,42.97658,0
          -77.19169,42.9766,0
          -77.19183,42.97663,0
          -77.19345,42.97685,0
          -77.19361,42.97686,0
          -77.19375,42.97688,0
          -77.19479,42.97696,0
          -77.19494,42.97696,0
          -77.19539,42.97699,0
          -77.20121,42.97715,0
          -77.21116,42.97797,0
          -77.2137,42.97812,0
          -77.24109,42.97924,0
          -77.25457,42.97938,0
          -77.25472,42.97939,0
          -77.26118,42.97945,0
          -77.26486,42.97962,0
          -77.26491,42.97963,0
          -77.26775,42.97986,0
          -77.26878,42.97998,0
          -77.26895,42.97999,0
          -77.27144,42.98031,0
          -77.27443,42.9808,0
          -77.2745,42.98082,0
          -77.27562,42.98102,0
          -77.27958,42.98182,0
          -77.27961,42.98182,0
          -77.28367,42.98263,0
          -77.28368,42.98264,0
          -77.32643,42.99117,0
          -77.32645,42.99118,0
          -77.33316,42.99251,0
          -77.33319,42.99251,0
          -77.33524,42.99292,0
          -77.33526,42.99293,0
          -77.33555,42.99299,0
          -77.3357,42.99301,0
          -77.33707,42.99329,0
          -77.33717,42.9933,0
          -77.33877,42.99361,0
          -77.33881,42.99361,0
          -77.34151,42.99404,0
          -77.34155,42.99404,0
          -77.34332,42.99428,0
          -77.34537,42.9945,0
          -77.34904,42.99478,0
          -77.34923,42.99478,0
          -77.37597,42.99619,0
          -77.37602,42.9962,0
          -77.37669,42.99623,0
          -77.37677,42.99624,0
          -77.37691,42.99624,0
          -77.37697,42.99625,0
          -77.40261,42.9976,0
          -77.40265,42.99761,0
          -77.40447,42.9977,0
          -77.40453,42.99771,0
          -77.40677,42.99782,0
          -77.40977,42.99803,0
          -77.41137,42.99819,0
          -77.41145,42.99819,0
          -77.41386,42.99849,0
          -77.41391,42.99849,0
          -77.41599,42.9988,0
          -77.41925,42.99939,0
          -77.4198,42.99951,0
          -77.41984,42.99951,0
          -77.42138,42.99985,0
          -77.42152,42.99989,0
          -77.42163,42.99991,0
          -77.42394,43.0005,0
          -77.42462,43.00071,0
          -77.42619,43.00128,0
          -77.4275,43.00185,0
          -77.42873,43.00248,0
          -77.42998,43.00322,0
          -77.43688,43.00768,0
          -77.43755,43.00808,0
          -77.43764,43.00812,0
          -77.43874,43.00873,0
          -77.43996,43.00935,0
          -77.4411,43.00986,0
          -77.44268,43.0105,0
          -77.44281,43.01054,0
          -77.44298,43.01061,0
          -77.4435,43.01079,0
          -77.44351,43.0108,0
          -77.44517,43.01134,0
          -77.44645,43.0117,0
          -77.44771,43.01201,0
          -77.44783,43.01203,0
          -77.44798,43.01207,0
          -77.44981,43.01244,0
          -77.44983,43.01244,0
          -77.44997,43.01247,0
          -77.45012,43.01249,0
          -77.45025,43.01252,0
          -77.45141,43.01271,0
          -77.45154,43.01274,0
          -77.45171,43.01276,0
          -77.45183,43.01279,0
          -77.45228,43.01286,0
          -77.45241,43.01289,0
          -77.45252,43.0129,0
          -77.45585,43.01348,0
          -77.45588,43.01348,0
          -77.45617,43.01353,0
          -77.45619,43.01354,0
          -77.45648,43.01358,0
          -77.45667,43.01362,0
          -77.45677,43.01363,0
          -77.45839,43.01391,0
          -77.45972,43.01409,0
          -77.46061,43.01418,0
          -77.46211,43.01428,0
          -77.47016,43.01449,0
          -77.47021,43.0145,0
          -77.47395,43.0146,0
          -77.47588,43.01474,0
          -77.4775,43.01494,0
          -77.47754,43.01494,0
          -77.47867,43.01512,0
          -77.4788,43.01515,0
          -77.47896,43.01517,0
          -77.47898,43.01518,0
          -77.48012,43.0154,0
          -77.48053,43.0155,0
          -77.48055,43.0155,0
          -77.48197,43.01585,0
          -77.48268,43.01606,0
          -77.48285,43.0161,0
          -77.48296,43.01614,0
          -77.48302,43.01615,0
          -77.4838,43.0164,0
          -77.48384,43.01642,0
          -77.48459,43.01667,0
          -77.48473,43.01673,0
          -77.48486,43.01677,0
          -77.4859,43.01717,0
          -77.48667,43.0175,0
          -77.48668,43.0175,0
          -77.4868,43.01756,0
          -77.48693,43.01761,0
          -77.487,43.01765,0
          -77.48784,43.01802,0
          -77.48785,43.01802,0
          -77.48897,43.01852,0
          -77.48898,43.01853,0
          -77.49099,43.01942,0
          -77.49102,43.01944,0
          -77.49317,43.0204,0
          -77.49318,43.0204,0
          -77.49662,43.02193,0
          -77.49903,43.02306,0
          -77.50049,43.02383,0
          -77.50053,43.02386,0
          -77.50563,43.0267,0
          -77.50566,43.02673,0
          -77.50575,43.02677,0
          -77.50586,43.02684,0
          -77.50599,43.0269,0
          -77.5067,43.02731,0
          -77.50683,43.02737,0
          -77.50874,43.02844,0
          -77.50887,43.0285,0
          -77.50923,43.0287,0
          -77.5112,43.02963,0
          -77.51143,43.02972,0
          -77.51164,43.02982,0
          -77.51336,43.03049,0
          -77.51346,43.03052,0
          -77.5135,43.03054,0
          -77.51355,43.03055,0
          -77.51608,43.03143,0
          -77.51609,43.03143,0
          -77.52035,43.03289,0
          -77.52039,43.03291,0
          -77.52488,43.03445,0
          -77.5249,43.03445,0
          -77.5316,43.03675,0
          -77.53172,43.0368,0
          -77.53282,43.03717,0
          -77.53283,43.03718,0
          -77.53515,43.03797,0
          -77.53527,43.03802,0
          -77.53528,43.03802,0
          -77.53953,43.03947,0
          -77.53965,43.03952,0
          -77.53974,43.03954,0
          -77.5398,43.03957,0
          -77.54714,43.04208,0
          -77.54715,43.04209,0
          -77.54729,43.04213,0
          -77.54744,43.04219,0
          -77.54982,43.04298,0
          -77.54984,43.04299,0
          -77.54997,43.04302,0
          -77.55011,43.04307,0
          -77.55197,43.0436,0
          -77.55212,43.04363,0
          -77.55257,43.04375,0
          -77.55275,43.04381,0
          -77.55417,43.04414,0
          -77.55572,43.04446,0
          -77.5586,43.04494,0
          -77.55864,43.04494,0
          -77.55958,43.04508,0
          -77.55961,43.04508,0
          -77.57396,43.04719,0
          -77.5741,43.04722,0
          -77.57801,43.04778,0
          -77.58035,43.04803,0
          -77.58227,43.04816,0
          -77.58418,43.04823,0
          -77.58566,43.04824,0
          -77.58581,43.04823,0
          -77.58639,43.04823,0
          -77.60379,43.04755,0
          -77.60382,43.04754,0
          -77.61177,43.04723,0
          -77.61323,43.04721,0
          -77.6154,43.04725,0
          -77.61545,43.04726,0
          -77.61633,43.04729,0
          -77.61785,43.04739,0
          -77.62014,43.04762,0
          -77.62403,43.0481,0
          -77.62406,43.04811,0
          -77.62549,43.04826,0
          -77.62569,43.04827,0
          -77.62583,43.04829,0
          -77.62769,43.04842,0
          -77.62965,43.04849,0
          -77.6301,43.04849,0
          -77.63025,43.0485,0
          -77.63205,43.04849,0
          -77.66273,43.0476,0
          -77.6632,43.04757,0
          -77.66335,43.04757,0
          -77.66564,43.04741,0
          -77.66566,43.0474,0
          -77.66736,43.04723,0
          -77.66859,43.04707,0
          -77.66874,43.04704,0
          -77.66919,43.04698,0
          -77.67116,43.04664,0
          -77.67123,43.04662,0
          -77.67433,43.04605,0
          -77.67434,43.04604,0
          -77.67449,43.04602,0
          -77.67794,43.04536,0
          -77.67809,43.04534,0
          -77.67826,43.0453,0
          -77.67868,43.04523,0
          -77.6787,43.04522,0
          -77.68201,43.0446,0
          -77.68217,43.04458,0
          -77.68729,43.04361,0
          -77.68745,43.04359,0
          -77.68895,43.04331,0
          -77.6892,43.04328,0
          -77.68926,43.04326,0
          -77.6914,43.04296,0
          -77.69332,43.04276,0
          -77.6934,43.04276,0
          -77.69356,43.04274,0
          -77.69574,43.0426,0
          -77.70748,43.04208,0
          -77.70752,43.04207,0
          -77.70901,43.04201,0
          -77.70907,43.042,0
          -77.70969,43.04198,0
          -77.70975,43.04197,0
          -77.71201,43.04188,0
          -77.71371,43.04186,0
          -77.71387,43.04187,0
          -77.71464,43.04187,0
          -77.71467,43.04188,0
          -77.71664,43.04194,0
          -77.71666,43.04195,0
          -77.71682,43.04195,0
          -77.71688,43.04196,0
          -77.7179,43.04202,0
          -77.71805,43.04204,0
          -77.71852,43.04207,0
          -77.72036,43.04226,0
          -77.72523,43.04298,0
          -77.72525,43.04299,0
          -77.72737,43.04332,0
          -77.7274,43.04332,0
          -77.72801,43.04341,0
          -77.72814,43.04344,0
          -77.72896,43.04357,0
          -77.72908,43.04358,0
          -77.72912,43.04359,0
          -77.72922,43.0436,0
          -77.72924,43.04361,0
          -77.72962,43.04367,0
          -77.72967,43.04367,0
          -77.73531,43.04455,0
          -77.73534,43.04456,0
          -77.737,43.04482,0
          -77.73704,43.04482,0
          -77.73882,43.0451,0
          -77.74096,43.04535,0
          -77.74251,43.04546,0
          -77.74265,43.04546,0
          -77.74266,43.04547,0
          -77.7442,43.04552,0
          -77.74639,43.0455,0
          -77.77176,43.04464,0
          -77.77185,43.04463,0
          -77.77769,43.04444,0
          -77.7777,43.04443,0
          -77.78284,43.04424,0
          -77.78513,43.04405,0
          -77.78742,43.04377,0
          -77.78865,43.04358,0
          -77.7912,43.0431,0
          -77.79312,43.04265,0
          -77.79501,43.04214,0
          -77.79727,43.04143,0
          -77.79742,43.04137,0
          -77.8015,43.03999,0
          -77.80151,43.03999,0
          -77.80304,43.03947,0
          -77.80305,43.03947,0
          -77.80812,43.03774,0
          -77.80827,43.0377,0
          -77.8101,43.03707,0
          -77.81025,43.03703,0
          -77.81081,43.03683,0
          -77.81096,43.03679,0
          -77.81264,43.03621,0
          -77.81265,43.03621,0
          -77.81815,43.03434,0
          -77.8183,43.0343,0
          -77.82125,43.03329,0
          -77.8214,43.03325,0
          -77.82167,43.03315,0
          -77.82175,43.03313,0
          -77.8221,43.03301,0
          -77.82469,43.03224,0
          -77.82483,43.03221,0
          -77.82498,43.03216,0
          -77.82513,43.03213,0
          -77.82571,43.03197,0
          -77.82741,43.03156,0
          -77.82748,43.03155,0
          -77.82793,43.03144,0
          -77.83017,43.03099,0
          -77.8306,43.03092,0
          -77.83062,43.03091,0
          -77.83244,43.03061,0
          -77.83531,43.03025,0
          -77.83534,43.03024,0
          -77.8355,43.03023,0
          -77.83555,43.03022,0
          -77.83658,43.03012,0
          -77.83736,43.03007,0
          -77.83739,43.03006,0
          -77.83921,43.02994,0
          -77.8417,43.02986,0
          -77.85155,43.02991,0
          -77.85172,43.02992,0
          -77.86615,43.03,0
          -77.86627,43.03001,0
          -77.88455,43.03011,0
          -77.88468,43.03012,0
          -77.89454,43.03017,0
          -77.89469,43.03018,0
          -77.91421,43.03029,0
          -77.91437,43.0303,0
          -77.91606,43.03029,0
          -77.91914,43.03019,0
          -77.92006,43.03013,0
          -77.92022,43.03013,0
          -77.92081,43.03009,0
          -77.92083,43.03008,0
          -77.92298,43.02991,0
          -77.92301,43.0299,0
          -77.93283,43.0289,0
          -77.93503,43.02873,0
          -77.93858,43.02857,0
          -77.94167,43.02855,0
          -77.94512,43.02862,0
          -77.94522,43.02863,0
          -77.94966,43.02872,0
          -77.94978,43.02873,0
          -78.00288,43.02988,0
          -78.00298,43.02989,0
          -78.02743,43.03033,0
          -78.02749,43.03034,0
          -78.03201,43.03039,0
          -78.03546,43.03026,0
          -78.03775,43.03008,0
          -78.03946,43.0299,0
          -78.04159,43.02961,0
          -78.04356,43.02928,0
          -78.04511,43.02898,0
          -78.04682,43.0286,0
          -78.04989,43.0278,0
          -78.05152,43.02731,0
          -78.05154,43.02731,0
          -78.05269,43.02697,0
          -78.05273,43.02695,0
          -78.06068,43.02458,0
          -78.06074,43.02457,0
          -78.06273,43.02397,0
          -78.06276,43.02397,0
          -78.07485,43.02037,0
          -78.07495,43.02033,0
          -78.08176,43.01831,0
          -78.08181,43.01829,0
          -78.08414,43.0176,0
          -78.08416,43.01759,0
          -78.0918,43.01532,0
          -78.092,43.01525,0
          -78.09444,43.01456,0
          -78.09603,43.01421,0
          -78.09605,43.01421,0
          -78.0966,43.01411,0
          -78.09671,43.0141,0
          -78.09685,43.01407,0
          -78.09843,43.01387,0
          -78.09894,43.01383,0
          -78.09898,43.01382,0
          -78.09993,43.01376,0
          -78.10163,43.01373,0
          -78.10344,43.01381,0
          -78.1048,43.01395,0
          -78.1057,43.01408,0
          -78.10757,43.01445,0
          -78.10828,43.01462,0
          -78.10828,43.01463,0
          -78.10906,43.01483,0
          -78.11021,43.01519,0
          -78.11145,43.01565,0
          -78.11396,43.01666,0
          -78.11406,43.01671,0
          -78.11446,43.01686,0
          -78.11471,43.01697,0
          -78.11483,43.01701,0
          -78.11728,43.018,0
          -78.1174,43.01806,0
          -78.12128,43.01962,0
          -78.12129,43.01962,0
          -78.12291,43.02025,0
          -78.12296,43.02026,0
          -78.12475,43.02085,0
          -78.12513,43.02095,0
          -78.12515,43.02096,0
          -78.12612,43.02122,0
          -78.128,43.02164,0
          -78.1281,43.02165,0
          -78.12826,43.02169,0
          -78.12983,43.02195,0
          -78.12986,43.02195,0
          -78.1307,43.02207,0
          -78.13085,43.02208,0
          -78.13113,43.02212,0
          -78.13306,43.02228,0
          -78.13469,43.02234,0
          -78.1359,43.02235,0
          -78.13759,43.02229,0
          -78.13796,43.02226,0
          -78.13809,43.02226,0
          -78.14593,43.02169,0
          -78.14604,43.02169,0
          -78.14965,43.02142,0
          -78.14977,43.02142,0
          -78.14992,43.0214,0
          -78.15116,43.02132,0
          -78.15131,43.0213,0
          -78.15255,43.02122,0
          -78.15271,43.0212,0
          -78.15537,43.02102,0
          -78.15553,43.021,0
          -78.15565,43.021,0
          -78.1587,43.02078,0
          -78.15876,43.02077,0
          -78.16038,43.02066,0
          -78.16053,43.02064,0
          -78.1609,43.02062,0
          -78.16096,43.02061,0
          -78.16373,43.02041,0
          -78.16384,43.02041,0
          -78.16389,43.0204,0
          -78.1655,43.02029,0
          -78.16563,43.02027,0
          -78.17326,43.01973,0
          -78.17339,43.01973,0
          -78.17355,43.01971,0
          -78.17364,43.01971,0
          -78.1737,43.0197,0
          -78.17915,43.01931,0
          -78.17926,43.01931,0
          -78.1862,43.01883,0
          -78.19029,43.01862,0
          -78.19031,43.01861,0
          -78.1969,43.01837,0
          -78.19694,43.01836,0
          -78.19979,43.01829,0
          -78.1999,43.01828,0
          -78.20205,43.01824,0
          -78.20212,43.01823,0
          -78.20538,43.01816,0
          -78.20545,43.01815,0
          -78.22047,43.0178,0
          -78.22207,43.01772,0
          -78.22651,43.0176,0
          -78.22768,43.0176,0
          -78.22774,43.01759,0
          -78.23064,43.01754,0
          -78.23069,43.01753,0
          -78.23276,43.0175,0
          -78.23285,43.01749,0
          -78.23364,43.01748,0
          -78.23375,43.01747,0
          -78.27667,43.0164,0
          -78.28066,43.01622,0
          -78.28699,43.01577,0
          -78.28702,43.01576,0
          -78.28711,43.01576,0
          -78.30187,43.01468,0
          -78.30202,43.01466,0
          -78.30481,43.01446,0
          -78.30496,43.01444,0
          -78.30584,43.01438,0
          -78.30589,43.01437,0
          -78.30598,43.01437,0
          -78.30613,43.01435,0
          -78.30905,43.01414,0
          -78.3092,43.01412,0
          -78.31067,43.01402,0
          -78.31082,43.014,0
          -78.31229,43.0139,0
          -78.31244,43.01388,0
          -78.31435,43.01374,0
          -78.31446,43.01374,0
          -78.3145,43.01373,0
          -78.32124,43.01322,0
          -78.32139,43.0132,0
          -78.3247,43.01296,0
          -78.32474,43.01295,0
          -78.32779,43.01273,0
          -78.32793,43.01271,0
          -78.33218,43.0124,0
          -78.33232,43.01238,0
          -78.34587,43.01142,0
          -78.35154,43.01114,0
          -78.35776,43.01094,0
          -78.3873,43.0105,0
          -78.3914,43.01036,0
          -78.39276,43.01027,0
          -78.39438,43.01009,0
          -78.3961,43.00984,0
          -78.39623,43.00981,0
          -78.39639,43.00979,0
          -78.39911,43.00925,0
          -78.40161,43.0086,0
          -78.40298,43.00818,0
          -78.40459,43.00762,0
          -78.40494,43.00748,0
          -78.40498,43.00747,0
          -78.40678,43.00674,0
          -78.40697,43.00665,0
          -78.40713,43.00659,0
          -78.40816,43.00612,0
          -78.40986,43.00525,0
          -78.40987,43.00524,0
          -78.4133,43.00329,0
          -78.41334,43.00326,0
          -78.41411,43.00282,0
          -78.41412,43.00282,0
          -78.4178,43.00071,0
          -78.41784,43.00068,0
          -78.4254,42.99633,0
          -78.42543,42.99632,0
          -78.42838,42.99463,0
          -78.42842,42.9946,0
          -78.42971,42.99397,0
          -78.4308,42.99351,0
          -78.43172,42.99317,0
          -78.43335,42.99266,0
          -78.43432,42.99241,0
          -78.43518,42.99222,0
          -78.43531,42.9922,0
          -78.45134,42.98876,0
          -78.4514,42.98874,0
          -78.45148,42.98873,0
          -78.45241,42.98853,0
          -78.45249,42.98852,0
          -78.45592,42.98779,0
          -78.45602,42.98776,0
          -78.46366,42.98613,0
          -78.46368,42.98612,0
          -78.46921,42.98491,0
          -78.47249,42.98413,0
          -78.47405,42.98372,0
          -78.47596,42.98317,0
          -78.47613,42.98311,0
          -78.47749,42.98271,0
          -78.47751,42.9827,0
          -78.47812,42.98252,0
          -78.47826,42.98249,0
          -78.4783,42.98247,0
          -78.48007,42.98202,0
          -78.4816,42.9817,0
          -78.48273,42.9815,0
          -78.48464,42.98124,0
          -78.48468,42.98123,0
          -78.48581,42.98111,0
          -78.48737,42.98101,0
          -78.48743,42.981,0
          -78.48877,42.98096,0
          -78.48884,42.98095,0
          -78.49054,42.9809,0
          -78.49261,42.98076,0
          -78.49394,42.98062,0
          -78.49399,42.98062,0
          -78.49631,42.98033,0
          -78.49757,42.98013,0
          -78.49902,42.97986,0
          -78.50171,42.97925,0
          -78.50337,42.9788,0
          -78.50351,42.97875,0
          -78.50392,42.97864,0
          -78.50555,42.97812,0
          -78.50557,42.97811,0
          -78.50568,42.97808,0
          -78.50716,42.97755,0
          -78.5073,42.97749,0
          -78.50743,42.97745,0
          -78.50782,42.9773,0
          -78.50794,42.97724,0
          -78.50834,42.97709,0
          -78.50987,42.97644,0
          -78.51012,42.97632,0
          -78.51025,42.97627,0
          -78.51357,42.97464,0
          -78.51369,42.97457,0
          -78.51594,42.97352,0
          -78.51607,42.97345,0
          -78.51744,42.97285,0
          -78.51745,42.97285,0
          -78.51758,42.97279,0
          -78.51772,42.97274,0
          -78.51784,42.97268,0
          -78.51913,42.97216,0
          -78.51916,42.97214,0
          -78.52004,42.9718,0
          -78.52017,42.97174,0
          -78.5203,42.9717,0
          -78.52069,42.97154,0
          -78.52072,42.97154,0
          -78.52112,42.97138,0
          -78.52326,42.97062,0
          -78.52527,42.96996,0
          -78.52829,42.96907,0
          -78.52969,42.9687,0
          -78.53278,42.96796,0
          -78.53507,42.96748,0
          -78.53841,42.96689,0
          -78.53853,42.96688,0
          -78.552,42.96466,0
          -78.55208,42.96464,0
          -78.56193,42.96299,0
          -78.56364,42.96262,0
          -78.574,42.95985,0
          -78.57418,42.95979,0
          -78.58375,42.95722,0
          -78.58386,42.95718,0
          -78.58554,42.95673,0
          -78.58561,42.9567,0
          -78.59076,42.95532,0
          -78.59077,42.95531,0
          -78.59548,42.95404,0
          -78.59553,42.95402,0
          -78.60023,42.95275,0
          -78.60026,42.95275,0
          -78.60601,42.9512,0
          -78.60603,42.95119,0
          -78.60725,42.95087,0
          -78.60823,42.95066,0
          -78.60982,42.95039,0
          -78.61097,42.95025,0
          -78.61434,42.95,0
          -78.61449,42.94998,0
          -78.61699,42.9498,0
          -78.61714,42.94978,0
          -78.61818,42.94971,0
          -78.61833,42.94969,0
          -78.61893,42.94965,0
          -78.61899,42.94964,0
          -78.62228,42.9494,0
          -78.62243,42.94938,0
          -78.62848,42.94892,0
          -78.62922,42.94884,0
          -78.63333,42.94856,0
          -78.63348,42.94854,0
          -78.63553,42.94839,0
          -78.63557,42.94838,0
          -78.6367,42.9483,0
          -78.63685,42.94828,0
          -78.6385,42.94816,0
          -78.63856,42.94815,0
          -78.64275,42.94786,0
          -78.64365,42.94784,0
          -78.64374,42.94783,0
          -78.6461,42.9478,0
          -78.64624,42.94779,0
          -78.65721,42.94764,0
          -78.65739,42.94765,0
          -78.65753,42.94764,0
          -78.66158,42.9476,0
          -78.66172,42.94759,0
          -78.67232,42.94746,0
          -78.67353,42.94752,0
          -78.67368,42.94754,0
          -78.67379,42.94754,0
          -78.67383,42.94755,0
          -78.67919,42.94808,0
          -78.67959,42.94814,0
          -78.68017,42.9482,0
          -78.68022,42.9482,0
          -78.68234,42.94842,0
          -78.68238,42.94843,0
          -78.68254,42.94844,0
          -78.68258,42.94845,0
          -78.6846,42.94866,0
          -78.68466,42.94866,0
          -78.68619,42.94882,0
          -78.68624,42.94882,0
          -78.68973,42.94919,0
          -78.68979,42.94919,0
          -78.69545,42.94978,0
          -78.69551,42.94978,0
          -78.69873,42.95012,0
          -78.69881,42.95012,0
          -78.70074,42.95032,0
          -78.70077,42.95033,0
          -78.70143,42.95039,0
          -78.70148,42.9504,0
          -78.70519,42.95078,0
          -78.70668,42.95086,0
          -78.72404,42.95086,0
          -78.72416,42.95085,0
          -78.72747,42.95085,0
          -78.72762,42.95086,0
          -78.72777,42.95085,0
          -78.73127,42.95085,0
          -78.73142,42.95084,0
          -78.73222,42.95084,0
          -78.73343,42.95088,0
          -78.73505,42.951,0
          -78.73644,42.95117,0
          -78.7365,42.95117,0
          -78.73816,42.9514,0
          -78.73831,42.95143,0
          -78.73983,42.95164,0
          -78.73997,42.95165,0
          -78.74083,42.95177,0
          -78.74086,42.95177,0
          -78.74204,42.95193,0
          -78.7421,42.95193,0
          -78.74213,42.95194,0
          -78.74356,42.95208,0
          -78.74505,42.95215,0
          -78.75512,42.95214,0
          -78.75527,42.95215,0
          -78.75604,42.95213,0
          -78.75692,42.95205,0
          -78.75694,42.95204,0
          -78.75706,42.95203,0
          -78.75724,42.952,0
          -78.75737,42.95199,0
          -78.75775,42.95193,0
          -78.75875,42.95172,0
          -78.75927,42.95158,0
          -78.75929,42.95157,0
          -78.75989,42.95138,0
          -78.75994,42.95137,0
          -78.76062,42.95112,0
          -78.76121,42.95086,0
          -78.76191,42.95051,0
          -78.7626,42.9501,0
          -78.76293,42.94988,0
          -78.76366,42.94933,0
          -78.76398,42.94905,0
          -78.76457,42.94846,0
          -78.76465,42.94836,0
          -78.76473,42.94828,0
          -78.76497,42.94799,0
          -78.76512,42.94778,0
          -78.76513,42.94778,0
          -78.76528,42.94755,0
          -78.76532,42.9475,0
          -78.7657,42.94684,0
          -78.76592,42.94637,0
          -78.76594,42.9463,0
          -78.76604,42.94608,0
          -78.76616,42.94575,0
          -78.76629,42.9453,0
          -78.7664,42.94474,0
          -78.76647,42.94408,0
          -78.76648,42.94331,0
          -78.76647,42.94317,0
          -78.76647,42.94214,0
          -78.76646,42.94203,0
          -78.76646,42.94063,0
          -78.76645,42.94051,0
          -78.76644,42.93781,0
          -78.76643,42.93769,0
          -78.76642,42.93483,0
          -78.76641,42.93472,0
          -78.7664,42.93208,0
          -78.76639,42.93191,0
          -78.76639,42.93094,0
          -78.76641,42.93048,0
          -78.7664,42.92965,0
          -78.76641,42.92954,0
          -78.76638,42.92574,0
          -78.76637,42.92561,0
          -78.76636,42.92267,0
          -78.76635,42.92255,0
          -78.76635,42.91889,0
          -78.76674,42.91,0
          -78.76679,42.90937,0
          -78.76721,42.89938,0
          -78.76722,42.8993,0
          -78.7674,42.89489,0
          -78.76741,42.89482,0
          -78.76741,42.89468,0
          -78.76742,42.8946,0
          -78.76778,42.88682,0
          -78.76778,42.88655,0
          -78.76781,42.88611,0
          -78.76788,42.8855,0
          -78.76792,42.88526,0
          -78.76799,42.88498,0
          -78.76815,42.88446,0
          -78.76832,42.88403,0
          -78.76851,42.88364,0
          -78.76854,42.88356,0
          -78.7687,42.88328,0
          -78.76913,42.88263,0
          -78.76951,42.88214,0
          -78.77,42.88162,0
          -78.77027,42.88136,0
          -78.7706,42.88108,0
          -78.77114,42.88066,0
          -78.77137,42.88051,0
          -78.77138,42.8805,0
          -78.77157,42.88037,0
          -78.77202,42.8801,0
          -78.77206,42.88007,0
          -78.77255,42.8798,0
          -78.7731,42.87953,0
          -78.77357,42.87933,0
          -78.7743,42.87906,0
          -78.77538,42.87875,0
          -78.77849,42.87804,0
          -78.77851,42.87804,0
          -78.78089,42.8775,0
          -78.7809,42.8775,0
          -78.78467,42.87666,0
          -78.78537,42.87648,0
          -78.78592,42.8763,0
          -78.78618,42.8762,0
          -78.78667,42.87598,0
          -78.78711,42.87573,0
          -78.78746,42.87551,0
          -78.78772,42.87532,0
          -78.78773,42.87532,0
          -78.78803,42.87508,0
          -78.7882,42.87497,0
          -78.78821,42.87495,0
          -78.78857,42.87463,0
          -78.78887,42.87433,0
          -78.78922,42.8739,0
          -78.78938,42.87366,0
          -78.78941,42.8736,0
          -78.78947,42.87351,0
          -78.78959,42.87328,0
          -78.78973,42.87296,0
          -78.78986,42.87255,0
          -78.78989,42.8724,0
          -78.79001,42.87197,0
          -78.79007,42.8717,0
          -78.79043,42.87042,0
          -78.79155,42.86714,0
          -78.79155,42.86713,0
          -78.79177,42.8665,0
          -78.79185,42.86618,0
          -78.79189,42.86596,0
          -78.79194,42.86538,0
          -78.79195,42.86496,0
          -78.79196,42.86488,0
          -78.79217,42.8594,0
          -78.79218,42.85933,0
          -78.79221,42.85809,0
          -78.79218,42.85767,0
          -78.79204,42.85689,0
          -78.79192,42.85647,0
          -78.79183,42.85623,0
          -78.79176,42.8561,0
          -78.79061,42.85314,0
          -78.7906,42.85309,0
          -78.79056,42.85298,0
          -78.79044,42.85253,0
          -78.79035,42.85198,0
          -78.79032,42.85165,0
          -78.79031,42.85111,0
          -78.79036,42.85054,0
          -78.79046,42.84999,0
          -78.79059,42.84951,0
          -78.79079,42.84898,0
          -78.79084,42.84888,0
          -78.79085,42.84885,0
          -78.79104,42.84846,0
          -78.79149,42.84769,0
          -78.79149,42.84768,0
          -78.79157,42.84755,0
          -78.79159,42.84753,0
          -78.79168,42.84736,0
          -78.79169,42.84735,0
          -78.79211,42.84665,0
          -78.79216,42.84654,0
          -78.79222,42.84644,0
          -78.79246,42.84592,0
          -78.79262,42.84549,0
          -78.79271,42.84519,0
          -78.79284,42.84456,0
          -78.79288,42.8442,0
          -78.79297,42.84186,0
          -78.79296,42.84175,0
          -78.79315,42.83618,0
          -78.79315,42.83562,0
          -78.79311,42.83507,0
          -78.79307,42.83485,0
          -78.79306,42.83473,0
          -78.79284,42.8339,0
          -78.79282,42.83387,0
          -78.79278,42.83374,0
          -78.79273,42.83364,0
          -78.79267,42.83348,0
          -78.79262,42.83338,0
          -78.79254,42.83317,0
          -78.79244,42.83296,0
          -78.79244,42.83295,0
          -78.79181,42.83147,0
          -78.79151,42.83069,0
          -78.79151,42.83068,0
          -78.79144,42.83049,0
          -78.79129,42.82996,0
          -78.79117,42.82939,0
          -78.79116,42.82929,0
          -78.79115,42.82927,0
          -78.79114,42.82916,0
          -78.79112,42.82906,0
          -78.79107,42.82861,0
          -78.79107,42.82849,0
          -78.79106,42.82848,0
          -78.79105,42.82784,0
          -78.79119,42.82385,0
          -78.7912,42.82378,0
          -78.79124,42.82225,0
          -78.79125,42.8222,0
          -78.7913,42.82054,0
          -78.79131,42.82045,0
          -78.79132,42.81987,0
          -78.79133,42.81976,0
          -78.79133,42.81943,0
          -78.79134,42.81935,0
          -78.79136,42.81878,0
          -78.79141,42.81826,0
          -78.79142,42.81823,0
          -78.79143,42.81811,0
          -78.79155,42.8176,0
          -78.79175,42.817,0
          -78.79188,42.81668,0
          -78.79212,42.81618,0
          -78.79236,42.81576,0
          -78.79253,42.81551,0
          -78.79255,42.81547,0
          -78.79282,42.81512,0
          -78.79285,42.81507,0
          -78.79322,42.81464,0
          -78.79357,42.81429,0
          -78.79415,42.81379,0
          -78.79443,42.81357,0
          -78.79447,42.81355,0
          -78.79468,42.81339,0
          -78.79523,42.81303,0
          -78.79582,42.8127,0
          -78.7965,42.81237,0
          -78.79835,42.81156,0
          -78.79841,42.81154,0
          -78.79911,42.81123,0
          -78.79925,42.81118,0
          -78.7995,42.81106,0
          -78.79971,42.81098,0
          -78.80025,42.81073,0
          -78.80029,42.81072,0
          -78.80055,42.8106,0
          -78.80059,42.81059,0
          -78.80316,42.80946,0
          -78.8033,42.80941,0
          -78.80616,42.80816,0
          -78.80623,42.80812,0
          -78.8063,42.8081,0
          -78.80708,42.80776,0
          -78.80719,42.8077,0
          -78.80771,42.80748,0
          -78.80874,42.807,0
          -78.80886,42.80693,0
          -78.80899,42.80687,0
          -78.80943,42.80663,0
          -78.80947,42.8066,0
          -78.80996,42.80633,0
          -78.81098,42.80567,0
          -78.81119,42.80551,0
          -78.81127,42.80546,0
          -78.81173,42.80512,0
          -78.81263,42.80437,0
          -78.81263,42.80436,0
          -78.81301,42.80402,0
          -78.8131,42.80392,0
          -78.81341,42.80362,0
          -78.8138,42.8032,0
          -78.81421,42.80271,0
          -78.81442,42.80243,0
          -78.8145,42.80234,0
          -78.81472,42.80204,0
          -78.81512,42.80144,0
          -78.81548,42.80083,0
          -78.81553,42.80072,0
          -78.81559,42.80062,0
          -78.8156,42.80058,0
          -78.81565,42.8005,0
          -78.81565,42.80049,0
          -78.81585,42.80008,0
          -78.81589,42.79997,0
          -78.81606,42.7996,0
          -78.8162,42.79925,0
          -78.81627,42.79902,0
          -78.81635,42.79881,0
          -78.81637,42.79873,0
          -78.81638,42.79871,0
          -78.81654,42.79815,0
          -78.81656,42.79804,0
          -78.81659,42.79794,0
          -78.81668,42.79751,0
          -78.81668,42.79748,0
          -78.81673,42.79726,0
          -78.81686,42.79638,0
          -78.81693,42.79561,0
          -78.81693,42.79549,0
          -78.81695,42.79529,0
          -78.81695,42.79505,0
          -78.81696,42.79504,0
          -78.81695,42.79415,0
          -78.81694,42.79404,0
          -78.81694,42.79393,0
          -78.81639,42.78717,0
          -78.81639,42.78706,0
          -78.81636,42.78673,0
          -78.81636,42.78662,0
          -78.81634,42.78641,0
          -78.81634,42.78627,0
          -78.81633,42.78617,0
          -78.81633,42.78605,0
          -78.81629,42.7855,0
          -78.81629,42.78539,0
          -78.81628,42.78531,0
          -78.81628,42.78516,0
          -78.81626,42.78496,0
          -78.81622,42.78404,0
          -78.81622,42.78371,0
          -78.81621,42.7836,0
          -78.81621,42.78304,0
          -78.8162,42.78292,0
          -78.8162,42.78125,0
          -78.81626,42.77923,0
          -78.81639,42.7772,0
          -78.81658,42.77525,0
          -78.8168,42.77344,0
          -78.81705,42.77183,0
          -78.81705,42.77181,0
          -78.8177,42.76849,0
          -78.81796,42.76754,0
          -78.81811,42.7671,0
          -78.81845,42.76633,0
          -78.81847,42.7663,0
          -78.81849,42.76624,0
          -78.81869,42.76588,0
          -78.81912,42.7652,0
          -78.8197,42.76444,0
          -78.82014,42.76394,0
          -78.82027,42.76381,0
          -78.8203,42.76377,0
          -78.82101,42.76309,0
          -78.82145,42.76272,0
          -78.82195,42.76234,0
          -78.82197,42.76232,0
          -78.82413,42.76068,0
          -78.82415,42.76067,0
          -78.8253,42.75979,0
          -78.82532,42.75978,0
          -78.82593,42.75928,0
          -78.82687,42.75844,0
          -78.82688,42.75842,0
          -78.82733,42.75799,0
          -78.82785,42.75745,0
          -78.82874,42.75644,0
          -78.82883,42.75632,0
          -78.8293,42.75578,0
          -78.82931,42.75576,0
          -78.82955,42.75549,0
          -78.8297,42.7553,0
          -78.82979,42.75521,0
          -78.83052,42.75435,0
          -78.83069,42.75417,0
          -78.8324,42.75217,0
          -78.83247,42.7521,0
          -78.83248,42.75208,0
          -78.83572,42.74833,0
          -78.83581,42.74824,0
          -78.83618,42.7478,0
          -78.83715,42.74676,0
          -78.83787,42.74605,0
          -78.83795,42.74599,0
          -78.83838,42.7456,0
          -78.839,42.74508,0
          -78.83996,42.74433,0
          -78.84007,42.74426,0
          -78.84017,42.74418,0
          -78.84072,42.7438,0
          -78.84198,42.743,0
          -78.84336,42.74223,0
          -78.84343,42.7422,0
          -78.84355,42.74213,0
          -78.84381,42.74201,0
          -78.84393,42.74194,0
          -78.84499,42.74144,0
          -78.84508,42.74141,0
          -78.84534,42.74129,0
          -78.84884,42.73986,0
          -78.84891,42.73984,0
          -78.85312,42.73809,0
          -78.85313,42.73808,0
          -78.85326,42.73803,0
          -78.85367,42.73784,0
          -78.85378,42.7378,0
          -78.85467,42.73739,0
          -78.85468,42.73738,0
          -78.85508,42.7372,0
          -78.85521,42.73713,0
          -78.85557,42.73697,0
          -78.8577,42.73591,0
          -78.85782,42.73584,0
          -78.85857,42.73547,0
          -78.85869,42.7354,0
          -78.85907,42.73522,0
          -78.85919,42.73515,0
          -78.86084,42.73434,0
          -78.86098,42.73426,0
          -78.86198,42.7338,0
          -78.86329,42.73324,0
          -78.86333,42.73323,0
          -78.86355,42.73313,0
          -78.86584,42.73227,0
          -78.86601,42.73222,0
          -78.86613,42.73217,0
          -78.87106,42.73051,0
          -78.87173,42.73025,0
          -78.87186,42.73021,0
          -78.87371,42.72949,0
          -78.87395,42.72938,0
          -78.87425,42.72927,0
          -78.87726,42.72795,0
          -78.88041,42.72638,0
          -78.88165,42.72571,0
          -78.88894,42.72135,0
          -78.88904,42.72128,0
          -78.8912,42.72006,0
          -78.89138,42.71997,0
          -78.89187,42.71969,0
          -78.892,42.71963,0
          -78.89365,42.71874,0
          -78.89379,42.71868,0
          -78.89391,42.71861,0
          -78.89392,42.71861,0
          -78.89429,42.71841,0
          -78.89432,42.7184,0
          -78.89452,42.7183,0
          -78.89455,42.71828,0
          -78.89506,42.71802,0
          -78.89509,42.71801,0
          -78.89529,42.7179,0
          -78.89531,42.7179,0
          -78.89847,42.71635,0
          -78.89855,42.71632,0
          -78.90075,42.71525,0
          -78.90324,42.71393,0
          -78.90327,42.71392,0
          -78.90484,42.71303,0
          -78.90746,42.71142,0
          -78.9085,42.71074,0
          -78.90851,42.71074,0
          -78.91,42.70973,0
          -78.91014,42.70962,0
          -78.91203,42.70832,0
          -78.91213,42.70824,0
          -78.9136,42.70723,0
          -78.91366,42.70718,0
          -78.91614,42.70544,0
          -78.91794,42.70412,0
          -78.91796,42.7041,0
          -78.91881,42.70346,0
          -78.91884,42.70345,0
          -78.91915,42.7032,0
          -78.91927,42.70312,0
          -78.91978,42.70273,0
          -78.91988,42.70264,0
          -78.92008,42.70249,0
          -78.9201,42.70248,0
          -78.9202,42.70239,0
          -78.92023,42.70238,0
          -78.92053,42.70214,0
          -78.92055,42.70213,0
          -78.92065,42.70204,0
          -78.92074,42.70198,0
          -78.92168,42.70122,0
          -78.9217,42.70121,0
          -78.92292,42.70022,0
          -78.92294,42.70021,0
          -78.92314,42.70003,0
          -78.92335,42.69987,0
          -78.92341,42.69981,0
          -78.92989,42.69442,0
          -78.93004,42.69428,0
          -78.93126,42.69327,0
          -78.93127,42.69325,0
          -78.93134,42.6932,0
          -78.93278,42.69199,0
          -78.93279,42.69199,0
          -78.93307,42.69175,0
          -78.93313,42.69171,0
          -78.93526,42.68991,0
          -78.93526,42.6899,0
          -78.93535,42.68983,0
          -78.93674,42.6885,0
          -78.9376,42.68759,0
          -78.93762,42.68756,0
          -78.93804,42.68709,0
          -78.93887,42.68609,0
          -78.93943,42.68535,0
          -78.94315,42.68005,0
          -78.94325,42.67993,0
          -78.9437,42.6793,0
          -78.94602,42.67625,0
          -78.95065,42.67045,0
          -78.9522,42.66862,0
          -78.95225,42.66854,0
          -78.95228,42.66852,0
          -78.95401,42.66649,0
          -78.9541,42.6664,0
          -78.95451,42.66591,0
          -78.95453,42.6659,0
          -78.95493,42.66544,0
          -78.95493,42.66543,0
          -78.95579,42.66448,0
          -78.95776,42.66243,0
          -78.95813,42.66207,0
          -78.95822,42.66197,0
          -78.95874,42.66147,0
          -78.95879,42.66143,0
          -78.95897,42.66124,0
          -78.9601,42.66019,0
          -78.9601,42.66018,0
          -78.96011,42.66018,0
          -78.96022,42.66007,0
          -78.96168,42.65877,0
          -78.9647,42.65621,0
          -78.96528,42.65569,0
          -78.9653,42.65568,0
          -78.9662,42.65485,0
          -78.96835,42.6527,0
          -78.96842,42.65264,0
          -78.96935,42.6517,0
          -78.96943,42.65163,0
          -78.96951,42.65154,0
          -78.97015,42.65093,0
          -78.97025,42.65085,0
          -78.97033,42.65076,0
          -78.97063,42.6505,0
          -78.97072,42.65041,0
          -78.97091,42.65025,0
          -78.971,42.65016,0
          -78.97169,42.64958,0
          -78.97299,42.64855,0
          -78.97301,42.64854,0
          -78.97368,42.64804,0
          -78.97685,42.64581,0
          -78.97757,42.64526,0
          -78.97777,42.64509,0
          -78.97787,42.64502,0
          -78.97905,42.64404,0
          -78.98025,42.64296,0
          -78.98027,42.64293,0
          -78.98086,42.64239,0
          -78.98096,42.64231,0
          -78.98105,42.64222,0
          -78.98163,42.64172,0
          -78.98172,42.64163,0
          -78.98271,42.64081,0
          -78.98281,42.64074,0
          -78.98321,42.64041,0
          -78.98381,42.63996,0
          -78.98384,42.63993,0
          -78.98465,42.63933,0
          -78.98489,42.63917,0
          -78.9851,42.63901,0
          -78.98527,42.6389,0
          -78.98531,42.63886,0
          -78.9855,42.63874,0
          -78.98553,42.63871,0
          -78.98597,42.63841,0
          -78.98598,42.63841,0
          -78.98695,42.63777,0
          -78.98706,42.63771,0
          -78.98717,42.63763,0
          -78.98838,42.63686,0
          -78.99009,42.63565,0
          -78.99042,42.63539,0
          -78.99054,42.63531,0
          -78.99072,42.63516,0
          -78.99083,42.63509,0
          -78.9918,42.6343,0
          -78.99393,42.63243,0
          -78.99393,42.63242,0
          -78.99438,42.63204,0
          -78.99555,42.63098,0
          -78.99574,42.63083,0
          -78.99896,42.62797,0
          -78.99897,42.62795,0
          -79.00324,42.62417,0
          -79.00334,42.62407,0
          -79.00504,42.6226,0
          -79.00742,42.62064,0
          -79.00752,42.62057,0
          -79.00763,42.62047,0
          -79.00782,42.62033,0
          -79.00793,42.62023,0
          -79.00802,42.62017,0
          -79.0083,42.61995,0
          -79.00833,42.61992,0
          -79.00914,42.61929,0
          -79.00916,42.61928,0
          -79.00967,42.61888,0
          -79.00976,42.61882,0
          -79.00981,42.61877,0
          -79.00986,42.61874,0
          -79.01153,42.61749,0
          -79.01166,42.61741,0
          -79.01367,42.61596,0
          -79.01389,42.61582,0
          -79.0152,42.6149,0
          -79.01542,42.61476,0
          -79.01562,42.61461,0
          -79.01574,42.61454,0
          -79.01605,42.61431,0
          -79.01608,42.6143,0
          -79.0164,42.61408,0
          -79.0165,42.614,0
          -79.01741,42.61338,0
          -79.01874,42.61242,0
          -79.01996,42.61146,0
          -79.02086,42.6107,0
          -79.02141,42.6102,0
          -79.0215,42.61013,0
          -79.02262,42.6091,0
          -79.02272,42.60902,0
          -79.0228,42.60894,0
          -79.0229,42.60886,0
          -79.02407,42.60779,0
          -79.02409,42.60778,0
          -79.02477,42.60715,0
          -79.02487,42.60707,0
          -79.02543,42.60655,0
          -79.02639,42.60572,0
          -79.02709,42.60515,0
          -79.02711,42.60514,0
          -79.02749,42.60483,0
          -79.02864,42.60397,0
          -79.02994,42.60308,0
          -79.03017,42.60294,0
          -79.03028,42.60286,0
          -79.03039,42.6028,0
          -79.0305,42.60272,0
          -79.03199,42.60181,0
          -79.03214,42.60173,0
          -79.03221,42.60168,0
          -79.03372,42.60084,0
          -79.04157,42.59704,0
          -79.0416,42.59702,0
          -79.0417,42.59698,0
          -79.04428,42.59574,0
          -79.04434,42.59572,0
          -79.04574,42.59503,0
          -79.04577,42.59502,0
          -79.04635,42.59473,0
          -79.04744,42.59413,0
          -79.04755,42.59408,0
          -79.04826,42.59367,0
          -79.0483,42.59364,0
          -79.04852,42.59351,0
          -79.04855,42.5935,0
          -79.04908,42.59318,0
          -79.04909,42.59317,0
          -79.04915,42.59314,0
          -79.04967,42.5928,0
          -79.04973,42.59277,0
          -79.05111,42.59185,0
          -79.05126,42.59173,0
          -79.05128,42.59172,0
          -79.05193,42.59125,0
          -79.05196,42.59122,0
          -79.05333,42.59016,0
          -79.05336,42.59013,0
          -79.05343,42.59008,0
          -79.05625,42.58772,0
          -79.05698,42.58715,0
          -79.05708,42.58706,0
          -79.05879,42.58578,0
          -79.05946,42.58532,0
          -79.05956,42.58524,0
          -79.06012,42.58486,0
          -79.06013,42.58486,0
          -79.06024,42.58478,0
          -79.06031,42.58474,0
          -79.06046,42.58463,0
          -79.06067,42.5845,0
          -79.06069,42.58448,0
          -79.06196,42.58368,0
          -79.06207,42.5836,0
          -79.06212,42.58358,0
          -79.06278,42.58317,0
          -79.06446,42.58221,0
          -79.06449,42.5822,0
          -79.06566,42.58156,0
          -79.06575,42.58152,0
          -79.06581,42.58148,0
          -79.06694,42.58091,0
          -79.06706,42.58084,0
          -79.06921,42.57983,0
          -79.06925,42.57982,0
          -79.06965,42.57964,0
          -79.06966,42.57964,0
          -79.06978,42.57958,0
          -79.0707,42.57919,0
          -79.07071,42.57918,0
          -79.07255,42.57843,0
          -79.07265,42.57838,0
          -79.07269,42.57837,0
          -79.07414,42.57777,0
          -79.07415,42.57776,0
          -79.07545,42.57719,0
          -79.07694,42.57646,0
          -79.07857,42.57558,0
          -79.07869,42.5755,0
          -79.07881,42.57544,0
          -79.08008,42.57467,0
          -79.08013,42.57463,0
          -79.08103,42.57405,0
          -79.08113,42.57397,0
          -79.08125,42.5739,0
          -79.08128,42.57387,0
          -79.08135,42.57383,0
          -79.08174,42.57356,0
          -79.0818,42.57351,0
          -79.08191,42.57344,0
          -79.08267,42.57288,0
          -79.08361,42.57214,0
          -79.0862,42.56993,0
          -79.08629,42.56984,0
          -79.08724,42.56902,0
          -79.08727,42.569,0
          -79.08926,42.56728,0
          -79.08945,42.5671,0
          -79.09024,42.56642,0
          -79.09026,42.56641,0
          -79.09628,42.56119,0
          -79.0963,42.56118,0
          -79.09746,42.56017,0
          -79.09746,42.56016,0
          -79.09766,42.56,0
          -79.09793,42.55975,0
          -79.09796,42.55973,0
          -79.10013,42.55786,0
          -79.10022,42.55777,0
          -79.10544,42.55327,0
          -79.10557,42.55318,0
          -79.11279,42.54729,0
          -79.11281,42.54728,0
          -79.11525,42.5453,0
          -79.11529,42.54526,0
          -79.11649,42.54428,0
          -79.11659,42.54421,0
          -79.11693,42.54393,0
          -79.11697,42.54389,0
          -79.11699,42.54388,0
          -79.12139,42.54031,0
          -79.12151,42.5402,0
          -79.12292,42.53907,0
          -79.12299,42.539,0
          -79.12472,42.53759,0
          -79.12473,42.53759,0
          -79.12935,42.53381,0
          -79.12936,42.53379,0
          -79.13265,42.53109,0
          -79.13275,42.53102,0
          -79.13352,42.53038,0
          -79.13354,42.53037,0
          -79.13401,42.52998,0
          -79.13403,42.52997,0
          -79.13413,42.52988,0
          -79.13423,42.52981,0
          -79.1345,42.52958,0
          -79.13464,42.52948,0
          -79.13483,42.52932,0
          -79.13484,42.52932,0
          -79.135,42.52918,0
          -79.13575,42.5286,0
          -79.1368,42.52784,0
          -79.13934,42.52615,0
          -79.13943,42.5261,0
          -79.13959,42.52599,0
          -79.13963,42.52597,0
          -79.14246,42.52412,0
          -79.14249,42.52411,0
          -79.1454,42.52221,0
          -79.14541,42.52221,0
          -79.14585,42.52191,0
          -79.14608,42.52177,0
          -79.14619,42.52169,0
          -79.14637,42.52158,0
          -79.14642,42.52154,0
          -79.14653,42.52148,0
          -79.14854,42.52017,0
          -79.14931,42.51972,0
          -79.14935,42.51969,0
          -79.14958,42.51956,0
          -79.14971,42.5195,0
          -79.14994,42.51937,0
          -79.15007,42.51931,0
          -79.15009,42.51929,0
          -79.15069,42.519,0
          -79.15081,42.51893,0
          -79.15239,42.51814,0
          -79.1524,42.51813,0
          -79.15312,42.51778,0
          -79.15313,42.51777,0
          -79.1534,42.51764,0
          -79.15352,42.51757,0
          -79.15364,42.51752,0
          -79.15708,42.5158,0
          -79.1572,42.51573,0
          -79.15807,42.5153,0
          -79.15815,42.51527,0
          -79.15832,42.51518,0
          -79.1587,42.51501,0
          -79.15881,42.51495,0
          -79.16013,42.51441,0
          -79.16079,42.51417,0
          -79.16093,42.51413,0
          -79.16106,42.51408,0
          -79.16264,42.51362,0
          -79.16414,42.51329,0
          -79.16502,42.51314,0
          -79.16619,42.51299,0
          -79.16625,42.51299,0
          -79.16694,42.51292,0
          -79.16707,42.51292,0
          -79.16722,42.5129,0
          -79.16766,42.51288,0
          -79.1677,42.51287,0
          -79.16819,42.51285,0
          -79.16826,42.51284,0
          -79.17093,42.5127,0
          -79.18552,42.51264,0
          -79.18567,42.51263,0
          -79.19189,42.51261,0
          -79.19415,42.51255,0
          -79.19504,42.5125,0
          -79.19541,42.51246,0
          -79.19548,42.51246,0
          -79.19621,42.51238,0
          -79.19768,42.51217,0
          -79.19897,42.51191,0
          -79.2,42.51166,0
          -79.20023,42.51159,0
          -79.20037,42.51156,0
          -79.20079,42.51143,0
          -79.20092,42.5114,0
          -79.2024,42.5109,0
          -79.20253,42.51084,0
          -79.20255,42.51084,0
          -79.20399,42.51028,0
          -79.20412,42.51022,0
          -79.20465,42.51002,0
          -79.20477,42.50996,0
          -79.20503,42.50986,0
          -79.20504,42.50986,0
          -79.20726,42.50897,0
          -79.20733,42.50895,0
          -79.20739,42.50892,0
          -79.20766,42.50882,0
          -79.20766,42.50881,0
          -79.21039,42.50774,0
          -79.2104,42.50773,0
          -79.21089,42.50754,0
          -79.21093,42.50753,0
          -79.21368,42.50644,0
          -79.21369,42.50643,0
          -79.21371,42.50643,0
          -79.21746,42.50495,0
          -79.21747,42.50495,0
          -79.2206,42.5037,0
          -79.2207,42.50367,0
          -79.22214,42.50309,0
          -79.22224,42.50306,0
          -79.22998,42.49999,0
          -79.22999,42.49999,0
          -79.23229,42.49908,0
          -79.23446,42.49815,0
          -79.23554,42.49764,0
          -79.2371,42.49685,0
          -79.23714,42.49682,0
          -79.23723,42.49678,0
          -79.23864,42.496,0
          -79.23969,42.49538,0
          -79.2397,42.49537,0
          -79.24762,42.49025,0
          -79.24763,42.49024,0
          -79.25125,42.48789,0
          -79.25126,42.48789,0
          -79.25143,42.48778,0
          -79.25145,42.48776,0
          -79.25561,42.48506,0
          -79.25575,42.48498,0
          -79.25583,42.48492,0
          -79.25675,42.48433,0
          -79.25676,42.48432,0
          -79.26044,42.48193,0
          -79.26048,42.48191,0
          -79.26151,42.48124,0
          -79.26265,42.48056,0
          -79.26299,42.48038,0
          -79.263,42.48038,0
          -79.2632,42.48027,0
          -79.26668,42.47858,0
          -79.26671,42.47857,0
          -79.27053,42.47672,0
          -79.27072,42.47664,0
          -79.27391,42.47509,0
          -79.27404,42.47504,0
          -79.27673,42.47373,0
          -79.27674,42.47373,0
          -79.27797,42.47314,0
          -79.27801,42.47311,0
          -79.28168,42.47134,0
          -79.28169,42.47134,0
          -79.29276,42.466,0
          -79.29398,42.46545,0
          -79.29502,42.46502,0
          -79.29595,42.46467,0
          -79.29726,42.46422,0
          -79.29904,42.46368,0
          -79.29906,42.46368,0
          -79.30029,42.46336,0
          -79.30133,42.46313,0
          -79.30143,42.4631,0
          -79.30256,42.46287,0
          -79.30404,42.46262,0
          -79.30407,42.46262,0
          -79.30496,42.46249,0
          -79.30974,42.46201,0
          -79.30995,42.462,0
          -79.31166,42.46183,0
          -79.31172,42.46183,0
          -79.31209,42.46179,0
          -79.31215,42.46179,0
          -79.31597,42.46143,0
          -79.31602,42.46142,0
          -79.31807,42.46122,0
          -79.32055,42.46087,0
          -79.32607,42.45987,0
          -79.32609,42.45987,0
          -79.32764,42.45959,0
          -79.32917,42.45938,0
          -79.33058,42.45925,0
          -79.33061,42.45924,0
          -79.33256,42.45914,0
          -79.34945,42.45911,0
          -79.35121,42.45905,0
          -79.35311,42.4589,0
          -79.35495,42.45867,0
          -79.35498,42.45867,0
          -79.35645,42.45843,0
          -79.35844,42.45802,0
          -79.3597,42.4577,0
          -79.36094,42.45735,0
          -79.36153,42.45716,0
          -79.36155,42.45716,0
          -79.36264,42.45678,0
          -79.36265,42.45678,0
          -79.3635,42.45647,0
          -79.36351,42.45646,0
          -79.36416,42.45621,0
          -79.36417,42.4562,0
          -79.36426,42.45616,0
          -79.36438,42.45612,0
          -79.36607,42.45537,0
          -79.36743,42.45468,0
          -79.36872,42.45396,0
          -79.36964,42.45339,0
          -79.36966,42.45337,0
          -79.3711,42.4524,0
          -79.37185,42.45184,0
          -79.37185,42.45183,0
          -79.37187,42.45182,0
          -79.3721,42.45165,0
          -79.37229,42.45149,0
          -79.37235,42.45145,0
          -79.37297,42.45092,0
          -79.373,42.4509,0
          -79.37407,42.44992,0
          -79.37465,42.44934,0
          -79.37547,42.44846,0
          -79.3761,42.44771,0
          -79.37611,42.44771,0
          -79.37742,42.44596,0
          -79.37752,42.4458,0
          -79.37753,42.4458,0
          -79.37821,42.44484,0
          -79.37824,42.44481,0
          -79.37844,42.44452,0
          -79.37846,42.44448,0
          -79.37861,42.44429,0
          -79.37868,42.44418,0
          -79.37946,42.44313,0
          -79.38046,42.44186,0
          -79.38126,42.44091,0
          -79.38134,42.4408,0
          -79.38222,42.43979,0
          -79.38231,42.4397,0
          -79.38264,42.43932,0
          -79.38402,42.43787,0
          -79.38406,42.43782,0
          -79.38429,42.4376,0
          -79.38439,42.43749,0
          -79.38447,42.43742,0
          -79.38466,42.43722,0
          -79.3863,42.43565,0
          -79.3865,42.43548,0
          -79.38666,42.43532,0
          -79.38668,42.43531,0
          -79.38682,42.43519,0
          -79.38692,42.43509,0
          -79.39235,42.43029,0
          -79.39244,42.4302,0
          -79.39322,42.42952,0
          -79.39335,42.42939,0
          -79.39347,42.42929,0
          -79.39357,42.42919,0
          -79.39358,42.42919,0
          -79.39455,42.42827,0
          -79.39459,42.42824,0
          -79.39589,42.42694,0
          -79.3959,42.42694,0
          -79.39707,42.42571,0
          -79.40046,42.42198,0
          -79.40109,42.42134,0
          -79.40198,42.42052,0
          -79.40199,42.42052,0
          -79.40236,42.42019,0
          -79.40243,42.42014,0
          -79.40253,42.42005,0
          -79.40265,42.41996,0
          -79.40275,42.41987,0
          -79.40374,42.41911,0
          -79.40428,42.41874,0
          -79.40428,42.41873,0
          -79.40487,42.41834,0
          -79.40488,42.41834,0
          -79.40541,42.418,0
          -79.40562,42.41788,0
          -79.40573,42.4178,0
          -79.40694,42.41712,0
          -79.40779,42.41668,0
          -79.40934,42.41597,0
          -79.40936,42.41597,0
          -79.40955,42.41588,0
          -79.40957,42.41588,0
          -79.41035,42.41556,0
          -79.41043,42.41554,0
          -79.41161,42.4151,0
          -79.41316,42.41462,0
          -79.41449,42.41427,0
          -79.41469,42.41423,0
          -79.41478,42.4142,0
          -79.41582,42.41397,0
          -79.41714,42.41373,0
          -79.41807,42.41359,0
          -79.41982,42.41339,0
          -79.42755,42.41287,0
          -79.42758,42.41286,0
          -79.42899,42.41271,0
          -79.43019,42.41253,0
          -79.43118,42.41235,0
          -79.43226,42.41212,0
          -79.43303,42.41193,0
          -79.43399,42.41166,0
          -79.43547,42.41119,0
          -79.43627,42.4109,0
          -79.4364,42.41084,0
          -79.43653,42.4108,0
          -79.43728,42.4105,0
          -79.43891,42.40975,0
          -79.43939,42.4095,0
          -79.4394,42.40949,0
          -79.44032,42.40899,0
          -79.44033,42.40898,0
          -79.44108,42.40853,0
          -79.44144,42.40829,0
          -79.4415,42.40826,0
          -79.44221,42.40777,0
          -79.44283,42.40731,0
          -79.44344,42.40682,0
          -79.44419,42.40617,0
          -79.44489,42.40548,0
          -79.44492,42.40546,0
          -79.44526,42.40513,0
          -79.44527,42.40511,0
          -79.44626,42.40419,0
          -79.44627,42.40419,0
          -79.447,42.40358,0
          -79.44767,42.40306,0
          -79.44906,42.4021,0
          -79.44915,42.40205,0
          -79.44948,42.40183,0
          -79.44958,42.40178,0
          -79.4496,42.40176,0
          -79.44984,42.40162,0
          -79.44984,42.40161,0
          -79.451,42.40096,0
          -79.45185,42.40052,0
          -79.45299,42.39999,0
          -79.45381,42.39964,0
          -79.45485,42.39924,0
          -79.45486,42.39924,0
          -79.46109,42.39715,0
          -79.46258,42.39659,0
          -79.46262,42.39657,0
          -79.46266,42.39656,0
          -79.46461,42.39578,0
          -79.46731,42.39458,0
          -79.46736,42.39455,0
          -79.47408,42.39143,0
          -79.4741,42.39141,0
          -79.47547,42.39078,0
          -79.47572,42.39065,0
          -79.47703,42.39005,0
          -79.47845,42.38934,0
          -79.48075,42.38811,0
          -79.48086,42.38804,0
          -79.48098,42.38798,0
          -79.48133,42.38777,0
          -79.48145,42.38771,0
          -79.48214,42.38729,0
          -79.48215,42.38729,0
          -79.48226,42.38722,0
          -79.48234,42.38718,0
          -79.48787,42.38377,0
          -79.48908,42.3831,0
          -79.48989,42.38269,0
          -79.48992,42.38267,0
          -79.49042,42.38242,0
          -79.49048,42.38238,0
          -79.49148,42.38191,0
          -79.49149,42.38191,0
          -79.49173,42.38179,0
          -79.49285,42.3813,0
          -79.49289,42.38129,0
          -79.49406,42.3808,0
          -79.49511,42.3804,0
          -79.49524,42.38036,0
          -79.49764,42.3794,0
          -79.49765,42.37939,0
          -79.49859,42.379,0
          -79.50127,42.37776,0
          -79.50139,42.37769,0
          -79.50202,42.37739,0
          -79.50285,42.37696,0
          -79.50289,42.37693,0
          -79.50333,42.37671,0
          -79.50339,42.37667,0
          -79.50658,42.37497,0
          -79.50659,42.37497,0
          -79.51056,42.37281,0
          -79.51061,42.37279,0
          -79.51138,42.37234,0
          -79.51143,42.3723,0
          -79.51244,42.3717,0
          -79.51262,42.37158,0
          -79.51278,42.37149,0
          -79.51278,42.37148,0
          -79.51288,42.37143,0
          -79.5159,42.36955,0
          -79.51593,42.36952,0
          -79.51608,42.36943,0
          -79.51882,42.36756,0
          -79.51883,42.36755,0
          -79.52273,42.36489,0
          -79.52274,42.36488,0
          -79.52562,42.36292,0
          -79.52563,42.36292,0
          -79.52652,42.36232,0
          -79.52653,42.36232,0
          -79.52688,42.36209,0
          -79.52689,42.36208,0
          -79.5281,42.3613,0
          -79.52811,42.36129,0
          -79.52937,42.3605,0
          -79.5294,42.36049,0
          -79.52957,42.36039,0
          -79.52959,42.36037,0
          -79.53031,42.35993,0
          -79.53041,42.35988,0
          -79.53106,42.35947,0
          -79.53236,42.35872,0
          -79.53253,42.35861,0
          -79.53306,42.35831,0
          -79.53307,42.35831,0
          -79.53425,42.35763,0
          -79.5343,42.35761,0
          -79.53437,42.35756,0
          -79.53486,42.3573,0
          -79.53487,42.35729,0
          -79.53819,42.35551,0
          -79.54068,42.35425,0
          -79.54071,42.35424,0
          -79.54095,42.35412,0
          -79.54101,42.3541,0
          -79.54184,42.3537,0
          -79.54196,42.35363,0
          -79.54197,42.35363,0
          -79.54448,42.35246,0
          -79.54449,42.35246,0
          -79.54485,42.35229,0
          -79.54486,42.35229,0
          -79.54601,42.35178,0
          -79.54602,42.35177,0
          -79.54855,42.35068,0
          -79.5486,42.35065,0
          -79.55119,42.34954,0
          -79.55123,42.34953,0
          -79.5517,42.34934,0
          -79.55171,42.34934,0
          -79.55237,42.34908,0
          -79.55238,42.34907,0
          -79.55481,42.34822,0
          -79.55484,42.34822,0
          -79.55536,42.34805,0
          -79.55692,42.3476,0
          -79.55693,42.3476,0
          -79.55817,42.34727,0
          -79.5607,42.3467,0
          -79.56078,42.34669,0
          -79.56429,42.34593,0
          -79.56443,42.34591,0
          -79.56616,42.34554,0
          -79.56618,42.34553,0
          -79.56673,42.34542,0
          -79.56687,42.34538,0
          -79.56931,42.34486,0
          -79.56945,42.34484,0
          -79.57103,42.34448,0
          -79.57172,42.3443,0
          -79.57353,42.34377,0
          -79.57366,42.34372,0
          -79.57375,42.3437,0
          -79.57475,42.34336,0
          -79.57608,42.34286,0
          -79.57725,42.34237,0
          -79.57726,42.34236,0
          -79.57814,42.34196,0
          -79.57903,42.34152,0
          -79.57913,42.34146,0
          -79.57914,42.34146,0
          -79.58023,42.34087,0
          -79.58034,42.3408,0
          -79.58046,42.34074,0
          -79.5805,42.34071,0
          -79.58105,42.34039,0
          -79.58106,42.34038,0
          -79.58381,42.33872,0
          -79.58382,42.33871,0
          -79.58522,42.33786,0
          -79.58525,42.33783,0
          -79.58533,42.33779,0
          -79.58861,42.3358,0
          -79.58868,42.33575,0
          -79.58946,42.33528,0
          -79.58948,42.33526,0
          -79.59542,42.33165,0
          -79.59554,42.33159,0
          -79.59719,42.33058,0
          -79.59725,42.33055,0
          -79.59987,42.32895,0
          -79.59989,42.32895,0
          -79.60033,42.32868,0
          -79.60034,42.32867,0
          -79.60183,42.32776,0
          -79.60195,42.3277,0
          -79.60206,42.32762,0
          -79.60298,42.32707,0
          -79.603,42.32705,0
          -79.60332,42.32686,0
          -79.60336,42.32683,0
          -79.60344,42.32679,0
          -79.60363,42.32667,0
          -79.60366,42.32664,0
          -79.60421,42.32629,0
          -79.60422,42.32628,0
          -79.60466,42.32599,0
          -79.60467,42.32598,0
          -79.60553,42.32539,0
          -79.60769,42.32373,0
          -79.61486,42.31789,0
          -79.61488,42.31788,0
          -79.61512,42.31769,0
          -79.61528,42.31758,0
          -79.61547,42.31743,0
          -79.61549,42.31742,0
          -79.61675,42.31652,0
          -79.61856,42.31536,0
          -79.61857,42.31535,0
          -79.62079,42.31409,0
          -79.62213,42.31341,0
          -79.62319,42.31291,0
          -79.62326,42.31289,0
          -79.62454,42.31232,0
          -79.62458,42.31231,0
          -79.62649,42.31155,0
          -79.62663,42.31151,0
          -79.62702,42.31136,0
          -79.62716,42.31132,0
          -79.6273,42.31126,0
          -79.62744,42.31122,0
          -79.62756,42.31117,0
          -79.62889,42.31073,0
          -79.62892,42.31073,0
          -79.62911,42.31066,0
          -79.62973,42.31047,0
          -79.62986,42.31042,0
          -79.63013,42.31034,0
          -79.63026,42.31029,0
          -79.63574,42.30854,0
          -79.63575,42.30853,0
          -79.63686,42.30818,0
          -79.63725,42.30804,0
          -79.63727,42.30804,0
          -79.6375,42.30796,0
          -79.63754,42.30794,0
          -79.63834,42.30766,0
          -79.63848,42.3076,0
          -79.63888,42.30746,0
          -79.63901,42.3074,0
          -79.63924,42.30732,0
          -79.63945,42.30723,0
          -79.63954,42.3072,0
          -79.64188,42.3062,0
          -79.64415,42.30511,0
          -79.64421,42.30507,0
          -79.64489,42.30474,0
          -79.6449,42.30474,0
          -79.6454,42.3045,0
          -79.64552,42.30443,0
          -79.64665,42.30389,0
          -79.64665,42.30388,0
          -79.64678,42.30383,0
          -79.64992,42.3023,0
          -79.65005,42.30225,0
          -79.65018,42.30218,0
          -79.65158,42.30154,0
          -79.65417,42.30043,0
          -79.65418,42.30043,0
          -79.65444,42.30033,0
          -79.65456,42.30027,0
          -79.6546,42.30026,0
          -79.65681,42.29939,0
          -79.65682,42.29939,0
          -79.65884,42.29865,0
          -79.65898,42.29861,0
          -79.65938,42.29846,0
          -79.65952,42.29842,0
          -79.65979,42.29832,0
          -79.65981,42.29832,0
          -79.66142,42.29778,0
          -79.66143,42.29778,0
          -79.66266,42.29737,0
          -79.66271,42.29736,0
          -79.66506,42.29659,0
          -79.66513,42.29656,0
          -79.6665,42.29612,0
          -79.66652,42.29612,0
          -79.67171,42.29437,0
          -79.67172,42.29437,0
          -79.67373,42.29363,0
          -79.67412,42.29347,0
          -79.67419,42.29345,0
          -79.67463,42.29328,0
          -79.67466,42.29326,0
          -79.67518,42.29306,0
          -79.67531,42.293,0
          -79.67558,42.2929,0
          -79.67571,42.29284,0
          -79.67585,42.29279,0
          -79.67586,42.29278,0
          -79.67663,42.29247,0
          -79.67948,42.29123,0
          -79.68178,42.29016,0
          -79.68427,42.28894,0
          -79.68439,42.28887,0
          -79.68442,42.28886,0
          -79.68551,42.28829,0
          -79.68563,42.28824,0
          -79.68564,42.28823,0
          -79.68611,42.28798,0
          -79.68612,42.28798,0
          -79.68623,42.28791,0
          -79.68644,42.28781,0
          -79.68648,42.28778,0
          -79.6872,42.28739,0
          -79.68733,42.28733,0
          -79.69066,42.28543,0
          -79.69078,42.28535,0
          -79.69101,42.28522,0
          -79.69105,42.28519,0
          -79.69113,42.28515,0
          -79.69286,42.28409,0
          -79.69297,42.28401,0
          -79.69602,42.28207,0
          -79.69613,42.28199,0
          -79.69799,42.28087,0
          -79.69906,42.28029,0
          -79.69919,42.28023,0
          -79.69938,42.28012,0
          -79.70067,42.27949,0
          -79.7026,42.27865,0
          -79.70389,42.27815,0
          -79.70593,42.27745,0
          -79.70608,42.27741,0
          -79.70622,42.27736,0
          -79.70816,42.27681,0
          -79.71401,42.27544,0
          -79.71413,42.27542,0
          -79.72227,42.27352,0
          -79.7223,42.27352,0
          -79.72352,42.27321,0
          -79.72533,42.27267,0
          -79.72535,42.27266,0
          -79.72627,42.27236,0
          -79.72642,42.2723,0
          -79.72656,42.27226,0
          -79.7271,42.27206,0
          -79.72711,42.27206,0
          -79.72722,42.27201,0
          -79.72815,42.27166,0
          -79.72971,42.271,0
          -79.7317,42.27003,0
          -79.73206,42.26983,0
          -79.73219,42.26977,0
          -79.73373,42.26889,0
          -79.73385,42.26881,0
          -79.73396,42.26875,0
          -79.73564,42.26768,0
          -79.73572,42.26762,0
          -79.73982,42.26497,0
          -79.74122,42.26414,0
          -79.7429,42.26322,0
          -79.7439,42.26272,0
          -79.74538,42.26205,0
          -79.74649,42.26159,0
          -79.74661,42.26153,0
          -79.74674,42.26148,0
          -79.74675,42.26148,0
          -79.74686,42.26143,0
          -79.74687,42.26143,0
          -79.7474,42.26121,0
          -79.74752,42.26115,0
          -79.75052,42.2599,0
          -79.75053,42.2599,0
          -79.75132,42.25957,0
          -79.75133,42.25956,0
          -79.75158,42.25946,0
          -79.7517,42.2594,0
          -79.75184,42.25935,0
          -79.75351,42.25859,0
          -79.75474,42.25796,0
          -79.7551,42.25775,0
          -79.75523,42.25769,0
          -79.75673,42.25679,0
          -79.75675,42.25677,0
          -79.75685,42.25671,0
          -79.75697,42.25662,0
          -79.75753,42.25626,0
          -79.75817,42.2558,0
          -79.75819,42.25579,0
          -79.75827,42.25573,0
          -79.75829,42.25572,0
          -79.75857,42.25551,0
          -79.75859,42.25549,0
          -79.75861,42.25548,0
          -79.75942,42.25485,0
          -79.75982,42.25451,0
          -79.75984,42.2545,0
          -79.76031,42.2541,0
          -79.76033,42.25409,0
          -79.76322,42.25161,0
          -79.76325,42.25159,0
          -79.76332,42.25151,0
          -79.76342,42.25143,0
          -79.76424,42.25066,0
          -79.76432,42.25057,0
          -79.76452,42.2504,0
          -79.76461,42.25031,0
          -79.77113,42.24465,0
          -79.77115,42.24464,0
          -79.77163,42.24422,0
          -79.77165,42.24421,0
          -79.77201,42.2439,0
          -79.77201,42.24389,0
          -79.77269,42.24331,0
          -79.77278,42.24322,0
          -79.77364,42.24247,0
          -79.7737,42.24243,0
          -79.77401,42.24216,0
          -79.77404,42.24214,0
          -79.77575,42.24064,0
          -79.7762,42.24021,0
          -79.77685,42.23953,0
          -79.77688,42.23949,0
          -79.77697,42.2394,0
          -79.77732,42.23899,0
          -79.77733,42.23899,0
          -79.77767,42.23855,0
          -79.7777,42.23852,0
          -79.77817,42.23788,0
          -79.77819,42.23784,0
          -79.77849,42.23739,0
          -79.77849,42.23738,0
          -79.77868,42.23708,0
          -79.77868,42.23707,0
          -79.7788,42.23688,0
          -79.77885,42.23677,0
          -79.77897,42.23657,0
          -79.77912,42.23627,0
          -79.77913,42.23626,0
          -79.77947,42.23554,0
          -79.7798,42.23469,0
          -79.77983,42.23458,0
          -79.77992,42.23437,0
          -79.77997,42.2342,0
          -79.77999,42.23416,0
          -79.78023,42.23352,0
          -79.78026,42.23341,0
          -79.78043,42.23296,0
          -79.78045,42.23288,0
          -79.78115,42.23097,0
          -79.78118,42.23086,0
          -79.78138,42.23033,0
          -79.78141,42.23022,0
          -79.78153,42.22991,0
          -79.78156,42.2298,0
          -79.78161,42.22969,0
          -79.7817,42.22942,0
          -79.78187,42.22899,0
          -79.78213,42.22842,0
          -79.78216,42.22837,0
          -79.7822,42.22827,0
          -79.78268,42.22736,0
          -79.78311,42.22669,0
          -79.78318,42.2266,0
          -79.78322,42.22653,0
          -79.78324,42.22651,0
          -79.7833,42.22641,0
          -79.78344,42.22623,0
          -79.7835,42.22613,0
          -79.78372,42.22583,0
          -79.78431,42.22511,0
          -79.78464,42.22476,0
          -79.78471,42.22467,0
          -79.78514,42.22423,0
          -79.78522,42.22416,0
          -79.78523,42.22414,0
          -79.78595,42.22347,0
          -79.78693,42.22267,0
          -79.78825,42.22167,0
          -79.78834,42.22159,0
          -79.79025,42.22013,0
          -79.79026,42.22013,0
          -79.79066,42.21982,0
          -79.79067,42.21982,0
          -79.79076,42.21974,0
          -79.79602,42.21572,0
          -79.79613,42.21565,0
          -79.79895,42.21349,0
          -79.79904,42.21341,0
          -79.80046,42.21232,0
          -79.80058,42.21224,0
          -79.80097,42.21194,0
          -79.80097,42.21193,0
          -79.8057,42.20831,0
          -79.80582,42.20823,0
          -79.81113,42.20417,0
          -79.81122,42.20409,0
          -79.8114,42.20396,0
          -79.81142,42.20394,0
          -79.81175,42.2037,0
          -79.81224,42.20331,0
          -79.81247,42.20315,0
          -79.81418,42.20179,0
          -79.81514,42.20095,0
          -79.81632,42.19985,0
          -79.81633,42.19983,0
          -79.81826,42.19803,0
          -79.81827,42.19801,0
          -79.81881,42.19751,0
          -79.81887,42.19744,0
          -79.81891,42.19741,0
          -79.81917,42.19716,0
          -79.81918,42.19716,0
          -79.82146,42.19502,0
          -79.82302,42.19368,0
          -79.82526,42.19191,0
          -79.8253,42.19187,0
          -79.82749,42.19014,0
          -79.82754,42.19011,0
          -79.83049,42.18777,0
          -79.83066,42.18765,0
          -79.83368,42.18526,0
          -79.83378,42.18517,0
          -79.83388,42.1851,0
          -79.83408,42.18493,0
          -79.83439,42.1847,0
          -79.83498,42.18422,0
          -79.8351,42.18414,0
          -79.8377,42.18206,0
          -79.83779,42.18197,0
          -79.83799,42.18181,0
          -79.83801,42.18178,0
          -79.83848,42.18136,0
          -79.83908,42.18078,0
          -79.84035,42.17943,0
          -79.84037,42.17942,0
          -79.84043,42.17934,0
          -79.84532,42.17407,0
          -79.84535,42.17403,0
          -79.84706,42.17224,0
          -79.84813,42.17131,0
          -79.84884,42.17076,0
          -79.84885,42.17076,0
          -79.84937,42.17039,0
          -79.84948,42.17033,0
          -79.8497,42.17017,0
          -79.85003,42.16996,0
          -79.85009,42.16993,0
          -79.85061,42.16961,0
          -79.85062,42.16961,0
          -79.8512,42.16928,0
          -79.8516,42.16908,0
          -79.85164,42.16905,0
          -79.85231,42.16872,0
          -79.85255,42.16862,0
          -79.85257,42.1686,0
          -79.85279,42.1685,0
          -79.85285,42.16848,0
          -79.8533,42.16828,0
          -79.85357,42.16818,0
          -79.85369,42.16812,0
          -79.85515,42.1676,0
          -79.85542,42.16752,0
          -79.85549,42.16749,0
          -79.8565,42.16718,0
          -79.85651,42.16717,0
          -79.85718,42.16697,0
          -79.85731,42.16692,0
          -79.85814,42.16667,0
          -79.85827,42.16662,0
          -79.85964,42.1662,0
          -79.85977,42.16615,0
          -79.86056,42.16591,0
          -79.8606,42.16589,0
          -79.86114,42.16573,0
          -79.86127,42.16568,0
          -79.86276,42.16522,0
          -79.86277,42.16521,0
          -79.86621,42.16413,0
          -79.86637,42.16409,0
          -79.87173,42.16241,0
          -79.87176,42.16239,0
          -79.87278,42.16208,0
          -79.87282,42.16206,0
          -79.87449,42.16154,0
          -79.87632,42.16091,0
          -79.87841,42.16009,0
          -79.87941,42.15965,0
          -79.87942,42.15964,0
          -79.88004,42.15937,0
          -79.88005,42.15936,0
          -79.88024,42.15927,0
          -79.8803,42.15925,0
          -79.88143,42.15873,0
          -79.88156,42.15868,0
          -79.88244,42.15827,0
          -79.88257,42.15822,0
          -79.88282,42.1581,0
          -79.88295,42.15805,0
          -79.8832,42.15793,0
          -79.88333,42.15788,0
          -79.88346,42.15781,0
          -79.88383,42.15765,0
          -79.88392,42.1576,0
          -79.88434,42.15742,0
          -79.88447,42.15735,0
          -79.88648,42.15644,0
          -79.88649,42.15644,0
          -79.88669,42.15634,0
          -79.88673,42.15633,0
          -79.88698,42.15621,0
          -79.88711,42.15616,0
          -79.88773,42.15587,0
          -79.88774,42.15587,0
          -79.88874,42.15541,0
          -79.88887,42.15536,0
          -79.88937,42.15512,0
          -79.8895,42.15507,0
          -79.89,42.15484,0
          -79.89007,42.1548,0
          -79.89013,42.15478,0
          -79.89063,42.15455,0
          -79.89076,42.1545,0
          -79.89113,42.15432,0
          -79.89126,42.15427,0
          -79.89151,42.15415,0
          -79.89164,42.1541,0
          -79.89201,42.15392,0
          -79.89214,42.15387,0
          -79.89327,42.15335,0
          -79.8934,42.1533,0
          -79.89415,42.15295,0
          -79.89428,42.1529,0
          -79.89516,42.15249,0
          -79.89529,42.15244,0
          -79.90046,42.15008,0
          -79.90066,42.15,0
          -79.91026,42.14562,0
          -79.91032,42.1456,0
          -79.91084,42.14536,0
          -79.91085,42.14536,0
          -79.91227,42.14471,0
          -79.9124,42.14466,0
          -79.91464,42.14364,0
          -79.91477,42.14357,0
          -79.92203,42.14027,0
          -79.92216,42.14022,0
          -79.92324,42.13972,0
          -79.92337,42.13967,0
          -79.92337,42.13966,0
          -79.92346,42.13962,0
          -79.92348,42.13962,0
          -79.93154,42.13595,0
          -79.93155,42.13594,0
          -79.93291,42.13532,0
          -79.93293,42.13532,0
          -79.93428,42.13467,0
          -79.93743,42.13307,0
          -79.93755,42.133,0
          -79.93876,42.13239,0
          -79.93888,42.13232,0
          -79.93997,42.13177,0
          -79.93998,42.13176,0
          -79.94094,42.13127,0
          -79.94095,42.13127,0
          -79.9424,42.13053,0
          -79.94472,42.12944,0
          -79.94479,42.1294,0
          -79.94736,42.12818,0
          -79.9476,42.12805,0
          -79.94772,42.128,0
          -79.95145,42.12609,0
          -79.95148,42.12608,0
          -79.95329,42.12513,0
          -79.95352,42.12499,0
          -79.95458,42.12441,0
          -79.95481,42.12427,0
          -79.9549,42.12423,0
          -79.95506,42.12413,0
          -79.95509,42.12412,0
          -79.95596,42.1236,0
          -79.95597,42.12359,0
          -79.9568,42.12309,0
          -79.95687,42.12304,0
          -79.95721,42.12284,0
          -79.95732,42.12276,0
          -79.95738,42.12273,0
          -79.95743,42.12269,0
          -79.95799,42.12234,0
          -79.95805,42.12229,0
          -79.9581,42.12227,0
          -79.95976,42.12119,0
          -79.95986,42.12111,0
          -79.96131,42.12016,0
          -79.9614,42.12011,0
          -79.96393,42.11845,0
          -79.96394,42.11845,0
          -79.96695,42.11648,0
          -79.9671,42.11637,0
          -79.98434,42.10509,0
          -79.98439,42.10505,0
          -79.98559,42.10427,0
          -79.98564,42.10423,0
          -79.98943,42.10177,0
          -79.99052,42.10113,0
          -79.99059,42.10108,0
          -79.99064,42.10106,0
          -79.99157,42.10054,0
          -79.99181,42.10042,0
          -79.99187,42.10038,0
          -79.99486,42.09891,0
          -79.99489,42.09889,0
          -79.99499,42.09885,0
          -79.99733,42.09772,0
          -79.99736,42.09771,0
          -80.00055,42.09618,0
          -80.0006,42.09615,0
          -80.00295,42.09502,0
          -80.00301,42.095,0
          -80.00444,42.0943,0
          -80.00447,42.09429,0
          -80.00583,42.09363,0
          -80.00593,42.09357,0
          -80.00602,42.09353,0
          -80.00605,42.09351,0
          -80.00614,42.09347,0
          -80.00751,42.09273,0
          -80.0076,42.09267,0
          -80.00855,42.09213,0
          -80.00857,42.09211,0
          -80.00957,42.09149,0
          -80.00965,42.09145,0
          -80.01087,42.09062,0
          -80.01088,42.09061,0
          -80.01109,42.09047,0
          -80.01119,42.09039,0
          -80.01173,42.09003,0
          -80.01182,42.08995,0
          -80.01332,42.08884,0
          -80.01343,42.08877,0
          -80.01455,42.08794,0
          -80.01457,42.08792,0
          -80.01469,42.08784,0
          -80.01472,42.08781,0
          -80.01573,42.08708,0
          -80.01576,42.08705,0
          -80.0174,42.08584,0
          -80.01751,42.08577,0
          -80.01876,42.08485,0
          -80.01878,42.08484,0
          -80.01881,42.08481,0
          -80.02296,42.08176,0
          -80.02307,42.08169,0
          -80.02478,42.08042,0
          -80.02483,42.08039,0
          -80.02662,42.07907,0
          -80.02667,42.07904,0
          -80.02704,42.07876,0
          -80.02715,42.07869,0
          -80.02777,42.07822,0
          -80.02788,42.07815,0
          -80.02966,42.07683,0
          -80.02977,42.07676,0
          -80.03039,42.07629,0
          -80.0305,42.07622,0
          -80.03174,42.07531,0
          -80.03181,42.07527,0
          -80.03187,42.07522,0
          -80.03198,42.07515,0
          -80.03205,42.07509,0
          -80.03312,42.07434,0
          -80.03316,42.07432,0
          -80.03637,42.07223,0
          -80.0365,42.07216,0
          -80.0366,42.07209,0
          -80.03809,42.0712,0
          -80.04033,42.06993,0
          -80.04034,42.06993,0
          -80.0454,42.06713,0
          -80.04551,42.06706,0
          -80.04557,42.06704,0
          -80.04611,42.06673,0
          -80.04618,42.0667,0
          -80.04739,42.06602,0
          -80.04742,42.06601,0
          -80.04883,42.06523,0
          -80.04892,42.06517,0
          -80.04911,42.06507,0
          -80.04915,42.06504,0
          -80.04964,42.06478,0
          -80.04975,42.06471,0
          -80.05047,42.06432,0
          -80.0507,42.06418,0
          -80.05117,42.06393,0
          -80.05128,42.06386,0
          -80.05141,42.0638,0
          -80.05152,42.06373,0
          -80.05164,42.06367,0
          -80.05187,42.06353,0
          -80.05211,42.06341,0
          -80.05398,42.06236,0
          -80.05424,42.06223,0
          -80.05494,42.06183,0
          -80.05503,42.06179,0
          -80.06176,42.05806,0
          -80.0618,42.05803,0
          -80.06423,42.05668,0
          -80.06426,42.05667,0
          -80.06504,42.05624,0
          -80.06513,42.05618,0
          -80.06589,42.05577,0
          -80.066,42.0557,0
          -80.06742,42.05496,0
          -80.06745,42.05495,0
          -80.06893,42.05424,0
          -80.06981,42.05385,0
          -80.06982,42.05385,0
          -80.07228,42.05287,0
          -80.07235,42.05285,0
          -80.07241,42.05282,0
          -80.07357,42.0524,0
          -80.07358,42.0524,0
          -80.07453,42.05206,0
          -80.07456,42.05204,0
          -80.0802,42.04999,0
          -80.08034,42.04995,0
          -80.08086,42.04975,0
          -80.081,42.04971,0
          -80.0839,42.04865,0
          -80.08401,42.0486,0
          -80.08723,42.04744,0
          -80.08737,42.04738,0
          -80.09102,42.04605,0
          -80.09116,42.04601,0
          -80.09166,42.04582,0
          -80.09168,42.04582,0
          -80.09258,42.04549,0
          -80.09262,42.04547,0
          -80.09363,42.04511,0
          -80.09367,42.04509,0
          -80.09407,42.04495,0
          -80.0941,42.04493,0
          -80.09553,42.04442,0
          -80.09759,42.04363,0
          -80.09926,42.0429,0
          -80.09989,42.0426,0
          -80.09991,42.0426,0
          -80.10035,42.04238,0
          -80.10037,42.04238,0
          -80.10111,42.04203,0
          -80.10112,42.04203,0
          -80.10273,42.04127,0
          -80.10273,42.04126,0
          -80.10333,42.04098,0
          -80.10335,42.04098,0
          -80.10348,42.04091,0
          -80.1036,42.04086,0
          -80.10373,42.04079,0
          -80.10413,42.04061,0
          -80.10422,42.04056,0
          -80.10434,42.04051,0
          -80.10435,42.0405,0
          -80.10885,42.03839,0
          -80.10886,42.03838,0
          -80.10952,42.03807,0
          -80.10953,42.03807,0
          -80.11212,42.03685,0
          -80.11213,42.03684,0
          -80.11285,42.0365,0
          -80.11286,42.0365,0
          -80.11757,42.03428,0
          -80.11758,42.03428,0
          -80.11979,42.03324,0
          -80.1198,42.03323,0
          -80.12249,42.03196,0
          -80.1225,42.03196,0
          -80.12296,42.03174,0
          -80.12298,42.03174,0
          -80.1241,42.0312,0
          -80.12423,42.03115,0
          -80.12582,42.0304,0
          -80.12583,42.03039,0
          -80.12595,42.03033,0
          -80.12608,42.03028,0
          -80.12655,42.03005,0
          -80.12661,42.03003,0
          -80.12735,42.02968,0
          -80.1274,42.02965,0
          -80.12822,42.02927,0
          -80.12829,42.02923,0
          -80.12842,42.02918,0
          -80.13198,42.02749,0
          -80.13199,42.02749,0
          -80.13234,42.02733,0
          -80.13245,42.02729,0
          -80.13273,42.02716,0
          -80.13519,42.02618,0
          -80.1352,42.02618,0
          -80.13732,42.02545,0
          -80.13733,42.02545,0
          -80.13795,42.02525,0
          -80.13801,42.02524,0
          -80.13906,42.02493,0
          -80.13907,42.02493,0
          -80.14059,42.02452,0
          -80.14108,42.02441,0
          -80.14114,42.02439,0
          -80.1413,42.02436,0
          -80.14143,42.02432,0
          -80.14167,42.02427,0
          -80.1417,42.02427,0
          -80.14224,42.02414,0
          -80.14227,42.02414,0
          -80.14298,42.02399,0
          -80.14301,42.02399,0
          -80.14312,42.02396,0
          -80.14454,42.0237,0
          -80.14694,42.02335,0
          -80.14698,42.02335,0
          -80.14769,42.02326,0
          -80.14775,42.02326,0
          -80.15,42.02303,0
          -80.15012,42.02301,0
          -80.15217,42.02281,0
          -80.15229,42.02279,0
          -80.1558,42.02244,0
          -80.15592,42.02242,0
          -80.16189,42.02182,0
          -80.16201,42.0218,0
          -80.16463,42.02154,0
          -80.16475,42.02152,0
          -80.17108,42.02087,0
          -80.17115,42.02087,0
          -80.17735,42.02024,0
          -80.1812,42.01969,0
          -80.18121,42.01968,0
          -80.18758,42.01871,0
          -80.18765,42.01869,0
          -80.18777,42.01868,0
          -80.19064,42.01824,0
          -80.19078,42.01821,0
          -80.19135,42.01813,0
          -80.19149,42.0181,0
          -80.19451,42.01764,0
          -80.19453,42.01764,0
          -80.19721,42.01722,0
          -80.19733,42.01721,0
          -80.19928,42.01691,0
          -80.19941,42.01688,0
          -80.20345,42.01627,0
          -80.20359,42.01624,0
          -80.2039,42.0162,0
          -80.20404,42.01617,0
          -80.20552,42.01595,0
          -80.20566,42.01592,0
          -80.2076,42.01563,0
          -80.20774,42.0156,0
          -80.20908,42.0154,0
          -80.20922,42.01537,0
          -80.21123,42.01507,0
          -80.21124,42.01506,0
          -80.21148,42.01503,0
          -80.2119,42.01495,0
          -80.21219,42.01491,0
          -80.2148,42.01438,0
          -80.21683,42.01388,0
          -80.21853,42.01339,0
          -80.21991,42.01295,0
          -80.22256,42.01197,0
          -80.2366,42.00604,0
          -80.23669,42.00601,0
          -80.23884,42.0051,0
          -80.23898,42.00503,0
          -80.24083,42.00426,0
          -80.24095,42.0042,0
          -80.24102,42.00418,0
          -80.24438,42.00275,0
          -80.24452,42.0027,0
          -80.24471,42.00261,0
          -80.24532,42.00236,0
          -80.24542,42.00231,0
          -80.24586,42.00213,0
          -80.24596,42.00208,0
          -80.24728,42.00153,0
          -80.24729,42.00152,0
          -80.2474,42.00148,0
          -80.2475,42.00143,0
          -80.24754,42.00142,0
          -80.24887,42.00086,0
          -80.24899,42.0008,0
          -80.24913,42.00075,0
          -80.24999,42.00038,0
          -80.25,42.00037,0
          -80.25088,42,0
          -80.25097,41.99997,0
          -80.25152,41.99974,0
          -80.25164,41.99968,0
          -80.25229,41.99942,0
          -80.25266,41.99925,0
          -80.25278,41.99921,0
          -80.25304,41.99909,0
          -80.2533,41.99899,0
          -80.25342,41.99893,0
          -80.25354,41.99889,0
          -80.26087,41.99579,0
          -80.26099,41.99573,0
          -80.27949,41.9879,0
          -80.27961,41.98786,0
          -80.28621,41.98507,0
          -80.28633,41.98501,0
          -80.2881,41.98426,0
          -80.28811,41.98426,0
          -80.29,41.98346,0
          -80.29012,41.9834,0
          -80.29038,41.9833,0
          -80.2905,41.98324,0
          -80.29313,41.98214,0
          -80.29325,41.98208,0
          -80.29329,41.98207,0
          -80.29464,41.9815,0
          -80.29476,41.98144,0
          -80.29487,41.9814,0
          -80.29497,41.98135,0
          -80.29603,41.98091,0
          -80.29615,41.98085,0
          -80.2984,41.97991,0
          -80.29843,41.97989,0
          -80.29881,41.97974,0
          -80.29893,41.97968,0
          -80.29969,41.97937,0
          -80.2997,41.97936,0
          -80.30529,41.97707,0
          -80.3053,41.97707,0
          -80.30966,41.97528,0
          -80.30969,41.97526,0
          -80.31058,41.97491,0
          -80.31072,41.97484,0
          -80.31173,41.97443,0
          -80.31174,41.97443,0
          -80.31823,41.97177,0
          -80.31835,41.97171,0
          -80.31847,41.97167,0
          -80.3223,41.9701,0
          -80.32242,41.97004,0
          -80.32254,41.97,0
          -80.32462,41.96915,0
          -80.32472,41.9691,0
          -80.32686,41.96823,0
          -80.32698,41.96817,0
          -80.3344,41.96514,0
          -80.34989,41.95946,0
          -80.34993,41.95944,0
          -80.3502,41.95935,0
          -80.3502,41.95934,0
          -80.35277,41.9584,0
          -80.35291,41.95836,0
          -80.35343,41.95816,0
          -80.35347,41.95815,0
          -80.35897,41.95613,0
          -80.35902,41.95612,0
          -80.36027,41.95566,0
          -80.36031,41.95564,0
          -80.36032,41.95564,0
          -80.36341,41.9545,0
          -80.36352,41.95447,0
          -80.37666,41.94965,0
          -80.3767,41.94964,0
          -80.37776,41.94925,0
          -80.37777,41.94925,0
          -80.38013,41.94838,0
          -80.38014,41.94838,0
          -80.38041,41.94828,0
          -80.38042,41.94828,0
          -80.38063,41.9482,0
          -80.38064,41.9482,0
          -80.38106,41.94804,0
          -80.38107,41.94804,0
          -80.38328,41.94724,0
          -80.38455,41.94686,0
          -80.38535,41.94666,0
          -80.38536,41.94666,0
          -80.3865,41.94641,0
          -80.38712,41.9463,0
          -80.38805,41.94617,0
          -80.38814,41.94615,0
          -80.38939,41.94602,0
          -80.39655,41.94554,0
          -80.3967,41.94554,0
          -80.39685,41.94552,0
          -80.40108,41.94525,0
          -80.40123,41.94523,0
          -80.40138,41.94523,0
          -80.4131,41.94446,0
          -80.41316,41.94445,0
          -80.41433,41.94437,0
          -80.41448,41.94437,0
          -80.41463,41.94435,0
          -80.41477,41.94435,0
          -80.41654,41.94423,0
          -80.4166,41.94422,0
          -80.41991,41.944,0
          -80.42005,41.944,0
          -80.42504,41.94366,0
          -80.42519,41.94366,0
          -80.42945,41.94337,0
          -80.43151,41.94329,0
          -80.43596,41.94328,0
          -80.43611,41.94329,0
          -80.43625,41.94328,0
          -80.43655,41.94329,0
          -80.43669,41.94328,0
          -80.43684,41.94329,0
          -80.44333,41.94329,0
          -80.44348,41.9433,0
          -80.44362,41.94329,0
          -80.44386,41.9433,0
          -80.44391,41.94329,0
          -80.44406,41.9433,0
          -80.44893,41.9433,0
          -80.44908,41.94331,0
          -80.45002,41.94331,0
          -80.45016,41.9433,0
          -80.45031,41.94331,0
          -80.5042,41.94336,0
          -80.50535,41.94331,0
          -80.50537,41.9433,0
          -80.50564,41.94328,0
          -80.5062,41.94321,0
          -80.50687,41.94309,0
          -80.50785,41.94286,0
          -80.50894,41.9425,0
          -80.50956,41.94225,0
          -80.52623,41.93408,0
          -80.52626,41.93407,0
          -80.53149,41.93149,0
          -80.53155,41.93145,0
          -80.53534,41.92959,0
          -80.53537,41.92957,0
          -80.53796,41.92829,0
          -80.53806,41.92825,0
          -80.54748,41.9236,0
          -80.54869,41.92304,0
          -80.54894,41.92294,0
          -80.54906,41.92288,0
          -80.54943,41.92273,0
          -80.54955,41.92267,0
          -80.55091,41.92212,0
          -80.55271,41.92146,0
          -80.55297,41.92138,0
          -80.55298,41.92137,0
          -80.55362,41.92116,0
          -80.55366,41.92114,0
          -80.55401,41.92103,0
          -80.55402,41.92103,0
          -80.55495,41.92074,0
          -80.55508,41.92071,0
          -80.55588,41.92047,0
          -80.56085,41.91916,0
          -80.56089,41.91914,0
          -80.56125,41.91905,0
          -80.56127,41.91904,0
          -80.5634,41.91848,0
          -80.56342,41.91847,0
          -80.56353,41.91845,0
          -80.56372,41.91839,0
          -80.56554,41.91792,0
          -80.5658,41.91784,0
          -80.56595,41.91781,0
          -80.56876,41.91706,0
          -80.56883,41.91705,0
          -80.57254,41.91607,0
          -80.57266,41.91603,0
          -80.57401,41.91568,0
          -80.57413,41.91564,0
          -80.57435,41.91559,0
          -80.5744,41.91557,0
          -80.57508,41.91539,0
          -80.5751,41.91539,0
          -80.57657,41.915,0
          -80.57658,41.915,0
          -80.5767,41.91496,0
          -80.57763,41.91472,0
          -80.57764,41.91472,0
          -80.57912,41.91433,0
          -80.57924,41.91429,0
          -80.57938,41.91426,0
          -80.57991,41.91411,0
          -80.58006,41.91408,0
          -80.58018,41.91404,0
          -80.5826,41.91341,0
          -80.58272,41.91337,0
          -80.58286,41.91334,0
          -80.58291,41.91332,0
          -80.58327,41.91323,0
          -80.58339,41.91319,0
          -80.58354,41.91316,0
          -80.58367,41.91312,0
          -80.58381,41.91309,0
          -80.58393,41.91305,0
          -80.58407,41.91302,0
          -80.5842,41.91298,0
          -80.58422,41.91298,0
          -80.58661,41.91234,0
          -80.58662,41.91234,0
          -80.58796,41.91199,0
          -80.58798,41.91198,0
          -80.58826,41.91191,0
          -80.58841,41.91186,0
          -80.59301,41.91064,0
          -80.59304,41.91064,0
          -80.59324,41.91059,0
          -80.59326,41.91058,0
          -80.59554,41.90997,0
          -80.59561,41.90996,0
          -80.59577,41.90991,0
          -80.59669,41.90968,0
          -80.59677,41.90965,0
          -80.59777,41.90938,0
          -80.59788,41.90934,0
          -80.59881,41.90907,0
          -80.60011,41.90864,0
          -80.60013,41.90864,0
          -80.601,41.90833,0
          -80.60102,41.90833,0
          -80.6028,41.90766,0
          -80.60281,41.90765,0
          -80.60367,41.90731,0
          -80.60368,41.90731,0
          -80.60694,41.906,0
          -80.60707,41.90596,0
          -80.60707,41.90595,0
          -80.60719,41.9059,0
          -80.60729,41.90587,0
          -80.6082,41.9055,0
          -80.60821,41.9055,0
          -80.61296,41.90361,0
          -80.61297,41.9036,0
          -80.61333,41.90346,0
          -80.61334,41.90345,0
          -80.61636,41.90225,0
          -80.61644,41.90221,0
          -80.61648,41.9022,0
          -80.62025,41.90069,0
          -80.62038,41.90065,0
          -80.62088,41.90044,0
          -80.62101,41.9004,0
          -80.62239,41.89984,0
          -80.62243,41.89983,0
          -80.62251,41.89979,0
          -80.62352,41.89939,0
          -80.62356,41.89938,0
          -80.6239,41.89924,0
          -80.62394,41.89923,0
          -80.62454,41.89899,0
          -80.62464,41.89894,0
          -80.62667,41.89813,0
          -80.62672,41.89812,0
          -80.6268,41.89808,0
          -80.6288,41.89728,0
          -80.62885,41.89727,0
          -80.62893,41.89723,0
          -80.63055,41.89659,0
          -80.63056,41.89658,0
          -80.63258,41.89577,0
          -80.63268,41.89574,0
          -80.63806,41.8936,0
          -80.63812,41.89357,0
          -80.64222,41.89193,0
          -80.64226,41.89192,0
          -80.64267,41.89176,0
          -80.64279,41.8917,0
          -80.64541,41.89066,0
          -80.64542,41.89066,0
          -80.64815,41.88956,0
          -80.64827,41.88952,0
          -80.65556,41.88657,0
          -80.65768,41.88562,0
          -80.65858,41.88518,0
          -80.65877,41.8851,0
          -80.65883,41.88506,0
          -80.65895,41.88501,0
          -80.66019,41.8844,0
          -80.66237,41.88325,0
          -80.6624,41.88324,0
          -80.66342,41.88266,0
          -80.66355,41.8826,0
          -80.66506,41.88172,0
          -80.66507,41.88171,0
          -80.66601,41.88115,0
          -80.66825,41.87972,0
          -80.66986,41.87863,0
          -80.6725,41.8767,0
          -80.67255,41.87665,0
          -80.67295,41.87634,0
          -80.673,41.87631,0
          -80.67304,41.87627,0
          -80.67375,41.87571,0
          -80.67398,41.87551,0
          -80.67405,41.87546,0
          -80.67583,41.87396,0
          -80.67592,41.87387,0
          -80.6765,41.87337,0
          -80.67744,41.8725,0
          -80.67754,41.87242,0
          -80.6779,41.87207,0
          -80.67801,41.87198,0
          -80.67909,41.87095,0
          -80.6791,41.87095,0
          -80.68486,41.86549,0
          -80.68496,41.86541,0
          -80.68815,41.86238,0
          -80.68816,41.86238,0
          -80.69482,41.85607,0
          -80.69586,41.85513,0
          -80.6963,41.85476,0
          -80.69635,41.85471,0
          -80.69686,41.8543,0
          -80.69698,41.85419,0
          -80.6989,41.85274,0
          -80.69892,41.85273,0
          -80.69975,41.85214,0
          -80.70128,41.85115,0
          -80.70238,41.85049,0
          -80.70437,41.8494,0
          -80.70442,41.84938,0
          -80.70502,41.84907,0
          -80.70663,41.8483,0
          -80.70683,41.84822,0
          -80.7069,41.84818,0
          -80.70883,41.84737,0
          -80.70884,41.84737,0
          -80.70999,41.84693,0
          -80.71,41.84692,0
          -80.7151,41.84518,0
          -80.71515,41.84517,0
          -80.71768,41.84432,0
          -80.71772,41.8443,0
          -80.71843,41.84406,0
          -80.71998,41.84348,0
          -80.71999,41.84347,0
          -80.721,41.84307,0
          -80.72103,41.84305,0
          -80.72264,41.84235,0
          -80.72483,41.84128,0
          -80.72684,41.84017,0
          -80.72839,41.83922,0
          -80.72857,41.83909,0
          -80.72862,41.83907,0
          -80.72872,41.83899,0
          -80.72969,41.83835,0
          -80.72981,41.83826,0
          -80.72991,41.8382,0
          -80.73115,41.83734,0
          -80.73122,41.83728,0
          -80.73264,41.83632,0
          -80.73497,41.83491,0
          -80.73506,41.83487,0
          -80.73577,41.83447,0
          -80.73696,41.83385,0
          -80.73924,41.83278,0
          -80.74079,41.83213,0
          -80.74277,41.83138,0
          -80.74424,41.83088,0
          -80.74465,41.83076,0
          -80.74478,41.83071,0
          -80.74644,41.83022,0
          -80.7494,41.82949,0
          -80.7511,41.82915,0
          -80.75117,41.82913,0
          -80.75296,41.82883,0
          -80.75527,41.82852,0
          -80.75722,41.82833,0
          -80.7593,41.8282,0
          -80.75945,41.8282,0
          -80.75951,41.82819,0
          -80.76165,41.82815,0
          -80.76175,41.82814,0
          -80.76384,41.82814,0
          -80.76399,41.82815,0
          -80.7838,41.82817,0
          -80.78467,41.82815,0
          -80.78618,41.82802,0
          -80.78686,41.82792,0
          -80.78689,41.82792,0
          -80.78709,41.82788,0
          -80.78712,41.82788,0
          -80.78796,41.82772,0
          -80.78866,41.82756,0
          -80.78882,41.82751,0
          -80.78911,41.82744,0
          -80.79007,41.82715,0
          -80.7902,41.8271,0
          -80.79021,41.8271,0
          -80.79085,41.82687,0
          -80.79175,41.8265,0
          -80.79249,41.82615,0
          -80.79261,41.82608,0
          -80.79282,41.82598,0
          -80.79286,41.82595,0
          -80.79356,41.82556,0
          -80.79401,41.82528,0
          -80.79464,41.82485,0
          -80.79474,41.82477,0
          -80.79503,41.82457,0
          -80.79506,41.82454,0
          -80.79608,41.8238,0
          -80.7961,41.82378,0
          -80.79639,41.82357,0
          -80.79641,41.82355,0
          -80.79652,41.82348,0
          -80.79683,41.82324,0
          -80.79715,41.82302,0
          -80.79735,41.82286,0
          -80.79746,41.82279,0
          -80.79966,41.82117,0
          -80.79977,41.8211,0
          -80.80008,41.82086,0
          -80.80019,41.82079,0
          -80.80166,41.81972,0
          -80.80186,41.81956,0
          -80.80197,41.81949,0
          -80.80333,41.81849,0
          -80.80344,41.81842,0
          -80.80438,41.81772,0
          -80.80449,41.81765,0
          -80.80573,41.81673,0
          -80.80575,41.81672,0
          -80.80617,41.81642,0
          -80.80625,41.81635,0
          -80.80627,41.81634,0
          -80.8092,41.81419,0
          -80.80931,41.81412,0
          -80.81008,41.81355,0
          -80.81012,41.81353,0
          -80.81015,41.8135,0
          -80.81194,41.8122,0
          -80.81259,41.81176,0
          -80.8126,41.81175,0
          -80.8147,41.81038,0
          -80.81652,41.80929,0
          -80.83779,41.79707,0
          -80.83782,41.79706,0
          -80.84921,41.79052,0
          -80.84922,41.79052,0
          -80.85401,41.78776,0
          -80.85413,41.7877,0
          -80.85436,41.78756,0
          -80.85448,41.7875,0
          -80.85561,41.78684,0
          -80.85562,41.78684,0
          -80.87069,41.77819,0
          -80.87184,41.77759,0
          -80.87188,41.77756,0
          -80.87359,41.77673,0
          -80.8736,41.77672,0
          -80.87485,41.77616,0
          -80.87782,41.77499,0
          -80.87969,41.77436,0
          -80.8805,41.77412,0
          -80.88063,41.77407,0
          -80.88104,41.77395,0
          -80.88118,41.77392,0
          -80.88228,41.77361,0
          -80.8845,41.77307,0
          -80.88477,41.77302,0
          -80.88477,41.77301,0
          -80.88632,41.7727,0
          -80.88732,41.77253,0
          -80.88734,41.77252,0
          -80.88947,41.7722,0
          -80.88961,41.77219,0
          -80.89004,41.77213,0
          -80.89279,41.77186,0
          -80.93282,41.76997,0
          -80.94283,41.76965,0
          -80.94332,41.76965,0
          -80.97821,41.76858,0
          -80.98,41.76847,0
          -80.9806,41.76841,0
          -80.98065,41.76841,0
          -80.98226,41.76825,0
          -80.98409,41.76801,0
          -80.98424,41.76798,0
          -80.98469,41.76792,0
          -80.98602,41.76769,0
          -80.98604,41.76769,0
          -80.98863,41.76715,0
          -80.99026,41.76675,0
          -80.99589,41.76521,0
          -80.99719,41.76489,0
          -80.99905,41.76449,0
          -81.00149,41.76406,0
          -81.00331,41.76381,0
          -81.00337,41.76381,0
          -81.00357,41.76378,0
          -81.00363,41.76378,0
          -81.00438,41.76369,0
          -81.00455,41.76368,0
          -81.00469,41.76366,0
          -81.00499,41.76364,0
          -81.00512,41.76362,0
          -81.00718,41.76347,0
          -81.00733,41.76347,0
          -81.00792,41.76343,0
          -81.00807,41.76343,0
          -81.0081,41.76342,0
          -81.03309,41.76223,0
          -81.03546,41.76199,0
          -81.03779,41.76166,0
          -81.04025,41.76121,0
          -81.04044,41.76116,0
          -81.0409,41.76107,0
          -81.04131,41.76097,0
          -81.04133,41.76097,0
          -81.04285,41.7606,0
          -81.04286,41.7606,0
          -81.04338,41.76047,0
          -81.04561,41.75982,0
          -81.04693,41.75938,0
          -81.04698,41.75937,0
          -81.04828,41.7589,0
          -81.0483,41.7589,0
          -81.05674,41.75556,0
          -81.05675,41.75555,0
          -81.06019,41.7542,0
          -81.0602,41.75419,0
          -81.0627,41.75317,0
          -81.06271,41.75317,0
          -81.06696,41.75149,0
          -81.06697,41.75149,0
          -81.06928,41.75058,0
          -81.06931,41.75056,0
          -81.07484,41.74836,0
          -81.07488,41.74835,0
          -81.07708,41.74747,0
          -81.07709,41.74747,0
          -81.08346,41.74493,0
          -81.08348,41.74493,0
          -81.08463,41.74447,0
          -81.08476,41.74443,0
          -81.08829,41.74302,0
          -81.0883,41.74301,0
          -81.0896,41.7425,0
          -81.08966,41.74247,0
          -81.09077,41.74205,0
          -81.09085,41.74201,0
          -81.09626,41.73983,0
          -81.09824,41.73892,0
          -81.0994,41.73832,0
          -81.09945,41.7383,0
          -81.10073,41.73756,0
          -81.10084,41.73748,0
          -81.10095,41.73742,0
          -81.10182,41.73686,0
          -81.10184,41.73684,0
          -81.10238,41.73648,0
          -81.10242,41.73646,0
          -81.10393,41.73544,0
          -81.10397,41.73542,0
          -81.1062,41.73391,0
          -81.10621,41.73391,0
          -81.1072,41.73324,0
          -81.10721,41.73324,0
          -81.10934,41.7318,0
          -81.10934,41.73179,0
          -81.11155,41.73025,0
          -81.11157,41.73024,0
          -81.11211,41.72986,0
          -81.11216,41.72981,0
          -81.1122,41.72979,0
          -81.11287,41.72932,0
          -81.11289,41.7293,0
          -81.11465,41.72807,0
          -81.11468,41.72806,0
          -81.11581,41.72732,0
          -81.11706,41.72657,0
          -81.11707,41.72657,0
          -81.11876,41.72563,0
          -81.12062,41.7247,0
          -81.1217,41.72421,0
          -81.12174,41.7242,0
          -81.12294,41.72368,0
          -81.12295,41.72368,0
          -81.12491,41.72292,0
          -81.1264,41.72241,0
          -81.12649,41.72237,0
          -81.1268,41.72227,0
          -81.12685,41.72226,0
          -81.12752,41.72205,0
          -81.12754,41.72204,0
          -81.12909,41.72159,0
          -81.13093,41.72112,0
          -81.13193,41.7209,0
          -81.13194,41.72089,0
          -81.13279,41.72071,0
          -81.1347,41.72036,0
          -81.13736,41.71997,0
          -81.13743,41.71997,0
          -81.14342,41.71916,0
          -81.14347,41.71916,0
          -81.14423,41.71906,0
          -81.14426,41.71905,0
          -81.15124,41.71812,0
          -81.15146,41.71808,0
          -81.15152,41.71808,0
          -81.15262,41.71793,0
          -81.15264,41.71792,0
          -81.1528,41.71791,0
          -81.15404,41.71775,0
          -81.15407,41.71775,0
          -81.15424,41.71772,0
          -81.15428,41.71772,0
          -81.15452,41.71768,0
          -81.15454,41.71768,0
          -81.15697,41.71726,0
          -81.15888,41.71683,0
          -81.16026,41.71647,0
          -81.16097,41.71626,0
          -81.16101,41.71624,0
          -81.16158,41.71607,0
          -81.16315,41.71554,0
          -81.16406,41.71519,0
          -81.16413,41.71517,0
          -81.1662,41.7143,0
          -81.16623,41.71428,0
          -81.1671,41.71387,0
          -81.16829,41.71326,0
          -81.16835,41.71322,0
          -81.16886,41.71295,0
          -81.17393,41.7099,0
          -81.17394,41.7099,0
          -81.1769,41.70811,0
          -81.17691,41.7081,0
          -81.18069,41.70582,0
          -81.1809,41.70568,0
          -81.18166,41.70523,0
          -81.18167,41.70522,0
          -81.18257,41.70467,0
          -81.18259,41.70467,0
          -81.18572,41.70277,0
          -81.18573,41.70276,0
          -81.18917,41.70068,0
          -81.18939,41.70056,0
          -81.20164,41.69314,0
          -81.20168,41.69311,0
          -81.21931,41.68245,0
          -81.21938,41.6824,0
          -81.22079,41.68156,0
          -81.22125,41.68131,0
          -81.22126,41.68131,0
          -81.22215,41.68082,0
          -81.22375,41.68001,0
          -81.2243,41.67976,0
          -81.22437,41.67972,0
          -81.22585,41.67906,0
          -81.22825,41.67809,0
          -81.22837,41.67805,0
          -81.23568,41.67509,0
          -81.23569,41.67509,0
          -81.23724,41.67447,0
          -81.23725,41.67446,0
          -81.24413,41.67169,0
          -81.24415,41.67167,0
          -81.25067,41.66902,0
          -81.25579,41.66684,0
          -81.25717,41.66622,0
          -81.25718,41.66621,0
          -81.25943,41.6652,0
          -81.25956,41.66513,0
          -81.25957,41.66513,0
          -81.26097,41.66449,0
          -81.26106,41.66446,0
          -81.26568,41.66238,0
          -81.26569,41.66238,0
          -81.26843,41.66115,0
          -81.26843,41.66114,0
          -81.26943,41.6607,0
          -81.26954,41.66064,0
          -81.26967,41.66059,0
          -81.26981,41.66052,0
          -81.26987,41.6605,0
          -81.26992,41.66047,0
          -81.26998,41.66045,0
          -81.28005,41.65592,0
          -81.28006,41.65592,0
          -81.28156,41.65524,0
          -81.28157,41.65524,0
          -81.2818,41.65514,0
          -81.28183,41.65512,0
          -81.28196,41.65507,0
          -81.28215,41.65498,0
          -81.28221,41.65496,0
          -81.28442,41.65397,0
          -81.28447,41.65394,0
          -81.28826,41.65224,0
          -81.29013,41.65149,0
          -81.29212,41.65079,0
          -81.29226,41.65075,0
          -81.29253,41.65065,0
          -81.29375,41.65026,0
          -81.29401,41.65019,0
          -81.29403,41.65018,0
          -81.29555,41.64976,0
          -81.29696,41.64942,0
          -81.29709,41.6494,0
          -81.29878,41.64903,0
          -81.30201,41.64848,0
          -81.30214,41.64847,0
          -81.30229,41.64844,0
          -81.30543,41.6481,0
          -81.30548,41.6481,0
          -81.30564,41.64808,0
          -81.30714,41.64798,0
          -81.30727,41.64798,0
          -81.3077,41.64795,0
          -81.30931,41.64791,0
          -81.30933,41.6479,0
          -81.31106,41.6479,0
          -81.31222,41.64793,0
          -81.31231,41.64794,0
          -81.3225,41.64822,0
          -81.32464,41.64824,0
          -81.32641,41.64818,0
          -81.32665,41.64816,0
          -81.32677,41.64816,0
          -81.32866,41.64803,0
          -81.3288,41.64801,0
          -81.32923,41.64798,0
          -81.32935,41.64796,0
          -81.33038,41.64786,0
          -81.33149,41.64771,0
          -81.33164,41.6477,0
          -81.33179,41.64767,0
          -81.33223,41.64762,0
          -81.33238,41.64759,0
          -81.33705,41.64697,0
          -81.33708,41.64696,0
          -81.33907,41.64668,0
          -81.3392,41.64667,0
          -81.33975,41.64659,0
          -81.33989,41.64658,0
          -81.34151,41.64635,0
          -81.34155,41.64635,0
          -81.35132,41.645,0
          -81.35135,41.64499,0
          -81.35981,41.64383,0
          -81.35986,41.64383,0
          -81.36267,41.64345,0
          -81.3627,41.64345,0
          -81.36551,41.64302,0
          -81.36553,41.64302,0
          -81.36622,41.6429,0
          -81.36625,41.64289,0
          -81.36819,41.6425,0
          -81.37004,41.64206,0
          -81.37006,41.64205,0
          -81.37008,41.64205,0
          -81.37158,41.64164,0
          -81.3716,41.64163,0
          -81.37204,41.64151,0
          -81.37438,41.64076,0
          -81.376,41.64017,0
          -81.37743,41.6396,0
          -81.3787,41.63904,0
          -81.37881,41.639,0
          -81.37881,41.63899,0
          -81.38247,41.63727,0
          -81.38255,41.63724,0
          -81.38366,41.63671,0
          -81.38369,41.63669,0
          -81.38731,41.63498,0
          -81.38747,41.63489,0
          -81.38753,41.63487,0
          -81.38937,41.63389,0
          -81.38942,41.63387,0
          -81.39098,41.63296,0
          -81.39194,41.63236,0
          -81.39195,41.63235,0
          -81.39295,41.63171,0
          -81.393,41.63167,0
          -81.39502,41.63036,0
          -81.39508,41.63033,0
          -81.39789,41.62851,0
          -81.39797,41.62845,0
          -81.39801,41.62843,0
          -81.39846,41.62814,0
          -81.39847,41.62813,0
          -81.39944,41.6275,0
          -81.39947,41.62749,0
          -81.39965,41.62736,0
          -81.39973,41.62732,0
          -81.40149,41.62617,0
          -81.40155,41.62614,0
          -81.40843,41.62168,0
          -81.40843,41.62167,0
          -81.40967,41.62087,0
          -81.40968,41.62087,0
          -81.41418,41.61795,0
          -81.4142,41.61793,0
          -81.41443,41.61779,0
          -81.41451,41.61773,0
          -81.41545,41.61713,0
          -81.4156,41.61705,0
          -81.4159,41.61685,0
          -81.4212,41.61359,0
          -81.4213,41.61354,0
          -81.42455,41.61155,0
          -81.4246,41.61151,0
          -81.42564,41.61087,0
          -81.4257,41.61084,0
          -81.42939,41.60856,0
          -81.42945,41.60853,0
          -81.43446,41.60544,0
          -81.43452,41.60541,0
          -81.43637,41.60426,0
          -81.43645,41.60422,0
          -81.43916,41.60253,0
          -81.43922,41.60248,0
          -81.43929,41.60244,0
          -81.44079,41.60134,0
          -81.44155,41.60071,0
          -81.44241,41.59994,0
          -81.44298,41.59939,0
          -81.44301,41.59935,0
          -81.44362,41.59872,0
          -81.4442,41.59805,0
          -81.44421,41.59803,0
          -81.44456,41.59761,0
          -81.44475,41.59735,0
          -81.44477,41.59733,0
          -81.44489,41.59717,0
          -81.44495,41.59707,0
          -81.44535,41.5965,0
          -81.44535,41.59649,0
          -81.44558,41.59616,0
          -81.4456,41.59614,0
          -81.44581,41.59582,0
          -81.44592,41.59562,0
          -81.44609,41.59554,0
          -81.4461,41.59554,0
          -81.44614,41.59548,0
          -81.44614,41.59547,0
          -81.44659,41.59482,0
          -81.44665,41.59475,0
          -81.44689,41.59441,0
          -81.44711,41.59413,0
          -81.44761,41.59359,0
          -81.44762,41.59359,0
          -81.44819,41.59311,0
          -81.4488,41.59271,0
          -81.44896,41.59262,0
          -81.44899,41.59261,0
          -81.44915,41.59252,0
          -81.44922,41.59249,0
          -81.44931,41.59244,0
          -81.44976,41.59224,0
          -81.44983,41.59222,0
          -81.45022,41.59207,0
          -81.45076,41.59189,0
          -81.4515,41.59168,0
          -81.4518,41.59161,0
          -81.45189,41.59158,0
          -81.4521,41.59153,0
          -81.45211,41.59153,0
          -81.45296,41.59133,0
          -81.45308,41.59131,0
          -81.4531,41.5913,0
          -81.45361,41.5912,0
          -81.45364,41.5912,0
          -81.4539,41.59115,0
          -81.45527,41.59095,0
          -81.45532,41.59095,0
          -81.45591,41.59088,0
          -81.45699,41.59079,0
          -81.46236,41.59056,0
          -81.4624,41.59055,0
          -81.4707,41.59017,0
          -81.47099,41.59017,0
          -81.47848,41.58984,0
          -81.47975,41.58985,0
          -81.48017,41.58987,0
          -81.48108,41.58998,0
          -81.48216,41.59022,0
          -81.4828,41.59042,0
          -81.48329,41.59061,0
          -81.48348,41.5907,0
          -81.48349,41.5907,0
          -81.48433,41.59113,0
          -81.48434,41.59114,0
          -81.4849,41.59149,0
          -81.48524,41.59174,0
          -81.48571,41.59215,0
          -81.48614,41.59259,0
          -81.48646,41.59298,0
          -81.48685,41.59358,0
          -81.48699,41.59384,0
          -81.48717,41.59424,0
          -81.48739,41.59489,0
          -81.48739,41.5949,0
          -81.48756,41.59553,0
          -81.48757,41.5956,0
          -81.48776,41.59638,0
          -81.48776,41.59641,0
          -81.48781,41.59659,0
          -81.48781,41.59661,0
          -81.4882,41.59831,0
          -81.48825,41.59846,0
          -81.48837,41.59894,0
          -81.4884,41.59901,0
          -81.48841,41.59907,0
          -81.48862,41.59959,0
          -81.48903,41.60033,0
          -81.48934,41.6008,0
          -81.48987,41.60149,0
          -81.49044,41.60211,0
          -81.49219,41.60385,0
          -81.49287,41.60457,0
          -81.49329,41.60498,0
          -81.4935,41.60514,0
          -81.4939,41.60539,0
          -81.49421,41.60553,0
          -81.49447,41.60561,0
          -81.4949,41.6057,0
          -81.4952,41.60573,0
          -81.49551,41.60573,0
          -81.49595,41.60569,0
          -81.49609,41.60566,0
          -81.49624,41.60564,0
          -81.49662,41.60552,0
          -81.49663,41.60552,0
          -81.49689,41.60541,0
          -81.49726,41.60521,0
          -81.49758,41.605,0
          -81.49787,41.60478,0
          -81.49789,41.60476,0
          -81.49873,41.60414,0
          -81.49884,41.60407,0
          -81.4989,41.60402,0
          -81.50062,41.60285,0
          -81.50129,41.60243,0
          -81.50137,41.60239,0
          -81.50151,41.6023,0
          -81.50184,41.60212,0
          -81.50194,41.60209,0
          -81.50208,41.602,0
          -81.50228,41.60189,0
          -81.50229,41.60188,0
          -81.50413,41.60082,0
          -81.50414,41.60082,0
          -81.50635,41.59955,0
          -81.50646,41.59947,0
          -81.50669,41.59934,0
          -81.50982,41.59738,0
          -81.52309,41.58948,0
          -81.52538,41.58818,0
          -81.52545,41.58815,0
          -81.52564,41.58804,0
          -81.52566,41.58804,0
          -81.52716,41.58725,0
          -81.52717,41.58725,0
          -81.52729,41.58718,0
          -81.52748,41.58709,0
          -81.5279,41.58686,0
          -81.52946,41.58608,0
          -81.53008,41.5858,0
          -81.53367,41.58433,0
          -81.53369,41.58433,0
          -81.53676,41.58306,0
          -81.53679,41.58304,0
          -81.53701,41.58295,0
          -81.53779,41.58257,0
          -81.53785,41.58253,0
          -81.53805,41.58243,0
          -81.53813,41.5824,0
          -81.53821,41.58235,0
          -81.54099,41.58094,0
          -81.54102,41.58093,0
          -81.5422,41.58032,0
          -81.5423,41.58028,0
          -81.54299,41.57994,0
          -81.54379,41.57961,0
          -81.54486,41.57922,0
          -81.54657,41.57873,0
          -81.54658,41.57873,0
          -81.5484,41.57821,0
          -81.54851,41.57819,0
          -81.55014,41.57767,0
          -81.55066,41.57747,0
          -81.55073,41.57745,0
          -81.5521,41.57686,0
          -81.55811,41.57377,0
          -81.55812,41.57376,0
          -81.55836,41.57365,0
          -81.55963,41.57316,0
          -81.56018,41.57298,0
          -81.56022,41.57296,0
          -81.56607,41.57123,0
          -81.56734,41.57082,0
          -81.56883,41.57028,0
          -81.56925,41.57011,0
          -81.56938,41.57007,0
          -81.57001,41.56982,0
          -81.57014,41.56978,0
          -81.57022,41.56974,0
          -81.57102,41.56943,0
          -81.57115,41.56939,0
          -81.57178,41.56914,0
          -81.57179,41.56914,0
          -81.57188,41.56911,0
          -81.57191,41.56909,0
          -81.57204,41.56905,0
          -81.57254,41.56885,0
          -81.57421,41.56826,0
          -81.57448,41.56818,0
          -81.57461,41.56813,0
          -81.57643,41.56757,0
          -81.57645,41.56757,0
          -81.57659,41.56752,0
          -81.57684,41.56746,0
          -81.57692,41.56743,0
          -81.57702,41.56741,0
          -81.57766,41.56723,0
          -81.57777,41.56721,0
          -81.57803,41.56713,0
          -81.57817,41.5671,0
          -81.57832,41.56705,0
          -81.57857,41.56699,0
          -81.57865,41.56696,0
          -81.57991,41.56662,0
          -81.57993,41.56661,0
          -81.58017,41.56654,0
          -81.58031,41.56651,0
          -81.58225,41.56597,0
          -81.58231,41.56596,0
          -81.58621,41.56489,0
          -81.58672,41.56473,0
          -81.58674,41.56473,0
          -81.58751,41.56448,0
          -81.5876,41.56444,0
          -81.58764,41.56443,0
          -81.58827,41.56418,0
          -81.58839,41.56412,0
          -81.5884,41.56412,0
          -81.58888,41.5639,0
          -81.58934,41.56365,0
          -81.59015,41.56317,0
          -81.59037,41.56302,0
          -81.59047,41.56294,0
          -81.59075,41.56275,0
          -81.5914,41.56223,0
          -81.59149,41.56214,0
          -81.59159,41.56206,0
          -81.59221,41.56144,0
          -81.59283,41.56069,0
          -81.59303,41.56039,0
          -81.5931,41.5603,0
          -81.59323,41.5601,0
          -81.59327,41.56002,0
          -81.59329,41.56,0
          -81.59346,41.55969,0
          -81.59359,41.55942,0
          -81.59362,41.55938,0
          -81.59366,41.55927,0
          -81.59376,41.55907,0
          -81.59376,41.55905,0
          -81.59385,41.55886,0
          -81.59393,41.55864,0
          -81.59395,41.55861,0
          -81.59397,41.55854,0
          -81.5941,41.55826,0
          -81.59411,41.55822,0
          -81.5943,41.55782,0
          -81.5943,41.55781,0
          -81.59454,41.55729,0
          -81.5946,41.5572,0
          -81.59461,41.55719,0
          -81.59496,41.55664,0
          -81.59521,41.5563,0
          -81.59529,41.55621,0
          -81.5953,41.55619,0
          -81.59564,41.55578,0
          -81.59624,41.55517,0
          -81.59692,41.55459,0
          -81.59755,41.55413,0
          -81.59834,41.55364,0
          -81.59894,41.55332,0
          -81.60389,41.55096,0
          -81.6039,41.55095,0
          -81.60402,41.55089,0
          -81.60415,41.55084,0
          -81.60562,41.55013,0
          -81.60563,41.55013,0
          -81.60721,41.54937,0
          -81.60724,41.54936,0
          -81.6075,41.54923,0
          -81.60765,41.54917,0
          -81.60895,41.54854,0
          -81.60908,41.54849,0
          -81.60913,41.54846,0
          -81.61209,41.54713,0
          -81.61214,41.5471,0
          -81.61382,41.54635,0
          -81.61388,41.54633,0
          -81.61618,41.5453,0
          -81.61625,41.54526,0
          -81.61823,41.54436,0
          -81.62206,41.54248,0
          -81.62218,41.54241,0
          -81.62683,41.54011,0
          -81.62748,41.53985,0
          -81.62787,41.53972,0
          -81.62843,41.53956,0
          -81.62885,41.53947,0
          -81.62887,41.53946,0
          -81.62966,41.53933,0
          -81.63014,41.53928,0
          -81.63072,41.53925,0
          -81.63523,41.53922,0
          -81.63566,41.5392,0
          -81.6367,41.53909,0
          -81.6376,41.53893,0
          -81.638,41.53884,0
          -81.63813,41.5388,0
          -81.63828,41.53877,0
          -81.63853,41.53869,0
          -81.63866,41.53866,0
          -81.63946,41.53839,0
          -81.6401,41.53813,0
          -81.64078,41.5378,0
          -81.64119,41.53758,0
          -81.64121,41.53756,0
          -81.64131,41.5375,0
          -81.64134,41.53749,0
          -81.64399,41.53598,0
          -81.64404,41.53596,0
          -81.64513,41.53533,0
          -81.64593,41.53479,0
          -81.64642,41.5344,0
          -81.64648,41.53436,0
          -81.64885,41.53221,0
          -81.64949,41.53171,0
          -81.65005,41.53132,0
          -81.65106,41.53072,0
          -81.67411,41.51874,0
          -81.67416,41.51864,0
          -81.67416,41.51863,0
          -81.67418,41.51863,0
          -81.67444,41.51849,0
          -81.67511,41.51807,0
          -81.67531,41.51789,0
          -81.67542,41.51775,0
          -81.67553,41.51756,0
          -81.67555,41.51749,0
          -81.67557,41.51745,0
          -81.67559,41.51739,0
          -81.67562,41.51718,0
          -81.67562,41.51709,0
          -81.6756,41.51695,0
          -81.67559,41.51693,0
          -81.67557,41.51684,0
          -81.67552,41.51671,0
          -81.6755,41.51669,0
          -81.67541,41.51653,0
          -81.67539,41.51651,0
          -81.67534,41.51643,0
          -81.6752,41.51626,0
          -81.67483,41.51589,0
          -81.67466,41.5157,0
          -81.67416,41.51503,0
          -81.6741,41.51493,0
          -81.67404,41.51485,0
          -81.67379,41.51444,0
          -81.67377,41.51439,0
          -81.67375,41.51436,0
          -81.67369,41.51423,0
          -81.67363,41.51413,0
          -81.67342,41.51364,0
          -81.6734,41.51361,0
          -81.67324,41.5132,0
          -81.67085,41.50607,0
          -81.67081,41.50598,0
          -81.67078,41.50586,0
          -81.66997,41.50343,0
          -81.66995,41.50331,0
          -81.66994,41.50328,0
          -81.66992,41.50309,0
          -81.6699,41.50299,0
          -81.66988,41.50255,0
          -81.66991,41.50221,0
          -81.66999,41.50179,0
          -81.67013,41.50136,0
          -81.67027,41.50105,0
          -81.67027,41.50104,0
          -81.67057,41.50055,0
          -81.67087,41.50016,0
          -81.67122,41.49981,0
          -81.67172,41.49941,0
          -81.67239,41.49899,0
          -81.67469,41.49783,0
          -81.67481,41.49776,0
          -81.67846,41.49591,0
          -81.67911,41.49561,0
          -81.67955,41.49543,0
          -81.67962,41.49541,0
          -81.67969,41.49538,0
          -81.67993,41.49531,0
          -81.68139,41.495,0
          -81.68227,41.49475,0
          -81.6824,41.4947,0
          -81.68254,41.49466,0
          -81.68321,41.49441,0
          -81.68388,41.49413,0
          -81.68471,41.49372,0
          -81.68575,41.49312,0
          -81.68577,41.4931,0
          -81.68599,41.49296,0
          -81.68693,41.49225,0
          -81.68709,41.49211,0
          -81.68712,41.49209,0
          -81.68764,41.49162,0
          -81.6881,41.49113,0
          -81.68875,41.49032,0
          -81.68894,41.49004,0
          -81.69039,41.48758,0
          -81.69042,41.48751,0
          -81.69046,41.48746,0
          -81.69118,41.48607,0
          -81.69197,41.4843,0
          -81.69209,41.48389,0
          -81.69214,41.48376,0
          -81.69214,41.48374,0
          -81.69231,41.48327,0
          -81.69268,41.48201,0
          -81.69287,41.48118,0
          -81.69298,41.48055,0
          -81.69298,41.48052,0
          -81.69325,41.47892,0
          -81.69325,41.47888,0
          -81.6933,41.4786,0
          -81.69337,41.4777,0
          -81.69334,41.47678,0
          -81.69333,41.47676,0
          -81.69316,41.47427,0
          -81.69315,41.47424,0
          -81.69315,41.47412,0
          -81.69314,41.4741,0
          -81.69314,41.474,0
          -81.6931,41.47352,0
          -81.6931,41.47339,0
          -81.69295,41.47138,0
          -81.69295,41.47124,0
          -81.69285,41.4699,0
          -81.69282,41.469,0
          -81.69283,41.46889,0
          -81.69283,41.46864,0
          -81.69284,41.46855,0
          -81.69284,41.46845,0
          -81.69297,41.46734,0
          -81.69309,41.46668,0
          -81.69356,41.4648,0
          -81.69356,41.46477,0
          -81.69364,41.46448,0
          -81.69365,41.46441,0
          -81.69394,41.46339,0
          -81.69399,41.46315,0
          -81.694,41.46313,0
          -81.69403,41.46297,0
          -81.69411,41.46269,0
          -81.69411,41.46267,0
          -81.69413,41.46259,0
          -81.69417,41.46249,0
          -81.69422,41.46229,0
          -81.69446,41.46151,0
          -81.69453,41.46132,0
          -81.69456,41.46126,0
          -81.6947,41.4609,0
          -81.69483,41.46062,0
          -81.69516,41.46005,0
          -81.69537,41.45976,0
          -81.69559,41.45949,0
          -81.69582,41.45926,0
          -81.69588,41.45921,0
          -81.6959,41.45918,0
          -81.69591,41.45918,0
          -81.69596,41.45913,0
          -81.69653,41.45866,0
          -81.69655,41.45865,0
          -81.69663,41.45859,0
          -81.69738,41.45812,0
          -81.69824,41.45768,0
          -81.69902,41.45736,0
          -81.69982,41.45709,0
          -81.69983,41.45709,0
          -81.70065,41.45687,0
          -81.70193,41.45661,0
          -81.70308,41.45646,0
          -81.70477,41.45636,0
          -81.70718,41.4563,0
          -81.70724,41.45629,0
          -81.70829,41.45627,0
          -81.70835,41.45626,0
          -81.71049,41.45621,0
          -81.71051,41.4562,0
          -81.71159,41.45616,0
          -81.7124,41.45608,0
          -81.71327,41.45594,0
          -81.7137,41.45585,0
          -81.71447,41.45565,0
          -81.71492,41.4555,0
          -81.71493,41.4555,0
          -81.71508,41.45544,0
          -81.71524,41.45539,0
          -81.71946,41.45373,0
          -81.71995,41.45357,0
          -81.71996,41.45356,0
          -81.72048,41.45339,0
          -81.7206,41.45336,0
          -81.72102,41.45322,0
          -81.7219,41.45297,0
          -81.72205,41.45294,0
          -81.72218,41.4529,0
          -81.7223,41.45288,0
          -81.72236,41.45286,0
          -81.7235,41.4526,0
          -81.72357,41.45259,0
          -81.72369,41.45256,0
          -81.72383,41.45254,0
          -81.72393,41.45251,0
          -81.72442,41.45242,0
          -81.72601,41.45221,0
          -81.72618,41.4522,0
          -81.72632,41.45218,0
          -81.72691,41.45214,0
          -81.72911,41.45206,0
          -81.72919,41.45205,0
          -81.72989,41.45202,0
          -81.73055,41.45195,0
          -81.731,41.45188,0
          -81.73175,41.45171,0
          -81.7325,41.45144,0
          -81.73303,41.45119,0
          -81.73348,41.45092,0
          -81.73369,41.45077,0
          -81.73376,41.45073,0
          -81.73379,41.4507,0
          -81.73451,41.45017,0
          -81.7346,41.45009,0
          -81.73492,41.44985,0
          -81.73494,41.44984,0
          -81.73565,41.44928,0
          -81.73576,41.44921,0
          -81.73586,41.44913,0
          -81.73596,41.44907,0
          -81.73649,41.4487,0
          -81.73677,41.44854,0
          -81.73687,41.44847,0
          -81.73744,41.44816,0
          -81.73745,41.44815,0
          -81.73807,41.44785,0
          -81.73882,41.44754,0
          -81.73976,41.44722,0
          -81.73995,41.44718,0
          -81.73997,41.44717,0
          -81.74046,41.44707,0
          -81.74104,41.447,0
          -81.74176,41.447,0
          -81.74221,41.44704,0
          -81.74274,41.44713,0
          -81.74277,41.44714,0
          -81.74293,41.44717,0
          -81.74348,41.44731,0
          -81.74609,41.4481,0
          -81.74618,41.44812,0
          -81.74684,41.44833,0
          -81.74693,41.44835,0
          -81.74793,41.44866,0
          -81.74875,41.44887,0
          -81.74888,41.44889,0
          -81.74926,41.44898,0
          -81.74928,41.44898,0
          -81.74986,41.44907,0
          -81.75042,41.44911,0
          -81.75099,41.44911,0
          -81.75172,41.44905,0
          -81.75243,41.44893,0
          -81.75301,41.44878,0
          -81.75355,41.4486,0
          -81.75431,41.4483,0
          -81.75443,41.44824,0
          -81.75689,41.44721,0
          -81.75701,41.44715,0
          -81.75837,41.44658,0
          -81.7593,41.44627,0
          -81.75932,41.44627,0
          -81.7598,41.44613,0
          -81.76009,41.44607,0
          -81.76023,41.44603,0
          -81.76111,41.44587,0
          -81.76184,41.44579,0
          -81.7658,41.44561,0
          -81.76588,41.4456,0
          -81.76762,41.44554,0
          -81.76767,41.44553,0
          -81.7687,41.44549,0
          -81.77102,41.44547,0
          -81.77116,41.44548,0
          -81.77416,41.44551,0
          -81.7743,41.44552,0
          -81.7749,41.44552,0
          -81.77505,41.44553,0
          -81.77565,41.44553,0
          -81.7758,41.44554,0
          -81.7764,41.44554,0
          -81.77655,41.44555,0
          -81.7773,41.44555,0
          -81.77746,41.44556,0
          -81.77791,41.44556,0
          -81.77874,41.44552,0
          -81.77971,41.44539,0
          -81.78014,41.4453,0
          -81.78082,41.44511,0
          -81.78086,41.44509,0
          -81.78139,41.4449,0
          -81.78182,41.44471,0
          -81.78185,41.44469,0
          -81.78186,41.44469,0
          -81.78191,41.44466,0
          -81.78215,41.44455,0
          -81.78261,41.44428,0
          -81.78831,41.4404,0
          -81.78832,41.44039,0
          -81.78902,41.43995,0
          -81.78947,41.43971,0
          -81.79026,41.43936,0
          -81.79027,41.43936,0
          -81.79072,41.4392,0
          -81.79165,41.43894,0
          -81.79208,41.43886,0
          -81.79208,41.43885,0
          -81.79265,41.43876,0
          -81.79303,41.43872,0
          -81.79361,41.43869,0
          -81.79447,41.43868,0
          -81.79801,41.4388,0
          -81.7981,41.43881,0
          -81.80157,41.43892,0
          -81.8016,41.43893,0
          -81.8035,41.43899,0
          -81.80416,41.43899,0
          -81.80501,41.43894,0
          -81.80562,41.43887,0
          -81.80624,41.43876,0
          -81.80692,41.43859,0
          -81.8078,41.43831,0
          -81.80781,41.4383,0
          -81.80799,41.43824,0
          -81.80855,41.43799,0
          -81.8091,41.43769,0
          -81.80915,41.43767,0
          -81.8096,41.43738,0
          -81.80961,41.43738,0
          -81.81018,41.43696,0
          -81.81064,41.43656,0
          -81.81073,41.43646,0
          -81.81076,41.43644,0
          -81.81141,41.43571,0
          -81.81147,41.43562,0
          -81.81238,41.43452,0
          -81.81245,41.43442,0
          -81.81393,41.4326,0
          -81.814,41.43253,0
          -81.81447,41.43194,0
          -81.81452,41.43189,0
          -81.81709,41.42873,0
          -81.81813,41.42755,0
          -81.81828,41.42741,0
          -81.81825,41.42728,0
          -81.81825,41.42727,0
          -81.8208,41.42452,0
          -81.82128,41.42409,0
          -81.8216,41.42385,0
          -81.82205,41.42358,0
          -81.82251,41.42337,0
          -81.82301,41.4232,0
          -81.82564,41.42253,0
          -81.82589,41.42253,0
          -81.82593,41.42252,0
          -81.82597,41.42252,0
          -81.82634,41.42243,0
          -81.82635,41.42243,0
          -81.8264,41.42241,0
          -81.82651,41.42239,0
          -81.82718,41.4222,0
          -81.82763,41.42202,0
          -81.82818,41.42176,0
          -81.82995,41.42085,0
          -81.83003,41.42082,0
          -81.83004,41.42081,0
          -81.83057,41.42059,0
          -81.8313,41.42037,0
          -81.83161,41.42031,0
          -81.83178,41.42029,0
          -81.83193,41.42026,0
          -81.83266,41.42018,0
          -81.83425,41.42014,0
          -81.83436,41.42006,0
          -81.83533,41.42013,0
          -81.83598,41.4202,0
          -81.83698,41.42036,0
          -81.83814,41.42061,0
          -81.83897,41.42085,0
          -81.84451,41.42269,0
          -81.84458,41.42272,0
          -81.8461,41.42322,0
          -81.84719,41.42352,0
          -81.84783,41.42367,0
          -81.84845,41.42379,0
          -81.84848,41.42379,0
          -81.84859,41.42381,0
          -81.84862,41.42382,0
          -81.84971,41.42399,0
          -81.84987,41.424,0
          -81.85016,41.42404,0
          -81.85045,41.42406,0
          -81.85059,41.42408,0
          -81.86245,41.4249,0
          -81.86435,41.42492,0
          -81.86555,41.42488,0
          -81.86745,41.42474,0
          -81.86759,41.42472,0
          -81.86763,41.42472,0
          -81.86857,41.42461,0
          -81.8686,41.4246,0
          -81.86918,41.42452,0
          -81.86921,41.42452,0
          -81.87062,41.42428,0
          -81.87069,41.42426,0
          -81.87098,41.42421,0
          -81.87277,41.4238,0
          -81.87375,41.42353,0
          -81.87494,41.42315,0
          -81.87633,41.42266,0
          -81.87639,41.42263,0
          -81.87657,41.42257,0
          -81.87762,41.42214,0
          -81.87875,41.42163,0
          -81.87876,41.42162,0
          -81.87918,41.42142,0
          -81.87921,41.4214,0
          -81.87965,41.42118,0
          -81.87966,41.42117,0
          -81.88051,41.42072,0
          -81.88054,41.42071,0
          -81.88055,41.4207,0
          -81.88285,41.41948,0
          -81.88386,41.41898,0
          -81.88387,41.41897,0
          -81.88492,41.41847,0
          -81.88699,41.41758,0
          -81.88993,41.4165,0
          -81.89188,41.41589,0
          -81.90051,41.41351,0
          -81.90208,41.41303,0
          -81.90213,41.41302,0
          -81.90471,41.41218,0
          -81.90631,41.41162,0
          -81.90952,41.4104,0
          -81.91247,41.40916,0
          -81.91526,41.40788,0
          -81.91801,41.4065,0
          -81.92305,41.40373,0
          -81.92306,41.40372,0
          -81.92869,41.40062,0
          -81.92946,41.40025,0
          -81.93057,41.39979,0
          -81.93058,41.39978,0
          -81.9308,41.39969,0
          -81.93224,41.39919,0
          -81.93364,41.39879,0
          -81.93414,41.39867,0
          -81.94041,41.39743,0
          -81.94242,41.39696,0
          -81.94503,41.39618,0
          -81.94541,41.39604,0
          -81.94546,41.39603,0
          -81.94684,41.39551,0
          -81.9486,41.39475,0
          -81.94896,41.39457,0
          -81.94909,41.39452,0
          -81.95669,41.39083,0
          -81.9571,41.39065,0
          -81.95711,41.39065,0
          -81.95801,41.3903,0
          -81.95881,41.39004,0
          -81.95895,41.39001,0
          -81.95936,41.38989,0
          -81.96048,41.38964,0
          -81.96118,41.38952,0
          -81.96123,41.38952,0
          -81.96132,41.3895,0
          -81.96204,41.38941,0
          -81.9653,41.3891,0
          -81.96535,41.38909,0
          -81.96794,41.38884,0
          -81.96804,41.38884,0
          -81.96816,41.38882,0
          -81.96823,41.38882,0
          -81.97011,41.38864,0
          -81.97023,41.38862,0
          -81.97188,41.38847,0
          -81.97192,41.38846,0
          -81.97407,41.38826,0
          -81.97411,41.38825,0
          -81.97425,41.38824,0
          -81.97427,41.38823,0
          -81.97468,41.38818,0
          -81.97474,41.38818,0
          -81.97612,41.38794,0
          -81.97721,41.38766,0
          -81.97722,41.38765,0
          -81.97736,41.38761,0
          -81.97737,41.38761,0
          -81.97777,41.38749,0
          -81.97778,41.38749,0
          -81.97836,41.3873,0
          -81.97862,41.3872,0
          -81.97863,41.38719,0
          -81.97865,41.38719,0
          -81.97928,41.38694,0
          -81.97989,41.38666,0
          -81.98,41.38662,0
          -81.98038,41.38644,0
          -81.98065,41.38633,0
          -81.98188,41.38575,0
          -81.98191,41.38573,0
          -81.98216,41.38562,0
          -81.98236,41.38561,0
          -81.98281,41.38541,0
          -81.98285,41.3854,0
          -81.98293,41.38536,0
          -81.98294,41.38536,0
          -81.98434,41.38473,0
          -81.98435,41.38472,0
          -81.98598,41.38399,0
          -81.98599,41.38399,0
          -81.98724,41.38343,0
          -81.98725,41.38342,0
          -81.98729,41.38341,0
          -81.98736,41.38337,0
          -81.98884,41.38271,0
          -81.98885,41.38271,0
          -81.98948,41.38241,0
          -81.98953,41.38238,0
          -81.99123,41.38157,0
          -81.99299,41.3808,0
          -81.99422,41.3803,0
          -81.99482,41.38008,0
          -81.99487,41.38007,0
          -81.99491,41.38005,0
          -81.99559,41.37985,0
          -81.99625,41.3797,0
          -81.9963,41.3797,0
          -81.99637,41.37968,0
          -81.9964,41.37968,0
          -81.99642,41.37967,0
          -81.99647,41.37966,0
          -81.99649,41.37966,0
          -81.99652,41.37965,0
          -81.99657,41.37965,0
          -81.99664,41.37964,0
          -81.99671,41.37962,0
          -81.99683,41.37961,0
          -81.99686,41.3796,0
          -81.99794,41.37948,0
          -81.99862,41.37945,0
          -81.99958,41.37944,0
          -81.9997,41.37943,0
          -82.00104,41.37942,0
          -82.00105,41.37941,0
          -82.00106,41.37941,0
          -82.00114,41.37936,0
          -82.00447,41.37936,0
          -82.00697,41.37941,0
          -82.00912,41.37951,0
          -82.00917,41.37952,0
          -82.0102,41.37958,0
          -82.01038,41.37958,0
          -82.01299,41.37974,0
          -82.01314,41.37974,0
          -82.01863,41.38005,0
          -82.0187,41.38006,0
          -82.01957,41.38009,0
          -82.01964,41.3801,0
          -82.02294,41.38014,0
          -82.02412,41.38012,0
          -82.02422,41.38011,0
          -82.02571,41.38007,0
          -82.02763,41.37997,0
          -82.03376,41.37953,0
          -82.03391,41.37951,0
          -82.04124,41.37898,0
          -82.04136,41.37898,0
          -82.05496,41.37799,0
          -82.05517,41.37799,0
          -82.05529,41.37798,0
          -82.05715,41.37799,0
          -82.05879,41.37812,0
          -82.05976,41.37825,0
          -82.06047,41.37837,0
          -82.06181,41.37867,0
          -82.06246,41.37885,0
          -82.06249,41.37885,0
          -82.06341,41.37915,0
          -82.06343,41.37915,0
          -82.06469,41.37961,0
          -82.06555,41.37999,0
          -82.06566,41.38005,0
          -82.0658,41.38011,0
          -82.06658,41.38052,0
          -82.06771,41.3812,0
          -82.06846,41.38171,0
          -82.06901,41.38213,0
          -82.06906,41.38218,0
          -82.06922,41.3823,0
          -82.06964,41.38268,0
          -82.0714,41.38417,0
          -82.07184,41.38451,0
          -82.07185,41.38451,0
          -82.07248,41.38495,0
          -82.07294,41.38522,0
          -82.07368,41.3856,0
          -82.07456,41.38597,0
          -82.07469,41.38601,0
          -82.07483,41.38607,0
          -82.07604,41.38641,0
          -82.0771,41.38661,0
          -82.07801,41.38673,0
          -82.07835,41.38676,0
          -82.07908,41.38679,0
          -82.07975,41.38678,0
          -82.08041,41.38674,0
          -82.08176,41.38656,0
          -82.09309,41.38436,0
          -82.09363,41.38428,0
          -82.09525,41.3841,0
          -82.09642,41.38403,0
          -82.09822,41.38402,0
          -82.09908,41.38405,0
          -82.10021,41.38413,0
          -82.10155,41.3843,0
          -82.10219,41.38441,0
          -82.10223,41.38441,0
          -82.10263,41.38448,0
          -82.10467,41.38497,0
          -82.10479,41.38501,0
          -82.10492,41.38504,0
          -82.10597,41.38537,0
          -82.106,41.38539,0
          -82.10662,41.3856,0
          -82.1073,41.38587,0
          -82.1074,41.38592,0
          -82.10825,41.38627,0
          -82.10834,41.38632,0
          -82.10861,41.38642,0
          -82.10869,41.38646,0
          -82.11273,41.38812,0
          -82.11324,41.38831,0
          -82.11339,41.38838,0
          -82.11444,41.3888,0
          -82.11454,41.38883,0
          -82.11558,41.38926,0
          -82.11562,41.38927,0
          -82.1205,41.39126,0
          -82.12063,41.3913,0
          -82.12075,41.39135,0
          -82.12092,41.3914,0
          -82.12105,41.39145,0
          -82.12145,41.39157,0
          -82.12211,41.39173,0
          -82.12259,41.39182,0
          -82.1233,41.39192,0
          -82.12401,41.39197,0
          -82.12502,41.39195,0
          -82.14648,41.3905,0
          -82.14652,41.39049,0
          -82.1534,41.39002,0
          -82.15345,41.39001,0
          -82.15767,41.38973,0
          -82.15771,41.38972,0
          -82.16873,41.38897,0
          -82.17024,41.38883,0
          -82.17034,41.38881,0
          -82.17073,41.38877,0
          -82.17202,41.38858,0
          -82.17317,41.38837,0
          -82.17489,41.38799,0
          -82.18269,41.38575,0
          -82.18466,41.38523,0
          -82.18641,41.38484,0
          -82.18643,41.38484,0
          -82.18645,41.38483,0
          -82.18828,41.38449,0
          -82.1883,41.38448,0
          -82.18963,41.38427,0
          -82.18966,41.38426,0
          -82.19875,41.3828,0
          -82.19877,41.38279,0
          -82.19881,41.38279,0
          -82.20195,41.38228,0
          -82.20198,41.38228,0
          -82.21837,41.37962,0
          -82.2184,41.37961,0
          -82.22801,41.37808,0
          -82.22804,41.37807,0
          -82.22937,41.3779,0
          -82.23175,41.37769,0
          -82.23258,41.37764,0
          -82.2447,41.37721,0
          -82.24478,41.3772,0
          -82.25756,41.37673,0
          -82.2587,41.3766,0
          -82.25999,41.37637,0
          -82.26134,41.37602,0
          -82.26214,41.37575,0
          -82.26226,41.3757,0
          -82.26242,41.37565,0
          -82.2632,41.37533,0
          -82.26367,41.37511,0
          -82.26465,41.37459,0
          -82.2651,41.37432,0
          -82.26553,41.37403,0
          -82.26554,41.37403,0
          -82.26595,41.37374,0
          -82.26603,41.37367,0
          -82.26605,41.37366,0
          -82.26649,41.37331,0
          -82.26712,41.37275,0
          -82.26747,41.37241,0
          -82.26751,41.37236,0
          -82.26757,41.37231,0
          -82.27126,41.3686,0
          -82.27129,41.36858,0
          -82.27362,41.36625,0
          -82.27431,41.36561,0
          -82.27433,41.3656,0
          -82.27514,41.36492,0
          -82.27567,41.36452,0
          -82.2764,41.36401,0
          -82.2779,41.36311,0
          -82.27799,41.36307,0
          -82.27826,41.36292,0
          -82.27847,41.36282,0
          -82.27853,41.36278,0
          -82.27985,41.36217,0
          -82.28062,41.36185,0
          -82.28107,41.36169,0
          -82.29773,41.3551,0
          -82.29776,41.35508,0
          -82.31167,41.34961,0
          -82.31475,41.34858,0
          -82.31685,41.34796,0
          -82.31896,41.3474,0
          -82.319,41.34738,0
          -82.32109,41.34689,0
          -82.32344,41.3464,0
          -82.32681,41.34583,0
          -82.32686,41.34583,0
          -82.32891,41.34555,0
          -82.33207,41.34523,0
          -82.33216,41.34523,0
          -82.33778,41.34473,0
          -82.33946,41.34451,0
          -82.34255,41.34396,0
          -82.34532,41.3433,0
          -82.34664,41.34292,0
          -82.35537,41.34018,0
          -82.35822,41.3392,0
          -82.36352,41.33707,0
          -82.36356,41.33706,0
          -82.36631,41.33594,0
          -82.36787,41.33536,0
          -82.36873,41.33509,0
          -82.369,41.33502,0
          -82.36908,41.33499,0
          -82.36988,41.3348,0
          -82.36992,41.3348,0
          -82.37028,41.33472,0
          -82.37169,41.33451,0
          -82.37256,41.33444,0
          -82.37274,41.33444,0
          -82.37298,41.33442,0
          -82.37398,41.33441,0
          -82.37466,41.33444,0
          -82.38356,41.33508,0
          -82.38497,41.33515,0
          -82.38706,41.33515,0
          -82.43482,41.33209,0
          -82.43499,41.33207,0
          -82.48158,41.32905,0
          -82.48386,41.32898,0
          -82.49543,41.32897,0
          -82.49779,41.32889,0
          -82.49788,41.32888,0
          -82.49803,41.32888,0
          -82.50208,41.32857,0
          -82.50213,41.32856,0
          -82.50229,41.32855,0
          -82.50509,41.3282,0
          -82.50884,41.32764,0
          -82.5089,41.32764,0
          -82.5089,41.32763,0
          -82.51358,41.32692,0
          -82.5136,41.32692,0
          -82.51368,41.3269,0
          -82.5161,41.32654,0
          -82.5194,41.32617,0
          -82.52148,41.326,0
          -82.52358,41.32588,0
          -82.52549,41.32582,0
          -82.54207,41.32565,0
          -82.54386,41.32558,0
          -82.5497,41.32518,0
          -82.54981,41.32518,0
          -82.57652,41.32328,0
          -82.57856,41.32319,0
          -82.57991,41.32317,0
          -82.5816,41.32319,0
          -82.58353,41.32327,0
          -82.58567,41.32345,0
          -82.59524,41.32451,0
          -82.59632,41.32459,0
          -82.59745,41.32463,0
          -82.59832,41.32463,0
          -82.59958,41.32458,0
          -82.60112,41.32444,0
          -82.60188,41.32434,0
          -82.60615,41.32358,0
          -82.609,41.32321,0
          -82.60906,41.32321,0
          -82.60913,41.3232,0
          -82.60918,41.3232,0
          -82.60954,41.32316,0
          -82.60962,41.32316,0
          -82.60978,41.32314,0
          -82.61245,41.323,0
          -82.61455,41.32299,0
          -82.61643,41.32306,0
          -82.61789,41.32317,0
          -82.62032,41.32345,0
          -82.62034,41.32346,0
          -82.62137,41.32362,0
          -82.62139,41.32362,0
          -82.62142,41.32363,0
          -82.62323,41.32396,0
          -82.62324,41.32397,0
          -82.62472,41.32429,0
          -82.62474,41.3243,0
          -82.62553,41.32448,0
          -82.62555,41.32448,0
          -82.63495,41.32659,0
          -82.63704,41.327,0
          -82.63945,41.3274,0
          -82.64608,41.32835,0
          -82.64926,41.3289,0
          -82.67333,41.33396,0
          -82.67605,41.33448,0
          -82.67608,41.33448,0
          -82.67954,41.33499,0
          -82.68164,41.33523,0
          -82.68434,41.33545,0
          -82.68654,41.33556,0
          -82.69156,41.33568,0
          -82.69196,41.33567,0
          -82.70582,41.33596,0
          -82.70591,41.33597,0
          -82.72532,41.33639,0
          -82.72773,41.33653,0
          -82.72974,41.3367,0
          -82.72976,41.33671,0
          -82.72993,41.33672,0
          -82.75293,41.33949,0
          -82.75296,41.3395,0
          -82.75557,41.33981,0
          -82.7556,41.33982,0
          -82.75563,41.33982,0
          -82.75626,41.3399,0
          -82.75658,41.33996,0
          -82.75673,41.33997,0
          -82.7579,41.34012,0
          -82.75805,41.34013,0
          -82.75809,41.34014,0
          -82.75957,41.34031,0
          -82.75967,41.34033,0
          -82.75982,41.34034,0
          -82.76212,41.34063,0
          -82.76221,41.34063,0
          -82.76325,41.34077,0
          -82.7634,41.34078,0
          -82.76565,41.34106,0
          -82.76568,41.34106,0
          -82.76718,41.34125,0
          -82.76721,41.34125,0
          -82.76803,41.34136,0
          -82.76818,41.34139,0
          -82.76831,41.3414,0
          -82.76973,41.34162,0
          -82.76976,41.34163,0
          -82.7712,41.34187,0
          -82.77132,41.3419,0
          -82.77134,41.3419,0
          -82.77205,41.34204,0
          -82.77214,41.34205,0
          -82.77291,41.34221,0
          -82.77306,41.34223,0
          -82.78197,41.34402,0
          -82.78199,41.34403,0
          -82.78448,41.34453,0
          -82.78451,41.34453,0
          -82.79243,41.34611,0
          -82.79448,41.34646,0
          -82.79454,41.34646,0
          -82.79501,41.34654,0
          -82.798,41.34693,0
          -82.80027,41.34715,0
          -82.80036,41.34715,0
          -82.8005,41.34717,0
          -82.8013,41.34722,0
          -82.80135,41.34723,0
          -82.80173,41.34725,0
          -82.8018,41.34726,0
          -82.80352,41.34735,0
          -82.80356,41.34736,0
          -82.81167,41.34776,0
          -82.81174,41.34777,0
          -82.81689,41.34802,0
          -82.81694,41.34803,0
          -82.82591,41.34848,0
          -82.83034,41.34892,0
          -82.83037,41.34893,0
          -82.84257,41.35022,0
          -82.84261,41.35023,0
          -82.87348,41.35352,0
          -82.87608,41.35389,0
          -82.87856,41.35433,0
          -82.8786,41.35433,0
          -82.88075,41.35478,0
          -82.88089,41.3548,0
          -82.88173,41.35498,0
          -82.88175,41.35499,0
          -82.88393,41.35546,0
          -82.88417,41.3555,0
          -82.8844,41.35556,0
          -82.88654,41.35601,0
          -82.8866,41.35603,0
          -82.89351,41.35748,0
          -82.89466,41.35768,0
          -82.89473,41.3577,0
          -82.89775,41.35817,0
          -82.90226,41.3587,0
          -82.9023,41.35871,0
          -82.90254,41.35873,0
          -82.90255,41.35874,0
          -82.93396,41.36234,0
          -82.9358,41.36259,0
          -82.9381,41.36299,0
          -82.93821,41.36302,0
          -82.93835,41.36304,0
          -82.94005,41.36341,0
          -82.94007,41.36342,0
          -82.94189,41.36388,0
          -82.9425,41.36406,0
          -82.94253,41.36406,0
          -82.94519,41.36491,0
          -82.94528,41.36495,0
          -82.94941,41.3664,0
          -82.95095,41.36688,0
          -82.95343,41.36755,0
          -82.97063,41.37184,0
          -82.97065,41.37184,0
          -82.9736,41.37258,0
          -82.97363,41.37258,0
          -82.98111,41.37446,0
          -82.98118,41.37447,0
          -82.98623,41.37573,0
          -82.98624,41.37573,0
          -82.99934,41.37899,0
          -83.00114,41.37938,0
          -83.00362,41.37985,0
          -83.00364,41.37985,0
          -83.00638,41.38028,0
          -83.00643,41.38028,0
          -83.0073,41.3804,0
          -83.00733,41.3804,0
          -83.00966,41.38069,0
          -83.00969,41.38069,0
          -83.01219,41.381,0
          -83.01223,41.38101,0
          -83.01301,41.3811,0
          -83.01317,41.38113,0
          -83.02145,41.38215,0
          -83.02381,41.3825,0
          -83.024,41.38254,0
          -83.02417,41.38256,0
          -83.02621,41.38294,0
          -83.0263,41.38295,0
          -83.02763,41.38322,0
          -83.03886,41.38577,0
          -83.03887,41.38577,0
          -83.04332,41.38679,0
          -83.0435,41.38682,0
          -83.04364,41.38686,0
          -83.04447,41.38704,0
          -83.04461,41.38708,0
          -83.04786,41.3878,0
          -83.05798,41.38964,0
          -83.05815,41.38968,0
          -83.06281,41.39052,0
          -83.06297,41.39054,0
          -83.06309,41.39057,0
          -83.08826,41.3951,0
          -83.08836,41.39511,0
          -83.08941,41.3953,0
          -83.08943,41.39531,0
          -83.09221,41.39585,0
          -83.09222,41.39586,0
          -83.09495,41.39649,0
          -83.09669,41.39695,0
          -83.10196,41.39845,0
          -83.10207,41.39849,0
          -83.10364,41.39893,0
          -83.10388,41.39901,0
          -83.1042,41.39909,0
          -83.10422,41.3991,0
          -83.1044,41.39915,0
          -83.10442,41.39916,0
          -83.11918,41.40338,0
          -83.1192,41.40339,0
          -83.12153,41.40405,0
          -83.12164,41.40409,0
          -83.12165,41.40409,0
          -83.12595,41.40532,0
          -83.12596,41.40532,0
          -83.13517,41.40794,0
          -83.13772,41.40874,0
          -83.14044,41.4097,0
          -83.14312,41.41077,0
          -83.14602,41.41208,0
          -83.14902,41.41354,0
          -83.14908,41.41358,0
          -83.15215,41.41507,0
          -83.1522,41.4151,0
          -83.1552,41.41655,0
          -83.15534,41.41663,0
          -83.15569,41.41679,0
          -83.1557,41.41679,0
          -83.15656,41.4172,0
          -83.15865,41.41811,0
          -83.16136,41.41917,0
          -83.16137,41.41918,0
          -83.1628,41.41969,0
          -83.16545,41.42056,0
          -83.16805,41.4213,0
          -83.16998,41.42179,0
          -83.17283,41.42242,0
          -83.17979,41.42384,0
          -83.18189,41.42432,0
          -83.1819,41.42433,0
          -83.18343,41.42471,0
          -83.18344,41.42472,0
          -83.18551,41.42529,0
          -83.189,41.42634,0
          -83.18902,41.42634,0
          -83.19713,41.42875,0
          -83.19714,41.42875,0
          -83.19735,41.42882,0
          -83.19748,41.42885,0
          -83.23305,41.43943,0
          -83.23311,41.43944,0
          -83.24679,41.44351,0
          -83.24705,41.4436,0
          -83.2472,41.44364,0
          -83.24733,41.44369,0
          -83.24773,41.44381,0
          -83.248,41.44391,0
          -83.24827,41.44399,0
          -83.2496,41.44445,0
          -83.24972,41.4445,0
          -83.24986,41.44454,0
          -83.25021,41.44467,0
          -83.25025,41.44469,0
          -83.25631,41.44695,0
          -83.25636,41.44696,0
          -83.26101,41.4487,0
          -83.26112,41.44875,0
          -83.26671,41.45083,0
          -83.26675,41.45084,0
          -83.26732,41.45106,0
          -83.2674,41.45108,0
          -83.27232,41.45293,0
          -83.27233,41.45293,0
          -83.27499,41.45397,0
          -83.27729,41.45497,0
          -83.27939,41.45598,0
          -83.27942,41.45599,0
          -83.28695,41.45987,0
          -83.28696,41.45987,0
          -83.28814,41.46048,0
          -83.28815,41.46049,0
          -83.29248,41.46271,0
          -83.29263,41.4628,0
          -83.29441,41.4637,0
          -83.2957,41.46427,0
          -83.29592,41.46435,0
          -83.29605,41.46441,0
          -83.29754,41.46494,0
          -83.29756,41.46494,0
          -83.29803,41.46509,0
          -83.29894,41.46534,0
          -83.32614,41.47195,0
          -83.32842,41.47255,0
          -83.32946,41.47287,0
          -83.33076,41.47332,0
          -83.33194,41.47378,0
          -83.33286,41.47417,0
          -83.36892,41.49059,0
          -83.36893,41.49059,0
          -83.40832,41.50852,0
          -83.40912,41.50886,0
          -83.41022,41.50926,0
          -83.41127,41.5096,0
          -83.41263,41.50996,0
          -83.41266,41.50996,0
          -83.41378,41.5102,0
          -83.42162,41.51149,0
          -83.42167,41.51149,0
          -83.42282,41.51169,0
          -83.42284,41.51169,0
          -83.42508,41.51213,0
          -83.42522,41.51217,0
          -83.42578,41.51229,0
          -83.42591,41.51233,0
          -83.42619,41.51239,0
          -83.42798,41.51286,0
          -83.42907,41.51318,0
          -83.42933,41.51327,0
          -83.42934,41.51327,0
          -83.43146,41.51398,0
          -83.43155,41.51402,0
          -83.43159,41.51403,0
          -83.43224,41.51428,0
          -83.43237,41.51432,0
          -83.43276,41.51447,0
          -83.4328,41.51448,0
          -83.4338,41.51487,0
          -83.43393,41.51491,0
          -83.43639,41.51585,0
          -83.43643,41.51586,0
          -83.43652,41.5159,0
          -83.43665,41.51594,0
          -83.43821,41.51654,0
          -83.43834,41.51658,0
          -83.43938,41.51698,0
          -83.43939,41.51698,0
          -83.44003,41.51722,0
          -83.44004,41.51723,0
          -83.44024,41.5173,0
          -83.4403,41.51733,0
          -83.44043,41.51737,0
          -83.44186,41.51792,0
          -83.44199,41.51796,0
          -83.44238,41.51811,0
          -83.44238,41.51812,0
          -83.44251,41.51816,0
          -83.4429,41.51831,0
          -83.44316,41.51843,0
          -83.44889,41.5206,0
          -83.44891,41.5206,0
          -83.44911,41.52068,0
          -83.44912,41.52068,0
          -83.45438,41.52268,0
          -83.45451,41.52272,0
          -83.46356,41.52616,0
          -83.46384,41.52625,0
          -83.46595,41.52704,0
          -83.46599,41.52705,0
          -83.46865,41.52806,0
          -83.46872,41.52808,0
          -83.4697,41.52846,0
          -83.46972,41.52846,0
          -83.47097,41.52893,0
          -83.4711,41.52899,0
          -83.47167,41.5292,0
          -83.47171,41.52922,0
          -83.47336,41.52984,0
          -83.47337,41.52985,0
          -83.4735,41.52989,0
          -83.47546,41.53064,0
          -83.47548,41.53064,0
          -83.4779,41.53164,0
          -83.48085,41.53302,0
          -83.48093,41.53305,0
          -83.4825,41.53379,0
          -83.48251,41.53379,0
          -83.48256,41.53382,0
          -83.48264,41.53385,0
          -83.48369,41.53435,0
          -83.48373,41.53436,0
          -83.48476,41.53482,0
          -83.48477,41.53482,0
          -83.48556,41.53515,0
          -83.48561,41.53516,0
          -83.48569,41.5352,0
          -83.48609,41.53535,0
          -83.48622,41.53541,0
          -83.48857,41.53625,0
          -83.49014,41.53674,0
          -83.49126,41.53705,0
          -83.49131,41.53707,0
          -83.49146,41.5371,0
          -83.49219,41.5373,0
          -83.49412,41.53774,0
          -83.49652,41.53819,0
          -83.49913,41.53855,0
          -83.49929,41.53856,0
          -83.51175,41.54007,0
          -83.51192,41.54008,0
          -83.51284,41.54019,0
          -83.51288,41.5402,0
          -83.51403,41.54034,0
          -83.51537,41.54055,0
          -83.51539,41.54055,0
          -83.51675,41.5408,0
          -83.51781,41.54104,0
          -83.51783,41.54104,0
          -83.51926,41.54141,0
          -83.51928,41.54142,0
          -83.52,41.54162,0
          -83.5218,41.54221,0
          -83.52184,41.54223,0
          -83.53663,41.54781,0
          -83.53673,41.54784,0
          -83.54506,41.55099,0
          -83.54511,41.551,0
          -83.54837,41.55224,0
          -83.54973,41.5528,0
          -83.54984,41.55286,0
          -83.55025,41.55303,0
          -83.55168,41.5537,0
          -83.55287,41.5543,0
          -83.55772,41.55702,0
          -83.55775,41.55703,0
          -83.56977,41.56382,0
          -83.56986,41.56388,0
          -83.57363,41.566,0
          -83.57415,41.56625,0
          -83.57429,41.56633,0
          -83.57538,41.56683,0
          -83.58574,41.57124,0
          -83.58579,41.57127,0
          -83.59281,41.57425,0
          -83.59281,41.57426,0
          -83.60225,41.57785,0
          -83.6031,41.57826,0
          -83.6035,41.57848,0
          -83.60369,41.5786,0
          -83.60381,41.57866,0
          -83.60948,41.58213,0
          -83.60961,41.58219,0
          -83.60969,41.58224,0
          -83.60997,41.58238,0
          -83.61007,41.58244,0
          -83.61095,41.58282,0
          -83.61148,41.58302,0
          -83.61188,41.58315,0
          -83.63357,41.58876,0
          -83.63358,41.58876,0
          -83.63939,41.59023,0
          -83.64099,41.59051,0
          -83.64102,41.59051,0
          -83.64246,41.59069,0
          -83.6444,41.5908,0
          -83.64847,41.5909,0
          -83.64858,41.59091,0
          -83.65584,41.5911,0
          -83.65606,41.59113,0
          -83.65692,41.59119,0
          -83.66308,41.5919,0
          -83.66366,41.59194,0
          -83.66369,41.59195,0
          -83.66521,41.59205,0
          -83.66715,41.59211,0
          -83.71148,41.59208,0
          -83.71163,41.59209,0
          -83.72407,41.59205,0
          -83.7261,41.59197,0
          -83.72682,41.59192,0
          -83.72696,41.59192,0
          -83.73004,41.59167,0
          -83.73347,41.5913,0
          -83.73355,41.5913,0
          -83.73584,41.59105,0
          -83.7359,41.59105,0
          -83.73854,41.59077,0
          -83.73969,41.59071,0
          -83.74036,41.59071,0
          -83.74041,41.59072,0
          -83.74114,41.59074,0
          -83.7412,41.59075,0
          -83.74142,41.59076,0
          -83.74242,41.59086,0
          -83.74249,41.59086,0
          -83.75148,41.59185,0
          -83.75152,41.59185,0
          -83.76,41.59278,0
          -83.76004,41.59279,0
          -83.76599,41.59342,0
          -83.76603,41.59343,0
          -83.76617,41.59344,0
          -83.76621,41.59345,0
          -83.7709,41.59396,0
          -83.77094,41.59397,0
          -83.77703,41.59464,0
          -83.77709,41.59464,0
          -83.77719,41.59466,0
          -83.77733,41.59467,0
          -83.77986,41.59501,0
          -83.78358,41.59562,0
          -83.78361,41.59563,0
          -83.78421,41.59574,0
          -83.78422,41.59575,0
          -83.78535,41.59596,0
          -83.7855,41.596,0
          -83.78569,41.59603,0
          -83.7869,41.59629,0
          -83.78692,41.59629,0
          -83.78914,41.59679,0
          -83.78916,41.5968,0
          -83.79276,41.59772,0
          -83.8006,41.59998,0
          -83.80064,41.6,0
          -83.80482,41.60121,0
          -83.80496,41.60124,0
          -83.80552,41.6014,0
          -83.80555,41.6014,0
          -83.80849,41.60228,0
          -83.80851,41.60228,0
          -83.80873,41.60234,0
          -83.80875,41.60235,0
          -83.80921,41.60246,0
          -83.80978,41.60257,0
          -83.81007,41.60261,0
          -83.8101,41.60262,0
          -83.8106,41.60268,0
          -83.81094,41.6027,0
          -83.81097,41.60271,0
          -83.81112,41.60271,0
          -83.81123,41.60272,0
          -83.81139,41.60272,0
          -83.81148,41.60273,0
          -83.81184,41.60273,0
          -83.81189,41.60272,0
          -83.81213,41.60272,0
          -83.81225,41.60271,0
          -83.81242,41.60271,0
          -83.81441,41.60257,0
          -83.81453,41.60257,0
          -83.81722,41.60237,0
          -83.81736,41.60237,0
          -83.82033,41.60216,0
          -83.82038,41.60215,0
          -83.82522,41.60181,0
          -83.82526,41.6018,0
          -83.82595,41.60176,0
          -83.82597,41.60175,0
          -83.82608,41.60175,0
          -83.82614,41.60174,0
          -83.83661,41.60101,0
          -83.83665,41.601,0
          -83.84188,41.60063,0
          -83.842,41.60063,0
          -83.84478,41.60043,0
          -83.84534,41.60037,0
          -83.84727,41.60023,0
          -83.8495,41.60013,0
          -83.85207,41.60008,0
          -83.9195,41.59994,0
          -83.91964,41.59993,0
          -83.92332,41.59993,0
          -83.92346,41.59992,0
          -83.9264,41.59992,0
          -83.92654,41.59991,0
          -83.92683,41.59992,0
          -83.92687,41.59991,0
          -83.92711,41.59992,0
          -83.92728,41.59991,0
          -83.92989,41.59991,0
          -83.93004,41.5999,0
          -83.93124,41.5999,0
          -83.93168,41.59988,0
          -83.94061,41.59986,0
          -83.94073,41.59985,0
          -83.94554,41.59983,0
          -83.94715,41.59978,0
          -83.95733,41.59926,0
          -83.95736,41.59925,0
          -83.96948,41.59866,0
          -83.96952,41.59865,0
          -83.98021,41.59811,0
          -83.98025,41.5981,0
          -83.98715,41.59779,0
          -83.98798,41.59778,0
          -83.98803,41.59777,0
          -83.98904,41.59776,0
          -83.99181,41.59781,0
          -83.99629,41.59801,0
          -83.99637,41.59802,0
          -83.99718,41.59805,0
          -83.99723,41.59806,0
          -83.99738,41.59806,0
          -83.99766,41.59808,0
          -83.9978,41.59808,0
          -83.99788,41.59809,0
          -83.99896,41.59813,0
          -83.99901,41.59814,0
          -84.00048,41.5982,0
          -84.00053,41.59821,0
          -84.00828,41.59857,0
          -84.00943,41.59859,0
          -84.01044,41.59854,0
          -84.01057,41.59852,0
          -84.01064,41.59852,0
          -84.01122,41.59845,0
          -84.0124,41.59823,0
          -84.01335,41.59797,0
          -84.01363,41.59787,0
          -84.01374,41.59784,0
          -84.01389,41.59778,0
          -84.01402,41.59774,0
          -84.01858,41.59592,0
          -84.01862,41.59591,0
          -84.02242,41.59439,0
          -84.02248,41.59436,0
          -84.02272,41.59427,0
          -84.02285,41.59421,0
          -84.0232,41.59408,0
          -84.02323,41.59406,0
          -84.02433,41.59363,0
          -84.02434,41.59362,0
          -84.02485,41.59342,0
          -84.02578,41.59311,0
          -84.02587,41.59309,0
          -84.02604,41.59303,0
          -84.02699,41.59277,0
          -84.02795,41.59255,0
          -84.02894,41.59237,0
          -84.02965,41.59227,0
          -84.03033,41.5922,0
          -84.03037,41.59219,0
          -84.03107,41.59213,0
          -84.03193,41.59209,0
          -84.04545,41.59184,0
          -84.04556,41.59183,0
          -84.0549,41.59166,0
          -84.05495,41.59165,0
          -84.10728,41.59064,0
          -84.10965,41.59066,0
          -84.11271,41.59083,0
          -84.13185,41.59274,0
          -84.13191,41.59274,0
          -84.13242,41.59279,0
          -84.13243,41.5928,0
          -84.13361,41.59291,0
          -84.13365,41.59292,0
          -84.14366,41.59391,0
          -84.14425,41.59394,0
          -84.1443,41.59395,0
          -84.14533,41.59397,0
          -84.14685,41.59389,0
          -84.15331,41.59316,0
          -84.15337,41.59316,0
          -84.16004,41.59241,0
          -84.16007,41.5924,0
          -84.16075,41.59233,0
          -84.16079,41.59232,0
          -84.1612,41.59227,0
          -84.16126,41.59227,0
          -84.1692,41.59138,0
          -84.17154,41.5912,0
          -84.17402,41.59108,0
          -84.17649,41.59103,0
          -84.19758,41.59097,0
          -84.19772,41.59096,0
          -84.25704,41.59075,0
          -84.2572,41.59074,0
          -84.27168,41.59069,0
          -84.27182,41.59068,0
          -84.27432,41.59068,0
          -84.27446,41.59067,0
          -84.27651,41.59067,0
          -84.27665,41.59066,0
          -84.279,41.59066,0
          -84.27914,41.59065,0
          -84.28134,41.59065,0
          -84.28147,41.59064,0
          -84.28342,41.59064,0
          -84.28354,41.59063,0
          -84.28616,41.59063,0
          -84.2863,41.59062,0
          -84.28952,41.59062,0
          -84.29216,41.5907,0
          -84.29551,41.5909,0
          -84.29566,41.5909,0
          -84.29668,41.59097,0
          -84.29683,41.59097,0
          -84.29755,41.59102,0
          -84.2977,41.59102,0
          -84.29988,41.59116,0
          -84.30003,41.59116,0
          -84.30207,41.59129,0
          -84.30222,41.59129,0
          -84.30309,41.59135,0
          -84.30323,41.59135,0
          -84.30527,41.59148,0
          -84.30541,41.59148,0
          -84.30629,41.59154,0
          -84.30644,41.59154,0
          -84.30731,41.5916,0
          -84.30746,41.5916,0
          -84.30863,41.59168,0
          -84.30877,41.59168,0
          -84.3095,41.59173,0
          -84.30965,41.59173,0
          -84.31154,41.59185,0
          -84.31166,41.59185,0
          -84.31169,41.59186,0
          -84.31416,41.59196,0
          -84.31621,41.59196,0
          -84.31796,41.5919,0
          -84.31854,41.59186,0
          -84.31869,41.59186,0
          -84.32058,41.59171,0
          -84.32188,41.59157,0
          -84.32197,41.59155,0
          -84.32202,41.59155,0
          -84.32371,41.59131,0
          -84.32375,41.59131,0
          -84.32574,41.59096,0
          -84.32811,41.59044,0
          -84.32812,41.59044,0
          -84.32994,41.59002,0
          -84.33007,41.58998,0
          -84.33161,41.58963,0
          -84.33174,41.58959,0
          -84.33824,41.58808,0
          -84.33826,41.58808,0
          -84.33841,41.58804,0
          -84.33842,41.58804,0
          -84.33847,41.58802,0
          -84.33986,41.58773,0
          -84.34066,41.58762,0
          -84.34141,41.58756,0
          -84.34199,41.58754,0
          -84.34287,41.58756,0
          -84.34291,41.58757,0
          -84.34331,41.58759,0
          -84.34386,41.58765,0
          -84.34458,41.58776,0
          -84.34571,41.58802,0
          -84.34653,41.58828,0
          -84.34732,41.58858,0
          -84.34813,41.58893,0
          -84.34835,41.58901,0
          -84.35064,41.58998,0
          -84.35065,41.58999,0
          -84.35227,41.59067,0
          -84.35228,41.59068,0
          -84.35254,41.59078,0
          -84.35266,41.59084,0
          -84.356,41.59225,0
          -84.35601,41.59225,0
          -84.35752,41.59289,0
          -84.35755,41.59291,0
          -84.36637,41.59663,0
          -84.36649,41.59669,0
          -84.37188,41.59894,0
          -84.3719,41.59894,0
          -84.3736,41.59959,0
          -84.37361,41.59959,0
          -84.37521,41.60015,0
          -84.37523,41.60015,0
          -84.37708,41.60075,0
          -84.37899,41.60131,0
          -84.37902,41.60131,0
          -84.37924,41.60138,0
          -84.3793,41.60139,0
          -84.38024,41.60165,0
          -84.38266,41.60224,0
          -84.38426,41.60258,0
          -84.38428,41.60259,0
          -84.38497,41.60273,0
          -84.38506,41.60274,0
          -84.38682,41.60307,0
          -84.38684,41.60307,0
          -84.38875,41.60338,0
          -84.39063,41.60364,0
          -84.3931,41.60391,0
          -84.39515,41.60408,0
          -84.39706,41.60419,0
          -84.47813,41.60707,0
          -84.4782,41.60708,0
          -84.50212,41.60792,0
          -84.50429,41.60806,0
          -84.50628,41.60826,0
          -84.50631,41.60827,0
          -84.50645,41.60828,0
          -84.51679,41.60977,0
          -84.51687,41.60979,0
          -84.52606,41.61112,0
          -84.52609,41.61112,0
          -84.54268,41.61352,0
          -84.54316,41.61357,0
          -84.54319,41.61358,0
          -84.54465,41.61374,0
          -84.60162,41.61847,0
          -84.60279,41.61852,0
          -84.60467,41.61854,0
          -84.60691,41.61849,0
          -84.60871,41.61839,0
          -84.62176,41.61724,0
          -84.62437,41.61705,0
          -84.633,41.61668,0
          -84.63616,41.6166,0
          -84.63908,41.61662,0
          -84.67192,41.61811,0
          -84.67198,41.61812,0
          -84.67276,41.61816,0
          -84.67592,41.61849,0
          -84.67784,41.61878,0
          -84.67894,41.61898,0
          -84.68097,41.61941,0
          -84.68706,41.62102,0
          -84.68707,41.62102,0
          -84.69549,41.62327,0
          -84.69564,41.62332,0
          -84.69938,41.62432,0
          -84.69953,41.62435,0
          -84.70173,41.62495,0
          -84.70188,41.62498,0
          -84.70215,41.62506,0
          -84.7049,41.62573,0
          -84.70649,41.62607,0
          -84.70663,41.62609,0
          -84.70679,41.62613,0
          -84.70831,41.62642,0
          -84.70835,41.62642,0
          -84.71036,41.62676,0
          -84.7132,41.62715,0
          -84.71606,41.62743,0
          -84.74366,41.62878,0
          -84.74371,41.62879,0
          -84.76435,41.62978,0
          -84.7644,41.62979,0
          -84.77481,41.63028,0
          -84.77489,41.63029,0
          -84.78327,41.63068,0
          -84.78331,41.63069,0
          -84.78779,41.6309,0
          -84.7881,41.6309,0
          -84.78823,41.63091,0
          -84.7894,41.63089,0
          -84.79043,41.63082,0
          -84.79188,41.63064,0
          -84.79202,41.63061,0
          -84.79681,41.62993,0
          -84.79701,41.62989,0
          -84.80717,41.62843,0
          -84.8073,41.62842,0
          -84.80813,41.6283,0
          -84.80821,41.6283,0
          -84.80879,41.62823,0
          -84.80967,41.62818,0
          -84.81061,41.62818,0
          -84.81154,41.62825,0
          -84.81276,41.62842,0
          -84.81312,41.62849,0
          -84.81399,41.6287,0
          -84.8143,41.62879,0
          -84.81518,41.62909,0
          -84.8161,41.62948,0
          -84.81694,41.62992,0
          -84.81746,41.63023,0
          -84.81784,41.63049,0
          -84.81799,41.63061,0
          -84.81804,41.63064,0
          -84.81812,41.63071,0
          -84.81831,41.63084,0
          -84.82331,41.6349,0
          -84.82344,41.63502,0
          -84.82487,41.63618,0
          -84.82489,41.63619,0
          -84.82617,41.63723,0
          -84.82618,41.63723,0
          -84.82721,41.63804,0
          -84.82786,41.63852,0
          -84.82788,41.63853,0
          -84.82818,41.63876,0
          -84.8282,41.63877,0
          -84.82855,41.63902,0
          -84.82855,41.63903,0
          -84.82941,41.63965,0
          -84.82948,41.63969,0
          -84.83167,41.64119,0
          -84.83373,41.6425,0
          -84.83977,41.646,0
          -84.83978,41.64601,0
          -84.84041,41.6464,0
          -84.84085,41.64673,0
          -84.84134,41.64716,0
          -84.84169,41.64753,0
          -84.84197,41.64787,0
          -84.84238,41.64849,0
          -84.84251,41.64874,0
          -84.84274,41.64927,0
          -84.8429,41.64979,0
          -84.8429,41.6498,0
          -84.84303,41.65036,0
          -84.84327,41.6517,0
          -84.84327,41.65175,0
          -84.8445,41.65864,0
          -84.84451,41.65866,0
          -84.84453,41.65878,0
          -84.84455,41.65882,0
          -84.84456,41.6589,0
          -84.84469,41.65934,0
          -84.84484,41.65973,0
          -84.84484,41.65974,0
          -84.84507,41.66025,0
          -84.84507,41.66026,0
          -84.84542,41.66086,0
          -84.84577,41.66137,0
          -84.84587,41.66149,0
          -84.84591,41.66155,0
          -84.84623,41.66193,0
          -84.84654,41.66225,0
          -84.84689,41.66257,0
          -84.84742,41.66301,0
          -84.84801,41.66343,0
          -84.8482,41.66354,0
          -84.84822,41.66356,0
          -84.84865,41.66382,0
          -84.84972,41.66437,0
          -84.86106,41.6699,0
          -84.86253,41.67067,0
          -84.86266,41.67075,0
          -84.86271,41.67077,0
          -84.86423,41.67161,0
          -84.86676,41.6731,0
          -84.86815,41.67397,0
          -84.87013,41.67528,0
          -84.87159,41.6763,0
          -84.87171,41.6764,0
          -84.87575,41.67936,0
          -84.87577,41.67937,0
          -84.88034,41.68273,0
          -84.88153,41.68355,0
          -84.88316,41.68458,0
          -84.88547,41.68587,0
          -84.8873,41.68677,0
          -84.88835,41.68724,0
          -84.89057,41.68814,0
          -84.89059,41.68814,0
          -84.89448,41.68954,0
          -84.89456,41.68956,0
          -84.90384,41.69288,0
          -84.9053,41.69347,0
          -84.90673,41.6941,0
          -84.90729,41.69437,0
          -84.90732,41.69438,0
          -84.90952,41.69551,0
          -84.91106,41.69641,0
          -84.91111,41.69643,0
          -84.91737,41.70047,0
          -84.91933,41.70166,0
          -84.92067,41.70241,0
          -84.92157,41.70287,0
          -84.9216,41.70288,0
          -84.92278,41.70345,0
          -84.92279,41.70345,0
          -84.92301,41.70356,0
          -84.92433,41.70414,0
          -84.92437,41.70415,0
          -84.92464,41.70427,0
          -84.92469,41.70428,0
          -84.92792,41.70563,0
          -84.92804,41.70567,0
          -84.93674,41.70928,0
          -84.93684,41.70931,0
          -84.95327,41.71611,0
          -84.95341,41.71618,0
          -84.95358,41.71624,0
          -84.95651,41.71745,0
          -84.95822,41.7182,0
          -84.95882,41.71851,0
          -84.95983,41.71912,0
          -84.96024,41.7194,0
          -84.96109,41.72007,0
          -84.96158,41.72052,0
          -84.9661,41.72533,0
          -84.96613,41.72535,0
          -84.97039,41.72991,0
          -84.97049,41.73003,0
          -84.97188,41.73151,0
          -84.97194,41.73156,0
          -84.97213,41.73178,0
          -84.97331,41.73301,0
          -84.97366,41.73333,0
          -84.97438,41.73389,0
          -84.97485,41.73419,0
          -84.97514,41.73435,0
          -84.97516,41.73437,0
          -84.97529,41.73443,0
          -84.97543,41.73451,0
          -84.97591,41.73473,0
          -84.97656,41.73498,0
          -84.97761,41.73528,0
          -84.97763,41.73528,0
          -84.97813,41.73539,0
          -84.97901,41.73551,0
          -84.97996,41.73557,0
          -85.00254,41.73578,0
          -85.00255,41.73579,0
          -85.00299,41.7358,0
          -85.00434,41.73592,0
          -85.00525,41.73606,0
          -85.00629,41.73628,0
          -85.0066,41.73636,0
          -85.00662,41.73637,0
          -85.00679,41.73641,0
          -85.00698,41.73647,0
          -85.00711,41.7365,0
          -85.00802,41.7368,0
          -85.00877,41.73709,0
          -85.00878,41.7371,0
          -85.00896,41.73717,0
          -85.00975,41.73754,0
          -85.0103,41.73783,0
          -85.01046,41.73793,0
          -85.01063,41.73802,0
          -85.01081,41.73814,0
          -85.01092,41.7382,0
          -85.01105,41.73829,0
          -85.01119,41.73837,0
          -85.01203,41.73895,0
          -85.01213,41.73903,0
          -85.01226,41.73911,0
          -85.01267,41.7394,0
          -85.01269,41.73941,0
          -85.01336,41.73989,0
          -85.01341,41.73991,0
          -85.01348,41.73997,0
          -85.01476,41.74086,0
          -85.01482,41.74091,0
          -85.01578,41.74158,0
          -85.01582,41.7416,0
          -85.01748,41.74276,0
          -85.0175,41.74278,0
          -85.02124,41.74539,0
          -85.02203,41.7459,0
          -85.02278,41.7463,0
          -85.02326,41.74652,0
          -85.02392,41.74678,0
          -85.02479,41.74706,0
          -85.02579,41.74731,0
          -85.02668,41.74746,0
          -85.02768,41.74756,0
          -85.03886,41.74801,0
          -85.04272,41.74802,0
          -85.04482,41.74797,0
          -85.04782,41.74783,0
          -85.048,41.74781,0
          -85.0481,41.74781,0
          -85.05858,41.74705,0
          -85.06005,41.74699,0
          -85.06227,41.74698,0
          -85.06427,41.74704,0
          -85.06756,41.74724,0
          -85.06763,41.74725,0
          -85.07526,41.74771,0
          -85.07532,41.74772,0
          -85.07646,41.74778,0
          -85.07647,41.74779,0
          -85.07895,41.74794,0
          -85.0791,41.74794,0
          -85.08239,41.74818,0
          -85.08569,41.74852,0
          -85.10575,41.75123,0
          -85.10796,41.7516,0
          -85.10798,41.75161,0
          -85.10889,41.75179,0
          -85.11065,41.75219,0
          -85.1107,41.75221,0
          -85.12122,41.75485,0
          -85.12235,41.75508,0
          -85.12372,41.75529,0
          -85.12462,41.75539,0
          -85.12609,41.75549,0
          -85.14268,41.75568,0
          -85.14278,41.75569,0
          -85.14736,41.75573,0
          -85.14743,41.75574,0
          -85.1559,41.75582,0
          -85.15605,41.75583,0
          -85.17009,41.75597,0
          -85.17019,41.75598,0
          -85.17773,41.75605,0
          -85.17786,41.75606,0
          -85.18176,41.75609,0
          -85.18182,41.7561,0
          -85.18348,41.75611,0
          -85.18361,41.75612,0
          -85.18453,41.75612,0
          -85.21533,41.75682,0
          -85.21542,41.75683,0
          -85.22071,41.75693,0
          -85.22219,41.75687,0
          -85.22263,41.75683,0
          -85.2227,41.75683,0
          -85.22389,41.75671,0
          -85.22569,41.75644,0
          -85.22625,41.75633,0
          -85.23015,41.7554,0
          -85.23178,41.7551,0
          -85.23307,41.75493,0
          -85.23405,41.75484,0
          -85.23517,41.75478,0
          -85.23624,41.75476,0
          -85.25992,41.75485,0
          -85.26066,41.75483,0
          -85.26092,41.75481,0
          -85.26103,41.75481,0
          -85.26193,41.75473,0
          -85.26256,41.75463,0
          -85.26259,41.75463,0
          -85.26357,41.75443,0
          -85.26422,41.75426,0
          -85.26436,41.75421,0
          -85.26456,41.75416,0
          -85.26528,41.75391,0
          -85.26608,41.75357,0
          -85.26682,41.7532,0
          -85.26721,41.75298,0
          -85.26728,41.75293,0
          -85.26741,41.75286,0
          -85.26759,41.75274,0
          -85.26768,41.75269,0
          -85.26829,41.75226,0
          -85.26829,41.75225,0
          -85.26862,41.75199,0
          -85.26875,41.75187,0
          -85.26876,41.75187,0
          -85.269,41.75166,0
          -85.26953,41.75114,0
          -85.26961,41.75104,0
          -85.26967,41.75099,0
          -85.27059,41.74989,0
          -85.27067,41.74978,0
          -85.2708,41.74963,0
          -85.27087,41.74953,0
          -85.27093,41.74947,0
          -85.27115,41.74919,0
          -85.2712,41.74914,0
          -85.27165,41.74859,0
          -85.27166,41.74857,0
          -85.27174,41.74848,0
          -85.27183,41.74836,0
          -85.27188,41.74831,0
          -85.27228,41.74782,0
          -85.27229,41.7478,0
          -85.27327,41.74661,0
          -85.27331,41.74657,0
          -85.27333,41.74654,0
          -85.27344,41.74642,0
          -85.27354,41.74628,0
          -85.27641,41.7428,0
          -85.27693,41.74225,0
          -85.27718,41.74202,0
          -85.27767,41.74162,0
          -85.27781,41.74153,0
          -85.27794,41.74143,0
          -85.27865,41.741,0
          -85.27893,41.74086,0
          -85.27894,41.74086,0
          -85.27939,41.74065,0
          -85.27976,41.7405,0
          -85.2807,41.7402,0
          -85.2814,41.74004,0
          -85.28246,41.73989,0
          -85.28323,41.73985,0
          -85.28504,41.73984,0
          -85.28999,41.73995,0
          -85.29119,41.74001,0
          -85.29141,41.74001,0
          -85.29143,41.74002,0
          -85.29336,41.74011,0
          -85.2977,41.74042,0
          -85.30232,41.74087,0
          -85.30742,41.74152,0
          -85.3136,41.74253,0
          -85.31566,41.74292,0
          -85.32061,41.74397,0
          -85.32332,41.74462,0
          -85.32649,41.74544,0
          -85.33369,41.74744,0
          -85.33502,41.74776,0
          -85.33714,41.74819,0
          -85.33841,41.74841,0
          -85.34052,41.74871,0
          -85.34258,41.74892,0
          -85.34399,41.74902,0
          -85.34629,41.7491,0
          -85.34845,41.7491,0
          -85.3636,41.7485,0
          -85.3671,41.74847,0
          -85.36728,41.74848,0
          -85.36813,41.74848,0
          -85.3682,41.74849,0
          -85.37,41.74853,0
          -85.37203,41.74862,0
          -85.37662,41.74894,0
          -85.38987,41.75033,0
          -85.39166,41.75062,0
          -85.3917,41.75062,0
          -85.39315,41.75092,0
          -85.39456,41.75127,0
          -85.39578,41.75163,0
          -85.39943,41.75285,0
          -85.40123,41.75334,0
          -85.40284,41.75369,0
          -85.40478,41.75401,0
          -85.40609,41.75417,0
          -85.40805,41.75432,0
          -85.40927,41.75436,0
          -85.41038,41.75436,0
          -85.41864,41.75418,0
          -85.41875,41.75417,0
          -85.43345,41.75385,0
          -85.43351,41.75384,0
          -85.44233,41.75365,0
          -85.44244,41.75364,0
          -85.45248,41.75341,0
          -85.45258,41.7534,0
          -85.45909,41.75327,0
          -85.45919,41.75326,0
          -85.46362,41.7533,0
          -85.46369,41.75331,0
          -85.47171,41.75363,0
          -85.47335,41.75364,0
          -85.47522,41.75356,0
          -85.47681,41.75342,0
          -85.47867,41.75317,0
          -85.48048,41.75283,0
          -85.48155,41.75258,0
          -85.4831,41.75217,0
          -85.48325,41.75214,0
          -85.50204,41.7472,0
          -85.50308,41.74696,0
          -85.50468,41.74664,0
          -85.50772,41.74617,0
          -85.50953,41.74597,0
          -85.51061,41.74588,0
          -85.51337,41.74575,0
          -85.5276,41.74544,0
          -85.53,41.74544,0
          -85.53328,41.74552,0
          -85.53582,41.74565,0
          -85.53856,41.74585,0
          -85.53996,41.74599,0
          -85.54001,41.74599,0
          -85.54285,41.74631,0
          -85.54294,41.74633,0
          -85.54572,41.74672,0
          -85.54575,41.74672,0
          -85.54681,41.74689,0
          -85.54683,41.74689,0
          -85.54927,41.74732,0
          -85.55253,41.74798,0
          -85.55564,41.74872,0
          -85.55566,41.74872,0
          -85.55772,41.74926,0
          -85.5602,41.74997,0
          -85.56927,41.75282,0
          -85.56948,41.75287,0
          -85.56964,41.75292,0
          -85.57092,41.75323,0
          -85.57189,41.75342,0
          -85.57304,41.7536,0
          -85.57432,41.75374,0
          -85.57617,41.75384,0
          -85.57725,41.75384,0
          -85.57887,41.75377,0
          -85.57892,41.75376,0
          -85.60251,41.75229,0
          -85.60263,41.75229,0
          -85.60729,41.752,0
          -85.60732,41.75199,0
          -85.60745,41.75199,0
          -85.61477,41.75153,0
          -85.61496,41.75153,0
          -85.61567,41.75149,0
          -85.61985,41.75144,0
          -85.62338,41.75156,0
          -85.62597,41.75174,0
          -85.62919,41.75208,0
          -85.63231,41.75253,0
          -85.63979,41.7539,0
          -85.64063,41.75401,0
          -85.64185,41.75412,0
          -85.64357,41.75419,0
          -85.64514,41.75416,0
          -85.64672,41.75404,0
          -85.64728,41.75397,0
          -85.64735,41.75397,0
          -85.649,41.75371,0
          -85.65041,41.7534,0
          -85.65042,41.7534,0
          -85.65094,41.75326,0
          -85.651,41.75325,0
          -85.65215,41.75291,0
          -85.65628,41.75148,0
          -85.65845,41.75078,0
          -85.66033,41.75023,0
          -85.66259,41.74964,0
          -85.66511,41.74907,0
          -85.66517,41.74905,0
          -85.66583,41.74892,0
          -85.66586,41.74891,0
          -85.66798,41.74851,0
          -85.66996,41.74819,0
          -85.67015,41.74817,0
          -85.6703,41.74814,0
          -85.67392,41.7477,0
          -85.67701,41.74745,0
          -85.67717,41.74745,0
          -85.67737,41.74743,0
          -85.67994,41.74732,0
          -85.70118,41.74713,0
          -85.70476,41.747,0
          -85.70818,41.74673,0
          -85.71013,41.74651,0
          -85.71206,41.74625,0
          -85.71512,41.74574,0
          -85.71835,41.74507,0
          -85.72021,41.74462,0
          -85.72022,41.74461,0
          -85.72225,41.74406,0
          -85.72226,41.74406,0
          -85.72522,41.74316,0
          -85.72526,41.74314,0
          -85.72555,41.74305,0
          -85.72559,41.74303,0
          -85.7262,41.74283,0
          -85.72626,41.7428,0
          -85.72794,41.74221,0
          -85.72947,41.74161,0
          -85.72954,41.74159,0
          -85.73039,41.74125,0
          -85.7304,41.74124,0
          -85.73389,41.73973,0
          -85.73389,41.73972,0
          -85.73624,41.73871,0
          -85.73969,41.73732,0
          -85.73981,41.73728,0
          -85.74012,41.73715,0
          -85.74388,41.73576,0
          -85.74777,41.73445,0
          -85.74778,41.73445,0
          -85.74856,41.73419,0
          -85.75336,41.73275,0
          -85.75353,41.73271,0
          -85.75361,41.73268,0
          -85.7586,41.73133,0
          -85.75878,41.73127,0
          -85.75966,41.73104,0
          -85.75981,41.73099,0
          -85.76619,41.72928,0
          -85.76691,41.72913,0
          -85.76797,41.72899,0
          -85.76886,41.72894,0
          -85.76963,41.72894,0
          -85.7707,41.72901,0
          -85.77141,41.72911,0
          -85.77144,41.72912,0
          -85.77178,41.72917,0
          -85.77194,41.72921,0
          -85.77212,41.72924,0
          -85.77227,41.72928,0
          -85.77234,41.72929,0
          -85.77334,41.72957,0
          -85.77417,41.72987,0
          -85.7748,41.73015,0
          -85.77556,41.73055,0
          -85.7763,41.731,0
          -85.7779,41.73205,0
          -85.77796,41.7321,0
          -85.77818,41.73224,0
          -85.77824,41.73227,0
          -85.78084,41.73396,0
          -85.78144,41.7343,0
          -85.78221,41.73466,0
          -85.7827,41.73484,0
          -85.78274,41.73486,0
          -85.78288,41.7349,0
          -85.78298,41.73494,0
          -85.78338,41.73506,0
          -85.78388,41.73518,0
          -85.784,41.7352,0
          -85.7842,41.73525,0
          -85.78527,41.7354,0
          -85.786,41.73544,0
          -85.78678,41.73544,0
          -85.79453,41.73506,0
          -85.79459,41.73505,0
          -85.80343,41.73461,0
          -85.80464,41.73459,0
          -85.80474,41.7346,0
          -85.80544,41.73461,0
          -85.80698,41.73471,0
          -85.8076,41.73478,0
          -85.80766,41.73478,0
          -85.81143,41.73535,0
          -85.81145,41.73536,0
          -85.81755,41.73631,0
          -85.81763,41.73633,0
          -85.81902,41.73653,0
          -85.82009,41.73664,0
          -85.82018,41.73664,0
          -85.82049,41.73667,0
          -85.82172,41.73673,0
          -85.82303,41.73673,0
          -85.82312,41.73672,0
          -85.82424,41.73668,0
          -85.82517,41.7366,0
          -85.82667,41.73641,0
          -85.8278,41.73621,0
          -85.82851,41.73606,0
          -85.83073,41.7355,0
          -85.83074,41.7355,0
          -85.83099,41.73543,0
          -85.83102,41.73543,0
          -85.83131,41.73535,0
          -85.83134,41.73535,0
          -85.8315,41.7353,0
          -85.83328,41.73485,0
          -85.83333,41.73483,0
          -85.83706,41.73388,0
          -85.83708,41.73387,0
          -85.84035,41.73303,0
          -85.84042,41.73302,0
          -85.84051,41.73299,0
          -85.84292,41.73238,0
          -85.84292,41.73237,0
          -85.84413,41.73209,0
          -85.84448,41.73203,0
          -85.84454,41.73201,0
          -85.845,41.73193,0
          -85.84502,41.73193,0
          -85.84521,41.73189,0
          -85.8461,41.73176,0
          -85.84708,41.73165,0
          -85.84862,41.73155,0
          -85.87118,41.73109,0
          -85.8713,41.73108,0
          -85.87375,41.73104,0
          -85.87377,41.73103,0
          -85.88039,41.73088,0
          -85.88664,41.73053,0
          -85.88933,41.73032,0
          -85.88945,41.73032,0
          -85.8895,41.73031,0
          -85.89426,41.72996,0
          -85.89432,41.72995,0
          -85.90125,41.72949,0
          -85.90589,41.72934,0
          -85.91185,41.72933,0
          -85.91196,41.72934,0
          -85.91365,41.72937,0
          -85.94731,41.73072,0
          -85.9474,41.73073,0
          -85.95346,41.73097,0
          -85.95947,41.73106,0
          -85.9596,41.73105,0
          -85.96634,41.73104,0
          -85.96651,41.73103,0
          -85.97109,41.73104,0
          -85.98846,41.73159,0
          -85.99071,41.7317,0
          -85.99733,41.73217,0
          -86.00001,41.7323,0
          -86.00219,41.73236,0
          -86.00472,41.73238,0
          -86.00869,41.73234,0
          -86.00872,41.73233,0
          -86.00955,41.73233,0
          -86.00965,41.73232,0
          -86.01348,41.73229,0
          -86.01363,41.73228,0
          -86.01531,41.73228,0
          -86.01546,41.73229,0
          -86.01585,41.73229,0
          -86.01768,41.73236,0
          -86.01771,41.73237,0
          -86.01913,41.73246,0
          -86.01948,41.7325,0
          -86.01967,41.73251,0
          -86.02456,41.73302,0
          -86.02487,41.73304,0
          -86.02492,41.73305,0
          -86.02824,41.73326,0
          -86.0315,41.73334,0
          -86.03895,41.73332,0
          -86.03955,41.7333,0
          -86.04094,41.7332,0
          -86.04203,41.73307,0
          -86.04354,41.73282,0
          -86.04441,41.73263,0
          -86.04669,41.73206,0
          -86.04789,41.73181,0
          -86.04878,41.73166,0
          -86.05029,41.73148,0
          -86.05112,41.73141,0
          -86.0524,41.73136,0
          -86.07284,41.73139,0
          -86.07304,41.73138,0
          -86.08094,41.73139,0
          -86.08109,41.7314,0
          -86.08473,41.7314,0
          -86.08542,41.73138,0
          -86.0893,41.73141,0
          -86.09129,41.73151,0
          -86.09131,41.73152,0
          -86.09255,41.73161,0
          -86.09507,41.7319,0
          -86.10398,41.7333,0
          -86.10406,41.73332,0
          -86.10438,41.73336,0
          -86.10441,41.73337,0
          -86.10574,41.73355,0
          -86.10661,41.73364,0
          -86.10665,41.73365,0
          -86.10885,41.73383,0
          -86.11082,41.73392,0
          -86.11209,41.73394,0
          -86.1302,41.73377,0
          -86.13044,41.73378,0
          -86.13256,41.73375,0
          -86.13377,41.73369,0
          -86.13538,41.73353,0
          -86.13605,41.73344,0
          -86.13618,41.73347,0
          -86.13621,41.73347,0
          -86.1372,41.73333,0
          -86.1383,41.73313,0
          -86.13831,41.73312,0
          -86.13871,41.73308,0
          -86.13965,41.73307,0
          -86.13982,41.73308,0
          -86.13994,41.7331,0
          -86.14221,41.73327,0
          -86.14226,41.73328,0
          -86.144,41.73343,0
          -86.14407,41.73343,0
          -86.1445,41.73348,0
          -86.14576,41.73356,0
          -86.14619,41.73361,0
          -86.14662,41.73362,0
          -86.147,41.73357,0
          -86.14715,41.73353,0
          -86.14718,41.73351,0
          -86.1472,41.73351,0
          -86.14741,41.73342,0
          -86.14747,41.73338,0
          -86.1475,41.73337,0
          -86.14751,41.73336,0
          -86.14758,41.73332,0
          -86.14796,41.73304,0
          -86.14809,41.73298,0
          -86.14801,41.7329,0
          -86.14709,41.73215,0
          -86.14709,41.73214,0
          -86.14693,41.73201,0
          -86.14692,41.73201,0
          -86.14203,41.72805,0
          -86.142,41.72801,0
          -86.14182,41.72784,0
          -86.14159,41.72757,0
          -86.1414,41.72728,0
          -86.14134,41.72716,0
          -86.14133,41.72715,0
          -86.14129,41.72705,0
          -86.14125,41.72698,0
          -86.14125,41.72696,0
          -86.1412,41.72685,0
          -86.14111,41.72654,0
          -86.14106,41.72609,0
          -86.14103,41.72371,0
          -86.14102,41.72364,0
          -86.14102,41.72176,0
          -86.14103,41.72161,0
          -86.14102,41.72099,0
          -86.141,41.72089,0
          -86.14099,41.72078,0
          -86.14091,41.7204,0
          -86.14089,41.72035,0
          -86.14086,41.72024,0
          -86.14085,41.72023,0
          -86.14078,41.72003,0
          -86.13875,41.71512,0
          -86.13875,41.71511,0
          -86.13847,41.71443,0
          -86.13847,41.71442,0
          -86.13845,41.71438,0
          -86.13841,41.71426,0
          -86.13837,41.71417,0
          -86.13818,41.71356,0
          -86.1381,41.71312,0
          -86.13803,41.71248,0
          -86.13796,41.70981,0
          -86.13797,41.70953,0
          -86.13767,41.69825,0
          -86.1376,41.69345,0
          -86.13759,41.69336,0
          -86.1376,41.69158,0
          -86.13769,41.69013,0
          -86.138,41.68724,0
          -86.13811,41.68558,0
          -86.13813,41.68473,0
          -86.13811,41.68046,0
          -86.14672,41.68035,0
          -86.14684,41.68032,0
          -86.15776,41.68029,0
          -86.16493,41.68035,0
          -86.16492,41.67965,0
          -86.16495,41.67953,0
          -86.16495,41.6795,0
          -86.16501,41.67936,0
          -86.16509,41.67922,0
          -86.16512,41.67918,0
          -86.16527,41.67902,0
          -86.16541,41.67891,0
          -86.16569,41.67876,0
          -86.166,41.67866,0
          -86.1674,41.67847,0
          -86.16751,41.67844,0
          -86.16779,41.67833,0
          -86.16808,41.67817,0
          -86.16831,41.67797,0
          -86.16834,41.67793,0
          -86.16837,41.6779,0
          -86.17048,41.67491,0
          -86.17075,41.67457,0
          -86.17076,41.67457,0
          -86.17086,41.67445,0
          -86.17117,41.67413,0
          -86.17118,41.67411,0
          -86.17139,41.67385,0
          -86.17139,41.67384,0
          -86.17154,41.6736,0
          -86.17163,41.67341,0
          -86.17184,41.67283,0
          -86.17189,41.67272,0
          -86.17199,41.67256,0
          -86.1722,41.67231,0
          -86.17222,41.6723,0
          -86.1727,41.67189,0
          -86.17284,41.67174,0
          -86.17298,41.67154,0
          -86.17299,41.67151,0
          -86.17306,41.67138,0
          -86.17311,41.67122,0
          -86.17314,41.67103,0
          -86.17314,41.67055,0
          -86.17313,41.67039,0
          -86.17312,41.66634,0
          -86.17677,41.66632,0
          -86.17686,41.66631,0
          -86.17694,41.66628,0
          -86.17707,41.66626,0
          -86.17733,41.66624,0
          -86.1957,41.66613,0
          -86.19584,41.66609,0
          -86.19604,41.66601,0
          -86.19646,41.66581,0
          -86.19645,41.66245,0
          -86.20627,41.66244,0
          -86.20665,41.66246,0
          -86.20851,41.66244,0
        </coordinates>
      </LineString>
    </Placemark>
    <Placemark>
      <name>17 Rock Haven Dr, West Bath, ME</name>
      <styleUrl>#icon-ci-1-nodesc</styleUrl>
      <Point>
        <coordinates>
          -69.8887455,43.8683771,0
        </coordinates>
      </Point>
    </Placemark>
    <Placemark>
      <name>2710 Pleasant Street, South Bend, IN</name>
      <styleUrl>#icon-ci-2-nodesc</styleUrl>
      <Point>
        <coordinates>
          -86.2085097,41.6624394,0
        </coordinates>
      </Point>
    </Placemark>
  </Document>
</kml>
