loc_id,year,month,week,date,site_name,substrate,weather,stage,TideHT.m,temp_degc,salinity_ppt,do_mg.l,notes,species_name,catch
2014_001_04,2014,6,25,6/16/2014,Mussel Cove,mud,sunny,rising,2.333,17.8,32.41,9.8,NA,silver,0
2014_001_04,2014,6,25,6/16/2014,Mussel Cove,mud,sunny,rising,2.333,17.8,32.41,9.8,NA,herring,0
2014_001_06,2014,6,25,6/16/2014,Mackworth Island - North,sand/gravel,sunny,rising,1.411333333,15,32.83,10.4,NA,silver,0
2014_001_06,2014,6,25,6/16/2014,Mackworth Island - North,sand/gravel,sunny,rising,1.411333333,15,32.83,10.4,NA,herring,0
2014_001_07,2014,6,25,6/16/2014,Mackworth Island - Beach,sand,sunny,falling,3.137,15.4,31.46,10.5,NA,silver,0
2014_001_07,2014,6,25,6/16/2014,Mackworth Island - Beach,sand,sunny,falling,3.137,15.4,31.46,10.5,NA,herring,0
2014_001_09,2014,6,25,6/16/2014,Great Diamond Island,sand/gravel,sunny,rising,3.066333333,14.8,31.76,10.7,NA,silver,0
2014_001_09,2014,6,25,6/16/2014,Great Diamond Island,sand/gravel,sunny,rising,3.066333333,14.8,31.76,10.7,NA,herring,0
2014_002_01,2014,6,25,6/19/2014,Presumpscot Moorings,mud,sunny,rising,1.8495,21.8,0.28,9.3,NA,silver,1
2014_002_01,2014,6,25,6/19/2014,Presumpscot Moorings,mud,sunny,rising,1.8495,21.8,0.28,9.3,NA,herring,0
2014_002_02,2014,6,25,6/19/2014,Skitterygusset,mud,sunny,rising,1.05,22.4,0.84,9.2,NA,silver,3
2014_002_02,2014,6,25,6/19/2014,Skitterygusset,mud,sunny,rising,1.05,22.4,0.84,9.2,NA,herring,0
2014_002_03,2014,6,25,6/19/2014,Audubon,sand,sunny,rising,0.389,22,4.35,8.9,NA,silver,6
2014_002_03,2014,6,25,6/19/2014,Audubon,sand,sunny,rising,0.389,22,4.35,8.9,NA,herring,0
2014_002_08,2014,6,25,6/19/2014,Back Cove,mud,sunny,rising,2.4835,17.6,32.06,8.9,NA,silver,1
2014_002_08,2014,6,25,6/19/2014,Back Cove,mud,sunny,rising,2.4835,17.6,32.06,8.9,NA,herring,0
2014_002_11,2014,6,25,6/19/2014,Cushing Island,sand,sunny,rising,-0.124666667,16.1,33.03,14,Ran the seine in a circular area from the boat (not the beach),silver,0
2014_002_11,2014,6,25,6/19/2014,Cushing Island,sand,sunny,rising,-0.124666667,16.1,33.03,14,Ran the seine in a circular area from the boat (not the beach),herring,0
2014_002_12,2014,6,25,6/19/2014,Alewife Cove,sand/gravel,sunny,falling,-0.109333333,14.7,31.89,10.3,lots of seaweed at this site,silver,0
2014_002_12,2014,6,25,6/19/2014,Alewife Cove,sand/gravel,sunny,falling,-0.109333333,14.7,31.89,10.3,lots of seaweed at this site,herring,0
2014_003_01,2014,6,26,6/27/2014,Presumpscot Moorings,mud,sunny,rising,2.311,21,0.15,9.2,NA,silver,0
2014_003_01,2014,6,26,6/27/2014,Presumpscot Moorings,mud,sunny,rising,2.311,21,0.15,9.2,NA,herring,0
2014_003_03,2014,6,26,6/27/2014,Audubon,sand,sunny,rising,1.952666667,19.8,7.4,8,NA,silver,1
2014_003_03,2014,6,26,6/27/2014,Audubon,sand,sunny,rising,1.952666667,19.8,7.4,8,NA,herring,58
2014_003_04,2014,6,26,6/27/2014,Mussel Cove,mud,sunny,rising,2.6495,17.3,31.62,9,NA,silver,1
2014_003_04,2014,6,26,6/27/2014,Mussel Cove,mud,sunny,rising,2.6495,17.3,31.62,9,NA,herring,8
2014_003_06,2014,6,26,6/27/2014,Mackworth Island - North,sand/gravel,sunny,falling,2.743833333,16.3,33.1,10.7,NA,silver,0
2014_003_06,2014,6,26,6/27/2014,Mackworth Island - North,sand/gravel,sunny,falling,2.743833333,16.3,33.1,10.7,NA,herring,0
2014_003_09,2014,6,26,6/27/2014,Great Diamond Island,sand/gravel,sunny,rising,2.76975,18.4,30.28,9.8,NA,silver,0
2014_003_09,2014,6,26,6/27/2014,Great Diamond Island,sand/gravel,sunny,rising,2.76975,18.4,30.28,9.8,NA,herring,2079
2014_003_12,2014,6,26,6/27/2014,Alewife Cove,sand/gravel,sunny,rising,1.230666667,14.5,28.54,9,no catch,silver,0
2014_003_12,2014,6,26,6/27/2014,Alewife Cove,sand/gravel,sunny,rising,1.230666667,14.5,28.54,9,no catch,herring,0
2014_004_02,2014,7,27,7/1/2014,Skitterygusset,mud,sunny,rising,0.985333333,23.4,0.86,8.9,NA,silver,1
2014_004_02,2014,7,27,7/1/2014,Skitterygusset,mud,sunny,rising,0.985333333,23.4,0.86,8.9,NA,herring,0
2014_004_05,2014,7,27,7/1/2014,The Brothers - North,sand/gravel,sunny,rising,0.265,21.1,33.05,9.8,NA,silver,0
2014_004_05,2014,7,27,7/1/2014,The Brothers - North,sand/gravel,sunny,rising,0.265,21.1,33.05,9.8,NA,herring,0
2014_004_07,2014,7,27,7/1/2014,Mackworth Island - Beach,sand,sunny,rising,0.4935,22.3,16.9,8.2,NA,silver,1
2014_004_07,2014,7,27,7/1/2014,Mackworth Island - Beach,sand,sunny,rising,0.4935,22.3,16.9,8.2,NA,herring,0
2014_004_08,2014,7,27,7/1/2014,Back Cove,mud,sunny,rising,1.520666667,20.3,29.77,8.1,NA,silver,3
2014_004_08,2014,7,27,7/1/2014,Back Cove,mud,sunny,rising,1.520666667,20.3,29.77,8.1,NA,herring,0
2014_004_10,2014,7,27,7/1/2014,SMCC,sand/gravel,sunny,falling,0.235666667,16.5,29.02,9.3,NA,silver,0
2014_004_10,2014,7,27,7/1/2014,SMCC,sand/gravel,sunny,falling,0.235666667,16.5,29.02,9.3,NA,herring,0
2014_004_11,2014,7,27,7/1/2014,Cushing Island,sand,sunny,falling,0.169,15.5,31.05,10.1,NA,silver,0
2014_004_11,2014,7,27,7/1/2014,Cushing Island,sand,sunny,falling,0.169,15.5,31.05,10.1,NA,herring,3
2014_005_01,2014,7,28,7/8/2014,Presumpscot Moorings,mud,sunny,falling,1.911333333,25.5,0.68,7.8,NA,silver,0
2014_005_01,2014,7,28,7/8/2014,Presumpscot Moorings,mud,sunny,falling,1.911333333,25.5,0.68,7.8,NA,herring,0
2014_005_03,2014,7,28,7/8/2014,Audubon,sand,sunny,falling,2.737333333,24.1,6.66,8.1,NA,silver,1
2014_005_03,2014,7,28,7/8/2014,Audubon,sand,sunny,falling,2.737333333,24.1,6.66,8.1,NA,herring,0
2014_005_06,2014,7,28,7/8/2014,Mackworth Island - North,sand/gravel,sunny,falling,2.428333333,16.2,31.93,9.3,NA,silver,1
2014_005_06,2014,7,28,7/8/2014,Mackworth Island - North,sand/gravel,sunny,falling,2.428333333,16.2,31.93,9.3,NA,herring,0
2014_005_09,2014,7,28,7/8/2014,Great Diamond Island,sand/gravel,sunny,falling,2.656333333,16,30.34,8.2,NA,silver,0
2014_005_09,2014,7,28,7/8/2014,Great Diamond Island,sand/gravel,sunny,falling,2.656333333,16,30.34,8.2,NA,herring,24914
2014_005_10,2014,7,28,7/8/2014,SMCC,sand/gravel,sunny,falling,1.5375,14.6,32.19,8.5,NA,silver,0
2014_005_10,2014,7,28,7/8/2014,SMCC,sand/gravel,sunny,falling,1.5375,14.6,32.19,8.5,NA,herring,0
2014_006_02,2014,7,29,7/17/2014,Skitterygusset,mud,sunny,rising,2.447666667,25.2,3.36,9,NA,silver,0
2014_006_02,2014,7,29,7/17/2014,Skitterygusset,mud,sunny,rising,2.447666667,25.2,3.36,9,NA,herring,0
2014_006_04,2014,7,29,7/17/2014,Mussel Cove,mud,sunny,rising,3.235,19.4,33.3,9.4,NA,silver,2
2014_006_04,2014,7,29,7/17/2014,Mussel Cove,mud,sunny,rising,3.235,19.4,33.3,9.4,NA,herring,29
2014_006_07,2014,7,29,7/17/2014,Mackworth Island - Beach,sand,sunny,rising,3.021,18.1,32.32,9.7,NA,silver,0
2014_006_07,2014,7,29,7/17/2014,Mackworth Island - Beach,sand,sunny,rising,3.021,18.1,32.32,9.7,NA,herring,10
2014_006_08,2014,7,29,7/17/2014,Back Cove,mud,sunny,rising,1.658666667,15.6,32,8.8,NA,silver,0
2014_006_08,2014,7,29,7/17/2014,Back Cove,mud,sunny,rising,1.658666667,15.6,32,8.8,NA,herring,5
2014_006_11,2014,7,29,7/17/2014,Cushing Island,sand,sunny,rising,0.735,17.2,31.83,8.7,NA,silver,0
2014_006_11,2014,7,29,7/17/2014,Cushing Island,sand,sunny,rising,0.735,17.2,31.83,8.7,NA,herring,0
2014_006_12,2014,7,29,7/17/2014,Alewife Cove,sand/gravel,overcast,rising,-0.039333333,13.9,30.6,10,NA,silver,0
2014_006_12,2014,7,29,7/17/2014,Alewife Cove,sand/gravel,overcast,rising,-0.039333333,13.9,30.6,10,NA,herring,0
2014_007_01,2014,7,30,7/22/2014,Presumpscot Moorings,mud,sunny,falling,2.224666667,24.6,0.36,7.8,NA,silver,2
2014_007_01,2014,7,30,7/22/2014,Presumpscot Moorings,mud,sunny,falling,2.224666667,24.6,0.36,7.8,NA,herring,0
2014_007_03,2014,7,30,7/22/2014,Audubon,sand,sunny,falling,1.972666667,22.9,7.25,8.5,NA,silver,26
2014_007_03,2014,7,30,7/22/2014,Audubon,sand,sunny,falling,1.972666667,22.9,7.25,8.5,NA,herring,0
2014_007_05,2014,7,30,7/22/2014,The Brothers - North,sand/gravel,sunny,falling,1.565333333,18,33.42,9.9,NA,silver,9
2014_007_05,2014,7,30,7/22/2014,The Brothers - North,sand/gravel,sunny,falling,1.565333333,18,33.42,9.9,NA,herring,0
2014_007_06,2014,7,30,7/22/2014,Mackworth Island - North,sand/gravel,sunny,falling,2.525,16,33.48,9.6,NA,silver,0
2014_007_06,2014,7,30,7/22/2014,Mackworth Island - North,sand/gravel,sunny,falling,2.525,16,33.48,9.6,NA,herring,135
2014_007_09,2014,7,30,7/22/2014,Great Diamond Island,sand/gravel,sunny,falling,2.633333333,16.1,31.06,9,NA,silver,0
2014_007_09,2014,7,30,7/22/2014,Great Diamond Island,sand/gravel,sunny,falling,2.633333333,16.1,31.06,9,NA,herring,0
2014_007_10,2014,7,30,7/22/2014,SMCC,sand/gravel,sunny,rising,2.6445,17.4,28.64,8.4,NA,silver,6
2014_007_10,2014,7,30,7/22/2014,SMCC,sand/gravel,sunny,rising,2.6445,17.4,28.64,8.4,NA,herring,0
2014_008_02,2014,8,31,8/1/2014,Skitterygusset,mud,sunny,rising,1.026833333,25.3,2.61,7.3,NA,silver,93
2014_008_02,2014,8,31,8/1/2014,Skitterygusset,mud,sunny,rising,1.026833333,25.3,2.61,7.3,NA,herring,0
2014_008_04,2014,8,31,8/1/2014,Mussel Cove,mud,sunny,rising,2.0275,22.1,33.62,9.1,NA,silver,0
2014_008_04,2014,8,31,8/1/2014,Mussel Cove,mud,sunny,rising,2.0275,22.1,33.62,9.1,NA,herring,0
2014_008_07,2014,8,31,8/1/2014,Mackworth Island - Beach,sand,overcast,rising,0.598,23.1,16.5,8.3,NA,silver,3
2014_008_07,2014,8,31,8/1/2014,Mackworth Island - Beach,sand,overcast,rising,0.598,23.1,16.5,8.3,NA,herring,0
2014_008_08,2014,8,31,8/1/2014,Back Cove,mud,sunny,rising,1.54,18.3,31.2,7.5,NA,silver,0
2014_008_08,2014,8,31,8/1/2014,Back Cove,mud,sunny,rising,1.54,18.3,31.2,7.5,NA,herring,1
2014_008_11,2014,8,31,8/1/2014,Cushing Island,sand,sunny,rising,0.328,18.4,33.33,10.7,NA,silver,0
2014_008_11,2014,8,31,8/1/2014,Cushing Island,sand,sunny,rising,0.328,18.4,33.33,10.7,NA,herring,0
2014_008_12,2014,8,31,8/1/2014,Alewife Cove,sand/gravel,partly cloudy,falling,0.170833333,15.5,33.65,9.5,NA,silver,0
2014_008_12,2014,8,31,8/1/2014,Alewife Cove,sand/gravel,partly cloudy,falling,0.170833333,15.5,33.65,9.5,NA,herring,0
2014_009_01,2014,8,32,8/7/2014,Presumpscot Moorings,mud,overcast,falling,2.599,23.4,0.49,7.4,NA,silver,0
2014_009_01,2014,8,32,8/7/2014,Presumpscot Moorings,mud,overcast,falling,2.599,23.4,0.49,7.4,NA,herring,0
2014_009_03,2014,8,32,8/7/2014,Audubon,sand,overcast,falling,2.459833333,21.3,11.95,7.6,NA,silver,429
2014_009_03,2014,8,32,8/7/2014,Audubon,sand,overcast,falling,2.459833333,21.3,11.95,7.6,NA,herring,0
2014_009_05,2014,8,32,8/7/2014,The Brothers - North,sand/gravel,overcast,falling,1.877833333,20.8,31.07,9.2,NA,silver,118
2014_009_05,2014,8,32,8/7/2014,The Brothers - North,sand/gravel,overcast,falling,1.877833333,20.8,31.07,9.2,NA,herring,0
2014_009_06,2014,8,32,8/7/2014,Mackworth Island - North,sand/gravel,overcast,falling,2.14,20.1,30.96,9.1,NA,silver,3
2014_009_06,2014,8,32,8/7/2014,Mackworth Island - North,sand/gravel,overcast,falling,2.14,20.1,30.96,9.1,NA,herring,3
2014_009_09,2014,8,32,8/7/2014,Great Diamond Island,sand/gravel,sunny,falling,1.474,18.3,32.07,9.2,NA,silver,0
2014_009_09,2014,8,32,8/7/2014,Great Diamond Island,sand/gravel,sunny,falling,1.474,18.3,32.07,9.2,NA,herring,3186
2014_009_10,2014,8,32,8/7/2014,SMCC,sand/gravel,rain,falling,0.8495,19.2,29.07,8.9,NA,silver,0
2014_009_10,2014,8,32,8/7/2014,SMCC,sand/gravel,rain,falling,0.8495,19.2,29.07,8.9,NA,herring,0
2014_010_02,2014,8,33,8/12/2014,Skitterygusset,mud,overcast,rising,2.045333333,20.9,14.7,6.8,NA,silver,68
2014_010_02,2014,8,33,8/12/2014,Skitterygusset,mud,overcast,rising,2.045333333,20.9,14.7,6.8,NA,herring,1
2014_010_04,2014,8,33,8/12/2014,Mussel Cove,mud,overcast,rising,3.0935,18.8,33.24,8.2,Seine on the marsh edge,silver,21
2014_010_04,2014,8,33,8/12/2014,Mussel Cove,mud,overcast,rising,3.0935,18.8,33.24,8.2,Seine on the marsh edge,herring,0
2014_010_07,2014,8,33,8/12/2014,Mackworth Island - Beach,sand,overcast,rising,1.197,18.4,25.61,7.7,NA,silver,20
2014_010_07,2014,8,33,8/12/2014,Mackworth Island - Beach,sand,overcast,rising,1.197,18.4,25.61,7.7,NA,herring,23
2014_010_08,2014,8,33,8/12/2014,Back Cove,mud,overcast,rising,2.696166667,16.8,31.43,7.6,NA,silver,213
2014_010_08,2014,8,33,8/12/2014,Back Cove,mud,overcast,rising,2.696166667,16.8,31.43,7.6,NA,herring,1
2014_010_11,2014,8,33,8/12/2014,Cushing Island,sand,overcast,rising,0.771666667,16.6,31.77,8.2,NA,silver,2
2014_010_11,2014,8,33,8/12/2014,Cushing Island,sand,overcast,rising,0.771666667,16.6,31.77,8.2,NA,herring,0
2014_010_12,2014,8,33,8/12/2014,Alewife Cove,sand/gravel,overcast,rising,0.07,15.5,32.7,7.8,"Extremely foggy, Rock crab also present in seine (haven't seen many before).",silver,0
2014_010_12,2014,8,33,8/12/2014,Alewife Cove,sand/gravel,overcast,rising,0.07,15.5,32.7,7.8,"Extremely foggy, Rock crab also present in seine (haven't seen many before).",herring,0
2014_011_01,2014,8,34,8/21/2014,Presumpscot Moorings,mud,sunny,falling,2.514666667,21.8,0.15,8.5,NA,silver,0
2014_011_01,2014,8,34,8/21/2014,Presumpscot Moorings,mud,sunny,falling,2.514666667,21.8,0.15,8.5,NA,herring,0
2014_011_03,2014,8,34,8/21/2014,Audubon,sand,overcast,falling,2.586,20.6,5.8,7.9,NA,silver,52
2014_011_03,2014,8,34,8/21/2014,Audubon,sand,overcast,falling,2.586,20.6,5.8,7.9,NA,herring,0
2014_011_05,2014,8,34,8/21/2014,The Brothers - North,sand/gravel,overcast,falling,2.179333333,18.6,32.55,9.7,NA,silver,1105
2014_011_05,2014,8,34,8/21/2014,The Brothers - North,sand/gravel,overcast,falling,2.179333333,18.6,32.55,9.7,NA,herring,0
2014_011_06,2014,8,34,8/21/2014,Mackworth Island - North,sand/gravel,sunny,falling,2.429666667,17.6,32.63,8.7,NA,silver,18
2014_011_06,2014,8,34,8/21/2014,Mackworth Island - North,sand/gravel,sunny,falling,2.429666667,17.6,32.63,8.7,NA,herring,0
2014_011_09,2014,8,34,8/21/2014,Great Diamond Island,sand/gravel,overcast,falling,1.846,17.4,31.54,8.9,NA,silver,0
2014_011_09,2014,8,34,8/21/2014,Great Diamond Island,sand/gravel,overcast,falling,1.846,17.4,31.54,8.9,NA,herring,0
2014_011_10,2014,8,34,8/21/2014,SMCC,sand/gravel,overcast,rising,2.522333333,17.4,27.56,8.3,NA,silver,15
2014_011_10,2014,8,34,8/21/2014,SMCC,sand/gravel,overcast,rising,2.522333333,17.4,27.56,8.3,NA,herring,0
2014_012_02,2014,8,35,8/28/2014,Skitterygusset,mud,partly cloudy,falling,2.935,23.3,8.2,8.2,NA,silver,26
2014_012_02,2014,8,35,8/28/2014,Skitterygusset,mud,partly cloudy,falling,2.935,23.3,8.2,8.2,NA,herring,0
2014_012_04,2014,8,35,8/28/2014,Mussel Cove,mud,partly cloudy,rising,2.8495,21.6,33.01,8.2,NA,silver,26
2014_012_04,2014,8,35,8/28/2014,Mussel Cove,mud,partly cloudy,rising,2.8495,21.6,33.01,8.2,NA,herring,0
2014_012_07,2014,8,35,8/28/2014,Mackworth Island - Beach,sand,sunny,rising,1.559,21.4,19.22,9.1,NA,silver,26
2014_012_07,2014,8,35,8/28/2014,Mackworth Island - Beach,sand,sunny,rising,1.559,21.4,19.22,9.1,NA,herring,0
2014_012_08,2014,8,35,8/28/2014,Back Cove,mud,partly cloudy,rising,2.976,19.5,33.01,8.2,NA,silver,52
2014_012_08,2014,8,35,8/28/2014,Back Cove,mud,partly cloudy,rising,2.976,19.5,33.01,8.2,NA,herring,0
2014_012_11,2014,8,35,8/28/2014,Cushing Island,sand,sunny,rising,1.066,17.6,30.53,8.6,NA,silver,1
2014_012_11,2014,8,35,8/28/2014,Cushing Island,sand,sunny,rising,1.066,17.6,30.53,8.6,NA,herring,0
2014_012_12,2014,8,35,8/28/2014,Alewife Cove,sand/gravel,sunny,rising,0.573,16.1,33.44,8.7,too much algae for effective seining,silver,2
2014_012_12,2014,8,35,8/28/2014,Alewife Cove,sand/gravel,sunny,rising,0.573,16.1,33.44,8.7,too much algae for effective seining,herring,0
2015_013_01,2015,6,24,6/12/2015,Presumpscot Moorings,mud,overcast,rising,2.8535,19.1,3.66,14,NA,silver,57
2015_013_01,2015,6,24,6/12/2015,Presumpscot Moorings,mud,overcast,rising,2.8535,19.1,3.66,14,NA,herring,0
2015_013_03,2015,6,24,6/12/2015,Audubon,sand,overcast,rising,2.921625,13.3,39.5,11.4,NA,silver,0
2015_013_03,2015,6,24,6/12/2015,Audubon,sand,overcast,rising,2.921625,13.3,39.5,11.4,NA,herring,0
2015_013_05,2015,6,24,6/12/2015,The Brothers - North,sand/gravel,overcast,falling,2.591,12.9,33.76,10.4,NA,silver,0
2015_013_05,2015,6,24,6/12/2015,The Brothers - North,sand/gravel,overcast,falling,2.591,12.9,33.76,10.4,NA,herring,0
2015_013_07,2015,6,24,6/12/2015,Mackworth Island - Beach,sand,overcast,falling,2.841333333,13.4,33.22,9.2,NA,silver,9
2015_013_07,2015,6,24,6/12/2015,Mackworth Island - Beach,sand,overcast,falling,2.841333333,13.4,33.22,9.2,NA,herring,0
2015_013_09,2015,6,24,6/12/2015,Great Diamond Island,sand/gravel,partly cloudy,falling,2.234,12.5,33.44,10.5,NA,silver,0
2015_013_09,2015,6,24,6/12/2015,Great Diamond Island,sand/gravel,partly cloudy,falling,2.234,12.5,33.44,10.5,NA,herring,0
2015_013_10,2015,6,24,6/12/2015,SMCC,sand/gravel,sunny,falling,1.751666667,12.2,33.76,10.8,NA,silver,0
2015_013_10,2015,6,24,6/12/2015,SMCC,sand/gravel,sunny,falling,1.751666667,12.2,33.76,10.8,NA,herring,0
2015_013_11,2015,6,24,6/12/2015,Cushing Island,sand,overcast,falling,1.08,13.7,33.77,10.7,NA,silver,0
2015_013_11,2015,6,24,6/12/2015,Cushing Island,sand,overcast,falling,1.08,13.7,33.77,10.7,NA,herring,0
2015_014_02,2015,6,25,6/17/2015,Skitterygusset,mud,sunny,rising,2.817333333,15.2,28.29,9.9,NA,silver,0
2015_014_02,2015,6,25,6/17/2015,Skitterygusset,mud,sunny,rising,2.817333333,15.2,28.29,9.9,NA,herring,0
2015_014_04,2015,6,25,6/17/2015,Mussel Cove,mud,sunny,falling,2.691333333,19,34.46,12,NA,silver,172
2015_014_04,2015,6,25,6/17/2015,Mussel Cove,mud,sunny,falling,2.691333333,19,34.46,12,NA,herring,0
2015_014_06,2015,6,25,6/17/2015,Mackworth Island - North,sand/gravel,sunny,falling,2.819,15.2,33.65,11.8,NA,silver,0
2015_014_06,2015,6,25,6/17/2015,Mackworth Island - North,sand/gravel,sunny,falling,2.819,15.2,33.65,11.8,NA,herring,0
2015_014_08,2015,6,25,6/17/2015,Back Cove,mud,sunny,rising,2.690666667,14.8,33.2,11.4,NA,silver,0
2015_014_08,2015,6,25,6/17/2015,Back Cove,mud,sunny,rising,2.690666667,14.8,33.2,11.4,NA,herring,0
2015_014_12,2015,6,25,6/17/2015,Alewife Cove,sand/gravel,sunny,rising,2.128,12.8,33.08,13.2,no catch,silver,0
2015_014_12,2015,6,25,6/17/2015,Alewife Cove,sand/gravel,sunny,rising,2.128,12.8,33.08,13.2,no catch,herring,0
2015_015_01,2015,6,27,6/30/2015,Presumpscot Moorings,mud,sunny,rising,2.511,18.5,0.47,10.6,NA,silver,0
2015_015_01,2015,6,27,6/30/2015,Presumpscot Moorings,mud,sunny,rising,2.511,18.5,0.47,10.6,NA,herring,0
2015_015_03,2015,6,27,6/30/2015,Audubon,sand,sunny,rising,2.688833333,18.2,8.24,9.1,NA,silver,4
2015_015_03,2015,6,27,6/30/2015,Audubon,sand,sunny,rising,2.688833333,18.2,8.24,9.1,NA,herring,0
2015_015_05,2015,6,27,6/30/2015,The Brothers - North,sand/gravel,sunny,rising,1.982,16.5,30.5,9.5,NA,silver,2
2015_015_05,2015,6,27,6/30/2015,The Brothers - North,sand/gravel,sunny,rising,1.982,16.5,30.5,9.5,NA,herring,1
2015_015_07,2015,6,27,6/30/2015,Mackworth Island - Beach,sand,sunny,rising,2.2565,16.2,28.24,9,NA,silver,2
2015_015_07,2015,6,27,6/30/2015,Mackworth Island - Beach,sand,sunny,rising,2.2565,16.2,28.24,9,NA,herring,0
2015_015_09,2015,6,27,6/30/2015,Great Diamond Island,sand/gravel,sunny,falling,2.744,17.5,30.7,9.3,NA,silver,0
2015_015_09,2015,6,27,6/30/2015,Great Diamond Island,sand/gravel,sunny,falling,2.744,17.5,30.7,9.3,NA,herring,11
2015_015_10,2015,6,27,6/30/2015,SMCC,sand/gravel,sunny,falling,2.641666667,16.3,30.26,10.8,NA,silver,0
2015_015_10,2015,6,27,6/30/2015,SMCC,sand/gravel,sunny,falling,2.641666667,16.3,30.26,10.8,NA,herring,0
2015_016_02,2015,7,28,7/9/2015,Skitterygusset,mud,sunny,falling,2.400833333,16.4,30.48,7,NA,silver,6
2015_016_02,2015,7,28,7/9/2015,Skitterygusset,mud,sunny,falling,2.400833333,16.4,30.48,7,NA,herring,0
2015_016_06,2015,7,28,7/9/2015,Mackworth Island - North,sand/gravel,overcast,falling,1.343,16.8,33,9.6,NA,silver,4
2015_016_06,2015,7,28,7/9/2015,Mackworth Island - North,sand/gravel,overcast,falling,1.343,16.8,33,9.6,NA,herring,6
2015_016_08,2015,7,28,7/9/2015,Back Cove,mud,overcast,falling,2.029,15.7,32.45,7.2,no catch,silver,0
2015_016_08,2015,7,28,7/9/2015,Back Cove,mud,overcast,falling,2.029,15.7,32.45,7.2,no catch,herring,0
2015_016_11,2015,7,28,7/9/2015,Cushing Island,sand,overcast,falling,0.032,13.3,33.76,11.2,NA,silver,0
2015_016_11,2015,7,28,7/9/2015,Cushing Island,sand,overcast,falling,0.032,13.3,33.76,11.2,NA,herring,0
2015_017_01,2015,7,29,7/14/2015,Presumpscot Moorings,mud,overcast,rising,2.922,24.6,1.46,8.2,NA,silver,4
2015_017_01,2015,7,29,7/14/2015,Presumpscot Moorings,mud,overcast,rising,2.922,24.6,1.46,8.2,NA,herring,0
2015_017_03,2015,7,29,7/14/2015,Audubon,sand,overcast,falling,2.882333333,18.6,18.99,8.7,NA,silver,2
2015_017_03,2015,7,29,7/14/2015,Audubon,sand,overcast,falling,2.882333333,18.6,18.99,8.7,NA,herring,0
2015_017_04,2015,7,29,7/14/2015,Mussel Cove,mud,overcast,rising,2.353333333,18.4,33.3,8.5,NA,silver,20
2015_017_04,2015,7,29,7/14/2015,Mussel Cove,mud,overcast,rising,2.353333333,18.4,33.3,8.5,NA,herring,0
2015_017_05,2015,7,29,7/14/2015,The Brothers - North,sand/gravel,sunny,rising,2.608,18.2,33.68,10.1,no catch,silver,0
2015_017_05,2015,7,29,7/14/2015,The Brothers - North,sand/gravel,sunny,rising,2.608,18.2,33.68,10.1,no catch,herring,0
2015_017_07,2015,7,29,7/14/2015,Mackworth Island - Beach,sand,sunny,rising,2.802666667,17,31.79,9.3,NA,silver,1
2015_017_07,2015,7,29,7/14/2015,Mackworth Island - Beach,sand,sunny,rising,2.802666667,17,31.79,9.3,NA,herring,0
2015_017_09,2015,7,29,7/14/2015,Great Diamond Island,sand/gravel,sunny,falling,2.693666667,16,33.41,9.7,NA,silver,0
2015_017_09,2015,7,29,7/14/2015,Great Diamond Island,sand/gravel,sunny,falling,2.693666667,16,33.41,9.7,NA,herring,0
2015_018_02,2015,7,30,7/21/2015,Skitterygusset,mud,overcast,rising,2.532666667,22.1,18.28,9.3,NA,silver,64
2015_018_02,2015,7,30,7/21/2015,Skitterygusset,mud,overcast,rising,2.532666667,22.1,18.28,9.3,NA,herring,0
2015_018_04,2015,7,30,7/21/2015,Mussel Cove,mud,overcast,rising,1.652666667,19.5,33.26,9.9,NA,silver,10
2015_018_04,2015,7,30,7/21/2015,Mussel Cove,mud,overcast,rising,1.652666667,19.5,33.26,9.9,NA,herring,0
2015_018_06,2015,7,30,7/21/2015,Mackworth Island - North,sand/gravel,overcast,rising,2.218,17.9,33.06,11.7,NA,silver,1
2015_018_06,2015,7,30,7/21/2015,Mackworth Island - North,sand/gravel,overcast,rising,2.218,17.9,33.06,11.7,NA,herring,124
2015_018_08,2015,7,30,7/21/2015,Back Cove,mud,overcast,rising,2.787,17.1,32.04,10.1,NA,silver,43
2015_018_08,2015,7,30,7/21/2015,Back Cove,mud,overcast,rising,2.787,17.1,32.04,10.1,NA,herring,0
2015_018_10,2015,7,30,7/21/2015,SMCC,sand/gravel,overcast,rising,1.253,17,31.67,11.2,NA,silver,0
2015_018_10,2015,7,30,7/21/2015,SMCC,sand/gravel,overcast,rising,1.253,17,31.67,11.2,NA,herring,25
2015_018_11,2015,7,30,7/21/2015,Cushing Island,sand,overcast,rising,0.415666667,14.8,32.62,10.1,NA,silver,0
2015_018_11,2015,7,30,7/21/2015,Cushing Island,sand,overcast,rising,0.415666667,14.8,32.62,10.1,NA,herring,0
2015_018_12,2015,7,30,7/21/2015,Alewife Cove,sand/gravel,overcast,rising,0.715,15.5,33.65,11.5,NA,silver,0
2015_018_12,2015,7,30,7/21/2015,Alewife Cove,sand/gravel,overcast,rising,0.715,15.5,33.65,11.5,NA,herring,1
2015_019_01,2015,7,31,7/29/2015,Presumpscot Moorings,mud,partly cloudy,falling,2.34,23.9,2.75,8.4,NA,silver,16
2015_019_01,2015,7,31,7/29/2015,Presumpscot Moorings,mud,partly cloudy,falling,2.34,23.9,2.75,8.4,NA,herring,0
2015_019_03,2015,7,31,7/29/2015,Audubon,sand,sunny,falling,2.009666667,23,17.8,9.7,NA,silver,117
2015_019_03,2015,7,31,7/29/2015,Audubon,sand,sunny,falling,2.009666667,23,17.8,9.7,NA,herring,0
2015_019_05,2015,7,31,7/29/2015,The Brothers - North,sand/gravel,sunny,falling,2.686,19.1,32.17,9.3,NA,silver,0
2015_019_05,2015,7,31,7/29/2015,The Brothers - North,sand/gravel,sunny,falling,2.686,19.1,32.17,9.3,NA,herring,0
2015_019_07,2015,7,31,7/29/2015,Mackworth Island - Beach,sand,sunny,falling,2.597,19.3,31.17,9.2,NA,silver,0
2015_019_07,2015,7,31,7/29/2015,Mackworth Island - Beach,sand,sunny,falling,2.597,19.3,31.17,9.2,NA,herring,0
2015_019_09,2015,7,31,7/29/2015,Great Diamond Island,sand/gravel,sunny,falling,1.494,17.2,33.31,9.8,NA,silver,0
2015_019_09,2015,7,31,7/29/2015,Great Diamond Island,sand/gravel,sunny,falling,1.494,17.2,33.31,9.8,NA,herring,0
2015_019_10,2015,7,31,7/29/2015,SMCC,sand/gravel,sunny,falling,1.141,17,33.32,10.4,NA,silver,0
2015_019_10,2015,7,31,7/29/2015,SMCC,sand/gravel,sunny,falling,1.141,17,33.32,10.4,NA,herring,0
2015_020_02,2015,8,32,8/5/2015,Skitterygusset,mud,partly cloudy,rising,2.756166667,19.7,24.23,8.2,NA,silver,58
2015_020_02,2015,8,32,8/5/2015,Skitterygusset,mud,partly cloudy,rising,2.756166667,19.7,24.23,8.2,NA,herring,0
2015_020_04,2015,8,32,8/5/2015,Mussel Cove,mud,partly cloudy,rising,1.5085,19.3,33.72,9.4,NA,silver,15
2015_020_04,2015,8,32,8/5/2015,Mussel Cove,mud,partly cloudy,rising,1.5085,19.3,33.72,9.4,NA,herring,0
2015_020_06,2015,8,32,8/5/2015,Mackworth Island - North,sand/gravel,partly cloudy,rising,2.409,17.4,33.8,9.9,NA,silver,0
2015_020_06,2015,8,32,8/5/2015,Mackworth Island - North,sand/gravel,partly cloudy,rising,2.409,17.4,33.8,9.9,NA,herring,0
2015_020_11,2015,8,32,8/5/2015,Cushing Island,sand,partly cloudy,rising,0.652,16.6,32.79,10,NA,silver,0
2015_020_11,2015,8,32,8/5/2015,Cushing Island,sand,partly cloudy,rising,0.652,16.6,32.79,10,NA,herring,0
2015_020_12,2015,8,32,8/5/2015,Alewife Cove,sand/gravel,partly cloudy,rising,0.239333333,15.3,34.23,9.5,NA,silver,0
2015_020_12,2015,8,32,8/5/2015,Alewife Cove,sand/gravel,partly cloudy,rising,0.239333333,15.3,34.23,9.5,NA,herring,0
2015_021_01,2015,8,33,8/13/2015,Presumpscot Moorings,mud,sunny,falling,2.2205,23.4,1.8,9,NA,silver,63
2015_021_01,2015,8,33,8/13/2015,Presumpscot Moorings,mud,sunny,falling,2.2205,23.4,1.8,9,NA,herring,0
2015_021_03,2015,8,33,8/13/2015,Audubon,sand,sunny,falling,1.688,22.3,7.8,8.5,NA,silver,47
2015_021_03,2015,8,33,8/13/2015,Audubon,sand,sunny,falling,1.688,22.3,7.8,8.5,NA,herring,0
2015_021_05,2015,8,33,8/13/2015,The Brothers - North,sand/gravel,sunny,falling,2.818166667,18.4,33.34,8.9,no catch,silver,0
2015_021_05,2015,8,33,8/13/2015,The Brothers - North,sand/gravel,sunny,falling,2.818166667,18.4,33.34,8.9,no catch,herring,0
2015_021_07,2015,8,33,8/13/2015,Mackworth Island - Beach,sand,sunny,falling,2.666,17.6,33.44,8.6,NA,silver,595
2015_021_07,2015,8,33,8/13/2015,Mackworth Island - Beach,sand,sunny,falling,2.666,17.6,33.44,8.6,NA,herring,0
2015_021_09,2015,8,33,8/13/2015,Great Diamond Island,sand/gravel,sunny,rising,2.811,16.4,33.27,10,NA,silver,23
2015_021_09,2015,8,33,8/13/2015,Great Diamond Island,sand/gravel,sunny,rising,2.811,16.4,33.27,10,NA,herring,0
2015_021_10,2015,8,33,8/13/2015,SMCC,sand/gravel,sunny,rising,2.571166667,16.7,32.52,8.5,NA,silver,0
2015_021_10,2015,8,33,8/13/2015,SMCC,sand/gravel,sunny,rising,2.571166667,16.7,32.52,8.5,NA,herring,0
2015_022_02,2015,8,34,8/19/2015,Skitterygusset,mud,sunny,rising,1.355,24.4,8.72,8.5,NA,silver,40
2015_022_02,2015,8,34,8/19/2015,Skitterygusset,mud,sunny,rising,1.355,24.4,8.72,8.5,NA,herring,0
2015_022_06,2015,8,34,8/19/2015,Mackworth Island - North,sand/gravel,sunny,rising,0.897333333,20.8,32.21,9.3,NA,silver,1
2015_022_06,2015,8,34,8/19/2015,Mackworth Island - North,sand/gravel,sunny,rising,0.897333333,20.8,32.21,9.3,NA,herring,0
2015_022_08,2015,8,34,8/19/2015,Back Cove,mud,sunny,rising,1.921333333,19.5,32.32,8.1,NA,silver,1
2015_022_08,2015,8,34,8/19/2015,Back Cove,mud,sunny,rising,1.921333333,19.5,32.32,8.1,NA,herring,0
2015_022_11,2015,8,34,8/19/2015,Cushing Island,sand,overcast,falling,0.173933333,18.2,32.72,10.1,NA,silver,0
2015_022_11,2015,8,34,8/19/2015,Cushing Island,sand,overcast,falling,0.173933333,18.2,32.72,10.1,NA,herring,0
2015_022_12,2015,8,34,8/19/2015,Alewife Cove,sand/gravel,overcast,falling,0.2095,17,34.42,8,NA,silver,0
2015_022_12,2015,8,34,8/19/2015,Alewife Cove,sand/gravel,overcast,falling,0.2095,17,34.42,8,NA,herring,0
2015_023_01,2015,8,35,8/25/2015,Presumpscot Moorings,mud,rain,falling,2.253,24,2.23,7.7,NA,silver,0
2015_023_01,2015,8,35,8/25/2015,Presumpscot Moorings,mud,rain,falling,2.253,24,2.23,7.7,NA,herring,0
2015_023_03,2015,8,35,8/25/2015,Audubon,sand,rain,falling,2.0735,20.5,28.22,7.2,NA,silver,288
2015_023_03,2015,8,35,8/25/2015,Audubon,sand,rain,falling,2.0735,20.5,28.22,7.2,NA,herring,0
2015_023_05,2015,8,35,8/25/2015,The Brothers - North,sand/gravel,rain,falling,1.275,20.2,33.8,8.8,NA,silver,0
2015_023_05,2015,8,35,8/25/2015,The Brothers - North,sand/gravel,rain,falling,1.275,20.2,33.8,8.8,NA,herring,0
2015_023_07,2015,8,35,8/25/2015,Mackworth Island - Beach,sand,rain,falling,1.638,21.2,22.7,7.8,NA,silver,92
2015_023_07,2015,8,35,8/25/2015,Mackworth Island - Beach,sand,rain,falling,1.638,21.2,22.7,7.8,NA,herring,0
2015_023_09,2015,8,35,8/25/2015,Great Diamond Island,sand/gravel,rain,falling,0.865333333,19.1,33.37,0,NA,silver,0
2015_023_09,2015,8,35,8/25/2015,Great Diamond Island,sand/gravel,rain,falling,0.865333333,19.1,33.37,0,NA,herring,0
2015_023_10,2015,8,35,8/25/2015,SMCC,sand/gravel,rain,falling,2.4385,18.8,32.7,8.1,NA,silver,0
2015_023_10,2015,8,35,8/25/2015,SMCC,sand/gravel,rain,falling,2.4385,18.8,32.7,8.1,NA,herring,0
2015_025_01,2015,9,37,9/10/2015,Presumpscot Moorings,mud,overcast,falling,2.208,21.1,22.49,6.6,NA,silver,1
2015_025_01,2015,9,37,9/10/2015,Presumpscot Moorings,mud,overcast,falling,2.208,21.1,22.49,6.6,NA,herring,0
2015_025_03,2015,9,37,9/10/2015,Audubon,sand,overcast,falling,2.503333333,18.5,32.42,8,NA,silver,445
2015_025_03,2015,9,37,9/10/2015,Audubon,sand,overcast,falling,2.503333333,18.5,32.42,8,NA,herring,0
2015_025_05,2015,9,37,9/10/2015,The Brothers - North,sand/gravel,overcast,falling,1.147666667,19.5,34.5,9.4,NA,silver,25
2015_025_05,2015,9,37,9/10/2015,The Brothers - North,sand/gravel,overcast,falling,1.147666667,19.5,34.5,9.4,NA,herring,0
2015_025_07,2015,9,37,9/10/2015,Mackworth Island - Beach,sand,overcast,falling,1.704,19,29.94,1.4,NA,silver,736
2015_025_07,2015,9,37,9/10/2015,Mackworth Island - Beach,sand,overcast,falling,1.704,19,29.94,1.4,NA,herring,0
2015_025_09,2015,9,37,9/10/2015,Great Diamond Island,sand/gravel,overcast,falling,2.694,16.5,34.39,8.3,NA,silver,21
2015_025_09,2015,9,37,9/10/2015,Great Diamond Island,sand/gravel,overcast,falling,2.694,16.5,34.39,8.3,NA,herring,0
2015_025_10,2015,9,37,9/10/2015,SMCC,sand/gravel,overcast,rising,2.728,17.6,33.35,8.4,NA,silver,31
2015_025_10,2015,9,37,9/10/2015,SMCC,sand/gravel,overcast,rising,2.728,17.6,33.35,8.4,NA,herring,0
2015_026_12,2015,9,38,9/16/2015,Alewife Cove,sand/gravel,sunny,rising,0.71,16.3,NA,NA,NA,silver,0
2015_026_12,2015,9,38,9/16/2015,Alewife Cove,sand/gravel,sunny,rising,0.71,16.3,NA,NA,NA,herring,0
2015_027_01,2015,9,39,9/24/2015,Presumpscot Moorings,mud,partly cloudy,falling,1.878,18.6,11.4,9.4,NA,silver,0
2015_027_01,2015,9,39,9/24/2015,Presumpscot Moorings,mud,partly cloudy,falling,1.878,18.6,11.4,9.4,NA,herring,0
2016_028_01,2016,6,24,6/16/2016,Presumpscot Moorings,mud,sunny,falling,2.573,20,2.7,11.4,NA,silver,9
2016_028_01,2016,6,24,6/16/2016,Presumpscot Moorings,mud,sunny,falling,2.573,20,2.7,11.4,NA,herring,0
2016_028_03,2016,6,24,6/16/2016,Audubon,sand,sunny,falling,2.385333333,17.7,14.8,10.7,NA,silver,1
2016_028_03,2016,6,24,6/16/2016,Audubon,sand,sunny,falling,2.385333333,17.7,14.8,10.7,NA,herring,454
2016_028_04,2016,6,24,6/16/2016,Mussel Cove,mud,sunny,falling,1.761166667,17.3,30.87,11.6,NA,silver,37
2016_028_04,2016,6,24,6/16/2016,Mussel Cove,mud,sunny,falling,1.761166667,17.3,30.87,11.6,NA,herring,4
2016_028_06,2016,6,24,6/16/2016,Mackworth Island - North,sand/gravel,sunny,falling,2.127,15.5,30.96,11,NA,silver,6
2016_028_06,2016,6,24,6/16/2016,Mackworth Island - North,sand/gravel,sunny,falling,2.127,15.5,30.96,11,NA,herring,2122
2016_028_09,2016,6,24,6/16/2016,Great Diamond Island,sand/gravel,sunny,falling,1.3155,15,30.64,12,NA,silver,0
2016_028_09,2016,6,24,6/16/2016,Great Diamond Island,sand/gravel,sunny,falling,1.3155,15,30.64,12,NA,herring,0
2016_028_11,2016,6,24,6/16/2016,Cushing Island,sand,sunny,falling,1.124,15.4,30.7,11.5,NA,silver,0
2016_028_11,2016,6,24,6/16/2016,Cushing Island,sand,sunny,falling,1.124,15.4,30.7,11.5,NA,herring,0
2016_029_02,2016,6,25,6/24/2016,Skitterygusset,mud,sunny,rising,2.237333333,19.4,23.03,11.7,grass,silver,21
2016_029_02,2016,6,25,6/24/2016,Skitterygusset,mud,sunny,rising,2.237333333,19.4,23.03,11.7,grass,herring,4
2016_029_05,2016,6,25,6/24/2016,The Brothers - North,sand/gravel,sunny,rising,1.1935,16.5,31.13,12.6,NA,silver,10
2016_029_05,2016,6,25,6/24/2016,The Brothers - North,sand/gravel,sunny,rising,1.1935,16.5,31.13,12.6,NA,herring,0
2016_029_07,2016,6,25,6/24/2016,Mackworth Island - Beach,sand,sunny,rising,1.584666667,18.4,26.52,12.9,NA,silver,1
2016_029_07,2016,6,25,6/24/2016,Mackworth Island - Beach,sand,sunny,rising,1.584666667,18.4,26.52,12.9,NA,herring,39
2016_029_08,2016,6,25,6/24/2016,Back Cove,mud,sunny,rising,2.673333333,16.3,29.85,11,NA,silver,0
2016_029_08,2016,6,25,6/24/2016,Back Cove,mud,sunny,rising,2.673333333,16.3,29.85,11,NA,herring,0
2016_029_10,2016,6,25,6/24/2016,SMCC,sand/gravel,sunny,rising,0.56,15,29.97,10.1,no catch,silver,0
2016_029_10,2016,6,25,6/24/2016,SMCC,sand/gravel,sunny,rising,0.56,15,29.97,10.1,no catch,herring,0
2016_029_12,2016,6,25,6/24/2016,Alewife Cove,sand/gravel,sunny,rising,0.176166667,12.8,30.21,10.3,lots of sandlance too small for mesh,silver,0
2016_029_12,2016,6,25,6/24/2016,Alewife Cove,sand/gravel,sunny,rising,0.176166667,12.8,30.21,10.3,lots of sandlance too small for mesh,herring,0
2016_030_04,2016,6,26,6/30/2016,Mussel Cove,mud,sunny,falling,0.75,25,30.8,11.7,no catch,silver,0
2016_030_04,2016,6,26,6/30/2016,Mussel Cove,mud,sunny,falling,0.75,25,30.8,11.7,no catch,herring,0
2016_030_06,2016,6,26,6/30/2016,Mackworth Island - North,sand/gravel,sunny,falling,1.251,18.6,29.9,10.7,site has lots of rockweed,silver,5
2016_030_06,2016,6,26,6/30/2016,Mackworth Island - North,sand/gravel,sunny,falling,1.251,18.6,29.9,10.7,site has lots of rockweed,herring,73
2016_030_09,2016,6,26,6/30/2016,Great Diamond Island,sand/gravel,sunny,falling,0.255,19,30.35,12.5,NA,silver,0
2016_030_09,2016,6,26,6/30/2016,Great Diamond Island,sand/gravel,sunny,falling,0.255,19,30.35,12.5,NA,herring,0
2016_030_11,2016,6,26,6/30/2016,Cushing Island,sand,sunny,falling,0.082,17,31.28,14.3,eelgrass,silver,0
2016_030_11,2016,6,26,6/30/2016,Cushing Island,sand,sunny,falling,0.082,17,31.28,14.3,eelgrass,herring,0
2016_031_02,2016,7,28,7/13/2016,Skitterygusset,mud,sunny,falling,1.613,19,26.58,8.2,"many sturgeon jumping, mussels",silver,0
2016_031_02,2016,7,28,7/13/2016,Skitterygusset,mud,sunny,falling,1.613,19,26.58,8.2,"many sturgeon jumping, mussels",herring,0
2016_031_05,2016,7,28,7/13/2016,The Brothers - North,sand/gravel,sunny,falling,0.531333333,18.8,31.46,11,NA,silver,0
2016_031_05,2016,7,28,7/13/2016,The Brothers - North,sand/gravel,sunny,falling,0.531333333,18.8,31.46,11,NA,herring,0
2016_031_07,2016,7,28,7/13/2016,Mackworth Island - Beach,sand,sunny,falling,0.8,21.7,21.09,9.4,NA,silver,1
2016_031_07,2016,7,28,7/13/2016,Mackworth Island - Beach,sand,sunny,falling,0.8,21.7,21.09,9.4,NA,herring,0
2016_031_08,2016,7,28,7/13/2016,Back Cove,mud,sunny,falling,1.145,20,29.86,8.7,"lots of mud snails, some mussels found",silver,0
2016_031_08,2016,7,28,7/13/2016,Back Cove,mud,sunny,falling,1.145,20,29.86,8.7,"lots of mud snails, some mussels found",herring,0
2016_031_10,2016,7,28,7/13/2016,SMCC,sand/gravel,sunny,rising,0.62,19,30.49,13.2,NA,silver,0
2016_031_10,2016,7,28,7/13/2016,SMCC,sand/gravel,sunny,rising,0.62,19,30.49,13.2,NA,herring,0
2016_031_12,2016,7,28,7/13/2016,Alewife Cove,sand/gravel,sunny,rising,0.415,16,31.5,11.8,NA,silver,0
2016_031_12,2016,7,28,7/13/2016,Alewife Cove,sand/gravel,sunny,rising,0.415,16,31.5,11.8,NA,herring,0
2016_032_01,2016,7,29,7/19/2016,Presumpscot Moorings,mud,sunny,rising,2.0655,25.6,3.8,9.7,NA,silver,0
2016_032_01,2016,7,29,7/19/2016,Presumpscot Moorings,mud,sunny,rising,2.0655,25.6,3.8,9.7,NA,herring,0
2016_032_03,2016,7,29,7/19/2016,Audubon,sand,sunny,rising,1.695,20.2,22.96,9.1,NA,silver,8
2016_032_03,2016,7,29,7/19/2016,Audubon,sand,sunny,rising,1.695,20.2,22.96,9.1,NA,herring,0
2016_032_04,2016,7,29,7/19/2016,Mussel Cove,mud,sunny,rising,2.463833333,21.5,31.33,9.8,NA,silver,16
2016_032_04,2016,7,29,7/19/2016,Mussel Cove,mud,sunny,rising,2.463833333,21.5,31.33,9.8,NA,herring,0
2016_032_06,2016,7,29,7/19/2016,Mackworth Island - North,sand/gravel,sunny,rising,1.4,18.8,30.36,10.2,NA,silver,5
2016_032_06,2016,7,29,7/19/2016,Mackworth Island - North,sand/gravel,sunny,rising,1.4,18.8,30.36,10.2,NA,herring,0
2016_032_09,2016,7,29,7/19/2016,Great Diamond Island,sand/gravel,sunny,rising,1.085333333,18.6,27.01,9.3,NA,silver,0
2016_032_09,2016,7,29,7/19/2016,Great Diamond Island,sand/gravel,sunny,rising,1.085333333,18.6,27.01,9.3,NA,herring,0
2016_032_11,2016,7,29,7/19/2016,Cushing Island,sand,sunny,rising,2.628833333,17.9,31.29,10.6,NA,silver,0
2016_032_11,2016,7,29,7/19/2016,Cushing Island,sand,sunny,rising,2.628833333,17.9,31.29,10.6,NA,herring,0
2016_033_05,2016,7,29,7/20/2016,The Brothers - North,sand/gravel,partly cloudy,rising,2.726666667,24.7,27.55,9.4,NA,silver,94
2016_033_05,2016,7,29,7/20/2016,The Brothers - North,sand/gravel,partly cloudy,rising,2.726666667,24.7,27.55,9.4,NA,herring,1
2016_033_07,2016,7,29,7/20/2016,Mackworth Island - Beach,sand,partly cloudy,rising,2.628,19,28.55,9,NA,silver,52
2016_033_07,2016,7,29,7/20/2016,Mackworth Island - Beach,sand,partly cloudy,rising,2.628,19,28.55,9,NA,herring,0
2016_033_08,2016,7,29,7/20/2016,Back Cove,mud,partly cloudy,falling,2.695,18.5,30.84,26.5,no catch,silver,0
2016_033_08,2016,7,29,7/20/2016,Back Cove,mud,partly cloudy,falling,2.695,18.5,30.84,26.5,no catch,herring,0
2016_034_01,2016,7,30,7/26/2016,Presumpscot Moorings,mud,sunny,rising,1.496166667,25.3,6.45,9.5,NA,silver,0
2016_034_01,2016,7,30,7/26/2016,Presumpscot Moorings,mud,sunny,rising,1.496166667,25.3,6.45,9.5,NA,herring,0
2016_034_03,2016,7,30,7/26/2016,Audubon,sand,sunny,rising,1.144,22,23.15,9.4,NA,silver,22
2016_034_03,2016,7,30,7/26/2016,Audubon,sand,sunny,rising,1.144,22,23.15,9.4,NA,herring,0
2016_034_04,2016,7,30,7/26/2016,Mussel Cove,mud,sunny,rising,0.531333333,24.8,31.71,10.9,rising tide,silver,40
2016_034_04,2016,7,30,7/26/2016,Mussel Cove,mud,sunny,rising,0.531333333,24.8,31.71,10.9,rising tide,herring,0
2016_034_06,2016,7,30,7/26/2016,Mackworth Island - North,sand/gravel,sunny,rising,0.138,22.1,30.89,13.7,set area included large patch of eelgrass,silver,9
2016_034_06,2016,7,30,7/26/2016,Mackworth Island - North,sand/gravel,sunny,rising,0.138,22.1,30.89,13.7,set area included large patch of eelgrass,herring,0
2016_034_09,2016,7,30,7/26/2016,Great Diamond Island,sand/gravel,sunny,falling,0.348666667,18.6,31.03,12.7,no catch; scattered grass in set area,silver,0
2016_034_09,2016,7,30,7/26/2016,Great Diamond Island,sand/gravel,sunny,falling,0.348666667,18.6,31.03,12.7,no catch; scattered grass in set area,herring,0
2016_034_11,2016,7,30,7/26/2016,Cushing Island,sand,sunny,falling,0.071,16.8,31.83,12.6,NA,silver,0
2016_034_11,2016,7,30,7/26/2016,Cushing Island,sand,sunny,falling,0.071,16.8,31.83,12.6,NA,herring,0
2016_035_02,2016,8,31,8/2/2016,Skitterygusset,mud,sunny,rising,2.886666667,19,20.92,8.5,NA,silver,3
2016_035_02,2016,8,31,8/2/2016,Skitterygusset,mud,sunny,rising,2.886666667,19,20.92,8.5,NA,herring,0
2016_035_07,2016,8,31,8/2/2016,Mackworth Island - Beach,sand,sunny,rising,2.771,17.8,30.92,9.2,NA,silver,3
2016_035_07,2016,8,31,8/2/2016,Mackworth Island - Beach,sand,sunny,rising,2.771,17.8,30.92,9.2,NA,herring,0
2016_035_08,2016,8,31,8/2/2016,Back Cove,mud,sunny,rising,2.955555556,18.8,30.55,9.6,NA,silver,0
2016_035_08,2016,8,31,8/2/2016,Back Cove,mud,sunny,rising,2.955555556,18.8,30.55,9.6,NA,herring,0
2016_035_09,2016,8,31,8/2/2016,Great Diamond Island,sand/gravel,sunny,rising,2.455666667,17.9,29.81,9.2,NA,silver,0
2016_035_09,2016,8,31,8/2/2016,Great Diamond Island,sand/gravel,sunny,rising,2.455666667,17.9,29.81,9.2,NA,herring,0
2016_035_10,2016,8,31,8/2/2016,SMCC,sand/gravel,overcast,rising,2.146,17.1,30.38,9.5,NA,silver,2
2016_035_10,2016,8,31,8/2/2016,SMCC,sand/gravel,overcast,rising,2.146,17.1,30.38,9.5,NA,herring,0
2016_035_12,2016,8,31,8/2/2016,Alewife Cove,sand/gravel,overcast,rising,1.623,16.2,31.55,8.9,no catch,silver,0
2016_035_12,2016,8,31,8/2/2016,Alewife Cove,sand/gravel,overcast,rising,1.623,16.2,31.55,8.9,no catch,herring,0
2016_036_01,2016,8,32,8/11/2016,Presumpscot Moorings,mud,overcast,falling,1.5365,23.2,3.83,8.5,NA,silver,33
2016_036_01,2016,8,32,8/11/2016,Presumpscot Moorings,mud,overcast,falling,1.5365,23.2,3.83,8.5,NA,herring,0
2016_036_03,2016,8,32,8/11/2016,Audubon,sand,overcast,falling,1.2575,22.4,9.38,7.9,NA,silver,149
2016_036_03,2016,8,32,8/11/2016,Audubon,sand,overcast,falling,1.2575,22.4,9.38,7.9,NA,herring,0
2016_036_04,2016,8,32,8/11/2016,Mussel Cove,mud,sunny,falling,0.5,24.5,31.7,11.9,NA,silver,2014
2016_036_04,2016,8,32,8/11/2016,Mussel Cove,mud,sunny,falling,0.5,24.5,31.7,11.9,NA,herring,0
2016_036_05,2016,8,32,8/11/2016,The Brothers - North,sand/gravel,sunny,falling,0.638,19.1,31.66,8.6,NA,silver,65
2016_036_05,2016,8,32,8/11/2016,The Brothers - North,sand/gravel,sunny,falling,0.638,19.1,31.66,8.6,NA,herring,0
2016_036_06,2016,8,32,8/11/2016,Mackworth Island - North,sand/gravel,sunny,falling,0.856,18.2,31.62,9.5,NA,silver,6
2016_036_06,2016,8,32,8/11/2016,Mackworth Island - North,sand/gravel,sunny,falling,0.856,18.2,31.62,9.5,NA,herring,0
2016_036_11,2016,8,32,8/11/2016,Cushing Island,sand,sunny,rising,0.589666667,21.3,31.87,11.6,NA,silver,1
2016_036_11,2016,8,32,8/11/2016,Cushing Island,sand,sunny,rising,0.589666667,21.3,31.87,11.6,NA,herring,0
2016_037_02,2016,8,33,8/18/2016,Skitterygusset,mud,overcast,rising,1.227,21.6,13.4,8.2,NA,silver,15
2016_037_02,2016,8,33,8/18/2016,Skitterygusset,mud,overcast,rising,1.227,21.6,13.4,8.2,NA,herring,0
2016_037_07,2016,8,33,8/18/2016,Mackworth Island - Beach,sand,sunny,rising,2.832,19.4,30.8,8.5,NA,silver,107
2016_037_07,2016,8,33,8/18/2016,Mackworth Island - Beach,sand,sunny,rising,2.832,19.4,30.8,8.5,NA,herring,0
2016_037_08,2016,8,33,8/18/2016,Back Cove,mud,sunny,rising,1.8585,18.7,30.79,7.9,NA,silver,0
2016_037_08,2016,8,33,8/18/2016,Back Cove,mud,sunny,rising,1.8585,18.7,30.79,7.9,NA,herring,0
2016_037_09,2016,8,33,8/18/2016,Great Diamond Island,sand/gravel,sunny,rising,2.352,18.5,30.81,9.7,NA,silver,57
2016_037_09,2016,8,33,8/18/2016,Great Diamond Island,sand/gravel,sunny,rising,2.352,18.5,30.81,9.7,NA,herring,0
2016_037_10,2016,8,33,8/18/2016,SMCC,sand/gravel,overcast,rising,2.612,18.3,30.91,9.1,NA,silver,1
2016_037_10,2016,8,33,8/18/2016,SMCC,sand/gravel,overcast,rising,2.612,18.3,30.91,9.1,NA,herring,0
2016_037_12,2016,8,33,8/18/2016,Alewife Cove,sand/gravel,sunny,falling,2.733,17.3,31.68,9.9,NA,silver,0
2016_037_12,2016,8,33,8/18/2016,Alewife Cove,sand/gravel,sunny,falling,2.733,17.3,31.68,9.9,NA,herring,0
2016_038_01,2016,9,35,9/2/2016,Presumpscot Moorings,mud,sunny,rising,2.8805,21.7,11.3,8.7,NA,silver,0
2016_038_01,2016,9,35,9/2/2016,Presumpscot Moorings,mud,sunny,rising,2.8805,21.7,11.3,8.7,NA,herring,0
2016_038_03,2016,9,35,9/2/2016,Audubon,sand,sunny,rising,2.739,19.5,24.7,7.9,NA,silver,1196
2016_038_03,2016,9,35,9/2/2016,Audubon,sand,sunny,rising,2.739,19.5,24.7,7.9,NA,herring,0
2016_038_04,2016,9,35,9/2/2016,Mussel Cove,mud,sunny,rising,1.555,19.3,31.94,7.8,NA,silver,2370
2016_038_04,2016,9,35,9/2/2016,Mussel Cove,mud,sunny,rising,1.555,19.3,31.94,7.8,NA,herring,0
2016_038_06,2016,9,35,9/2/2016,Mackworth Island - North,sand/gravel,sunny,rising,2.322,18.8,31.67,9,NA,silver,1036
2016_038_06,2016,9,35,9/2/2016,Mackworth Island - North,sand/gravel,sunny,rising,2.322,18.8,31.67,9,NA,herring,0
2016_038_11,2016,9,35,9/2/2016,Cushing Island,sand,sunny,rising,1.012666667,16.9,30.51,9.3,NA,silver,17
2016_038_11,2016,9,35,9/2/2016,Cushing Island,sand,sunny,rising,1.012666667,16.9,30.51,9.3,NA,herring,0
2016_039_02,2016,9,36,9/7/2016,Skitterygusset,mud,overcast,rising,0.993,19.7,19.23,8.3,NA,silver,964
2016_039_02,2016,9,36,9/7/2016,Skitterygusset,mud,overcast,rising,0.993,19.7,19.23,8.3,NA,herring,0
2016_039_08,2016,9,36,9/7/2016,Back Cove,mud,overcast,rising,1.488166667,18.5,29.97,7.5,NA,silver,44
2016_039_08,2016,9,36,9/7/2016,Back Cove,mud,overcast,rising,1.488166667,18.5,29.97,7.5,NA,herring,0
2016_039_09,2016,9,36,9/7/2016,Great Diamond Island,sand/gravel,overcast,rising,0.425333333,18,31.58,8.8,NA,silver,2209
2016_039_09,2016,9,36,9/7/2016,Great Diamond Island,sand/gravel,overcast,rising,0.425333333,18,31.58,8.8,NA,herring,0
2016_039_10,2016,9,36,9/7/2016,SMCC,sand/gravel,overcast,falling,0.433666667,17.5,31.02,8.11,NA,silver,41
2016_039_10,2016,9,36,9/7/2016,SMCC,sand/gravel,overcast,falling,0.433666667,17.5,31.02,8.11,NA,herring,0
2017_040_04,2017,6,25,6/22/2017,Mussel Cove,mud,sunny,falling,1.947,16.3,29.59,12.3,NA,silver,79
2017_040_04,2017,6,25,6/22/2017,Mussel Cove,mud,sunny,falling,1.947,16.3,29.59,12.3,NA,herring,0
2017_040_06,2017,6,25,6/22/2017,Mackworth Island - North,sand/gravel,sunny,falling,2.5045,15,26.78,13.5,NA,silver,9
2017_040_06,2017,6,25,6/22/2017,Mackworth Island - North,sand/gravel,sunny,falling,2.5045,15,26.78,13.5,NA,herring,1505
2017_040_09,2017,6,25,6/22/2017,Great Diamond Island,sand/gravel,sunny,falling,1.113333333,13.7,29.55,12.4,NA,silver,0
2017_040_09,2017,6,25,6/22/2017,Great Diamond Island,sand/gravel,sunny,falling,1.113333333,13.7,29.55,12.4,NA,herring,0
2017_040_11,2017,6,25,6/22/2017,Cushing Island,sand,sunny,falling,0.607833333,12.6,30.16,12.7,NA,silver,0
2017_040_11,2017,6,25,6/22/2017,Cushing Island,sand,sunny,falling,0.607833333,12.6,30.16,12.7,NA,herring,0
2017_041_01,2017,6,26,6/27/2017,Presumpscot Moorings,mud,overcast,rising,2.943,23,1.41,8.8,NA,silver,0
2017_041_01,2017,6,26,6/27/2017,Presumpscot Moorings,mud,overcast,rising,2.943,23,1.41,8.8,NA,herring,0
2017_041_03,2017,6,26,6/27/2017,Audubon,sand,overcast,rising,3.0375,15.5,28.14,10.8,NA,silver,0
2017_041_03,2017,6,26,6/27/2017,Audubon,sand,overcast,rising,3.0375,15.5,28.14,10.8,NA,herring,18
2017_041_05,2017,6,26,6/27/2017,The Brothers - North,sand/gravel,overcast,rising,1.931,15.4,30.41,11.9,NA,silver,7
2017_041_05,2017,6,26,6/27/2017,The Brothers - North,sand/gravel,overcast,rising,1.931,15.4,30.41,11.9,NA,herring,0
2017_041_07,2017,6,26,6/27/2017,Mackworth Island - Beach,sand,overcast,rising,2.471666667,14.5,29.35,12.3,NA,silver,1
2017_041_07,2017,6,26,6/27/2017,Mackworth Island - Beach,sand,overcast,rising,2.471666667,14.5,29.35,12.3,NA,herring,7325
2017_041_12,2017,6,26,6/27/2017,Alewife Cove,sand/gravel,overcast,rising,0.994,13.3,29.51,11.8,NA,silver,0
2017_041_12,2017,6,26,6/27/2017,Alewife Cove,sand/gravel,overcast,rising,0.994,13.3,29.51,11.8,NA,herring,0
2017_042_02,2017,7,27,7/6/2017,Skitterygusset,mud,sunny,falling,2.5225,18,22.95,9,NA,silver,0
2017_042_02,2017,7,27,7/6/2017,Skitterygusset,mud,sunny,falling,2.5225,18,22.95,9,NA,herring,0
2017_042_04,2017,7,27,7/6/2017,Mussel Cove,mud,sunny,falling,2.210833333,16.6,30.95,10.6,NA,silver,3
2017_042_04,2017,7,27,7/6/2017,Mussel Cove,mud,sunny,falling,2.210833333,16.6,30.95,10.6,NA,herring,422
2017_042_06,2017,7,27,7/6/2017,Mackworth Island - North,sand/gravel,sunny,falling,2.421,14.7,30.47,10.5,,silver,0
2017_042_06,2017,7,27,7/6/2017,Mackworth Island - North,sand/gravel,sunny,falling,2.421,14.7,30.47,10.5,,herring,0
2017_042_09,2017,7,27,7/6/2017,Great Diamond Island,sand/gravel,sunny,falling,1.7,16,29.37,14.5,NA,silver,0
2017_042_09,2017,7,27,7/6/2017,Great Diamond Island,sand/gravel,sunny,falling,1.7,16,29.37,14.5,NA,herring,0
2017_042_10,2017,7,27,7/6/2017,SMCC,sand/gravel,sunny,rising,2.597,14.1,30.31,12.5,NA,silver,3
2017_042_10,2017,7,27,7/6/2017,SMCC,sand/gravel,sunny,rising,2.597,14.1,30.31,12.5,NA,herring,3
2017_042_11,2017,7,27,7/6/2017,Cushing Island,sand,sunny,falling,1.493333333,16.3,30.21,12.3,NA,silver,0
2017_042_11,2017,7,27,7/6/2017,Cushing Island,sand,sunny,falling,1.493333333,16.3,30.21,12.3,NA,herring,613
2017_042_12,2017,7,27,7/6/2017,Back Cove,mud,sunny,rising,2.5935,17,27.51,10.6,,silver,0
2017_042_12,2017,7,27,7/6/2017,Back Cove,mud,sunny,rising,2.5935,17,27.51,10.6,,herring,0
2017_043_01,2017,7,28,7/12/2017,Presumpscot Moorings,mud,sunny,rising,1.732,28.1,1.43,9,NA,silver,6
2017_043_01,2017,7,28,7/12/2017,Presumpscot Moorings,mud,sunny,rising,1.732,28.1,1.43,9,NA,herring,0
2017_043_03,2017,7,28,7/12/2017,Audubon,sand,sunny,rising,2.067,27,19.73,8.6,NA,silver,82
2017_043_03,2017,7,28,7/12/2017,Audubon,sand,sunny,rising,2.067,27,19.73,8.6,NA,herring,1
2017_043_06,2017,7,28,7/12/2017,Mackworth Island - North,sand/gravel,sunny,rising,2.593333333,26,26.37,8.6,NA,silver,0
2017_043_06,2017,7,28,7/12/2017,Mackworth Island - North,sand/gravel,sunny,rising,2.593333333,26,26.37,8.6,NA,herring,0
2017_043_07,2017,7,28,7/12/2017,Mackworth Island - Beach,sand,sunny,rising,2.687166667,18.1,29.58,10.5,NA,silver,0
2017_043_07,2017,7,28,7/12/2017,Mackworth Island - Beach,sand,sunny,rising,2.687166667,18.1,29.58,10.5,NA,herring,74
2017_043_08,2017,7,28,7/12/2017,Back Cove,mud,sunny,rising,2.418666667,25.4,24.41,8.6,NA,silver,0
2017_043_08,2017,7,28,7/12/2017,Back Cove,mud,sunny,rising,2.418666667,25.4,24.41,8.6,NA,herring,0
2017_043_12,2017,7,28,7/12/2017,Alewife Cove,sand/gravel,sunny,rising,1.159,21.1,25.69,10,NA,silver,0
2017_043_12,2017,7,28,7/12/2017,Alewife Cove,sand/gravel,sunny,rising,1.159,21.1,25.69,10,NA,herring,0
2017_044_02,2017,7,29,7/18/2017,Skitterygusset,mud,sunny,falling,0.449,20.7,13.55,8,NA,silver,28
2017_044_02,2017,7,29,7/18/2017,Skitterygusset,mud,sunny,falling,0.449,20.7,13.55,8,NA,herring,0
2017_044_04,2017,7,29,7/18/2017,Mussel Cove,mud,sunny,falling,0.154,22.6,30.44,10.1,NA,silver,13
2017_044_04,2017,7,29,7/18/2017,Mussel Cove,mud,sunny,falling,0.154,22.6,30.44,10.1,NA,herring,2
2017_044_06,2017,7,29,7/18/2017,Mackworth Island - North,sand/gravel,sunny,falling,0.2625,20.8,27.91,12,NA,silver,0
2017_044_06,2017,7,29,7/18/2017,Mackworth Island - North,sand/gravel,sunny,falling,0.2625,20.8,27.91,12,NA,herring,0
2017_044_09,2017,7,29,7/18/2017,Great Diamond Island,sand/gravel,sunny,rising,0.2055,20.2,29.29,12.2,NA,silver,0
2017_044_09,2017,7,29,7/18/2017,Great Diamond Island,sand/gravel,sunny,rising,0.2055,20.2,29.29,12.2,NA,herring,0
2017_044_10,2017,7,29,7/18/2017,SMCC,sand/gravel,sunny,rising,0.693,19.1,27.67,10.9,NA,silver,0
2017_044_10,2017,7,29,7/18/2017,SMCC,sand/gravel,sunny,rising,0.693,19.1,27.67,10.9,NA,herring,0
2017_044_11,2017,7,29,7/18/2017,Cushing Island,sand,sunny,rising,0.448,18.9,29.79,13.8,NA,silver,0
2017_044_11,2017,7,29,7/18/2017,Cushing Island,sand,sunny,rising,0.448,18.9,29.79,13.8,NA,herring,0
2017_045_01,2017,7,30,7/26/2017,Presumpscot Moorings,mud,sunny,rising,2.162,24.2,0.3,10.3,NA,silver,0
2017_045_01,2017,7,30,7/26/2017,Presumpscot Moorings,mud,sunny,rising,2.162,24.2,0.3,10.3,NA,herring,0
2017_045_03,2017,7,30,7/26/2017,Audubon,sand,sunny,rising,1.5585,21.4,17.53,9.3,NA,silver,4
2017_045_03,2017,7,30,7/26/2017,Audubon,sand,sunny,rising,1.5585,21.4,17.53,9.3,NA,herring,0
2017_045_05,2017,7,30,7/26/2017,The Brothers - North,sand/gravel,sunny,rising,2.708,16.2,30.16,11.1,NA,silver,1
2017_045_05,2017,7,30,7/26/2017,The Brothers - North,sand/gravel,sunny,rising,2.708,16.2,30.16,11.1,NA,herring,0
2017_045_07,2017,7,30,7/26/2017,Mackworth Island - Beach,sand,sunny,rising,0.696333333,25,13.44,5.7,NA,silver,0
2017_045_07,2017,7,30,7/26/2017,Mackworth Island - Beach,sand,sunny,rising,0.696333333,25,13.44,5.7,NA,herring,0
2017_045_08,2017,7,30,7/26/2017,Back Cove,mud,sunny,rising,2.922,17.4,28.83,11,NA,silver,1
2017_045_08,2017,7,30,7/26/2017,Back Cove,mud,sunny,rising,2.922,17.4,28.83,11,NA,herring,0
2017_045_12,2017,7,30,7/26/2017,Alewife Cove,sand/gravel,sunny,rising,0.081,15.4,30.23,14.2,NA,silver,0
2017_045_12,2017,7,30,7/26/2017,Alewife Cove,sand/gravel,sunny,rising,0.081,15.4,30.23,14.2,NA,herring,0
2017_046_02,2017,8,31,8/2/2017,Skitterygusset,mud,sunny,falling,2.43,19.3,22.82,8.4,NA,silver,292
2017_046_02,2017,8,31,8/2/2017,Skitterygusset,mud,sunny,falling,2.43,19.3,22.82,8.4,NA,herring,0
2017_046_04,2017,8,31,8/2/2017,Mussel Cove,mud,sunny,falling,1.9765,20.6,30.45,8.9,NA,silver,42
2017_046_04,2017,8,31,8/2/2017,Mussel Cove,mud,sunny,falling,1.9765,20.6,30.45,8.9,NA,herring,0
2017_046_06,2017,8,31,8/2/2017,Mackworth Island - North,sand/gravel,sunny,falling,2.1905,19,26.75,10,NA,silver,3
2017_046_06,2017,8,31,8/2/2017,Mackworth Island - North,sand/gravel,sunny,falling,2.1905,19,26.75,10,NA,herring,16
2017_046_09,2017,8,31,8/2/2017,Great Diamond Island,sand/gravel,sunny,falling,1.773333333,18.3,29.82,9.9,NA,silver,2
2017_046_09,2017,8,31,8/2/2017,Great Diamond Island,sand/gravel,sunny,falling,1.773333333,18.3,29.82,9.9,NA,herring,0
2017_046_10,2017,8,31,8/2/2017,SMCC,sand/gravel,sunny,falling,1.329,18.5,28.45,10.6,NA,silver,0
2017_046_10,2017,8,31,8/2/2017,SMCC,sand/gravel,sunny,falling,1.329,18.5,28.45,10.6,NA,herring,0
2017_046_11,2017,8,31,8/2/2017,Cushing Island,sand,sunny,falling,1.555666667,17,29.57,10,NA,silver,0
2017_046_11,2017,8,31,8/2/2017,Cushing Island,sand,sunny,falling,1.555666667,17,29.57,10,NA,herring,0
2017_047_01,2017,8,32,8/11/2017,Presumpscot Moorings,mud,sunny,rising,0.892166667,23.9,0.51,9.1,tide too low to access site-set closer to dock,silver,270
2017_047_01,2017,8,32,8/11/2017,Presumpscot Moorings,mud,sunny,rising,0.892166667,23.9,0.51,9.1,tide too low to access site-set closer to dock,herring,0
2017_047_03,2017,8,32,8/11/2017,Audubon,sand,sunny,rising,0.511,23.2,7.55,7.6,NA,silver,4
2017_047_03,2017,8,32,8/11/2017,Audubon,sand,sunny,rising,0.511,23.2,7.55,7.6,NA,herring,0
2017_047_07,2017,8,32,8/11/2017,Mackworth Island - Beach,sand,sunny,rising,1.771333333,21.2,23.39,11.4,NA,silver,23
2017_047_07,2017,8,32,8/11/2017,Mackworth Island - Beach,sand,sunny,rising,1.771333333,21.2,23.39,11.4,NA,herring,0
2017_047_08,2017,8,32,8/11/2017,Back Cove,mud,sunny,rising,2.248333333,18.1,29.35,9.4,NA,silver,5
2017_047_08,2017,8,32,8/11/2017,Back Cove,mud,sunny,rising,2.248333333,18.1,29.35,9.4,NA,herring,0
2017_047_12,2017,8,32,8/11/2017,Alewife Cove,sand/gravel,sunny,rising,0.1675,15.2,30.64,10.9,NA,silver,1
2017_047_12,2017,8,32,8/11/2017,Alewife Cove,sand/gravel,sunny,rising,0.1675,15.2,30.64,10.9,NA,herring,0
2017_048_02,2017,8,34,8/25/2017,Skitterygusset,mud,sunny,rising,2.2045,18.8,24.63,8.1,NA,silver,0
2017_048_02,2017,8,34,8/25/2017,Skitterygusset,mud,sunny,rising,2.2045,18.8,24.63,8.1,NA,herring,0
2017_048_04,2017,8,34,8/25/2017,Mussel Cove,mud,partly cloudy,rising,1.214666667,20.2,30.85,6.2,NA,silver,390
2017_048_04,2017,8,34,8/25/2017,Mussel Cove,mud,partly cloudy,rising,1.214666667,20.2,30.85,6.2,NA,herring,0
2017_048_06,2017,8,34,8/25/2017,Mackworth Island - North,sand/gravel,overcast,rising,1.734333333,17.9,30.29,10.8,NA,silver,0
2017_048_06,2017,8,34,8/25/2017,Mackworth Island - North,sand/gravel,overcast,rising,1.734333333,17.9,30.29,10.8,NA,herring,762
2017_048_09,2017,8,34,8/25/2017,Great Diamond Island,sand/gravel,partly cloudy,rising,0.763,16.8,29.47,11,NA,silver,17
2017_048_09,2017,8,34,8/25/2017,Great Diamond Island,sand/gravel,partly cloudy,rising,0.763,16.8,29.47,11,NA,herring,0
2017_048_10,2017,8,34,8/25/2017,SMCC,sand/gravel,sunny,rising,0.038,16.8,29.47,11,NA,silver,0
2017_048_10,2017,8,34,8/25/2017,SMCC,sand/gravel,sunny,rising,0.038,16.8,29.47,11,NA,herring,0
2017_048_11,2017,8,34,8/25/2017,Cushing Island,sand,sunny,rising,0.261,16.3,29.75,11.3,NA,silver,8
2017_048_11,2017,8,34,8/25/2017,Cushing Island,sand,sunny,rising,0.261,16.3,29.75,11.3,NA,herring,0
2017_049_01,2017,9,37,9/15/2017,Presumpscot Moorings,mud,overcast,falling,1.171666667,20.3,3.04,9.5,NA,silver,52
2017_049_01,2017,9,37,9/15/2017,Presumpscot Moorings,mud,overcast,falling,1.171666667,20.3,3.04,9.5,NA,herring,0
2017_049_03,2017,9,37,9/15/2017,Audubon,sand,overcast,falling,1.642666667,18,16.01,8.9,NA,silver,463
2017_049_03,2017,9,37,9/15/2017,Audubon,sand,overcast,falling,1.642666667,18,16.01,8.9,NA,herring,0
2017_049_05,2017,9,37,9/15/2017,The Brothers - North,sand/gravel,overcast,falling,0.989833333,17,31.2,10.1,NA,silver,2
2017_049_05,2017,9,37,9/15/2017,The Brothers - North,sand/gravel,overcast,falling,0.989833333,17,31.2,10.1,NA,herring,0
2017_049_07,2017,9,37,9/15/2017,Mackworth Island - Beach,sand,overcast,falling,1.2985,17.2,23.81,9.3,NA,silver,193
2017_049_07,2017,9,37,9/15/2017,Mackworth Island - Beach,sand,overcast,falling,1.2985,17.2,23.81,9.3,NA,herring,3
2017_049_08,2017,9,37,9/15/2017,Back Cove,mud,overcast,falling,2.162833333,15.8,30.05,9,NA,silver,17
2017_049_08,2017,9,37,9/15/2017,Back Cove,mud,overcast,falling,2.162833333,15.8,30.05,9,NA,herring,0
2017_049_12,2017,9,37,9/15/2017,Alewife Cove,sand/gravel,overcast,falling,0.548166667,15.3,31.35,11.6,NA,silver,0
2017_049_12,2017,9,37,9/15/2017,Alewife Cove,sand/gravel,overcast,falling,0.548166667,15.3,31.35,11.6,NA,herring,0
2018_050_01,2018,6,24,6/15/2018,Presumpscot Moorings,mud,overcast,rising,2.229833333,17.4,11,8.4,NA,silver,2
2018_050_01,2018,6,24,6/15/2018,Presumpscot Moorings,mud,overcast,rising,2.229833333,17.4,11,8.4,NA,herring,5
2018_050_03,2018,6,24,6/15/2018,Audubon,sand,sunny,rising,2.6445,15.7,20.67,8.9,NA,silver,27
2018_050_03,2018,6,24,6/15/2018,Audubon,sand,sunny,rising,2.6445,15.7,20.67,8.9,NA,herring,255
2018_050_04,2018,6,24,6/15/2018,Mussel Cove,mud,sunny,rising,3.2375,16.2,29.89,9.1,NA,silver,0
2018_050_04,2018,6,24,6/15/2018,Mussel Cove,mud,sunny,rising,3.2375,16.2,29.89,9.1,NA,herring,0
2018_050_06,2018,6,24,6/15/2018,Mackworth Island - North,sand/gravel,sunny,rising,3.139833333,15.9,29.76,10.6,NA,silver,0
2018_050_06,2018,6,24,6/15/2018,Mackworth Island - North,sand/gravel,sunny,rising,3.139833333,15.9,29.76,10.6,NA,herring,0
2018_050_09,2018,6,24,6/15/2018,Great Diamond Island,sand/gravel,sunny,falling,3.249333333,15.9,29.32,9.5,NA,silver,0
2018_050_09,2018,6,24,6/15/2018,Great Diamond Island,sand/gravel,sunny,falling,3.249333333,15.9,29.32,9.5,NA,herring,0
2018_050_11,2018,6,24,6/15/2018,Cushing Island,sand,sunny,falling,3.190333333,13.6,29.97,10.3,NA,silver,0
2018_050_11,2018,6,24,6/15/2018,Cushing Island,sand,sunny,falling,3.190333333,13.6,29.97,10.3,NA,herring,0
2018_051_02,2018,6,26,6/27/2018,Skitterygusset,mud,sunny,rising,2.724444444,18,23.21,9.1,NA,silver,0
2018_051_02,2018,6,26,6/27/2018,Skitterygusset,mud,sunny,rising,2.724444444,18,23.21,9.1,NA,herring,0
2018_051_06,2018,6,26,6/27/2018,Mackworth Island - North,sand/gravel,sunny,falling,2.639,15.3,29.48,9.6,NA,silver,0
2018_051_06,2018,6,26,6/27/2018,Mackworth Island - North,sand/gravel,sunny,falling,2.639,15.3,29.48,9.6,NA,herring,0
2018_051_08,2018,6,26,6/27/2018,Back Cove,mud,sunny,rising,2.64,16.9,29.64,7.5,NA,silver,17
2018_051_08,2018,6,26,6/27/2018,Back Cove,mud,sunny,rising,2.64,16.9,29.64,7.5,NA,herring,17
2018_051_10,2018,6,26,6/27/2018,SMCC,sand/gravel,sunny,falling,2.409333333,14.8,29.85,9.9,NA,silver,0
2018_051_10,2018,6,26,6/27/2018,SMCC,sand/gravel,sunny,falling,2.409333333,14.8,29.85,9.9,NA,herring,0
2018_051_12,2018,6,26,6/27/2018,Alewife Cove,sand/gravel,sunny,rising,2.2765,13.4,30.3,9.8,NA,silver,0
2018_051_12,2018,6,26,6/27/2018,Alewife Cove,sand/gravel,sunny,rising,2.2765,13.4,30.3,9.8,NA,herring,0
2018_052_01,2018,7,28,7/11/2018,Presumpscot Moorings,mud,sunny,falling,2.224,25.2,4.54,6.8,NA,silver,4
2018_052_01,2018,7,28,7/11/2018,Presumpscot Moorings,mud,sunny,falling,2.224,25.2,4.54,6.8,NA,herring,0
2018_052_03,2018,7,28,7/11/2018,Audubon,sand,sunny,falling,1.783666667,22.1,19.53,7.2,NA,silver,54
2018_052_03,2018,7,28,7/11/2018,Audubon,sand,sunny,falling,1.783666667,22.1,19.53,7.2,NA,herring,1
2018_052_04,2018,7,28,7/11/2018,Mussel Cove,mud,sunny,falling,2.8755,19.2,30.43,8,NA,silver,2
2018_052_04,2018,7,28,7/11/2018,Mussel Cove,mud,sunny,falling,2.8755,19.2,30.43,8,NA,herring,2
2018_052_06,2018,7,28,7/11/2018,Mackworth Island - North,sand/gravel,sunny,falling,2.617,18.9,30.04,9,NA,silver,0
2018_052_06,2018,7,28,7/11/2018,Mackworth Island - North,sand/gravel,sunny,falling,2.617,18.9,30.04,9,NA,herring,445
2018_052_07,2018,7,28,7/11/2018,Mackworth Island - Beach,sand,sunny,falling,1.3065,18.9,28.22,8.1,NA,silver,5
2018_052_07,2018,7,28,7/11/2018,Mackworth Island - Beach,sand,sunny,falling,1.3065,18.9,28.22,8.1,NA,herring,3
2018_052_09,2018,7,28,7/11/2018,Great Diamond Island,sand/gravel,sunny,falling,2.9615,17.2,28.95,8.8,NA,silver,2
2018_052_09,2018,7,28,7/11/2018,Great Diamond Island,sand/gravel,sunny,falling,2.9615,17.2,28.95,8.8,NA,herring,142
2018_052_10,2018,7,28,7/11/2018,SMCC,sand/gravel,sunny,falling,0.854,17.2,29.4,9.8,NA,silver,0
2018_052_10,2018,7,28,7/11/2018,SMCC,sand/gravel,sunny,falling,0.854,17.2,29.4,9.8,NA,herring,1
2018_102_02,2018,7,30,7/25/2018,Skitterygusset,mud,overcast,falling,2.2915,19.7,25.3,7.8,NA,silver,250
2018_102_02,2018,7,30,7/25/2018,Skitterygusset,mud,overcast,falling,2.2915,19.7,25.3,7.8,NA,herring,0
2018_102_05,2018,7,30,7/25/2018,The Brothers - North,sand/gravel,sunny,falling,1.844833333,18.5,30.01,9.4,NA,silver,135
2018_102_05,2018,7,30,7/25/2018,The Brothers - North,sand/gravel,sunny,falling,1.844833333,18.5,30.01,9.4,NA,herring,0
2018_102_07,2018,7,30,7/25/2018,Mackworth Island - Beach,sand,overcast,falling,1.403,20.5,29.91,7.8,NA,silver,165
2018_102_07,2018,7,30,7/25/2018,Mackworth Island - Beach,sand,overcast,falling,1.403,20.5,29.91,7.8,NA,herring,1
2018_102_08,2018,7,30,7/25/2018,Back Cove,mud,overcast,falling,2.4875,20.2,27.7,8.2,NA,silver,2
2018_102_08,2018,7,30,7/25/2018,Back Cove,mud,overcast,falling,2.4875,20.2,27.7,8.2,NA,herring,0
2018_102_11,2018,7,30,7/25/2018,Cushing Island,sand,overcast,falling,2.612,16.6,30.55,7.5,NA,silver,3
2018_102_11,2018,7,30,7/25/2018,Cushing Island,sand,overcast,falling,2.612,16.6,30.55,7.5,NA,herring,0
2018_102_12,2018,7,30,7/25/2018,Alewife Cove,sand/gravel,overcast,falling,2.642333333,16.7,30.6,10.1,NA,silver,0
2018_102_12,2018,7,30,7/25/2018,Alewife Cove,sand/gravel,overcast,falling,2.642333333,16.7,30.6,10.1,NA,herring,0
2018_103_01,2018,8,32,8/10/2018,Presumpscot Moorings,mud,sunny,falling,2.6575,22,22.49,8.4,NA,silver,16
2018_103_01,2018,8,32,8/10/2018,Presumpscot Moorings,mud,sunny,falling,2.6575,22,22.49,8.4,NA,herring,0
2018_103_03,2018,8,32,8/10/2018,Audubon,sand,sunny,falling,2.497,22,19.57,8,NA,silver,525
2018_103_03,2018,8,32,8/10/2018,Audubon,sand,sunny,falling,2.497,22,19.57,8,NA,herring,0
2018_103_04,2018,8,32,8/10/2018,Mussel Cove,mud,sunny,falling,3.12,21.1,30.3,9.3,NA,silver,658
2018_103_04,2018,8,32,8/10/2018,Mussel Cove,mud,sunny,falling,3.12,21.1,30.3,9.3,NA,herring,0
2018_103_06,2018,8,32,8/10/2018,Mackworth Island - North,sand/gravel,sunny,falling,2.927,20,29.86,10.6,NA,silver,9
2018_103_06,2018,8,32,8/10/2018,Mackworth Island - North,sand/gravel,sunny,falling,2.927,20,29.86,10.6,NA,herring,0
2018_103_09,2018,8,32,8/10/2018,Great Diamond Island,sand/gravel,sunny,rising,3.13,16.8,30.18,8.6,NA,silver,2
2018_103_09,2018,8,32,8/10/2018,Great Diamond Island,sand/gravel,sunny,rising,3.13,16.8,30.18,8.6,NA,herring,0
2018_103_10,2018,8,32,8/10/2018,SMCC,sand/gravel,sunny,rising,3.037333333,18.5,28.75,9.1,NA,silver,2
2018_103_10,2018,8,32,8/10/2018,SMCC,sand/gravel,sunny,rising,3.037333333,18.5,28.75,9.1,NA,herring,39
2018_105_01,2018,9,36,9/7/2018,Presumpscot Moorings,mud,sunny,rising,3.010666667,20.4,23.92,7.7,NA,silver,55
2018_105_01,2018,9,36,9/7/2018,Presumpscot Moorings,mud,sunny,rising,3.010666667,20.4,23.92,7.7,NA,herring,0
2018_105_03,2018,9,36,9/7/2018,Audubon,sand,sunny,falling,2.957,19.8,16.03,7.3,NA,silver,117
2018_105_03,2018,9,36,9/7/2018,Audubon,sand,sunny,falling,2.957,19.8,16.03,7.3,NA,herring,0
2018_105_04,2018,9,36,9/7/2018,Mussel Cove,mud,sunny,falling,2.702666667,19.7,31.02,14.6,NA,silver,269
2018_105_04,2018,9,36,9/7/2018,Mussel Cove,mud,sunny,falling,2.702666667,19.7,31.02,14.6,NA,herring,0
2018_105_06,2018,9,36,9/7/2018,Mackworth Island - North,sand/gravel,sunny,falling,2.877666667,18.6,30.44,7.3,NA,silver,25
2018_105_06,2018,9,36,9/7/2018,Mackworth Island - North,sand/gravel,sunny,falling,2.877666667,18.6,30.44,7.3,NA,herring,0
2018_105_09,2018,9,36,9/7/2018,Great Diamond Island,sand/gravel,sunny,falling,2.532,18.6,30.47,8.2,NA,silver,19
2018_105_09,2018,9,36,9/7/2018,Great Diamond Island,sand/gravel,sunny,falling,2.532,18.6,30.47,8.2,NA,herring,0
2018_105_10,2018,9,36,9/7/2018,SMCC,sand/gravel,sunny,falling,2.200666667,18.7,30.16,8.2,NA,silver,121
2018_105_10,2018,9,36,9/7/2018,SMCC,sand/gravel,sunny,falling,2.200666667,18.7,30.16,8.2,NA,herring,0
2020_053_01,2020,6,26,6/24/2020,Presumpscot Moorings,mud,overcast,rising,2.0035,22.7,NA,NA,NA,silver,2
2020_053_01,2020,6,26,6/24/2020,Presumpscot Moorings,mud,overcast,rising,2.0035,22.7,NA,NA,NA,herring,0
2020_053_05,2020,6,26,6/24/2020,The Brothers - North,sand/gravel,overcast,rising,1.635,18,NA,NA,NA,silver,1
2020_053_05,2020,6,26,6/24/2020,The Brothers - North,sand/gravel,overcast,rising,1.635,18,NA,NA,NA,herring,0
2020_053_08,2020,6,26,6/24/2020,Back Cove,mud,overcast,rising,2.482,17.3,NA,NA,NA,silver,0
2020_053_08,2020,6,26,6/24/2020,Back Cove,mud,overcast,rising,2.482,17.3,NA,NA,NA,herring,0
2020_053_09,2020,6,26,6/24/2020,Great Diamond Island,sand/gravel,overcast,rising,1.331,18,NA,NA,NA,silver,0
2020_053_09,2020,6,26,6/24/2020,Great Diamond Island,sand/gravel,overcast,rising,1.331,18,NA,NA,NA,herring,0
2020_053_10,2020,6,26,6/24/2020,SMCC,sand/gravel,overcast,rising,0.609666667,16.6,NA,NA,NA,silver,0
2020_053_10,2020,6,26,6/24/2020,SMCC,sand/gravel,overcast,rising,0.609666667,16.6,NA,NA,NA,herring,2
2020_053_11,2020,6,26,6/24/2020,Cushing Island,sand,overcast,rising,0.8785,15.8,NA,NA,NA,silver,0
2020_053_11,2020,6,26,6/24/2020,Cushing Island,sand,overcast,rising,0.8785,15.8,NA,NA,NA,herring,0
2020_054_02,2020,6,26,6/25/2020,Skitterygusset,mud,sunny,rising,2.266,20.2,NA,NA,NA,silver,1
2020_054_02,2020,6,26,6/25/2020,Skitterygusset,mud,sunny,rising,2.266,20.2,NA,NA,NA,herring,0
2020_054_03,2020,6,26,6/25/2020,Audubon,sand,sunny,rising,2.057666667,20.9,NA,NA,NA,silver,2
2020_054_03,2020,6,26,6/25/2020,Audubon,sand,sunny,rising,2.057666667,20.9,NA,NA,NA,herring,52
2020_054_04,2020,6,26,6/25/2020,Mussel Cove,mud,sunny,rising,0.98,20.8,NA,NA,NA,silver,0
2020_054_04,2020,6,26,6/25/2020,Mussel Cove,mud,sunny,rising,0.98,20.8,NA,NA,NA,herring,0
2020_054_06,2020,6,26,6/25/2020,Mackworth Island - North,sand/gravel,sunny,rising,1.569,18.4,NA,NA,NA,silver,5
2020_054_06,2020,6,26,6/25/2020,Mackworth Island - North,sand/gravel,sunny,rising,1.569,18.4,NA,NA,NA,herring,0
2020_054_07,2020,6,26,6/25/2020,Mackworth Island - Beach,sand,sunny,rising,1.7565,19.4,NA,NA,NA,silver,5
2020_054_07,2020,6,26,6/25/2020,Mackworth Island - Beach,sand,sunny,rising,1.7565,19.4,NA,NA,NA,herring,0
2020_054_12,2020,6,26,6/25/2020,Alewife Cove,sand/gravel,sunny,rising,0.312,14.6,NA,NA,NA,silver,0
2020_054_12,2020,6,26,6/25/2020,Alewife Cove,sand/gravel,sunny,rising,0.312,14.6,NA,NA,NA,herring,35
2020_055_04,2020,7,28,7/6/2020,Mussel Cove,mud,sunny,rising,2.965833333,19.2,NA,NA,NA,silver,0
2020_055_04,2020,7,28,7/6/2020,Mussel Cove,mud,sunny,rising,2.965833333,19.2,NA,NA,NA,herring,0
2020_055_06,2020,7,28,7/6/2020,Mackworth Island - North,sand/gravel,sunny,rising,2.611,21.2,NA,NA,NA,silver,4
2020_055_06,2020,7,28,7/6/2020,Mackworth Island - North,sand/gravel,sunny,rising,2.611,21.2,NA,NA,NA,herring,325
2020_055_08,2020,7,28,7/6/2020,Back Cove,mud,sunny,falling,2.791,20,NA,NA,NA,silver,0
2020_055_08,2020,7,28,7/6/2020,Back Cove,mud,sunny,falling,2.791,20,NA,NA,NA,herring,74
2020_056_03,2020,7,28,7/7/2020,Audubon,sand,partly cloudy,rising,1.853666667,20.6,NA,NA,NA,silver,0
2020_056_03,2020,7,28,7/7/2020,Audubon,sand,partly cloudy,rising,1.853666667,20.6,NA,NA,NA,herring,0
2020_056_10,2020,7,28,7/7/2020,SMCC,sand/gravel,overcast,rising,1.1395,18.2,NA,NA,NA,silver,4
2020_056_10,2020,7,28,7/7/2020,SMCC,sand/gravel,overcast,rising,1.1395,18.2,NA,NA,NA,herring,50
2020_056_12,2020,7,28,7/7/2020,Alewife Cove,sand/gravel,overcast,rising,0.5075,16.4,NA,NA,NA,silver,0
2020_056_12,2020,7,28,7/7/2020,Alewife Cove,sand/gravel,overcast,rising,0.5075,16.4,NA,NA,NA,herring,0
2020_057_02,2020,7,28,7/9/2020,Skitterygusset,mud,sunny,rising,2.532333333,22,NA,NA,NA,silver,43
2020_057_02,2020,7,28,7/9/2020,Skitterygusset,mud,sunny,rising,2.532333333,22,NA,NA,NA,herring,0
2020_057_06,2020,7,28,7/9/2020,Mackworth Island - North,sand/gravel,sunny,rising,1.7785,22.9,NA,NA,NA,silver,2
2020_057_06,2020,7,28,7/9/2020,Mackworth Island - North,sand/gravel,sunny,rising,1.7785,22.9,NA,NA,NA,herring,0
2020_057_09,2020,7,28,7/9/2020,Great Diamond Island,sand/gravel,sunny,rising,2.163666667,23.6,NA,NA,NA,silver,1
2020_057_09,2020,7,28,7/9/2020,Great Diamond Island,sand/gravel,sunny,rising,2.163666667,23.6,NA,NA,NA,herring,0
2020_057_11,2020,7,28,7/9/2020,Cushing Island,sand,partly cloudy,rising,0.921666667,19.3,NA,NA,NA,silver,0
2020_057_11,2020,7,28,7/9/2020,Cushing Island,sand,partly cloudy,rising,0.921666667,19.3,NA,NA,NA,herring,0
2020_058_01,2020,7,30,7/21/2020,Presumpscot Moorings,mud,sunny,rising,2.7305,26.6,NA,NA,NA,silver,5
2020_058_01,2020,7,30,7/21/2020,Presumpscot Moorings,mud,sunny,rising,2.7305,26.6,NA,NA,NA,herring,0
2020_058_03,2020,7,30,7/21/2020,Audubon,sand,sunny,rising,2.855,22.5,NA,NA,NA,silver,9
2020_058_03,2020,7,30,7/21/2020,Audubon,sand,sunny,rising,2.855,22.5,NA,NA,NA,herring,0
2020_058_04,2020,7,30,7/21/2020,Mussel Cove,mud,sunny,rising,1.798,22.4,NA,NA,NA,silver,575
2020_058_04,2020,7,30,7/21/2020,Mussel Cove,mud,sunny,rising,1.798,22.4,NA,NA,NA,herring,0
2020_058_08,2020,7,30,7/21/2020,Back Cove,mud,sunny,rising,2.505,21.2,NA,NA,NA,silver,4
2020_058_08,2020,7,30,7/21/2020,Back Cove,mud,sunny,rising,2.505,21.2,NA,NA,NA,herring,0
2020_058_09,2020,7,30,7/21/2020,Great Diamond Island,sand/gravel,sunny,falling,2.864,19.3,NA,NA,NA,silver,0
2020_058_09,2020,7,30,7/21/2020,Great Diamond Island,sand/gravel,sunny,falling,2.864,19.3,NA,NA,NA,herring,0
2020_059_02,2020,7,30,7/22/2020,Skitterygusset,mud,overcast,rising,2.718,24,NA,NA,NA,silver,9
2020_059_02,2020,7,30,7/22/2020,Skitterygusset,mud,overcast,rising,2.718,24,NA,NA,NA,herring,1
2020_059_05,2020,7,30,7/22/2020,The Brothers - North,sand/gravel,overcast,rising,2.890833333,21.4,NA,NA,NA,silver,0
2020_059_05,2020,7,30,7/22/2020,The Brothers - North,sand/gravel,overcast,rising,2.890833333,21.4,NA,NA,NA,herring,0
2020_059_07,2020,7,30,7/22/2020,Mackworth Island - Beach,sand,overcast,rising,2.465333333,24.4,NA,NA,NA,silver,4
2020_059_07,2020,7,30,7/22/2020,Mackworth Island - Beach,sand,overcast,rising,2.465333333,24.4,NA,NA,NA,herring,0
2020_059_10,2020,7,30,7/22/2020,SMCC,sand/gravel,overcast,rising,2.938222222,20.9,NA,NA,NA,silver,0
2020_059_10,2020,7,30,7/22/2020,SMCC,sand/gravel,overcast,rising,2.938222222,20.9,NA,NA,NA,herring,19
2020_059_11,2020,7,30,7/22/2020,Cushing Island,sand,overcast,rising,2.133833333,22,NA,NA,NA,silver,15
2020_059_11,2020,7,30,7/22/2020,Cushing Island,sand,overcast,rising,2.133833333,22,NA,NA,NA,herring,0
2020_059_12,2020,7,30,7/22/2020,Alewife Cove,sand/gravel,overcast,rising,1.549,20.6,NA,NA,NA,silver,0
2020_059_12,2020,7,30,7/22/2020,Alewife Cove,sand/gravel,overcast,rising,1.549,20.6,NA,NA,NA,herring,0
2020_060_01,2020,8,32,8/6/2020,Presumpscot Moorings,mud,partly cloudy,rising,2.750333333,29.9,NA,NA,NA,silver,0
2020_060_01,2020,8,32,8/6/2020,Presumpscot Moorings,mud,partly cloudy,rising,2.750333333,29.9,NA,NA,NA,herring,0
2020_060_02,2020,8,32,8/6/2020,Skitterygusset,mud,partly cloudy,rising,2.780333333,26.3,NA,NA,NA,silver,1
2020_060_02,2020,8,32,8/6/2020,Skitterygusset,mud,partly cloudy,rising,2.780333333,26.3,NA,NA,NA,herring,0
2020_060_03,2020,8,32,8/6/2020,Audubon,sand,partly cloudy,rising,2.520166667,24.8,NA,NA,NA,silver,1008
2020_060_03,2020,8,32,8/6/2020,Audubon,sand,partly cloudy,rising,2.520166667,24.8,NA,NA,NA,herring,0
2020_060_07,2020,8,32,8/6/2020,Mackworth Island - Beach,sand,partly cloudy,rising,2.2155,22.9,NA,NA,NA,silver,4
2020_060_07,2020,8,32,8/6/2020,Mackworth Island - Beach,sand,partly cloudy,rising,2.2155,22.9,NA,NA,NA,herring,0
2020_060_10,2020,8,32,8/6/2020,SMCC,sand/gravel,partly cloudy,rising,1.313,21.7,NA,NA,NA,silver,0
2020_060_10,2020,8,32,8/6/2020,SMCC,sand/gravel,partly cloudy,rising,1.313,21.7,NA,NA,NA,herring,0
2020_060_11,2020,8,32,8/6/2020,Cushing Island,sand,partly cloudy,rising,1.755,20.4,NA,NA,NA,silver,25
2020_060_11,2020,8,32,8/6/2020,Cushing Island,sand,partly cloudy,rising,1.755,20.4,NA,NA,NA,herring,0
2020_061_09,2020,8,32,8/7/2020,Great Diamond Island,sand/gravel,partly cloudy,rising,2.125,18.7,NA,NA,NA,silver,0
2020_061_09,2020,8,32,8/7/2020,Great Diamond Island,sand/gravel,partly cloudy,rising,2.125,18.7,NA,NA,NA,herring,0
2020_061_12,2020,8,32,8/7/2020,Alewife Cove,sand/gravel,partly cloudy,rising,0.579,18.2,NA,NA,NA,silver,0
2020_061_12,2020,8,32,8/7/2020,Alewife Cove,sand/gravel,partly cloudy,rising,0.579,18.2,NA,NA,NA,herring,0
2020_062_01,2020,8,34,8/19/2020,Presumpscot Moorings,mud,partly cloudy,rising,2.557,23.6,NA,NA,NA,silver,0
2020_062_01,2020,8,34,8/19/2020,Presumpscot Moorings,mud,partly cloudy,rising,2.557,23.6,NA,NA,NA,herring,0
2020_062_02,2020,8,34,8/19/2020,Skitterygusset,mud,partly cloudy,rising,2.775666667,22.2,NA,NA,NA,silver,83
2020_062_02,2020,8,34,8/19/2020,Skitterygusset,mud,partly cloudy,rising,2.775666667,22.2,NA,NA,NA,herring,0
2020_062_05,2020,8,34,8/19/2020,The Brothers - North,sand/gravel,partly cloudy,rising,2.1665,19.7,NA,NA,NA,silver,430
2020_062_05,2020,8,34,8/19/2020,The Brothers - North,sand/gravel,partly cloudy,rising,2.1665,19.7,NA,NA,NA,herring,0
2020_062_07,2020,8,34,8/19/2020,Mackworth Island - Beach,sand,partly cloudy,rising,2.0465,19.2,NA,NA,NA,silver,179
2020_062_07,2020,8,34,8/19/2020,Mackworth Island - Beach,sand,partly cloudy,rising,2.0465,19.2,NA,NA,NA,herring,0
2020_062_08,2020,8,34,8/19/2020,Back Cove,mud,partly cloudy,rising,2.986666667,20.4,NA,NA,NA,silver,163
2020_062_08,2020,8,34,8/19/2020,Back Cove,mud,partly cloudy,rising,2.986666667,20.4,NA,NA,NA,herring,0
2020_062_11,2020,8,34,8/19/2020,Cushing Island,sand,partly cloudy,rising,1.219,18.6,NA,NA,NA,silver,60
2020_062_11,2020,8,34,8/19/2020,Cushing Island,sand,partly cloudy,rising,1.219,18.6,NA,NA,NA,herring,0
2020_063_03,2020,8,34,8/20/2020,Audubon,sand,overcast,rising,2.2475,19.6,NA,NA,NA,silver,2230
2020_063_03,2020,8,34,8/20/2020,Audubon,sand,overcast,rising,2.2475,19.6,NA,NA,NA,herring,0
2020_063_04,2020,8,34,8/20/2020,Mussel Cove,mud,overcast,rising,2.904,20.5,NA,NA,NA,silver,1026
2020_063_04,2020,8,34,8/20/2020,Mussel Cove,mud,overcast,rising,2.904,20.5,NA,NA,NA,herring,0
2020_063_06,2020,8,34,8/20/2020,Mackworth Island - North,sand/gravel,overcast,rising,2.622333333,20,NA,NA,NA,silver,445
2020_063_06,2020,8,34,8/20/2020,Mackworth Island - North,sand/gravel,overcast,rising,2.622333333,20,NA,NA,NA,herring,3
2020_063_09,2020,8,34,8/20/2020,Great Diamond Island,sand/gravel,overcast,rising,3.0885,19.5,NA,NA,NA,silver,0
2020_063_09,2020,8,34,8/20/2020,Great Diamond Island,sand/gravel,overcast,rising,3.0885,19.5,NA,NA,NA,herring,0
2020_063_10,2020,8,34,8/20/2020,SMCC,sand/gravel,overcast,rising,1.814333333,19.5,NA,NA,NA,silver,225
2020_063_10,2020,8,34,8/20/2020,SMCC,sand/gravel,overcast,rising,1.814333333,19.5,NA,NA,NA,herring,0
2020_063_12,2020,8,34,8/20/2020,Alewife Cove,sand/gravel,overcast,rising,1.279333333,18.1,NA,NA,NA,silver,1
2020_063_12,2020,8,34,8/20/2020,Alewife Cove,sand/gravel,overcast,rising,1.279333333,18.1,NA,NA,NA,herring,45
2020_064_01,2020,9,36,9/3/2020,Presumpscot Moorings,mud,overcast,rising,2.398,20,NA,NA,NA,silver,0
2020_064_01,2020,9,36,9/3/2020,Presumpscot Moorings,mud,overcast,rising,2.398,20,NA,NA,NA,herring,0
2020_064_02,2020,9,36,9/3/2020,Skitterygusset,mud,overcast,rising,2.588,19,NA,NA,NA,silver,423
2020_064_02,2020,9,36,9/3/2020,Skitterygusset,mud,overcast,rising,2.588,19,NA,NA,NA,herring,0
2020_064_03,2020,9,36,9/3/2020,Audubon,sand,overcast,rising,2.087,19.1,NA,NA,NA,silver,9
2020_064_03,2020,9,36,9/3/2020,Audubon,sand,overcast,rising,2.087,19.1,NA,NA,NA,herring,0
2020_064_04,2020,9,36,9/3/2020,Mussel Cove,mud,overcast,rising,2.723333333,19.6,NA,NA,NA,silver,1813
2020_064_04,2020,9,36,9/3/2020,Mussel Cove,mud,overcast,rising,2.723333333,19.6,NA,NA,NA,herring,0
2020_064_05,2020,9,36,9/3/2020,The Brothers - North,sand/gravel,overcast,rising,2.8995,19,NA,NA,NA,silver,359
2020_064_05,2020,9,36,9/3/2020,The Brothers - North,sand/gravel,overcast,rising,2.8995,19,NA,NA,NA,herring,0
2020_064_07,2020,9,36,9/3/2020,Mackworth Island - Beach,sand,overcast,rising,1.609666667,18.8,NA,NA,NA,silver,170
2020_064_07,2020,9,36,9/3/2020,Mackworth Island - Beach,sand,overcast,rising,1.609666667,18.8,NA,NA,NA,herring,0
2020_065_10,2020,9,36,9/4/2020,SMCC,sand/gravel,sunny,rising,2.813,17.4,NA,NA,NA,silver,7686
2020_065_10,2020,9,36,9/4/2020,SMCC,sand/gravel,sunny,rising,2.813,17.4,NA,NA,NA,herring,0
2020_065_11,2020,9,36,9/4/2020,Cushing Island,sand,sunny,rising,2.647,18.5,NA,NA,NA,silver,0
2020_065_11,2020,9,36,9/4/2020,Cushing Island,sand,sunny,rising,2.647,18.5,NA,NA,NA,herring,1125
2020_065_12,2020,9,36,9/4/2020,Alewife Cove,sand/gravel,sunny,rising,2.401,17,NA,NA,NA,silver,1
2020_065_12,2020,9,36,9/4/2020,Alewife Cove,sand/gravel,sunny,rising,2.401,17,NA,NA,NA,herring,0
2021_067_01,2021,6,24,6/17/2021,Presumpscot Moorings,mud,sunny,rising,0.445666667,21.3,2.42,12.5,NA,silver,2
2021_067_01,2021,6,24,6/17/2021,Presumpscot Moorings,mud,sunny,rising,0.445666667,21.3,2.42,12.5,NA,herring,0
2021_067_02,2021,6,24,6/17/2021,Skitterygusset,mud,sunny,rising,0.372,21.4,6.06,6.2,NA,silver,0
2021_067_02,2021,6,24,6/17/2021,Skitterygusset,mud,sunny,rising,0.372,21.4,6.06,6.2,NA,herring,0
2021_067_03,2021,6,24,6/17/2021,Audubon,sand,sunny,rising,0.211666667,16.6,15.74,9.6,NA,silver,31
2021_067_03,2021,6,24,6/17/2021,Audubon,sand,sunny,rising,0.211666667,16.6,15.74,9.6,NA,herring,6
2021_067_07,2021,6,24,6/17/2021,Mackworth Island - Beach,sand,sunny,rising,1.13,21,20,15,NA,silver,3
2021_067_07,2021,6,24,6/17/2021,Mackworth Island - Beach,sand,sunny,rising,1.13,21,20,15,NA,herring,0
2021_067_08,2021,6,24,6/17/2021,Back Cove,mud,sunny,rising,1.529,20.5,27.79,12,NA,silver,18
2021_067_08,2021,6,24,6/17/2021,Back Cove,mud,sunny,rising,1.529,20.5,27.79,12,NA,herring,4
2021_067_12,2021,6,24,6/17/2021,Alewife Cove,sand/gravel,sunny,falling,0.3415,15.4,27.08,16.1,NA,silver,0
2021_067_12,2021,6,24,6/17/2021,Alewife Cove,sand/gravel,sunny,falling,0.3415,15.4,27.08,16.1,NA,herring,0
2021_068_01,2021,6,25,6/25/2021,Presumpscot Moorings,mud,sunny,rising,2.626,21.3,3.7,7.6,NA,silver,0
2021_068_01,2021,6,25,6/25/2021,Presumpscot Moorings,mud,sunny,rising,2.626,21.3,3.7,7.6,NA,herring,0
2021_068_02,2021,6,25,6/25/2021,Skitterygusset,mud,sunny,rising,2.8,18.2,13.22,9.2,NA,silver,0
2021_068_02,2021,6,25,6/25/2021,Skitterygusset,mud,sunny,rising,2.8,18.2,13.22,9.2,NA,herring,189
2021_068_03,2021,6,25,6/25/2021,Audubon,sand,sunny,rising,2.242,16,24.99,12,NA,silver,3
2021_068_03,2021,6,25,6/25/2021,Audubon,sand,sunny,rising,2.242,16,24.99,12,NA,herring,316
2021_068_07,2021,6,25,6/25/2021,Mackworth Island - Beach,sand,sunny,rising,2.986,15.7,26.8,7.7,NA,silver,4
2021_068_07,2021,6,25,6/25/2021,Mackworth Island - Beach,sand,sunny,rising,2.986,15.7,26.8,7.7,NA,herring,1510
2021_068_10,2021,6,25,6/25/2021,SMCC,sand/gravel,sunny,falling,2.840333333,15.6,28,7.9,NA,silver,0
2021_068_10,2021,6,25,6/25/2021,SMCC,sand/gravel,sunny,falling,2.840333333,15.6,28,7.9,NA,herring,483
2021_069_04,2021,6,26,6/30/2021,Mussel Cove,mud,sunny,rising,1.085,23.8,29.35,10.1,NA,silver,0
2021_069_04,2021,6,26,6/30/2021,Mussel Cove,mud,sunny,rising,1.085,23.8,29.35,10.1,NA,herring,0
2021_069_05,2021,6,26,6/30/2021,The Brothers - North,sand/gravel,overcast,rising,0.089,22.7,28.89,17.3,NA,silver,4
2021_069_05,2021,6,26,6/30/2021,The Brothers - North,sand/gravel,overcast,rising,0.089,22.7,28.89,17.3,NA,herring,0
2021_069_06,2021,6,26,6/30/2021,Mackworth Island - North,sand/gravel,sunny,rising,0.327,18.8,29.08,14.1,NA,silver,18
2021_069_06,2021,6,26,6/30/2021,Mackworth Island - North,sand/gravel,sunny,rising,0.327,18.8,29.08,14.1,NA,herring,5
2021_069_09,2021,6,26,6/30/2021,Great Diamond Island,sand/gravel,sunny,rising,0.7035,19.6,30.1,19.4,NA,silver,0
2021_069_09,2021,6,26,6/30/2021,Great Diamond Island,sand/gravel,sunny,rising,0.7035,19.6,30.1,19.4,NA,herring,26
2021_069_11,2021,6,26,6/30/2021,Cushing Island,sand,overcast,rising,0.0275,16.7,28.84,15.3,NA,silver,0
2021_069_11,2021,6,26,6/30/2021,Cushing Island,sand,overcast,rising,0.0275,16.7,28.84,15.3,NA,herring,0
2021_069_12,2021,6,26,6/30/2021,Alewife Cove,sand/gravel,overcast,falling,0.072666667,14.7,29.05,8,NA,silver,0
2021_069_12,2021,6,26,6/30/2021,Alewife Cove,sand/gravel,overcast,falling,0.072666667,14.7,29.05,8,NA,herring,0
2021_070_01,2021,7,27,7/7/2021,Presumpscot Moorings,mud,sunny,falling,2.268666667,21.5,10.45,8.1,NA,silver,16
2021_070_01,2021,7,27,7/7/2021,Presumpscot Moorings,mud,sunny,falling,2.268666667,21.5,10.45,8.1,NA,herring,0
2021_070_02,2021,7,27,7/7/2021,Skitterygusset,mud,sunny,falling,2.101,23.6,12.66,13,NA,silver,3
2021_070_02,2021,7,27,7/7/2021,Skitterygusset,mud,sunny,falling,2.101,23.6,12.66,13,NA,herring,0
2021_070_03,2021,7,27,7/7/2021,Audubon,sand,sunny,falling,2.418,21.6,11.21,11.1,NA,silver,3
2021_070_03,2021,7,27,7/7/2021,Audubon,sand,sunny,falling,2.418,21.6,11.21,11.1,NA,herring,0
2021_070_07,2021,7,27,7/7/2021,Mackworth Island - Beach,sand,sunny,falling,2.527,18.9,25.88,12.6,NA,silver,5
2021_070_07,2021,7,27,7/7/2021,Mackworth Island - Beach,sand,sunny,falling,2.527,18.9,25.88,12.6,NA,herring,629
2021_070_08,2021,7,27,7/7/2021,Back Cove,mud,sunny,rising,2.528583333,17.8,23.4,13.1,NA,silver,0
2021_070_08,2021,7,27,7/7/2021,Back Cove,mud,sunny,rising,2.528583333,17.8,23.4,13.1,NA,herring,0
2021_070_10,2021,7,27,7/7/2021,SMCC,sand/gravel,sunny,rising,2.432,18.2,27.78,14.6,NA,silver,0
2021_070_10,2021,7,27,7/7/2021,SMCC,sand/gravel,sunny,rising,2.432,18.2,27.78,14.6,NA,herring,11
2021_071_04,2021,7,28,7/13/2021,Mussel Cove,mud,overcast,rising,2.436,17.8,26.66,9.9,NA,silver,0
2021_071_04,2021,7,28,7/13/2021,Mussel Cove,mud,overcast,rising,2.436,17.8,26.66,9.9,NA,herring,0
2021_071_05,2021,7,28,7/13/2021,The Brothers - North,sand/gravel,overcast,rising,2.137666667,18,28.46,10.3,NA,silver,72
2021_071_05,2021,7,28,7/13/2021,The Brothers - North,sand/gravel,overcast,rising,2.137666667,18,28.46,10.3,NA,herring,17
2021_071_06,2021,7,28,7/13/2021,Mackworth Island - North,sand/gravel,overcast,rising,1.7365,18.4,26.62,10.2,NA,silver,2
2021_071_06,2021,7,28,7/13/2021,Mackworth Island - North,sand/gravel,overcast,rising,1.7365,18.4,26.62,10.2,NA,herring,1079
2021_071_09,2021,7,28,7/13/2021,Great Diamond Island,sand/gravel,overcast,rising,1.409333333,17.8,26.24,13.3,NA,silver,0
2021_071_09,2021,7,28,7/13/2021,Great Diamond Island,sand/gravel,overcast,rising,1.409333333,17.8,26.24,13.3,NA,herring,5
2021_071_11,2021,7,28,7/13/2021,Cushing Island,sand,overcast,rising,0.978,17.2,26.84,12,NA,silver,0
2021_071_11,2021,7,28,7/13/2021,Cushing Island,sand,overcast,rising,0.978,17.2,26.84,12,NA,herring,0
2021_071_12,2021,7,28,7/13/2021,Alewife Cove,sand/gravel,overcast,rising,0.558,16.4,25.01,7.3,NA,silver,0
2021_071_12,2021,7,28,7/13/2021,Alewife Cove,sand/gravel,overcast,rising,0.558,16.4,25.01,7.3,NA,herring,0
2021_072_01,2021,7,29,7/23/2021,Presumpscot Moorings,mud,sunny,falling,2.898333333,24.9,9.15,15.4,NA,silver,1
2021_072_01,2021,7,29,7/23/2021,Presumpscot Moorings,mud,sunny,falling,2.898333333,24.9,9.15,15.4,NA,herring,0
2021_072_02,2021,7,29,7/23/2021,Skitterygusset,mud,sunny,rising,3.009777778,21.4,11.68,14.5,NA,silver,23
2021_072_02,2021,7,29,7/23/2021,Skitterygusset,mud,sunny,rising,3.009777778,21.4,11.68,14.5,NA,herring,0
2021_072_03,2021,7,29,7/23/2021,Audubon,sand,sunny,falling,2.651,22,11.68,15.5,NA,silver,20
2021_072_03,2021,7,29,7/23/2021,Audubon,sand,sunny,falling,2.651,22,11.68,15.5,NA,herring,0
2021_072_07,2021,7,29,7/23/2021,Mackworth Island - Beach,sand,sunny,rising,2.9715,19.8,26.45,15.1,NA,silver,2
2021_072_07,2021,7,29,7/23/2021,Mackworth Island - Beach,sand,sunny,rising,2.9715,19.8,26.45,15.1,NA,herring,14
2021_072_08,2021,7,29,7/23/2021,Back Cove,mud,sunny,rising,2.8305,19.4,23.46,13.9,NA,silver,0
2021_072_08,2021,7,29,7/23/2021,Back Cove,mud,sunny,rising,2.8305,19.4,23.46,13.9,NA,herring,0
2021_072_10,2021,7,29,7/23/2021,SMCC,sand/gravel,sunny,rising,2.396,18.3,25.22,13.2,NA,silver,0
2021_072_10,2021,7,29,7/23/2021,SMCC,sand/gravel,sunny,rising,2.396,18.3,25.22,13.2,NA,herring,0
2021_073_04,2021,7,30,7/28/2021,Mussel Cove,mud,overcast,rising,1.916,23.4,27.88,7.2,NA,silver,5
2021_073_04,2021,7,30,7/28/2021,Mussel Cove,mud,overcast,rising,1.916,23.4,27.88,7.2,NA,herring,0
2021_073_05,2021,7,30,7/28/2021,The Brothers - North,sand/gravel,overcast,rising,1.004,20.5,28.28,8.5,NA,silver,149
2021_073_05,2021,7,30,7/28/2021,The Brothers - North,sand/gravel,overcast,rising,1.004,20.5,28.28,8.5,NA,herring,0
2021_073_06,2021,7,30,7/28/2021,Mackworth Island - North,sand/gravel,overcast,rising,1.7035,21.7,27.85,10.3,NA,silver,0
2021_073_06,2021,7,30,7/28/2021,Mackworth Island - North,sand/gravel,overcast,rising,1.7035,21.7,27.85,10.3,NA,herring,1
2021_073_09,2021,7,30,7/28/2021,Great Diamond Island,sand/gravel,overcast,rising,0.757,18.3,28.17,8,NA,silver,22
2021_073_09,2021,7,30,7/28/2021,Great Diamond Island,sand/gravel,overcast,rising,0.757,18.3,28.17,8,NA,herring,0
2021_073_11,2021,7,30,7/28/2021,Cushing Island,sand,overcast,rising,0.355333333,18.5,28.39,11.8,NA,silver,0
2021_073_11,2021,7,30,7/28/2021,Cushing Island,sand,overcast,rising,0.355333333,18.5,28.39,11.8,NA,herring,0
2021_073_12,2021,7,30,7/28/2021,Alewife Cove,sand/gravel,overcast,rising,0.1955,17,27.41,10.8,NA,silver,0
2021_073_12,2021,7,30,7/28/2021,Alewife Cove,sand/gravel,overcast,rising,0.1955,17,27.41,10.8,NA,herring,0
2021_074_01,2021,8,31,8/6/2021,Presumpscot Moorings,mud,sunny,falling,2.506,21.3,7.83,7.5,NA,silver,14
2021_074_01,2021,8,31,8/6/2021,Presumpscot Moorings,mud,sunny,falling,2.506,21.3,7.83,7.5,NA,herring,0
2021_074_02,2021,8,31,8/6/2021,Skitterygusset,mud,sunny,falling,2.426666667,18.5,24.31,10.4,NA,silver,32
2021_074_02,2021,8,31,8/6/2021,Skitterygusset,mud,sunny,falling,2.426666667,18.5,24.31,10.4,NA,herring,0
2021_074_03,2021,8,31,8/6/2021,Audubon,sand,sunny,rising,2.504,18.9,19.27,5.7,NA,silver,400
2021_074_03,2021,8,31,8/6/2021,Audubon,sand,sunny,rising,2.504,18.9,19.27,5.7,NA,herring,0
2021_074_07,2021,8,31,8/6/2021,Mackworth Island - Beach,sand,sunny,rising,2.365666667,18.3,26.92,7.3,NA,silver,12
2021_074_07,2021,8,31,8/6/2021,Mackworth Island - Beach,sand,sunny,rising,2.365666667,18.3,26.92,7.3,NA,herring,0
2021_074_08,2021,8,31,8/6/2021,Back Cove,mud,sunny,falling,2.209333333,18.3,27.3,9.1,NA,silver,457
2021_074_08,2021,8,31,8/6/2021,Back Cove,mud,sunny,falling,2.209333333,18.3,27.3,9.1,NA,herring,0
2021_074_10,2021,8,31,8/6/2021,SMCC,sand/gravel,sunny,falling,1.862333333,17.9,27.62,12.3,NA,silver,9
2021_074_10,2021,8,31,8/6/2021,SMCC,sand/gravel,sunny,falling,1.862333333,17.9,27.62,12.3,NA,herring,0
2021_075_04,2021,8,32,8/11/2021,Mussel Cove,mud,sunny,rising,2.815833333,21,28.07,15.4,NA,silver,7
2021_075_04,2021,8,32,8/11/2021,Mussel Cove,mud,sunny,rising,2.815833333,21,28.07,15.4,NA,herring,0
2021_075_05,2021,8,32,8/11/2021,The Brothers - North,sand/gravel,sunny,rising,2.622,20.2,27.23,12.3,NA,silver,166
2021_075_05,2021,8,32,8/11/2021,The Brothers - North,sand/gravel,sunny,rising,2.622,20.2,27.23,12.3,NA,herring,0
2021_075_06,2021,8,32,8/11/2021,Mackworth Island - North,sand/gravel,sunny,rising,2.444333333,20,27.92,13,NA,silver,7
2021_075_06,2021,8,32,8/11/2021,Mackworth Island - North,sand/gravel,sunny,rising,2.444333333,20,27.92,13,NA,herring,0
2021_075_09,2021,8,32,8/11/2021,Great Diamond Island,sand/gravel,sunny,rising,2.2275,20,27.63,16.1,NA,silver,0
2021_075_09,2021,8,32,8/11/2021,Great Diamond Island,sand/gravel,sunny,rising,2.2275,20,27.63,16.1,NA,herring,0
2021_075_11,2021,8,32,8/11/2021,Cushing Island,sand,sunny,rising,1.833833333,19.3,28.14,17.3,NA,silver,0
2021_075_11,2021,8,32,8/11/2021,Cushing Island,sand,sunny,rising,1.833833333,19.3,28.14,17.3,NA,herring,0
2021_075_12,2021,8,32,8/11/2021,Alewife Cove,sand/gravel,sunny,rising,1.381,18.4,28.53,25.4,NA,silver,0
2021_075_12,2021,8,32,8/11/2021,Alewife Cove,sand/gravel,sunny,rising,1.381,18.4,28.53,25.4,NA,herring,0
2021_076_02,2021,8,33,8/16/2021,Skitterygusset,mud,overcast,falling,0.79,22.1,17.12,5.8,NA,silver,285
2021_076_02,2021,8,33,8/16/2021,Skitterygusset,mud,overcast,falling,0.79,22.1,17.12,5.8,NA,herring,0
2021_076_10,2021,8,33,8/16/2021,SMCC,sand/gravel,overcast,falling,0.233666667,21.8,27.6,11.6,NA,silver,0
2021_076_10,2021,8,33,8/16/2021,SMCC,sand/gravel,overcast,falling,0.233666667,21.8,27.6,11.6,NA,herring,0
2021_077_01,2021,8,33,8/20/2021,Presumpscot Moorings,mud,overcast,falling,2.472333333,21.8,17.67,11.1,NA,silver,0
2021_077_01,2021,8,33,8/20/2021,Presumpscot Moorings,mud,overcast,falling,2.472333333,21.8,17.67,11.1,NA,herring,0
2021_077_03,2021,8,33,8/20/2021,Audubon,sand,overcast,falling,2.776,21.2,19.5,6.5,NA,silver,91
2021_077_03,2021,8,33,8/20/2021,Audubon,sand,overcast,falling,2.776,21.2,19.5,6.5,NA,herring,0
2021_077_04,2021,8,33,8/20/2021,Mussel Cove,mud,overcast,falling,1.944,22.1,27.78,0.9,NA,silver,1000
2021_077_04,2021,8,33,8/20/2021,Mussel Cove,mud,overcast,falling,1.944,22.1,27.78,0.9,NA,herring,0
2021_077_05,2021,8,33,8/20/2021,The Brothers - North,sand/gravel,overcast,falling,1.4795,21.6,28.4,7.3,NA,silver,214
2021_077_05,2021,8,33,8/20/2021,The Brothers - North,sand/gravel,overcast,falling,1.4795,21.6,28.4,7.3,NA,herring,0
2021_077_07,2021,8,33,8/20/2021,Mackworth Island - Beach,sand,overcast,falling,2.940333333,19.1,28.2,6.9,NA,silver,107
2021_077_07,2021,8,33,8/20/2021,Mackworth Island - Beach,sand,overcast,falling,2.940333333,19.1,28.2,6.9,NA,herring,0
2021_077_08,2021,8,33,8/20/2021,Back Cove,mud,overcast,rising,2.938,19.7,27.36,7,NA,silver,0
2021_077_08,2021,8,33,8/20/2021,Back Cove,mud,overcast,rising,2.938,19.7,27.36,7,NA,herring,0
2021_078_06,2021,8,34,8/24/2021,Mackworth Island - North,sand/gravel,sunny,rising,2.225,20.5,28.5,14,NA,silver,41
2021_078_06,2021,8,34,8/24/2021,Mackworth Island - North,sand/gravel,sunny,rising,2.225,20.5,28.5,14,NA,herring,0
2021_078_09,2021,8,34,8/24/2021,Great Diamond Island,sand/gravel,sunny,rising,1.932833333,19.8,27.47,7.4,NA,silver,0
2021_078_09,2021,8,34,8/24/2021,Great Diamond Island,sand/gravel,sunny,rising,1.932833333,19.8,27.47,7.4,NA,herring,0
2021_078_11,2021,8,34,8/24/2021,Cushing Island,sand,sunny,rising,1.49,20.1,27.32,12.3,NA,silver,34
2021_078_11,2021,8,34,8/24/2021,Cushing Island,sand,sunny,rising,1.49,20.1,27.32,12.3,NA,herring,0
2021_078_12,2021,8,34,8/24/2021,Alewife Cove,sand/gravel,sunny,rising,1.0605,18.2,28.35,9.2,NA,silver,0
2021_078_12,2021,8,34,8/24/2021,Alewife Cove,sand/gravel,sunny,rising,1.0605,18.2,28.35,9.2,NA,herring,0
2022_080_01,2022,6,24,6/14/2022,Presumpscot Moorings,mud,partly cloudy,rising,3.071333333,20.3,4.68,NA,"had to go the left of the usual site, dock was in the way",silver,8
2022_080_01,2022,6,24,6/14/2022,Presumpscot Moorings,mud,partly cloudy,rising,3.071333333,20.3,4.68,NA,"had to go the left of the usual site, dock was in the way",herring,1
2022_080_02,2022,6,24,6/14/2022,Skitterygusset,mud,overcast,rising,3.025,15.5,30.3,NA,NA,silver,0
2022_080_02,2022,6,24,6/14/2022,Skitterygusset,mud,overcast,rising,3.025,15.5,30.3,NA,NA,herring,100
2022_080_04,2022,6,24,6/14/2022,Mussel Cove,mud,sunny,falling,2.948333333,16.2,32.91,NA,NA,silver,0
2022_080_04,2022,6,24,6/14/2022,Mussel Cove,mud,sunny,falling,2.948333333,16.2,32.91,NA,NA,herring,653
2022_080_07,2022,6,24,6/14/2022,Mackworth Island - Beach,sand,sunny,falling,2.6195,16.5,32.28,NA,NA,silver,0
2022_080_07,2022,6,24,6/14/2022,Mackworth Island - Beach,sand,sunny,falling,2.6195,16.5,32.28,NA,NA,herring,0
2022_080_08,2022,6,24,6/14/2022,Back Cove,mud,sunny,falling,2.073,15.6,31.89,NA,tide going out rapidly,silver,0
2022_080_08,2022,6,24,6/14/2022,Back Cove,mud,sunny,falling,2.073,15.6,31.89,NA,tide going out rapidly,herring,1170
2022_080_12,2022,6,24,6/14/2022,Alewife Cove,sand/gravel,sunny,rising,2.539333333,13.9,33.3,NA,NA,silver,0
2022_080_12,2022,6,24,6/14/2022,Alewife Cove,sand/gravel,sunny,rising,2.539333333,13.9,33.3,NA,NA,herring,162
2022_081_09,2022,6,25,6/21/2022,Great Diamond Island,sand/gravel,partly cloudy,falling,0.284333333,14.3,32.9,NA,"the in eDNA sample was not collected, forgot due to challenging set",silver,0
2022_081_09,2022,6,25,6/21/2022,Great Diamond Island,sand/gravel,partly cloudy,falling,0.284333333,14.3,32.9,NA,"the in eDNA sample was not collected, forgot due to challenging set",herring,0
2022_081_10,2022,6,25,6/21/2022,SMCC,sand/gravel,sunny,rising,0.148666667,14.7,32.2,NA,NA,silver,0
2022_081_10,2022,6,25,6/21/2022,SMCC,sand/gravel,sunny,rising,0.148666667,14.7,32.2,NA,NA,herring,0
2022_081_11,2022,6,25,6/21/2022,Cushing Island,sand,partly cloudy,falling,0.13,13.2,33.4,NA,a lot of macroalgae,silver,0
2022_081_11,2022,6,25,6/21/2022,Cushing Island,sand,partly cloudy,falling,0.13,13.2,33.4,NA,a lot of macroalgae,herring,0
2022_082_04,2022,6,25,6/23/2022,Mussel Cove,mud,partly cloudy,falling,1.459333333,15.9,33.16,NA,had to hand haul the net,silver,0
2022_082_04,2022,6,25,6/23/2022,Mussel Cove,mud,partly cloudy,falling,1.459333333,15.9,33.16,NA,had to hand haul the net,herring,0
2022_082_05,2022,6,25,6/23/2022,The Brothers - North,sand/gravel,overcast,falling,1.859,14.78,30.93,NA,NA,silver,0
2022_082_05,2022,6,25,6/23/2022,The Brothers - North,sand/gravel,overcast,falling,1.859,14.78,30.93,NA,NA,herring,0
2022_082_06,2022,6,25,6/23/2022,Mackworth Island - North,sand/gravel,overcast,falling,2.3805,15.5,32.6,NA,had to do two net sets,silver,1
2022_082_06,2022,6,25,6/23/2022,Mackworth Island - North,sand/gravel,overcast,falling,2.3805,15.5,32.6,NA,had to do two net sets,herring,0
2022_083_01,2022,6,26,6/27/2022,Presumpscot Moorings,mud,rain,rising,2.653666667,18.92,26.27,NA,NA,silver,1
2022_083_01,2022,6,26,6/27/2022,Presumpscot Moorings,mud,rain,rising,2.653666667,18.92,26.27,NA,NA,herring,0
2022_083_03,2022,6,26,6/27/2022,Audubon,sand,rain,rising,2.399333333,17.54,29.76,NA,NA,silver,82
2022_083_03,2022,6,26,6/27/2022,Audubon,sand,rain,rising,2.399333333,17.54,29.76,NA,NA,herring,8
2022_083_07,2022,6,26,6/27/2022,Mackworth Island - Beach,sand,rain,falling,2.665333333,15.98,32.37,NA,pouring rain!,silver,0
2022_083_07,2022,6,26,6/27/2022,Mackworth Island - Beach,sand,rain,falling,2.665333333,15.98,32.37,NA,pouring rain!,herring,1335
2022_083_08,2022,6,26,6/27/2022,Back Cove,mud,overcast,falling,2.5765,16.3,28.02,NA,NA,silver,0
2022_083_08,2022,6,26,6/27/2022,Back Cove,mud,overcast,falling,2.5765,16.3,28.02,NA,NA,herring,22
2022_084_10,2022,6,26,6/30/2022,SMCC,sand/gravel,sunny,rising,1.577,16.5,31.86,NA,NA,silver,1
2022_084_10,2022,6,26,6/30/2022,SMCC,sand/gravel,sunny,rising,1.577,16.5,31.86,NA,NA,herring,0
2022_084_11,2022,6,26,6/30/2022,Cushing Island,sand,sunny,rising,1.928666667,15.4,32.95,NA,NA,silver,0
2022_084_11,2022,6,26,6/30/2022,Cushing Island,sand,sunny,rising,1.928666667,15.4,32.95,NA,NA,herring,0
2022_084_12,2022,6,26,6/30/2022,Alewife Cove,sand/gravel,sunny,rising,2.223,14.6,33.62,NA,"good set, no fish",silver,0
2022_084_12,2022,6,26,6/30/2022,Alewife Cove,sand/gravel,sunny,rising,2.223,14.6,33.62,NA,"good set, no fish",herring,0
2022_085_03,2022,7,27,7/8/2022,Audubon,sand,sunny,falling,1.037,18.23,30.42,NA,"surface (in) sample only filtered 900mL, filter too clogged",silver,29
2022_085_03,2022,7,27,7/8/2022,Audubon,sand,sunny,falling,1.037,18.23,30.42,NA,"surface (in) sample only filtered 900mL, filter too clogged",herring,0
2022_085_05,2022,7,27,7/8/2022,The Brothers - North,sand/gravel,partly cloudy,falling,1.808666667,15.02,33.78,NA,squid!,silver,0
2022_085_05,2022,7,27,7/8/2022,The Brothers - North,sand/gravel,partly cloudy,falling,1.808666667,15.02,33.78,NA,squid!,herring,0
2022_085_06,2022,7,27,7/8/2022,Mackworth Island - North,sand/gravel,sunny,falling,1.46,15.18,33.76,NA,"no fish, nothing in seine",silver,0
2022_085_06,2022,7,27,7/8/2022,Mackworth Island - North,sand/gravel,sunny,falling,1.46,15.18,33.76,NA,"no fish, nothing in seine",herring,0
2022_085_09,2022,7,27,7/8/2022,Great Diamond Island,sand/gravel,partly cloudy,falling,2.171333333,15.813,33.39,NA,NA,silver,1
2022_085_09,2022,7,27,7/8/2022,Great Diamond Island,sand/gravel,partly cloudy,falling,2.171333333,15.813,33.39,NA,NA,herring,75
2022_086_01,2022,7,28,7/12/2022,Presumpscot Moorings,mud,partly cloudy,falling,2.729,19.21,23.41,NA,NA,silver,8
2022_086_01,2022,7,28,7/12/2022,Presumpscot Moorings,mud,partly cloudy,falling,2.729,19.21,23.41,NA,NA,herring,0
2022_086_02,2022,7,28,7/12/2022,Skitterygusset,mud,partly cloudy,falling,2.785,17.11,31.05,NA,"first set, bottom of ledge caught net, no fish, did a second set after the Presumpscot site - no other data was collected at second visit, just the fish in seine",silver,108
2022_086_02,2022,7,28,7/12/2022,Skitterygusset,mud,partly cloudy,falling,2.785,17.11,31.05,NA,"first set, bottom of ledge caught net, no fish, did a second set after the Presumpscot site - no other data was collected at second visit, just the fish in seine",herring,0
2022_086_03,2022,7,28,7/12/2022,Audubon,sand,partly cloudy,falling,2.96,16.57,31.73,NA,a lot of little silversides swam through seine net holes,silver,15
2022_086_03,2022,7,28,7/12/2022,Audubon,sand,partly cloudy,falling,2.96,16.57,31.73,NA,a lot of little silversides swam through seine net holes,herring,0
2022_086_04,2022,7,28,7/12/2022,Mussel Cove,mud,partly cloudy,rising,2.854333333,15.6,33.78,NA,NA,silver,0
2022_086_04,2022,7,28,7/12/2022,Mussel Cove,mud,partly cloudy,rising,2.854333333,15.6,33.78,NA,NA,herring,239
2022_086_07,2022,7,28,7/12/2022,Mackworth Island - Beach,sand,partly cloudy,rising,3.005,15.6,33.38,NA,NA,silver,2
2022_086_07,2022,7,28,7/12/2022,Mackworth Island - Beach,sand,partly cloudy,rising,3.005,15.6,33.38,NA,NA,herring,80
2022_087_09,2022,7,29,7/19/2022,Great Diamond Island,sand/gravel,sunny,rising,2.7195,18.53,32.8,NA,eDNA sample cooler packed with ice,silver,0
2022_087_09,2022,7,29,7/19/2022,Great Diamond Island,sand/gravel,sunny,rising,2.7195,18.53,32.8,NA,eDNA sample cooler packed with ice,herring,0
2022_087_10,2022,7,29,7/19/2022,SMCC,sand/gravel,sunny,rising,2.464333333,16.83,33.44,NA,"did seine first, then sonde and plankton. eDNA sample cooler packed with ice",silver,0
2022_087_10,2022,7,29,7/19/2022,SMCC,sand/gravel,sunny,rising,2.464333333,16.83,33.44,NA,"did seine first, then sonde and plankton. eDNA sample cooler packed with ice",herring,0
2022_087_11,2022,7,29,7/19/2022,Cushing Island,sand,sunny,rising,2.029666667,15.68,33.68,NA,"tons of macroalgae, eDNA sample cooler packed with ice",silver,0
2022_087_11,2022,7,29,7/19/2022,Cushing Island,sand,sunny,rising,2.029666667,15.68,33.68,NA,"tons of macroalgae, eDNA sample cooler packed with ice",herring,0
2022_087_12,2022,7,29,7/19/2022,Alewife Cove,sand/gravel,sunny,rising,1.535333333,14.11,34.08,NA,eDNA sample cooler packed with ice,silver,0
2022_087_12,2022,7,29,7/19/2022,Alewife Cove,sand/gravel,sunny,rising,1.535333333,14.11,34.08,NA,eDNA sample cooler packed with ice,herring,0
2022_088_03,2022,7,29,7/20/2022,Audubon,sand,rain,rising,2.052333333,19.12,30.54,NA,eDNA sample cooler packed with ice,silver,7
2022_088_03,2022,7,29,7/20/2022,Audubon,sand,rain,rising,2.052333333,19.12,30.54,NA,eDNA sample cooler packed with ice,herring,0
2022_088_05,2022,7,29,7/20/2022,The Brothers - North,sand/gravel,overcast,rising,1.2475,19.72,33.59,NA,eDNA sample cooler packed with ice,silver,0
2022_088_05,2022,7,29,7/20/2022,The Brothers - North,sand/gravel,overcast,rising,1.2475,19.72,33.59,NA,eDNA sample cooler packed with ice,herring,0
2022_088_06,2022,7,29,7/20/2022,Mackworth Island - North,sand/gravel,overcast,rising,1.636,16.51,33.77,NA,eDNA sample cooler packed with ice,silver,0
2022_088_06,2022,7,29,7/20/2022,Mackworth Island - North,sand/gravel,overcast,rising,1.636,16.51,33.77,NA,eDNA sample cooler packed with ice,herring,0
2022_088_08,2022,7,29,7/20/2022,Back Cove,mud,overcast,rising,2.5835,17.2,33.07,NA,"no fish, eDNA sample cooler packed with ice",silver,0
2022_088_08,2022,7,29,7/20/2022,Back Cove,mud,overcast,rising,2.5835,17.2,33.07,NA,"no fish, eDNA sample cooler packed with ice",herring,0
2022_089_04,2022,7,30,7/25/2022,Mussel Cove,mud,rain,rising,2.517,17.32,33.61,NA,many silversides escape net,silver,120
2022_089_04,2022,7,30,7/25/2022,Mussel Cove,mud,rain,rising,2.517,17.32,33.61,NA,many silversides escape net,herring,0
2022_089_05,2022,7,30,7/25/2022,The Brothers - North,sand/gravel,rain,falling,2.498333333,16.23,33.95,NA,NA,silver,0
2022_089_05,2022,7,30,7/25/2022,The Brothers - North,sand/gravel,rain,falling,2.498333333,16.23,33.95,NA,NA,herring,0
2022_089_06,2022,7,30,7/25/2022,Mackworth Island - North,sand/gravel,rain,falling,2.431,15.79,33.98,NA,NA,silver,0
2022_089_06,2022,7,30,7/25/2022,Mackworth Island - North,sand/gravel,rain,falling,2.431,15.79,33.98,NA,NA,herring,75
2022_089_08,2022,7,30,7/25/2022,Back Cove,mud,rain,falling,2.1305,17.92,33.37,NA,NA,silver,4
2022_089_08,2022,7,30,7/25/2022,Back Cove,mud,rain,falling,2.1305,17.92,33.37,NA,NA,herring,0
2022_089_10,2022,7,30,7/25/2022,SMCC,sand/gravel,rain,falling,1.786666667,16.18,33.79,NA,NA,silver,0
2022_089_10,2022,7,30,7/25/2022,SMCC,sand/gravel,rain,falling,1.786666667,16.18,33.79,NA,NA,herring,0
2022_090_03,2022,7,30,7/26/2022,Audubon,sand,partly cloudy,falling,2.504,17.88,32.01,NA,"quahog bay intern day, a lot of silversides escaping net, huge schools",silver,319
2022_090_03,2022,7,30,7/26/2022,Audubon,sand,partly cloudy,falling,2.504,17.88,32.01,NA,"quahog bay intern day, a lot of silversides escaping net, huge schools",herring,0
2022_090_07,2022,7,30,7/26/2022,Mackworth Island - Beach,sand,partly cloudy,rising,2.53475,17.7,33.26,NA,quahog bay intern day,silver,14
2022_090_07,2022,7,30,7/26/2022,Mackworth Island - Beach,sand,partly cloudy,rising,2.53475,17.7,33.26,NA,quahog bay intern day,herring,0
2022_091_03,2022,8,31,8/3/2022,Audubon,sand,partly cloudy,rising,1.163,21.43,26,NA,"caught alewife, on dry ice",silver,125
2022_091_03,2022,8,31,8/3/2022,Audubon,sand,partly cloudy,rising,1.163,21.43,26,NA,"caught alewife, on dry ice",herring,0
2022_091_09,2022,8,31,8/3/2022,Great Diamond Island,sand/gravel,partly cloudy,rising,0.750333333,17.54,33.68,NA,NA,silver,0
2022_091_09,2022,8,31,8/3/2022,Great Diamond Island,sand/gravel,partly cloudy,rising,0.750333333,17.54,33.68,NA,NA,herring,0
2022_091_11,2022,8,31,8/3/2022,Cushing Island,sand,partly cloudy,rising,0.375166667,16.45,33.68,NA,"a lot of macroalge, a lot left in seine",silver,0
2022_091_11,2022,8,31,8/3/2022,Cushing Island,sand,partly cloudy,rising,0.375166667,16.45,33.68,NA,"a lot of macroalge, a lot left in seine",herring,0
2022_091_12,2022,8,31,8/3/2022,Alewife Cove,sand/gravel,partly cloudy,rising,0.247333333,15.93,34.08,NA,many sandlance escaped,silver,0
2022_091_12,2022,8,31,8/3/2022,Alewife Cove,sand/gravel,partly cloudy,rising,0.247333333,15.93,34.08,NA,many sandlance escaped,herring,0
2022_092_01,2022,8,31,8/4/2022,Presumpscot Moorings,mud,sunny,falling,0.681,20.9,28.24,NA,"not normal site, set on the point",silver,25
2022_092_01,2022,8,31,8/4/2022,Presumpscot Moorings,mud,sunny,falling,0.681,20.9,28.24,NA,"not normal site, set on the point",herring,0
2022_093_01,2022,8,32,8/8/2022,Presumpscot Moorings,mud,partly cloudy,falling,1.061,20.82,29.99,NA,done at edge of river bank,silver,20
2022_093_01,2022,8,32,8/8/2022,Presumpscot Moorings,mud,partly cloudy,falling,1.061,20.82,29.99,NA,done at edge of river bank,herring,0
2022_093_02,2022,8,32,8/8/2022,Skitterygusset,mud,partly cloudy,falling,1.470333333,21.15,29.69,NA,NA,silver,115
2022_093_02,2022,8,32,8/8/2022,Skitterygusset,mud,partly cloudy,falling,1.470333333,21.15,29.69,NA,NA,herring,0
2022_093_03,2022,8,32,8/8/2022,Audubon,sand,sunny,falling,1.867666667,19.76,31.77,NA,NA,silver,293
2022_093_03,2022,8,32,8/8/2022,Audubon,sand,sunny,falling,1.867666667,19.76,31.77,NA,NA,herring,0
2022_093_04,2022,8,32,8/8/2022,Mussel Cove,mud,partly cloudy,falling,2.253333333,20.78,33.84,NA,little silversides escaping from net as pulling in,silver,281
2022_093_04,2022,8,32,8/8/2022,Mussel Cove,mud,partly cloudy,falling,2.253333333,20.78,33.84,NA,little silversides escaping from net as pulling in,herring,0
2022_094_06,2022,8,32,8/10/2022,Mackworth Island - North,sand/gravel,overcast,falling,2.866,20.67,33.83,NA,large horseshoe crab present,silver,65
2022_094_06,2022,8,32,8/10/2022,Mackworth Island - North,sand/gravel,overcast,falling,2.866,20.67,33.83,NA,large horseshoe crab present,herring,0
2022_094_07,2022,8,32,8/10/2022,Mackworth Island - Beach,sand,overcast,rising,2.929333333,20.64,33.55,NA,a little to the right of the regular site,silver,27
2022_094_07,2022,8,32,8/10/2022,Mackworth Island - Beach,sand,overcast,rising,2.929333333,20.64,33.55,NA,a little to the right of the regular site,herring,0
2022_094_08,2022,8,32,8/10/2022,Back Cove,mud,overcast,rising,2.8735,19.17,32.74,NA,NA,silver,86
2022_094_08,2022,8,32,8/10/2022,Back Cove,mud,overcast,rising,2.8735,19.17,32.74,NA,NA,herring,0
2022_094_09,2022,8,32,8/10/2022,Great Diamond Island,sand/gravel,overcast,falling,2.607,18.65,33.62,NA,NA,silver,0
2022_094_09,2022,8,32,8/10/2022,Great Diamond Island,sand/gravel,overcast,falling,2.607,18.65,33.62,NA,NA,herring,0
2022_095_05,2022,8,33,8/15/2022,The Brothers - North,sand/gravel,partly cloudy,rising,2.2825,18.76,33.97,NA,NA,silver,0
2022_095_05,2022,8,33,8/15/2022,The Brothers - North,sand/gravel,partly cloudy,rising,2.2825,18.76,33.97,NA,NA,herring,0
2022_095_10,2022,8,33,8/15/2022,SMCC,sand/gravel,partly cloudy,rising,1.6085,18.3,33.28,NA,"dogs at beach, lots of seaweed",silver,1
2022_095_10,2022,8,33,8/15/2022,SMCC,sand/gravel,partly cloudy,rising,1.6085,18.3,33.28,NA,"dogs at beach, lots of seaweed",herring,0
2022_095_11,2022,8,33,8/15/2022,Cushing Island,sand,partly cloudy,rising,0.997333333,17.99,33.66,NA,NA,silver,5
2022_095_11,2022,8,33,8/15/2022,Cushing Island,sand,partly cloudy,rising,0.997333333,17.99,33.66,NA,NA,herring,0
2022_095_12,2022,8,33,8/15/2022,Alewife Cove,sand/gravel,partly cloudy,rising,0.2625,17.07,34,NA,many silversides escaping net,silver,45
2022_095_12,2022,8,33,8/15/2022,Alewife Cove,sand/gravel,partly cloudy,rising,0.2625,17.07,34,NA,many silversides escaping net,herring,0
2022_096_03,2022,8,33,8/19/2022,Audubon,sand,partly cloudy,rising,1.813,19.73,30.14,NA,NA,silver,440
2022_096_03,2022,8,33,8/19/2022,Audubon,sand,partly cloudy,rising,1.813,19.73,30.14,NA,NA,herring,0
2022_096_09,2022,8,33,8/19/2022,Great Diamond Island,sand/gravel,partly cloudy,rising,0.8775,18.9,33.21,NA,some people at beach,silver,23
2022_096_09,2022,8,33,8/19/2022,Great Diamond Island,sand/gravel,partly cloudy,rising,0.8775,18.9,33.21,NA,some people at beach,herring,0
2022_096_10,2022,8,33,8/19/2022,SMCC,sand/gravel,sunny,rising,0.6565,19.74,32.88,NA,dogs and people at beach and in water,silver,0
2022_096_10,2022,8,33,8/19/2022,SMCC,sand/gravel,sunny,rising,0.6565,19.74,32.88,NA,dogs and people at beach and in water,herring,0
2022_097_02,2022,8,34,8/25/2022,Skitterygusset,mud,partly cloudy,falling,1.6585,21.61,25.27,NA,NA,silver,10
2022_097_02,2022,8,34,8/25/2022,Skitterygusset,mud,partly cloudy,falling,1.6585,21.61,25.27,NA,NA,herring,0
2022_097_04,2022,8,34,8/25/2022,Mussel Cove,mud,partly cloudy,falling,2.214,20.99,33.86,NA,NA,silver,288
2022_097_04,2022,8,34,8/25/2022,Mussel Cove,mud,partly cloudy,falling,2.214,20.99,33.86,NA,NA,herring,0
2022_097_07,2022,8,34,8/25/2022,Mackworth Island - Beach,sand,partly cloudy,falling,1.103,22.18,29.32,NA,"plankton tow not collected, tide too low; several people at beach, in water",silver,112
2022_097_07,2022,8,34,8/25/2022,Mackworth Island - Beach,sand,partly cloudy,falling,1.103,22.18,29.32,NA,"plankton tow not collected, tide too low; several people at beach, in water",herring,0
2022_098_05,2022,8,35,8/29/2022,The Brothers - North,sand/gravel,partly cloudy,rising,2.361666667,19.86,33.39,NA,NA,silver,97
2022_098_05,2022,8,35,8/29/2022,The Brothers - North,sand/gravel,partly cloudy,rising,2.361666667,19.86,33.39,NA,NA,herring,1
2022_098_06,2022,8,35,8/29/2022,Mackworth Island - North,sand/gravel,partly cloudy,rising,2.689166667,18.43,33.84,NA,NA,silver,0
2022_098_06,2022,8,35,8/29/2022,Mackworth Island - North,sand/gravel,partly cloudy,rising,2.689166667,18.43,33.84,NA,NA,herring,0
2022_098_08,2022,8,35,8/29/2022,Back Cove,mud,partly cloudy,rising,2.904333333,19.67,32.53,NA,"lots of schools swimming nearby, very small fish",silver,2
2022_098_08,2022,8,35,8/29/2022,Back Cove,mud,partly cloudy,rising,2.904333333,19.67,32.53,NA,"lots of schools swimming nearby, very small fish",herring,0
2022_098_11,2022,8,35,8/29/2022,Cushing Island,sand,partly cloudy,rising,1.8235,17.78,33.59,NA,"seals and ducks close to boat during water collecting, heavy macroalgae",silver,1
2022_098_11,2022,8,35,8/29/2022,Cushing Island,sand,partly cloudy,rising,1.8235,17.78,33.59,NA,"seals and ducks close to boat during water collecting, heavy macroalgae",herring,0
2022_098_12,2022,8,35,8/29/2022,Alewife Cove,sand/gravel,partly cloudy,rising,1.096333333,17.18,33.92,NA,several hundred sanlance were swimming out of net,silver,0
2022_098_12,2022,8,35,8/29/2022,Alewife Cove,sand/gravel,partly cloudy,rising,1.096333333,17.18,33.92,NA,several hundred sanlance were swimming out of net,herring,1
2022_099_01,2022,9,36,9/9/2022,Presumpscot Moorings,mud,sunny,rising,1.788,18.77,11.74,NA,"check salinity on sonde file, set was done at grass ledge",silver,4
2022_099_01,2022,9,36,9/9/2022,Presumpscot Moorings,mud,sunny,rising,1.788,18.77,11.74,NA,"check salinity on sonde file, set was done at grass ledge",herring,0
2022_099_02,2022,9,36,9/9/2022,Skitterygusset,mud,sunny,rising,2.191166667,17.98,26.5,NA,seal present during water collection,silver,88
2022_099_02,2022,9,36,9/9/2022,Skitterygusset,mud,sunny,rising,2.191166667,17.98,26.5,NA,seal present during water collection,herring,0
2022_099_03,2022,9,36,9/9/2022,Audubon,sand,sunny,rising,1.229333333,18.24,24.22,NA,NA,silver,470
2022_099_03,2022,9,36,9/9/2022,Audubon,sand,sunny,rising,1.229333333,18.24,24.22,NA,NA,herring,0
2022_099_07,2022,9,36,9/9/2022,Mackworth Island - Beach,sand,sunny,rising,2.571833333,17.44,32.7,NA,1 alewife on dry ice,silver,282
2022_099_07,2022,9,36,9/9/2022,Mackworth Island - Beach,sand,sunny,rising,2.571833333,17.44,32.7,NA,1 alewife on dry ice,herring,0
2022_100_03,2022,9,37,9/16/2022,Audubon,sand,partly cloudy,rising,0.872,18.37,22.4,NA,alewife in ziploc #2,silver,626
2022_100_03,2022,9,37,9/16/2022,Audubon,sand,partly cloudy,rising,0.872,18.37,22.4,NA,alewife in ziploc #2,herring,0
2022_100_07,2022,9,37,9/16/2022,Mackworth Island - Beach,sand,partly cloudy,rising,0.536,18.43,24.39,NA,"had to wait after plankton tow for tide to rise enough to reach the beach, net came in folded - lots of fish escaping, alewife in ziploc #1",silver,716
2022_100_07,2022,9,37,9/16/2022,Mackworth Island - Beach,sand,partly cloudy,rising,0.536,18.43,24.39,NA,"had to wait after plankton tow for tide to rise enough to reach the beach, net came in folded - lots of fish escaping, alewife in ziploc #1",herring,0
2022_100_10,2022,9,37,9/16/2022,SMCC,sand/gravel,partly cloudy,falling,0.416666667,16.78,32.85,NA,shrimp are large!,silver,0
2022_100_10,2022,9,37,9/16/2022,SMCC,sand/gravel,partly cloudy,falling,0.416666667,16.78,32.85,NA,shrimp are large!,herring,0
2022_100_11,2022,9,37,9/16/2022,Cushing Island,sand,partly cloudy,falling,0.471,16.46,33.85,NA,NA,silver,1
2022_100_11,2022,9,37,9/16/2022,Cushing Island,sand,partly cloudy,falling,0.471,16.46,33.85,NA,NA,herring,0
2022_101_01,2022,9,39,9/30/2022,Presumpscot Moorings,mud,partly cloudy,rising,2.575333333,15.22,25.7,NA,did at original site location,silver,12
2022_101_01,2022,9,39,9/30/2022,Presumpscot Moorings,mud,partly cloudy,rising,2.575333333,15.22,25.7,NA,did at original site location,herring,0
2022_101_02,2022,9,39,9/30/2022,Skitterygusset,mud,partly cloudy,rising,2.775,15.06,29,NA,no flowmeter,silver,212
2022_101_02,2022,9,39,9/30/2022,Skitterygusset,mud,partly cloudy,rising,2.775,15.06,29,NA,no flowmeter,herring,0
2022_101_10,2022,9,39,9/30/2022,SMCC,sand/gravel,partly cloudy,rising,3.0284,14.62,33.66,NA,no flowmeter,silver,300
2022_101_10,2022,9,39,9/30/2022,SMCC,sand/gravel,partly cloudy,rising,3.0284,14.62,33.66,NA,no flowmeter,herring,0
2022_101_11,2022,9,39,9/30/2022,Cushing Island,sand,partly cloudy,rising,3.010666667,14.38,34.14,NA,NA,silver,0
2022_101_11,2022,9,39,9/30/2022,Cushing Island,sand,partly cloudy,rising,3.010666667,14.38,34.14,NA,NA,herring,0
2023_110_01,2023,6,24,6/14/2023,Presumpscot Moorings,mud,overcast,falling,2.097166667,17.5,NA,NA,NA,silver,0
2023_110_01,2023,6,24,6/14/2023,Presumpscot Moorings,mud,overcast,falling,2.097166667,17.5,NA,NA,NA,herring,0
2023_110_03,2023,6,24,6/14/2023,Audubon,sand,overcast,falling,2.663,17.1,NA,NA,NA,silver,6
2023_110_03,2023,6,24,6/14/2023,Audubon,sand,overcast,falling,2.663,17.1,NA,NA,NA,herring,5
2023_110_08,2023,6,24,6/14/2023,Back Cove,mud,overcast,falling,2.908666667,15,NA,NA,NA,silver,366
2023_110_08,2023,6,24,6/14/2023,Back Cove,mud,overcast,falling,2.908666667,15,NA,NA,NA,herring,0
2023_111_06,2023,6,24,6/16/2023,Mackworth Island - North,sand/gravel,overcast,falling,2.9005,15.18,NA,NA,NA,silver,1
2023_111_06,2023,6,24,6/16/2023,Mackworth Island - North,sand/gravel,overcast,falling,2.9005,15.18,NA,NA,NA,herring,0
2023_111_07,2023,6,24,6/16/2023,Mackworth Island - Beach,sand,overcast,falling,2.966666667,14.57,NA,NA,NA,silver,0
2023_111_07,2023,6,24,6/16/2023,Mackworth Island - Beach,sand,overcast,falling,2.966666667,14.57,NA,NA,NA,herring,0
2023_112_12,2023,6,25,6/21/2023,Alewife Cove,sand/gravel,partly cloudy,rising,0.771,15.6,NA,NA,NA,silver,0
2023_112_12,2023,6,25,6/21/2023,Alewife Cove,sand/gravel,partly cloudy,rising,0.771,15.6,NA,NA,NA,herring,0
2023_113_01,2023,6,26,6/28/2023,Presumpscot Moorings,mud,rain,falling,1.859833333,20.7,NA,NA,NA,silver,0
2023_113_01,2023,6,26,6/28/2023,Presumpscot Moorings,mud,rain,falling,1.859833333,20.7,NA,NA,NA,herring,0
2023_113_02,2023,6,26,6/28/2023,Skitterygusset,mud,rain,falling,2.071,20.7,NA,NA,NA,silver,0
2023_113_02,2023,6,26,6/28/2023,Skitterygusset,mud,rain,falling,2.071,20.7,NA,NA,NA,herring,0
2023_113_03,2023,6,26,6/28/2023,Audubon,sand,rain,falling,2.238,20.3,NA,NA,NA,silver,3
2023_113_03,2023,6,26,6/28/2023,Audubon,sand,rain,falling,2.238,20.3,NA,NA,NA,herring,0
2023_113_07,2023,6,26,6/28/2023,Mackworth Island - Beach,sand,rain,falling,1.540666667,19.46,NA,NA,NA,silver,3
2023_113_07,2023,6,26,6/28/2023,Mackworth Island - Beach,sand,rain,falling,1.540666667,19.46,NA,NA,NA,herring,0
2023_113_10,2023,6,26,6/28/2023,SMCC,sand/gravel,rain,falling,0.965333333,15.52,NA,NA,sandlance escaping through net,silver,0
2023_113_10,2023,6,26,6/28/2023,SMCC,sand/gravel,rain,falling,0.965333333,15.52,NA,NA,sandlance escaping through net,herring,0
2023_113_11,2023,6,26,6/28/2023,Cushing Island,sand,rain,falling,1.158333333,16,NA,NA,NA,silver,0
2023_113_11,2023,6,26,6/28/2023,Cushing Island,sand,rain,falling,1.158333333,16,NA,NA,NA,herring,0
2023_114_09,2023,7,28,7/11/2023,Great Diamond Island,sand/gravel,overcast,falling,1.916166667,16.3,NA,NA,NA,silver,0
2023_114_09,2023,7,28,7/11/2023,Great Diamond Island,sand/gravel,overcast,falling,1.916166667,16.3,NA,NA,NA,herring,0
2023_114_10,2023,7,28,7/11/2023,SMCC,sand/gravel,overcast,falling,0.516,16.2,NA,NA,"dogs in water, pipefish escaping through net",silver,0
2023_114_10,2023,7,28,7/11/2023,SMCC,sand/gravel,overcast,falling,0.516,16.2,NA,NA,"dogs in water, pipefish escaping through net",herring,0
2023_114_11,2023,7,28,7/11/2023,Cushing Island,sand,overcast,falling,0.935166667,16.4,NA,NA,sandlance escaping through net,silver,0
2023_114_11,2023,7,28,7/11/2023,Cushing Island,sand,overcast,falling,0.935166667,16.4,NA,NA,sandlance escaping through net,herring,0
2023_115_04,2023,7,28,7/14/2023,Mussel Cove,mud,overcast,falling,2.558666667,18.74,NA,NA,silversides escaping net,silver,40
2023_115_04,2023,7,28,7/14/2023,Mussel Cove,mud,overcast,falling,2.558666667,18.74,NA,NA,silversides escaping net,herring,0
2023_115_06,2023,7,28,7/14/2023,Mackworth Island - North,sand/gravel,overcast,falling,2.005,18.03,NA,NA,NA,silver,0
2023_115_06,2023,7,28,7/14/2023,Mackworth Island - North,sand/gravel,overcast,falling,2.005,18.03,NA,NA,NA,herring,0
2023_115_12,2023,7,28,7/14/2023,Alewife Cove,sand/gravel,overcast,falling,2.742,16.22,NA,NA,sandlance escaping through net,silver,0
2023_115_12,2023,7,28,7/14/2023,Alewife Cove,sand/gravel,overcast,falling,2.742,16.22,NA,NA,sandlance escaping through net,herring,0
2023_116_01,2023,7,29,7/19/2023,Presumpscot Moorings,mud,overcast,rising,2.69,24.9,NA,NA,please measure alewife - ziploc w black tape,silver,0
2023_116_01,2023,7,29,7/19/2023,Presumpscot Moorings,mud,overcast,rising,2.69,24.9,NA,NA,please measure alewife - ziploc w black tape,herring,0
2023_116_02,2023,7,29,7/19/2023,Skitterygusset,mud,overcast,rising,2.4955,20.8,NA,NA,please measure alewife - purple small ziploc,silver,1
2023_116_02,2023,7,29,7/19/2023,Skitterygusset,mud,overcast,rising,2.4955,20.8,NA,NA,please measure alewife - purple small ziploc,herring,0
2023_116_03,2023,7,29,7/19/2023,Audubon,sand,overcast,rising,2.2595,19.9,NA,NA,please measure alewife - cajun spice bag,silver,3
2023_116_03,2023,7,29,7/19/2023,Audubon,sand,overcast,rising,2.2595,19.9,NA,NA,please measure alewife - cajun spice bag,herring,0
2023_116_07,2023,7,29,7/19/2023,Mackworth Island - Beach,sand,overcast,rising,1.805666667,13.21,NA,NA,thousands of alewife escaping net,silver,0
2023_116_07,2023,7,29,7/19/2023,Mackworth Island - Beach,sand,overcast,rising,1.805666667,13.21,NA,NA,thousands of alewife escaping net,herring,0
2023_116_08,2023,7,29,7/19/2023,Back Cove,mud,overcast,falling,2.7615,17.4,NA,NA,NA,silver,7
2023_116_08,2023,7,29,7/19/2023,Back Cove,mud,overcast,falling,2.7615,17.4,NA,NA,NA,herring,0
2023_117_05,2023,7,30,7/24/2023,The Brothers - North,sand/gravel,partly cloudy,rising,0.608,23.05,NA,NA,NA,silver,0
2023_117_05,2023,7,30,7/24/2023,The Brothers - North,sand/gravel,partly cloudy,rising,0.608,23.05,NA,NA,NA,herring,0
2023_117_09,2023,7,30,7/24/2023,Great Diamond Island,sand/gravel,partly cloudy,rising,0.898333333,20.46,NA,NA,NA,silver,0
2023_117_09,2023,7,30,7/24/2023,Great Diamond Island,sand/gravel,partly cloudy,rising,0.898333333,20.46,NA,NA,NA,herring,0
2023_117_10,2023,7,30,7/24/2023,SMCC,sand/gravel,overcast,falling,0.472,19.59,NA,NA,dogs in water,silver,0
2023_117_10,2023,7,30,7/24/2023,SMCC,sand/gravel,overcast,falling,0.472,19.59,NA,NA,dogs in water,herring,0
2023_117_11,2023,7,30,7/24/2023,Cushing Island,sand,overcast,falling,0.555333333,17.67,NA,NA,NA,silver,0
2023_117_11,2023,7,30,7/24/2023,Cushing Island,sand,overcast,falling,0.555333333,17.67,NA,NA,NA,herring,0
2023_118_01,2023,7,30,7/26/2023,Presumpscot Moorings,mud,sunny,falling,1.180333333,24.48,NA,NA,"fish fleeing net, low tide and seine set on ledge",silver,0
2023_118_01,2023,7,30,7/26/2023,Presumpscot Moorings,mud,sunny,falling,1.180333333,24.48,NA,NA,"fish fleeing net, low tide and seine set on ledge",herring,0
2023_118_02,2023,7,30,7/26/2023,Skitterygusset,mud,sunny,falling,1.478833333,24.71,NA,NA,"low tide, set not ideal",silver,0
2023_118_02,2023,7,30,7/26/2023,Skitterygusset,mud,sunny,falling,1.478833333,24.71,NA,NA,"low tide, set not ideal",herring,0
2023_118_03,2023,7,30,7/26/2023,Audubon,sand,sunny,falling,0.94,22.7,NA,NA,please measure alewife,silver,29
2023_118_03,2023,7,30,7/26/2023,Audubon,sand,sunny,falling,0.94,22.7,NA,NA,please measure alewife,herring,0
2023_118_12,2023,7,30,7/26/2023,Alewife Cove,sand/gravel,sunny,falling,0.55575,16.87,NA,NA,sandlance escaping through net,silver,0
2023_118_12,2023,7,30,7/26/2023,Alewife Cove,sand/gravel,sunny,falling,0.55575,16.87,NA,NA,sandlance escaping through net,herring,0
2023_119_04,2023,8,32,8/7/2023,Mussel Cove,mud,overcast,rising,0.1375,17.51,NA,NA,"low tide, seine set to left of cove by sand bar",silver,699
2023_119_04,2023,8,32,8/7/2023,Mussel Cove,mud,overcast,rising,0.1375,17.51,NA,NA,"low tide, seine set to left of cove by sand bar",herring,0
2023_119_06,2023,8,32,8/7/2023,Mackworth Island - North,sand/gravel,overcast,falling,0.145666667,17.55,NA,NA,"low tide, walked seine in",silver,131
2023_119_06,2023,8,32,8/7/2023,Mackworth Island - North,sand/gravel,overcast,falling,0.145666667,17.55,NA,NA,"low tide, walked seine in",herring,0
2023_119_07,2023,8,32,8/7/2023,Mackworth Island - Beach,sand,rain,rising,0.582333333,21.56,NA,NA,"low tide, walked seine in",silver,159
2023_119_07,2023,8,32,8/7/2023,Mackworth Island - Beach,sand,rain,rising,0.582333333,21.56,NA,NA,"low tide, walked seine in",herring,0
2023_119_08,2023,8,32,8/7/2023,Back Cove,mud,rain,rising,1.380333333,16.38,NA,NA,NA,silver,18
2023_119_08,2023,8,32,8/7/2023,Back Cove,mud,rain,rising,1.380333333,16.38,NA,NA,NA,herring,0
2023_120_09,2023,8,32,8/10/2023,Great Diamond Island,sand/gravel,partly cloudy,falling,1.816,15.7,NA,NA,please measure alewife,silver,6
2023_120_09,2023,8,32,8/10/2023,Great Diamond Island,sand/gravel,partly cloudy,falling,1.816,15.7,NA,NA,please measure alewife,herring,0
2023_120_10,2023,8,32,8/10/2023,SMCC,sand/gravel,overcast,falling,1.435166667,16.21,NA,NA,NA,silver,0
2023_120_10,2023,8,32,8/10/2023,SMCC,sand/gravel,overcast,falling,1.435166667,16.21,NA,NA,NA,herring,0
2023_120_11,2023,8,32,8/10/2023,Cushing Island,sand,overcast,falling,1.155,16.78,NA,NA,NA,silver,0
2023_120_11,2023,8,32,8/10/2023,Cushing Island,sand,overcast,falling,1.155,16.78,NA,NA,NA,herring,0
2023_120_12,2023,8,32,8/10/2023,Alewife Cove,sand/gravel,partly cloudy,falling,2.273666667,15.8,NA,NA,NA,silver,0
2023_120_12,2023,8,32,8/10/2023,Alewife Cove,sand/gravel,partly cloudy,falling,2.273666667,15.8,NA,NA,NA,herring,0
2023_121_04,2023,8,32,8/11/2023,Mussel Cove,mud,partly cloudy,falling,2.272166667,17.4,NA,NA,boat grounded,silver,2125
2023_121_04,2023,8,32,8/11/2023,Mussel Cove,mud,partly cloudy,falling,2.272166667,17.4,NA,NA,boat grounded,herring,0
2023_122_01,2023,8,33,8/14/2023,Presumpscot Moorings,mud,overcast,falling,2.513,22.79,NA,NA,"no fish, good set",silver,0
2023_122_01,2023,8,33,8/14/2023,Presumpscot Moorings,mud,overcast,falling,2.513,22.79,NA,NA,"no fish, good set",herring,0
2023_122_02,2023,8,33,8/14/2023,Skitterygusset,mud,partly cloudy,falling,2.6155,18.44,NA,NA,NA,silver,15
2023_122_02,2023,8,33,8/14/2023,Skitterygusset,mud,partly cloudy,falling,2.6155,18.44,NA,NA,NA,herring,0
2023_122_03,2023,8,33,8/14/2023,Audubon,sand,sunny,rising,2.643888889,18.93,NA,NA,second set,silver,39
2023_122_03,2023,8,33,8/14/2023,Audubon,sand,sunny,rising,2.643888889,18.93,NA,NA,second set,herring,0
2023_122_07,2023,8,33,8/14/2023,Mackworth Island - Beach,sand,sunny,rising,2.577,18.93,NA,NA,NA,silver,306
2023_122_07,2023,8,33,8/14/2023,Mackworth Island - Beach,sand,sunny,rising,2.577,18.93,NA,NA,NA,herring,0
2023_122_08,2023,8,33,8/14/2023,Back Cove,mud,sunny,rising,2.436,17.27,NA,NA,NA,silver,208
2023_122_08,2023,8,33,8/14/2023,Back Cove,mud,sunny,rising,2.436,17.27,NA,NA,NA,herring,0
2023_123_05,2023,8,33,8/17/2023,The Brothers - North,sand/gravel,overcast,rising,2.190666667,19.8,NA,NA,NA,silver,232
2023_123_05,2023,8,33,8/17/2023,The Brothers - North,sand/gravel,overcast,rising,2.190666667,19.8,NA,NA,NA,herring,0
2023_123_06,2023,8,33,8/17/2023,Mackworth Island - North,sand/gravel,overcast,rising,2.628,18.8,NA,NA,NA,silver,24
2023_123_06,2023,8,33,8/17/2023,Mackworth Island - North,sand/gravel,overcast,rising,2.628,18.8,NA,NA,NA,herring,0
2023_124_04,2023,8,34,8/22/2023,Mussel Cove,mud,sunny,rising,2.29,20.3,NA,NA,first instance of summer flounder,silver,53
2023_124_04,2023,8,34,8/22/2023,Mussel Cove,mud,sunny,rising,2.29,20.3,NA,NA,first instance of summer flounder,herring,0
2023_124_05,2023,8,34,8/22/2023,The Brothers - North,sand/gravel,sunny,rising,2.545666667,19.87,NA,NA,NA,silver,0
2023_124_05,2023,8,34,8/22/2023,The Brothers - North,sand/gravel,sunny,rising,2.545666667,19.87,NA,NA,NA,herring,0
2023_124_06,2023,8,34,8/22/2023,Mackworth Island - North,sand/gravel,partly cloudy,rising,2.736,20.3,NA,NA,NA,silver,104
2023_124_06,2023,8,34,8/22/2023,Mackworth Island - North,sand/gravel,partly cloudy,rising,2.736,20.3,NA,NA,NA,herring,0
2023_124_09,2023,8,34,8/22/2023,Great Diamond Island,sand/gravel,sunny,rising,1.948,19.98,NA,NA,NA,silver,16
2023_124_09,2023,8,34,8/22/2023,Great Diamond Island,sand/gravel,sunny,rising,1.948,19.98,NA,NA,NA,herring,0
2023_124_10,2023,8,34,8/22/2023,SMCC,sand/gravel,sunny,rising,1.619333333,19.57,NA,NA,NA,silver,1
2023_124_10,2023,8,34,8/22/2023,SMCC,sand/gravel,sunny,rising,1.619333333,19.57,NA,NA,NA,herring,0
2023_124_11,2023,8,34,8/22/2023,Cushing Island,sand,sunny,rising,1.185,18.4,NA,NA,NA,silver,22
2023_124_11,2023,8,34,8/22/2023,Cushing Island,sand,sunny,rising,1.185,18.4,NA,NA,NA,herring,0
2023_124_12,2023,8,34,8/22/2023,Alewife Cove,sand/gravel,sunny,rising,0.701,17.4,NA,NA,NA,silver,0
2023_124_12,2023,8,34,8/22/2023,Alewife Cove,sand/gravel,sunny,rising,0.701,17.4,NA,NA,NA,herring,0
2023_125_01,2023,8,34,8/24/2023,Presumpscot Moorings,mud,sunny,falling,0.779333333,22.08,NA,NA,NA,silver,0
2023_125_01,2023,8,34,8/24/2023,Presumpscot Moorings,mud,sunny,falling,0.779333333,22.08,NA,NA,NA,herring,0
2023_125_03,2023,8,34,8/24/2023,Audubon,sand,sunny,falling,0.573,21.81,NA,NA,NA,silver,3
2023_125_03,2023,8,34,8/24/2023,Audubon,sand,sunny,falling,0.573,21.81,NA,NA,NA,herring,0
2023_125_07,2023,8,34,8/24/2023,Mackworth Island - Beach,sand,sunny,falling,1.371166667,19.45,NA,NA,NA,silver,83
2023_125_07,2023,8,34,8/24/2023,Mackworth Island - Beach,sand,sunny,falling,1.371166667,19.45,NA,NA,NA,herring,0
2023_125_08,2023,8,34,8/24/2023,Back Cove,mud,sunny,falling,1.781,16.1,NA,NA,NA,silver,182
2023_125_08,2023,8,34,8/24/2023,Back Cove,mud,sunny,falling,1.781,16.1,NA,NA,NA,herring,0
2024_001_06,2024,6,24,6/11/2024,Mackworth Island - North,sand/gravel,partly cloudy,rising,1.158666667,15.4,NA,NA,sonde not working,silver,0
2024_001_06,2024,6,24,6/11/2024,Mackworth Island - North,sand/gravel,partly cloudy,rising,1.158666667,15.4,NA,NA,sonde not working,herring,0
2024_001_09,2024,6,24,6/11/2024,Great Diamond Island,sand/gravel,partly cloudy,rising,0.377,15.4,NA,NA,sonde not working,silver,0
2024_001_09,2024,6,24,6/11/2024,Great Diamond Island,sand/gravel,partly cloudy,rising,0.377,15.4,NA,NA,sonde not working,herring,0
2024_001_10,2024,6,24,6/11/2024,SMCC,sand/gravel,partly cloudy,rising,0.737,14.8,NA,NA,sonde not working,silver,0
2024_001_10,2024,6,24,6/11/2024,SMCC,sand/gravel,partly cloudy,rising,0.737,14.8,NA,NA,sonde not working,herring,232
2024_001_11,2024,6,24,6/11/2024,Cushing Island,sand,partly cloudy,rising,0.477333333,14.8,NA,NA,sonde not working,silver,0
2024_001_11,2024,6,24,6/11/2024,Cushing Island,sand,partly cloudy,rising,0.477333333,14.8,NA,NA,sonde not working,herring,0
2024_002_01,2024,6,25,6/18/2024,Presumpscot Moorings,mud,partly cloudy,falling,1.812666667,19.9,14.65,766.4,no fish,silver,0
2024_002_01,2024,6,25,6/18/2024,Presumpscot Moorings,mud,partly cloudy,falling,1.812666667,19.9,14.65,766.4,no fish,herring,0
2024_002_02,2024,6,25,6/18/2024,Skitterygusset,mud,partly cloudy,falling,2.020333333,15.77,19.7,766.5,NA,silver,14
2024_002_02,2024,6,25,6/18/2024,Skitterygusset,mud,partly cloudy,falling,2.020333333,15.77,19.7,766.5,NA,herring,0
2024_002_03,2024,6,25,6/18/2024,Audubon,sand,partly cloudy,falling,2.204333333,14.9,21.35,766.4,tree downed on usual site,silver,0
2024_002_03,2024,6,25,6/18/2024,Audubon,sand,partly cloudy,falling,2.204333333,14.9,21.35,766.4,tree downed on usual site,herring,0
2024_002_07,2024,6,25,6/18/2024,Mackworth Island - Beach,sand,partly cloudy,falling,2.343666667,14.52,22.7,766.5,NA,silver,0
2024_002_07,2024,6,25,6/18/2024,Mackworth Island - Beach,sand,partly cloudy,falling,2.343666667,14.52,22.7,766.5,NA,herring,0
2024_003_04,2024,6,25,6/21/2024,Mussel Cove,mud,overcast,rising,2.379,18.3,22.73,767,NA,silver,10
2024_003_04,2024,6,25,6/21/2024,Mussel Cove,mud,overcast,rising,2.379,18.3,22.73,767,NA,herring,12
2024_003_05,2024,6,25,6/21/2024,The Brothers - North,sand/gravel,overcast,rising,2.205,18,22.84,767.1,seaweed,silver,1
2024_003_05,2024,6,25,6/21/2024,The Brothers - North,sand/gravel,overcast,rising,2.205,18,22.84,767.1,seaweed,herring,0
2024_003_08,2024,6,25,6/21/2024,Back Cove,mud,overcast,rising,2.552166667,15.85,22.02,767.1,NA,silver,64
2024_003_08,2024,6,25,6/21/2024,Back Cove,mud,overcast,rising,2.552166667,15.85,22.02,767.1,NA,herring,0
2024_004_10,2024,6,26,6/28/2024,SMCC,sand/gravel,sunny,falling,0.011,14.7,22.41,NA,NA,silver,0
2024_004_10,2024,6,26,6/28/2024,SMCC,sand/gravel,sunny,falling,0.011,14.7,22.41,NA,NA,herring,0
2024_004_11,2024,6,26,6/28/2024,Cushing Island,sand,sunny,falling,0.274,13.3,23.15,NA,no fish; inverted set,silver,0
2024_004_11,2024,6,26,6/28/2024,Cushing Island,sand,sunny,falling,0.274,13.3,23.15,NA,no fish; inverted set,herring,0
2024_004_12,2024,6,26,6/28/2024,Alewife Cove,sand/gravel,sunny,falling,0.478833333,13.1,22.9,NA,windy; sand lance escaping net,silver,0
2024_004_12,2024,6,26,6/28/2024,Alewife Cove,sand/gravel,sunny,falling,0.478833333,13.1,22.9,NA,windy; sand lance escaping net,herring,0
2024_005_04,2024,7,27,7/2/2024,Mussel Cove,mud,sunny,falling,2.057,16.79,23.04,NA,NA,silver,26
2024_005_04,2024,7,27,7/2/2024,Mussel Cove,mud,sunny,falling,2.057,16.79,23.04,NA,NA,herring,0
2024_005_05,2024,7,27,7/2/2024,The Brothers - North,sand/gravel,sunny,falling,1.647666667,15.96,23.33,NA,NA,silver,72
2024_005_05,2024,7,27,7/2/2024,The Brothers - North,sand/gravel,sunny,falling,1.647666667,15.96,23.33,NA,NA,herring,1
2024_005_06,2024,7,27,7/2/2024,Mackworth Island - North,sand/gravel,sunny,falling,2.379333333,16.04,23.21,NA,NA,silver,1
2024_005_06,2024,7,27,7/2/2024,Mackworth Island - North,sand/gravel,sunny,falling,2.379333333,16.04,23.21,NA,NA,herring,0
2024_005_08,2024,7,27,7/2/2024,Back Cove,mud,sunny,falling,2.59,15.6,22.71,NA,no fish,silver,0
2024_005_08,2024,7,27,7/2/2024,Back Cove,mud,sunny,falling,2.59,15.6,22.71,NA,no fish,herring,0
2024_005_09,2024,7,27,7/2/2024,Great Diamond Island,sand/gravel,sunny,falling,1.276,15.96,23.14,NA,NA,silver,0
2024_005_09,2024,7,27,7/2/2024,Great Diamond Island,sand/gravel,sunny,falling,1.276,15.96,23.14,NA,NA,herring,0
2024_006_01,2024,7,27,7/5/2024,Presumpscot Moorings,mud,overcast,rising,2.252,20.89,11.42,NA,NA,silver,0
2024_006_01,2024,7,27,7/5/2024,Presumpscot Moorings,mud,overcast,rising,2.252,20.89,11.42,NA,NA,herring,0
2024_006_02,2024,7,27,7/5/2024,Skitterygusset,mud,overcast,rising,2.643666667,17.05,20.14,NA,NA,silver,0
2024_006_02,2024,7,27,7/5/2024,Skitterygusset,mud,overcast,rising,2.643666667,17.05,20.14,NA,NA,herring,0
2024_006_03,2024,7,27,7/5/2024,Audubon,sand,overcast,rising,2.042333333,16.49,20.84,NA,NA,silver,4
2024_006_03,2024,7,27,7/5/2024,Audubon,sand,overcast,rising,2.042333333,16.49,20.84,NA,NA,herring,152
2024_006_07,2024,7,27,7/5/2024,Mackworth Island - Beach,sand,overcast,rising,1.697666667,16.23,22.48,NA,seaweed,silver,0
2024_006_07,2024,7,27,7/5/2024,Mackworth Island - Beach,sand,overcast,rising,1.697666667,16.23,22.48,NA,seaweed,herring,442
2024_007_05,2024,7,28,7/11/2024,The Brothers - North,sand/gravel,overcast,rising,0.91,19.69,22.39,NA,NA,silver,0
2024_007_05,2024,7,28,7/11/2024,The Brothers - North,sand/gravel,overcast,rising,0.91,19.69,22.39,NA,NA,herring,0
2024_007_09,2024,7,28,7/11/2024,Great Diamond Island,sand/gravel,overcast,rising,0.738833333,17.48,22.97,NA,NA,silver,0
2024_007_09,2024,7,28,7/11/2024,Great Diamond Island,sand/gravel,overcast,rising,0.738833333,17.48,22.97,NA,NA,herring,0
2024_007_10,2024,7,28,7/11/2024,SMCC,sand/gravel,overcast,rising,0.5065,15.9,23.3,NA,NA,silver,0
2024_007_10,2024,7,28,7/11/2024,SMCC,sand/gravel,overcast,rising,0.5065,15.9,23.3,NA,NA,herring,0
2024_007_11,2024,7,28,7/11/2024,Cushing Island,sand,overcast,rising,0.383833333,15.56,23.33,NA,NA,silver,0
2024_007_11,2024,7,28,7/11/2024,Cushing Island,sand,overcast,rising,0.383833333,15.56,23.33,NA,NA,herring,0
2024_008_01,2024,7,29,7/16/2024,Presumpscot Moorings,mud,partly cloudy,falling,1.2885,21.66,4.77,NA,set done at river ledge,silver,4
2024_008_01,2024,7,29,7/16/2024,Presumpscot Moorings,mud,partly cloudy,falling,1.2885,21.66,4.77,NA,set done at river ledge,herring,0
2024_008_02,2024,7,29,7/16/2024,Skitterygusset,mud,partly cloudy,falling,1.578166667,21.32,19.44,NA,NA,silver,39
2024_008_02,2024,7,29,7/16/2024,Skitterygusset,mud,partly cloudy,falling,1.578166667,21.32,19.44,NA,NA,herring,0
2024_008_03,2024,7,29,7/16/2024,Audubon,sand,partly cloudy,falling,1.025333333,20.75,20.27,NA,sturgeon,silver,133
2024_008_03,2024,7,29,7/16/2024,Audubon,sand,partly cloudy,falling,1.025333333,20.75,20.27,NA,sturgeon,herring,0
2024_008_12,2024,7,29,7/16/2024,Alewife Cove,sand/gravel,partly cloudy,falling,2.028,12.94,23.64,NA,lots of rocks,silver,0
2024_008_12,2024,7,29,7/16/2024,Alewife Cove,sand/gravel,partly cloudy,falling,2.028,12.94,23.64,NA,lots of rocks,herring,0
2024_009_04,2024,7,29,7/18/2024,Mussel Cove,mud,partly cloudy,falling,2.429,22.06,23.08,NA,NA,silver,5
2024_009_04,2024,7,29,7/18/2024,Mussel Cove,mud,partly cloudy,falling,2.429,22.06,23.08,NA,NA,herring,0
2024_009_06,2024,7,29,7/18/2024,Mackworth Island - North,sand/gravel,overcast,falling,2.265,18.43,23.14,NA,NA,silver,2
2024_009_06,2024,7,29,7/18/2024,Mackworth Island - North,sand/gravel,overcast,falling,2.265,18.43,23.14,NA,NA,herring,0
2024_009_07,2024,7,29,7/18/2024,Mackworth Island - Beach,sand,overcast,falling,1.991666667,18.87,21.89,NA,NA,silver,0
2024_009_07,2024,7,29,7/18/2024,Mackworth Island - Beach,sand,overcast,falling,1.991666667,18.87,21.89,NA,NA,herring,0
2024_009_08,2024,7,29,7/18/2024,Back Cove,mud,overcast,falling,2.546,17.21,22.95,NA,NA,silver,0
2024_009_08,2024,7,29,7/18/2024,Back Cove,mud,overcast,falling,2.546,17.21,22.95,NA,NA,herring,0
2024_010_04,2024,7,31,7/30/2024,Mussel Cove,mud,overcast,falling,1.692666667,17.17,23.42,NA,NA,silver,88
2024_010_04,2024,7,31,7/30/2024,Mussel Cove,mud,overcast,falling,1.692666667,17.17,23.42,NA,NA,herring,0
2024_010_05,2024,7,31,7/30/2024,The Brothers - North,sand/gravel,overcast,falling,1.304,18.02,22.64,NA,NA,silver,151
2024_010_05,2024,7,31,7/30/2024,The Brothers - North,sand/gravel,overcast,falling,1.304,18.02,22.64,NA,NA,herring,0
2024_010_06,2024,7,31,7/30/2024,Mackworth Island - North,sand/gravel,overcast,falling,1.051,17.04,23.38,NA,NA,silver,3
2024_010_06,2024,7,31,7/30/2024,Mackworth Island - North,sand/gravel,overcast,falling,1.051,17.04,23.38,NA,NA,herring,0
2024_010_08,2024,7,31,7/30/2024,Back Cove,mud,overcast,falling,2.137333333,17.09,22.59,NA,NA,silver,541
2024_010_08,2024,7,31,7/30/2024,Back Cove,mud,overcast,falling,2.137333333,17.09,22.59,NA,NA,herring,0
2024_010_09,2024,7,31,7/30/2024,Great Diamond Island,sand/gravel,overcast,falling,0.715,17.02,23.07,NA,NA,silver,0
2024_010_09,2024,7,31,7/30/2024,Great Diamond Island,sand/gravel,overcast,falling,0.715,17.02,23.07,NA,NA,herring,0
2024_010_10,2024,7,31,7/30/2024,SMCC,sand/gravel,overcast,falling,0.586,16.03,23.25,NA,dog in water before sampling,silver,0
2024_010_10,2024,7,31,7/30/2024,SMCC,sand/gravel,overcast,falling,0.586,16.03,23.25,NA,dog in water before sampling,herring,0
2024_013_01,2024,9,39,9/27/2024,Presumpscot Moorings,mud,sunny,falling,2.208666667,16.6,7.79,NA,NA,silver,0
2024_013_01,2024,9,39,9/27/2024,Presumpscot Moorings,mud,sunny,falling,2.208666667,16.6,7.79,NA,NA,herring,0
2024_013_02,2024,9,39,9/27/2024,Skitterygusset,mud,sunny,falling,1.983833333,15.95,20.84,NA,NA,silver,22
2024_013_02,2024,9,39,9/27/2024,Skitterygusset,mud,sunny,falling,1.983833333,15.95,20.84,NA,NA,herring,0
2024_013_03,2024,9,39,9/27/2024,Audubon,sand,sunny,falling,1.806333333,15.75,21.86,NA,NA,silver,67
2024_013_03,2024,9,39,9/27/2024,Audubon,sand,sunny,falling,1.806333333,15.75,21.86,NA,NA,herring,0
2024_013_06,2024,9,39,9/27/2024,Mackworth Island - North,sand/gravel,sunny,falling,1.325666667,16.1,23.55,NA,NA,silver,173
2024_013_06,2024,9,39,9/27/2024,Mackworth Island - North,sand/gravel,sunny,falling,1.325666667,16.1,23.55,NA,NA,herring,0
2024_013_07,2024,9,39,9/27/2024,Mackworth Island - Beach,sand,sunny,falling,1.574666667,16.67,16.54,NA,NA,silver,232
2024_013_07,2024,9,39,9/27/2024,Mackworth Island - Beach,sand,sunny,falling,1.574666667,16.67,16.54,NA,NA,herring,0
2024_013_08,2024,9,39,9/27/2024,Back Cove,mud,sunny,falling,2.450166667,15.78,22.6,NA,NA,silver,6
2024_013_08,2024,9,39,9/27/2024,Back Cove,mud,sunny,falling,2.450166667,15.78,22.6,NA,NA,herring,0
