"date","sst","min","max","sd","range","year","month","hold"
2002-06-01,10.2120695652174,9.87299999999999,10.501,0.129940305360299,0.627999999999986,"2002",6,2025-06-01
2002-06-02,10.2337617391304,9.72800000000001,10.537,0.150066561064027,0.808999999999969,"2002",6,2025-06-02
2002-06-03,9.95943304347826,9.416,10.321,0.192028984692352,0.90500000000003,"2002",6,2025-06-03
2002-06-04,9.52562086956522,8.88600000000002,9.80700000000002,0.182043028902689,0.920999999999992,"2002",6,2025-06-04
2002-06-05,9.55521913043478,9.214,9.73099999999999,0.115539715101748,0.516999999999996,"2002",6,2025-06-05
2002-06-06,9.36013565217391,9.19200000000001,9.50700000000001,0.078268694476595,0.314999999999998,"2002",6,2025-06-06
2002-06-07,9.20677043478261,9.01900000000001,9.33800000000002,0.0802430508393024,0.319000000000017,"2002",6,2025-06-07
2002-06-08,9.59361739130435,9.38400000000001,9.76900000000001,0.0965765734545457,0.384999999999991,"2002",6,2025-06-08
2002-06-09,9.69309739130435,9.49200000000002,9.87900000000002,0.0946185128411814,0.387,"2002",6,2025-06-09
2002-06-10,9.77024869565217,9.55799999999999,9.96699999999998,0.099415043804783,0.408999999999992,"2002",6,2025-06-10
2002-06-11,9.83684347826087,9.637,9.98599999999999,0.0905632963727657,0.34899999999999,"2002",6,2025-06-11
2002-06-12,9.95818782608696,9.75200000000001,10.109,0.0874086453396289,0.356999999999971,"2002",6,2025-06-12
2002-06-13,9.75990782608696,9.577,9.88999999999999,0.0794929720425083,0.312999999999988,"2002",6,2025-06-13
2002-06-14,9.91684,9.71600000000001,10.07,0.0851017149153472,0.353999999999985,"2002",6,2025-06-14
2002-06-15,9.85609739130435,9.68299999999999,9.97800000000001,0.0762677813400585,0.295000000000016,"2002",6,2025-06-15
2002-06-16,9.86896695652174,9.66199999999998,10.056,0.088477465901937,0.394000000000005,"2002",6,2025-06-16
2002-06-17,10.4895182608696,10.196,10.747,0.119448570116572,0.550999999999988,"2002",6,2025-06-17
2002-06-18,11.172412173913,10.903,11.491,0.150086637667187,0.587999999999965,"2002",6,2025-06-18
2002-06-19,11.6967965217391,11.544,11.969,0.0742497808282121,0.425000000000011,"2002",6,2025-06-19
2002-06-20,12.1235756521739,11.835,12.515,0.132341170725017,0.680000000000007,"2002",6,2025-06-20
2002-06-21,12.3650626086957,11.909,12.623,0.17263189042725,0.713999999999999,"2002",6,2025-06-21
2002-06-22,12.3499965217391,11.935,12.659,0.163035277562989,0.72399999999999,"2002",6,2025-06-22
2002-06-23,12.2561808695652,11.963,12.54,0.133587625326441,0.576999999999998,"2002",6,2025-06-23
2002-06-24,12.3504747826087,12.031,12.61,0.158508671458172,0.579000000000008,"2002",6,2025-06-24
2002-06-25,12.5575547826087,12.102,12.883,0.193345802503064,0.781000000000006,"2002",6,2025-06-25
2002-06-26,12.4474695652174,12.101,12.724,0.157244960907008,0.62299999999999,"2002",6,2025-06-26
2002-06-27,12.5550330434783,12.208,12.813,0.136237049841193,0.604999999999961,"2002",6,2025-06-27
2002-06-28,15.24632,15.079,15.468,0.0915208618475043,0.38900000000001,"2002",6,2025-06-28
2002-06-29,15.3212695652174,15.085,15.652,0.138362103942162,0.567000000000007,"2002",6,2025-06-29
2002-06-30,15.6300052173913,15.286,16.027,0.188106968717399,0.740999999999985,"2002",6,2025-06-30
2002-07-01,16.1467617391304,15.742,16.642,0.217010670903919,0.899999999999977,"2002",7,2025-07-01
2002-07-02,17.4374991304348,17.063,17.797,0.188539461343144,0.734000000000037,"2002",7,2025-07-02
2002-07-03,17.5813634782609,17.269,17.899,0.194000624271793,0.629999999999995,"2002",7,2025-07-03
2002-07-04,17.8131895652174,17.469,18.325,0.196120680055115,0.855999999999995,"2002",7,2025-07-04
2002-07-05,17.8754886956522,17.603,18.358,0.18267590766526,0.754999999999995,"2002",7,2025-07-05
2002-07-06,17.7448052173913,17.388,18.092,0.171044924434553,0.704000000000008,"2002",7,2025-07-06
2002-07-07,17.4355426086957,17.115,18.037,0.235477225816426,0.921999999999969,"2002",7,2025-07-07
2002-07-08,17.3039565217391,16.926,18.096,0.273866698394717,1.17000000000002,"2002",7,2025-07-08
2002-07-09,17.175252173913,16.753,17.665,0.166247246891263,0.912000000000035,"2002",7,2025-07-09
2002-07-10,16.7825495652174,16.461,17.109,0.144300211747723,0.647999999999968,"2002",7,2025-07-10
2002-07-11,15.9153947826087,15.437,16.579,0.321841411875195,1.142,"2002",7,2025-07-11
2002-07-12,15.7347704347826,15.097,16.423,0.366224649970925,1.32600000000002,"2002",7,2025-07-12
2002-07-13,15.497,15.07,15.967,0.245105545067827,0.896999999999991,"2002",7,2025-07-13
2002-07-14,15.7997634782609,15.381,16.191,0.252374106446372,0.810000000000002,"2002",7,2025-07-14
2002-07-15,15.800907826087,15.27,16.231,0.285336289506571,0.961000000000013,"2002",7,2025-07-15
2002-07-16,15.6750347826087,15.287,16.041,0.208040431377444,0.754000000000019,"2002",7,2025-07-16
2002-07-17,15.7394330434783,15.608,15.975,0.0771449738469729,0.367000000000019,"2002",7,2025-07-17
2002-07-18,15.2355930434783,14.914,15.547,0.148781431090163,0.633000000000038,"2002",7,2025-07-18
2002-07-19,15.629747826087,15.445,15.843,0.0626823810718265,0.398000000000025,"2002",7,2025-07-19
2002-07-20,15.9525582608696,15.857,16.089,0.0677413069401503,0.232000000000028,"2002",7,2025-07-20
2002-07-21,15.8484904347826,15.592,16.256,0.138670364015107,0.663999999999987,"2002",7,2025-07-21
2002-07-22,15.8384834782609,15.454,16.395,0.187845679457945,0.940999999999974,"2002",7,2025-07-22
2002-07-23,15.8087669565217,15.626,16.095,0.104311871338048,0.469000000000051,"2002",7,2025-07-23
2002-07-24,15.9838904347826,15.373,16.495,0.277030910920083,1.12200000000001,"2002",7,2025-07-24
2002-07-25,16.236692173913,14.973,16.876,0.534882729201345,1.90299999999996,"2002",7,2025-07-25
2002-07-26,16.2298660869565,15.331,16.714,0.385296312708255,1.38299999999998,"2002",7,2025-07-26
2002-07-27,16.05208,15.512,16.439,0.247640637971463,0.927000000000021,"2002",7,2025-07-27
2002-07-28,16.4648556521739,16.304,16.552,0.0437279963409066,0.248000000000047,"2002",7,2025-07-28
2002-07-29,17.7647443478261,17.491,17.872,0.0741094564248469,0.381000000000029,"2002",7,2025-07-29
2002-07-30,17.7560782608696,17.402,17.965,0.100102208031188,0.562999999999988,"2002",7,2025-07-30
2002-07-31,17.6828782608696,17.338,18.146,0.173271812601665,0.807999999999993,"2002",7,2025-07-31
2002-08-01,17.6181843478261,17.302,18.043,0.12969569354961,0.740999999999985,"2002",8,2025-08-01
2002-08-02,17.7006782608696,17.389,18.25,0.162590384824528,0.86099999999999,"2002",8,2025-08-02
2002-08-03,18.2609582608696,17.762,18.741,0.220524789816928,0.978999999999985,"2002",8,2025-08-03
2002-08-04,18.64892,18.038,19.11,0.238352812601953,1.072,"2002",8,2025-08-04
2002-08-05,17.203307826087,16.976,17.479,0.139213686016088,0.502999999999986,"2002",8,2025-08-05
2002-08-06,17.5249704347826,17.053,18.255,0.317543315099053,1.202,"2002",8,2025-08-06
2002-08-07,17.4653843478261,17.03,18.255,0.332570555399966,1.22500000000002,"2002",8,2025-08-07
2002-08-08,17.4392208695652,17.012,18.221,0.317008586891595,1.209,"2002",8,2025-08-08
2002-08-09,17.1606260869565,16.659,17.631,0.209540872783965,0.97199999999998,"2002",8,2025-08-09
2002-08-10,17.414227826087,17.045,17.596,0.0801823613461831,0.550999999999988,"2002",8,2025-08-10
2002-08-11,17.8229669565217,17.552,18.279,0.199137208542469,0.726999999999975,"2002",8,2025-08-11
2002-08-12,17.9365826086957,17.67,18.41,0.200262953558804,0.740000000000009,"2002",8,2025-08-12
2002-08-13,18.4863217391304,17.908,19.412,0.380850468334252,1.50399999999996,"2002",8,2025-08-13
2002-08-14,18.5437513043478,17.9,19.469,0.411829282474362,1.56900000000002,"2002",8,2025-08-14
2002-08-15,18.4167773913044,17.969,19.177,0.299239755372299,1.20800000000003,"2002",8,2025-08-15
2002-08-16,18.3500573913043,17.994,19.111,0.288493652084123,1.11699999999996,"2002",8,2025-08-16
2002-08-17,18.3470173913043,17.991,18.684,0.148035355898414,0.69300000000004,"2002",8,2025-08-17
2002-08-18,18.4517582608696,17.989,19.055,0.271259173156155,1.06600000000003,"2002",8,2025-08-18
2002-08-19,18.5557791304348,17.998,19.175,0.276554532271305,1.17700000000002,"2002",8,2025-08-19
2002-08-20,18.2606295652174,17.757,18.634,0.203030112669298,0.87700000000001,"2002",8,2025-08-20
2002-08-21,17.9366695652174,17.206,18.695,0.379761834445455,1.48899999999998,"2002",8,2025-08-21
2002-08-22,17.7634330434783,17.228,18.559,0.349404060028022,1.33100000000002,"2002",8,2025-08-22
2002-08-23,17.6677530434783,17.388,18.212,0.210209497841752,0.824000000000012,"2002",8,2025-08-23
2002-08-24,17.5155130434783,16.81,17.934,0.302892397184347,1.12400000000002,"2002",8,2025-08-24
2002-08-25,17.3013373913043,16.588,18.113,0.277054267524364,1.52499999999998,"2002",8,2025-08-25
2002-08-26,17.3322156521739,16.565,18.076,0.281940208092516,1.51100000000002,"2002",8,2025-08-26
2002-08-27,17.4475252173913,16.885,17.936,0.247270688421661,1.05099999999999,"2002",8,2025-08-27
2002-08-28,17.5695147826087,17.09,17.898,0.195779241853358,0.80800000000005,"2002",8,2025-08-28
2002-08-29,17.026307826087,16.625,17.437,0.196231608316317,0.812000000000012,"2002",8,2025-08-29
2002-08-30,16.9064626086957,16.499,17.345,0.206227568502865,0.846000000000004,"2002",8,2025-08-30
2002-08-31,16.8872591304348,16.465,17.557,0.187525163884303,1.09200000000004,"2002",8,2025-08-31
2002-09-01,16.7234643478261,16.29,17.326,0.155158652193172,1.036,"2002",9,2025-09-01
2002-09-02,16.5928904347826,16.254,17.007,0.120210428865381,0.752999999999986,"2002",9,2025-09-02
2002-09-03,16.6486330434783,16.031,17.106,0.271897044373378,1.07499999999999,"2002",9,2025-09-03
2002-09-04,16.7772504347826,16.35,17.008,0.107688186610811,0.657999999999959,"2002",9,2025-09-04
2002-09-05,16.7607252173913,16.291,17.133,0.197193587934693,0.841999999999985,"2002",9,2025-09-05
2002-09-06,16.813107826087,16.318,17.36,0.228990791907374,1.04200000000003,"2002",9,2025-09-06
2002-09-07,17.0533426086957,16.42,17.845,0.334070241070337,1.42500000000001,"2002",9,2025-09-07
2002-09-08,17.2063513043478,16.446,17.939,0.374705684821892,1.49299999999999,"2002",9,2025-09-08
2002-09-09,17.2188991304348,16.547,17.826,0.279560637583961,1.279,"2002",9,2025-09-09
2002-09-10,17.0998504347826,16.494,17.504,0.235358023432519,1.00999999999999,"2002",9,2025-09-10
2002-09-11,17.0347843478261,16.645,17.505,0.216388697476779,0.860000000000014,"2002",9,2025-09-11
2002-09-12,16.682867826087,16.093,17.219,0.274333306376433,1.12599999999998,"2002",9,2025-09-12
2002-09-13,15.6193339130435,15.236,16.181,0.269031499161867,0.944999999999993,"2002",9,2025-09-13
2002-09-14,14.4960260869565,13.966,14.935,0.187496232755165,0.968999999999994,"2002",9,2025-09-14
2002-09-15,14.0730469565217,13.682,14.393,0.17261660065765,0.710999999999956,"2002",9,2025-09-15
2002-09-16,14.1646017391304,13.625,14.52,0.189254892361293,0.894999999999982,"2002",9,2025-09-16
2002-09-17,14.2894608695652,13.442,14.723,0.25354419056091,1.28100000000001,"2002",9,2025-09-17
2002-09-18,15.3007373913043,14.686,16.272,0.412758573473357,1.58600000000001,"2002",9,2025-09-18
2002-09-19,15.137827826087,14.622,16.024,0.43856108946134,1.40199999999999,"2002",9,2025-09-19
2002-09-20,14.9901739130435,14.432,15.995,0.463478633346951,1.56299999999999,"2002",9,2025-09-20
2002-09-21,15.3171547826087,14.802,15.668,0.213322567517955,0.865999999999985,"2002",9,2025-09-21
2002-09-22,15.4721426086957,15.033,15.751,0.122115929283696,0.717999999999961,"2002",9,2025-09-22
2002-09-23,15.2804104347826,14.919,15.663,0.161302867990424,0.744000000000028,"2002",9,2025-09-23
2002-09-24,14.6331686956522,14.298,15.221,0.206271887811348,0.923000000000002,"2002",9,2025-09-24
2002-09-25,14.5767704347826,14.064,15.583,0.32216529966625,1.51900000000001,"2002",9,2025-09-25
2002-09-26,14.5416504347826,14.191,15.034,0.197218050575517,0.843000000000018,"2002",9,2025-09-26
2002-09-27,15.134132173913,14.943,15.341,0.0773181575194317,0.398000000000025,"2002",9,2025-09-27
2002-09-28,15.2338869565217,14.907,15.602,0.13266397816042,0.694999999999993,"2002",9,2025-09-28
2002-09-29,15.1965565217391,14.755,15.57,0.151887806527886,0.814999999999998,"2002",9,2025-09-29
2002-09-30,15.0385513043478,14.736,15.394,0.148662259201901,0.658000000000015,"2002",9,2025-09-30
2002-10-01,15.1644504347826,14.747,15.506,0.204820250665219,0.758999999999958,"2002",10,2025-10-01
2002-10-02,15.2548591304348,14.863,15.504,0.12428986849455,0.64100000000002,"2002",10,2025-10-02
2002-10-03,14.9087217391304,14.666,15.259,0.107741799030341,0.593000000000018,"2002",10,2025-10-03
2002-10-04,14.537707826087,14.229,15.026,0.146669512321305,0.797000000000025,"2002",10,2025-10-04
2002-10-05,14.5836869565217,13.962,15.08,0.325183024455508,1.11799999999999,"2002",10,2025-10-05
2002-10-06,14.4447495652174,13.849,14.941,0.313534586885013,1.09199999999998,"2002",10,2025-10-06
2002-10-07,14.0502713043478,13.589,14.371,0.218205388959449,0.781999999999982,"2002",10,2025-10-07
2002-10-08,13.749652173913,13.406,14.242,0.209765251383003,0.836000000000013,"2002",10,2025-10-08
2002-10-09,13.6403739130435,13.332,14.083,0.166170856872335,0.751000000000033,"2002",10,2025-10-09
2002-10-10,13.7245391304348,13.583,14.058,0.104390689953983,0.474999999999966,"2002",10,2025-10-10
2002-10-11,14.0651565217391,13.916,14.249,0.0810774773892057,0.333000000000027,"2002",10,2025-10-11
2002-10-12,12.9429217391304,12.632,13.247,0.155875092260482,0.615000000000009,"2002",10,2025-10-12
2002-10-13,13.1534243478261,12.874,13.359,0.113357106316684,0.484999999999957,"2002",10,2025-10-13
2002-10-14,13.0914486956522,12.566,13.319,0.157081650778701,0.753000000000043,"2002",10,2025-10-14
2002-10-15,13.0621513043478,12.527,13.339,0.161561532039825,0.812000000000012,"2002",10,2025-10-15
2002-10-16,13.0219426086957,12.519,13.26,0.161273563257362,0.740999999999985,"2002",10,2025-10-16
2002-10-17,12.6303095652174,12.475,12.875,0.100657497867711,0.399999999999977,"2002",10,2025-10-17
2002-10-18,12.5909356521739,12.375,12.904,0.157572120643407,0.528999999999996,"2002",10,2025-10-18
2002-10-19,12.3937982608696,12.128,12.729,0.183877347955225,0.600999999999999,"2002",10,2025-10-19
2002-10-20,12.302292173913,12.009,12.54,0.150550817440575,0.531000000000006,"2002",10,2025-10-20
2002-10-21,12.1237982608696,11.764,12.324,0.141295096086717,0.560000000000002,"2002",10,2025-10-21
2002-10-22,11.9414313043478,11.514,12.185,0.15752082455395,0.670999999999992,"2002",10,2025-10-22
2002-10-23,11.7561982608696,11.263,12.006,0.175238053111457,0.742999999999995,"2002",10,2025-10-23
2002-10-24,11.6618469565217,11.095,11.909,0.182679344993929,0.813999999999965,"2002",10,2025-10-24
2002-10-25,11.6780991304348,11.206,11.912,0.156277010763961,0.70599999999996,"2002",10,2025-10-25
2002-10-26,11.616892173913,11.357,11.863,0.13959534173252,0.506000000000029,"2002",10,2025-10-26
2002-10-27,11.3721165217391,11.237,11.636,0.0911987452638823,0.399000000000001,"2002",10,2025-10-27
2002-10-28,11.2630052173913,10.978,11.515,0.119347872234395,0.536999999999978,"2002",10,2025-10-28
2002-10-29,11.1626156521739,10.821,11.536,0.136576050333203,0.714999999999975,"2002",10,2025-10-29
2002-10-30,10.95628,10.741,11.207,0.101344927281608,0.466000000000008,"2002",10,2025-10-30
2002-10-31,10.8625773913043,10.549,11.08,0.115664843119892,0.531000000000006,"2002",10,2025-10-31
2002-11-01,10.7072608695652,10.541,10.919,0.0929488907327083,0.377999999999986,"2002",11,2025-11-01
2002-11-02,10.1611269565217,9.67000000000002,10.587,0.218540549232492,0.916999999999973,"2002",11,2025-11-02
2002-11-03,10.0830434782609,9.79300000000001,10.54,0.175035346918294,0.747000000000014,"2002",11,2025-11-03
2002-11-04,9.86727826086956,9.45299999999997,10.225,0.204440297710555,0.772000000000048,"2002",11,2025-11-04
2002-11-05,9.66576869565217,9.34800000000001,10.057,0.184822347305802,0.709000000000003,"2002",11,2025-11-05
2002-11-06,9.42422434782609,9.31700000000001,9.64499999999998,0.0770711248858342,0.327999999999975,"2002",11,2025-11-06
2002-11-07,9.48567826086957,9.29199999999997,9.67200000000003,0.0903492399180233,0.380000000000052,"2002",11,2025-11-07
2002-11-08,9.32018260869565,9.05799999999999,9.60699999999997,0.141948399529798,0.548999999999978,"2002",11,2025-11-08
2002-11-09,9.34451652173913,9.02699999999999,9.69900000000001,0.161706866858752,0.672000000000025,"2002",11,2025-11-09
2002-11-10,9.37486608695652,9.00299999999999,9.892,0.204219328911011,0.88900000000001,"2002",11,2025-11-10
2002-11-11,9.44024869565217,9.096,9.87200000000001,0.181041525240857,0.77600000000001,"2002",11,2025-11-11
2002-11-12,9.4370052173913,9.339,9.49799999999999,0.0365435872711042,0.158999999999992,"2002",11,2025-11-12
2002-11-13,9.24626608695652,9.13600000000002,9.44099999999997,0.0604211452114922,0.30499999999995,"2002",11,2025-11-13
2002-11-14,9.35522434782609,9.26400000000001,9.47800000000001,0.0423702376298812,0.213999999999999,"2002",11,2025-11-14
2002-11-15,9.61769913043478,9.46699999999998,9.726,0.0634964531584431,0.259000000000015,"2002",11,2025-11-15
2002-11-16,9.48662782608696,9.34399999999999,9.61099999999999,0.0629112858426921,0.266999999999996,"2002",11,2025-11-16
2002-11-17,8.97885739130435,8.67599999999999,9.39699999999999,0.187437191831517,0.721000000000004,"2002",11,2025-11-17
2002-11-18,8.78181217391304,8.28100000000001,9.48000000000002,0.31272583676514,1.19900000000001,"2002",11,2025-11-18
2002-11-19,8.73832347826087,8.30399999999997,9.536,0.320355415193233,1.23200000000003,"2002",11,2025-11-19
2002-11-20,8.74423652173913,8.274,9.34800000000001,0.287446264734528,1.07400000000001,"2002",11,2025-11-20
2002-11-21,8.32894086956522,8.048,8.85699999999997,0.206955086062958,0.808999999999969,"2002",11,2025-11-21
2002-11-22,8.29506434782609,8.03899999999999,8.68599999999998,0.167457481311722,0.646999999999991,"2002",11,2025-11-22
2002-11-23,8.64712347826087,8.38600000000002,8.91699999999997,0.135815040200543,0.530999999999949,"2002",11,2025-11-23
2002-11-24,8.59897739130435,8.29199999999997,9.05799999999999,0.206059067282202,0.76600000000002,"2002",11,2025-11-24
2002-11-25,8.52862434782609,8.21899999999999,9.041,0.208309910754015,0.822000000000003,"2002",11,2025-11-25
2002-11-26,8.4350852173913,8.11799999999999,8.767,0.162856849264998,0.649000000000001,"2002",11,2025-11-26
2002-11-27,7.86738608695652,7.66800000000001,8.30200000000002,0.143954879985345,0.634000000000015,"2002",11,2025-11-27
2002-11-28,7.89246608695652,7.60500000000002,8.40300000000002,0.184179464293427,0.798000000000002,"2002",11,2025-11-28
2002-11-29,7.88944869565217,7.64699999999999,8.32999999999998,0.160434331201544,0.682999999999993,"2002",11,2025-11-29
2002-11-30,8.25435478260869,8.04700000000003,8.51299999999998,0.102488170680943,0.465999999999951,"2002",11,2025-11-30
2002-12-01,8.21522086956522,7.94999999999999,8.69900000000001,0.216390572121511,0.749000000000024,"2002",12,2025-12-01
2002-12-02,7.99373565217391,7.57799999999997,8.666,0.318226514714716,1.08800000000002,"2002",12,2025-12-02
2002-12-03,7.92186608695652,7.66500000000002,8.50400000000002,0.200716437562627,0.838999999999999,"2002",12,2025-12-03
2002-12-04,7.70794608695652,7.38,8.387,0.20999073867373,1.00700000000001,"2002",12,2025-12-04
2002-12-05,7.50680347826087,7.214,8.25700000000001,0.255821689020394,1.04300000000001,"2002",12,2025-12-05
2002-12-06,7.42454434782609,7.19200000000001,7.97699999999998,0.173064440975587,0.784999999999968,"2002",12,2025-12-06
2002-12-07,7.35018782608696,7.04300000000001,8.08499999999998,0.21097906709077,1.04199999999997,"2002",12,2025-12-07
2002-12-08,7.0721252173913,6.77999999999997,7.77499999999998,0.215897918291393,0.995000000000005,"2002",12,2025-12-08
2002-12-09,6.86796,6.64999999999998,7.59300000000002,0.206460338126991,0.94300000000004,"2002",12,2025-12-09
2002-12-10,6.73997217391304,6.53699999999998,7.31599999999997,0.166375868256032,0.778999999999996,"2002",12,2025-12-10
2002-12-11,6.72424347826087,6.56400000000002,7.05799999999999,0.109047203226101,0.493999999999971,"2002",12,2025-12-11
2002-12-12,6.28788869565217,6.05900000000003,6.81999999999999,0.16641577625416,0.760999999999967,"2002",12,2025-12-12
2002-12-13,6.1166852173913,5.81799999999998,6.86599999999999,0.221550577925229,1.048,"2002",12,2025-12-13
2002-12-14,6.20171652173913,5.83199999999999,6.88400000000001,0.232480836545086,1.05200000000002,"2002",12,2025-12-14
2002-12-15,6.42183304347826,6.04399999999998,6.97899999999998,0.218830156930402,0.935000000000002,"2002",12,2025-12-15
2002-12-16,6.27625565217391,5.81200000000001,6.887,0.263418809828204,1.07499999999999,"2002",12,2025-12-16
2002-12-17,6.03263826086956,5.48000000000002,6.80900000000003,0.288066033486314,1.32900000000001,"2002",12,2025-12-17
2002-12-18,5.95992695652174,5.37900000000002,6.79599999999999,0.310349777190824,1.41699999999997,"2002",12,2025-12-18
2002-12-19,6.13164869565217,5.55099999999999,6.88600000000002,0.308560632334543,1.33500000000004,"2002",12,2025-12-19
2002-12-20,6.40471826086956,5.89300000000003,6.79599999999999,0.205793807527055,0.902999999999963,"2002",12,2025-12-20
2002-12-21,6.53129739130435,5.99400000000003,7.09500000000003,0.23250063933855,1.101,"2002",12,2025-12-21
2002-12-22,6.51018608695652,6.02499999999998,7.09300000000002,0.236766910358972,1.06800000000004,"2002",12,2025-12-22
2002-12-23,6.53222608695652,5.99799999999999,7.041,0.232721486457636,1.04300000000001,"2002",12,2025-12-23
2002-12-24,6.37498956521739,5.95400000000001,6.697,0.173337659329404,0.742999999999995,"2002",12,2025-12-24
2002-12-25,5.77768173913043,5.43599999999998,6.108,0.15290363136556,0.672000000000025,"2002",12,2025-12-25
2002-12-26,5.39975130434783,4.98399999999998,5.89800000000002,0.212663544103017,0.914000000000044,"2002",12,2025-12-26
2002-12-27,5.40698956521739,4.92599999999999,6.00900000000001,0.251461851199532,1.08300000000003,"2002",12,2025-12-27
2002-12-28,5.44800347826087,5.01800000000003,6.029,0.228172553725452,1.01099999999997,"2002",12,2025-12-28
2002-12-29,5.44403652173913,5.02199999999999,5.916,0.187706263936454,0.894000000000005,"2002",12,2025-12-29
2002-12-30,5.32928,4.88400000000001,5.95499999999998,0.209783503468519,1.07099999999997,"2002",12,2025-12-30
2002-12-31,5.29022782608696,4.84300000000002,5.79599999999999,0.207704716842385,0.952999999999975,"2002",12,2025-12-31
2003-01-01,5.18408,4.86200000000002,5.60199999999998,0.163296359132478,0.739999999999952,"2003",1,2025-01-01
2003-01-02,5.0319652173913,4.81200000000001,5.57299999999998,0.184883706287979,0.760999999999967,"2003",1,2025-01-02
2003-01-03,5.14364347826087,4.73099999999999,5.48199999999997,0.165196524886483,0.750999999999976,"2003",1,2025-01-03
2003-01-04,4.99050782608696,4.69499999999999,5.291,0.13091376603418,0.596000000000004,"2003",1,2025-01-04
2003-01-05,4.94092347826087,4.654,5.22199999999998,0.127619825725448,0.567999999999984,"2003",1,2025-01-05
2003-01-06,3.70740173913043,3.286,4.24700000000001,0.228638875821764,0.961000000000013,"2003",1,2025-01-06
2003-01-07,3.50421565217391,2.95100000000002,4.00299999999999,0.263125429673085,1.05199999999996,"2003",1,2025-01-07
2003-01-08,3.61188173913043,2.99900000000002,4.08699999999999,0.274867234211289,1.08799999999997,"2003",1,2025-01-08
2003-01-09,3.51948869565218,2.93400000000003,3.95499999999998,0.252642975964195,1.02099999999996,"2003",1,2025-01-09
2003-01-10,3.6278347826087,3.15800000000002,4.08800000000002,0.242605842070792,0.930000000000007,"2003",1,2025-01-10
2003-01-11,3.55007130434783,3.05799999999999,3.95100000000002,0.23937307809482,0.893000000000029,"2003",1,2025-01-11
2003-01-12,3.65642260869565,3.17399999999998,4.14300000000003,0.229022556844748,0.969000000000051,"2003",1,2025-01-12
2003-01-13,3.64706608695652,3.19400000000002,4.06099999999998,0.217635982116959,0.866999999999962,"2003",1,2025-01-13
2003-01-14,3.49901391304348,3.072,4.08699999999999,0.23017632193367,1.01499999999999,"2003",1,2025-01-14
2003-01-15,3.52446782608696,3.09399999999999,4.23000000000002,0.237126435183189,1.13600000000002,"2003",1,2025-01-15
2003-01-16,3.51802608695652,3.05099999999999,4.113,0.245915400769669,1.06200000000001,"2003",1,2025-01-16
2003-01-17,3.37237391304348,2.89400000000001,4.029,0.250713284223692,1.13499999999999,"2003",1,2025-01-17
2003-01-18,3.06093043478261,2.70100000000002,3.56400000000002,0.189264232902264,0.863,"2003",1,2025-01-18
2003-01-19,2.82362260869565,2.423,3.27499999999998,0.211426007460798,0.851999999999975,"2003",1,2025-01-19
2003-01-20,2.84149913043478,2.36900000000003,3.60500000000002,0.288368212611131,1.23599999999999,"2003",1,2025-01-20
2003-01-21,3.27136347826087,2.88200000000001,3.86900000000003,0.227242794196017,0.987000000000023,"2003",1,2025-01-21
2003-01-22,3.43825565217391,3.06900000000002,3.93400000000003,0.19807970723071,0.865000000000009,"2003",1,2025-01-22
2003-01-23,3.6758347826087,3.31599999999997,4.14499999999998,0.198458972951231,0.829000000000008,"2003",1,2025-01-23
2003-01-24,3.58070956521739,3.25,4.09500000000003,0.190384346711612,0.845000000000027,"2003",1,2025-01-24
2003-01-25,3.60468173913043,3.22300000000001,4.19299999999998,0.2127656968102,0.96999999999997,"2003",1,2025-01-25
2003-01-26,3.82749043478261,3.36000000000001,4.36799999999999,0.246823681575322,1.00799999999998,"2003",1,2025-01-26
2003-01-27,2.88429043478261,2.53500000000003,3.44,0.196126818894133,0.904999999999973,"2003",1,2025-01-27
2003-01-28,2.63188695652174,2.255,3.17500000000001,0.218594248293643,0.920000000000016,"2003",1,2025-01-28
2003-01-29,2.47826434782609,2.06900000000002,3.10500000000002,0.23198087982581,1.036,"2003",1,2025-01-29
2003-01-30,2.38740347826087,1.96899999999999,2.99400000000003,0.225874916793922,1.02500000000003,"2003",1,2025-01-30
2003-01-31,2.22721565217391,1.815,2.86900000000003,0.224304147589077,1.05400000000003,"2003",1,2025-01-31
2003-02-01,2.66428695652174,2.27499999999998,3.21199999999999,0.199855416607459,0.937000000000012,"2003",2,2025-02-01
2003-02-02,2.7872747826087,2.45600000000002,3.125,0.160017369398815,0.668999999999983,"2003",2,2025-02-02
2003-02-03,2.51950782608696,2.09699999999998,3.04399999999998,0.226605029124156,0.947000000000003,"2003",2,2025-02-03
2003-02-04,2.30141739130435,1.85399999999998,3.017,0.2614922528552,1.16300000000001,"2003",2,2025-02-04
2003-02-05,2.25191652173913,1.714,2.99000000000001,0.304039849284657,1.27600000000001,"2003",2,2025-02-05
2003-02-06,2.27742608695652,1.76600000000002,3.21699999999998,0.306854919835083,1.45099999999996,"2003",2,2025-02-06
2003-02-07,2.38307826086957,1.81099999999998,3.25400000000002,0.302080836604476,1.44300000000004,"2003",2,2025-02-07
2003-02-08,2.10805391304348,1.45600000000002,2.94299999999998,0.322582742886503,1.48699999999997,"2003",2,2025-02-08
2003-02-09,1.91308347826087,1.22699999999998,2.90699999999998,0.354158555195052,1.68000000000001,"2003",2,2025-02-09
2003-02-10,2.07355130434782,1.517,2.76100000000002,0.263995394574055,1.24400000000003,"2003",2,2025-02-10
2003-02-11,2.06513043478261,1.54500000000002,2.55599999999998,0.242827210966356,1.01099999999997,"2003",2,2025-02-11
2003-02-12,1.87481913043478,1.36900000000003,2.56200000000001,0.260929086410716,1.19299999999998,"2003",2,2025-02-12
2003-02-13,1.39317739130435,0.802000000000021,2.47199999999998,0.353462647307976,1.66999999999996,"2003",2,2025-02-13
2003-02-14,1.38410782608696,0.896999999999991,2.363,0.302182610050106,1.46600000000001,"2003",2,2025-02-14
2003-02-15,1.27143826086956,0.740000000000009,2.35000000000002,0.31184382973423,1.61000000000001,"2003",2,2025-02-15
2003-02-16,1.27984869565217,0.793999999999983,2.22399999999999,0.27238154679102,1.43000000000001,"2003",2,2025-02-16
2003-02-17,1.49231304347826,1.08100000000002,1.98700000000002,0.197825881859286,0.906000000000006,"2003",2,2025-02-17
2003-02-18,1.8621652173913,1.50999999999999,2.16399999999999,0.149200396681592,0.653999999999996,"2003",2,2025-02-18
2003-02-19,1.92290086956522,1.47500000000002,2.56,0.242591565921789,1.08499999999998,"2003",2,2025-02-19
2003-02-20,1.6362747826087,1.13200000000001,2.58100000000002,0.321480922601053,1.44900000000001,"2003",2,2025-02-20
2003-02-21,1.5762747826087,1.096,2.51800000000003,0.331123161461646,1.42200000000003,"2003",2,2025-02-21
2003-02-22,1.97442956521739,1.53300000000002,2.52699999999999,0.234439129404954,0.993999999999971,"2003",2,2025-02-22
2003-02-23,2.52656173913043,2.24599999999998,2.97399999999999,0.152927788966182,0.728000000000009,"2003",2,2025-02-23
2003-02-24,2.45534260869565,2.19600000000003,2.69499999999999,0.128625875562666,0.498999999999967,"2003",2,2025-02-24
2003-02-25,2.43739652173913,2.11599999999999,2.93000000000001,0.186868218267136,0.814000000000021,"2003",2,2025-02-25
2003-02-26,1.98193913043478,1.62200000000001,2.815,0.256482446606704,1.19299999999998,"2003",2,2025-02-26
2003-02-27,1.89539478260869,1.46699999999998,2.73099999999999,0.289774751475936,1.26400000000001,"2003",2,2025-02-27
2003-02-28,1.66349913043478,1.20600000000002,2.55900000000003,0.324046415970112,1.35300000000001,"2003",2,2025-02-28
2003-03-01,1.6325252173913,1.21699999999998,2.70699999999999,0.363708309114699,1.49000000000001,"2003",3,2025-03-01
2003-03-02,1.90077913043478,1.49200000000002,2.51800000000003,0.236292129144012,1.02600000000001,"2003",3,2025-03-02
2003-03-03,1.96041217391304,1.625,2.48700000000002,0.188066057575035,0.862000000000023,"2003",3,2025-03-03
2003-03-04,1.76157043478261,1.33600000000001,2.49000000000001,0.247652282709739,1.154,"2003",3,2025-03-04
2003-03-05,1.94158260869565,1.50599999999997,2.46100000000001,0.245362150836002,0.955000000000041,"2003",3,2025-03-05
2003-03-06,1.61263652173913,1.31700000000001,1.98700000000002,0.164207085585615,0.670000000000016,"2003",3,2025-03-06
2003-03-07,1.61793391304348,1.33499999999998,1.976,0.149858617973751,0.64100000000002,"2003",3,2025-03-07
2003-03-08,1.71978608695652,1.40100000000001,2.10399999999998,0.172271616671522,0.702999999999975,"2003",3,2025-03-08
2003-03-09,1.74436173913043,1.40199999999999,2.18599999999998,0.195253497152496,0.783999999999992,"2003",3,2025-03-09
2003-03-10,1.79277913043478,1.38099999999997,2.25200000000001,0.22365568574439,0.871000000000038,"2003",3,2025-03-10
2003-03-11,1.76373391304348,1.32900000000001,2.25099999999998,0.228889130262736,0.921999999999969,"2003",3,2025-03-11
2003-03-12,1.87473913043478,1.42000000000002,2.39400000000001,0.232449308360835,0.97399999999999,"2003",3,2025-03-12
2003-03-13,1.79569217391304,1.42000000000002,2.32400000000001,0.186327025626224,0.903999999999996,"2003",3,2025-03-13
2003-03-14,1.89763826086956,1.48199999999997,2.38,0.217735225672633,0.898000000000025,"2003",3,2025-03-14
2003-03-15,1.80272695652174,1.38,2.20699999999999,0.217969590517913,0.826999999999998,"2003",3,2025-03-15
2003-03-16,1.59477913043478,1.19400000000002,2.02499999999998,0.207702476459635,0.83099999999996,"2003",3,2025-03-16
2003-03-17,2.08174434782609,1.43799999999999,2.84500000000003,0.374462279793349,1.40700000000004,"2003",3,2025-03-17
2003-03-18,1.97726086956522,1.166,2.94600000000003,0.50603276406706,1.78000000000003,"2003",3,2025-03-18
2003-03-19,1.97111478260869,1.16500000000002,2.92500000000001,0.487701250203527,1.75999999999999,"2003",3,2025-03-19
2003-03-20,1.85827652173913,1.23899999999998,2.71899999999999,0.416615760257816,1.48000000000002,"2003",3,2025-03-20
2003-03-21,1.87065043478261,1.36200000000002,2.57799999999997,0.313420231801924,1.21599999999995,"2003",3,2025-03-21
2003-03-22,2.24366608695652,1.45299999999997,3.25799999999998,0.471092879959196,1.80500000000001,"2003",3,2025-03-22
2003-03-23,2.32064869565217,1.339,3.47300000000001,0.615523944736891,2.13400000000001,"2003",3,2025-03-23
2003-03-24,2.42244,1.59699999999998,3.56900000000002,0.558438286653056,1.97200000000004,"2003",3,2025-03-24
2003-03-25,2.64040347826087,1.95299999999997,3.63299999999998,0.454423857754619,1.68000000000001,"2003",3,2025-03-25
2003-03-26,2.91150956521739,2.12,3.68000000000001,0.337617626159703,1.56,"2003",3,2025-03-26
2003-03-27,2.95568347826087,2.20799999999997,3.56200000000001,0.314840782705767,1.35400000000004,"2003",3,2025-03-27
2003-03-28,2.97557217391304,2.26499999999999,3.62900000000002,0.300563850941281,1.36400000000003,"2003",3,2025-03-28
2003-03-29,2.99152173913043,2.50999999999999,3.72399999999999,0.292393163663669,1.214,"2003",3,2025-03-29
2003-03-30,2.91997391304348,2.57999999999998,3.13499999999999,0.148112730213801,0.555000000000007,"2003",3,2025-03-30
2003-03-31,3.03167826086956,2.74099999999999,3.26999999999998,0.135637913911819,0.528999999999996,"2003",3,2025-03-31
2003-04-01,2.98422086956522,2.755,3.30500000000001,0.122847154045514,0.550000000000011,"2003",4,2025-04-01
2003-04-02,3.20139130434783,2.96600000000001,3.36599999999999,0.109316764389176,0.399999999999977,"2003",4,2025-04-02
2003-04-03,2.96385217391304,2.75200000000001,3.18799999999999,0.101239069481683,0.435999999999979,"2003",4,2025-04-03
2003-04-04,2.69996173913043,2.47300000000001,2.86099999999999,0.0914382291662935,0.387999999999977,"2003",4,2025-04-04
2003-04-05,2.84461739130435,2.387,3.017,0.12531229161069,0.629999999999995,"2003",4,2025-04-05
2003-04-06,3.02961391304348,2.42599999999999,3.30900000000003,0.181311224376307,0.883000000000038,"2003",4,2025-04-06
2003-04-07,3.02607826086957,2.471,3.32499999999999,0.172604073933477,0.853999999999985,"2003",4,2025-04-07
2003-04-08,2.86111130434783,2.37599999999998,3.04300000000001,0.144748278901034,0.66700000000003,"2003",4,2025-04-08
2003-04-09,2.69884869565217,2.34399999999999,3.226,0.210742803748835,0.882000000000005,"2003",4,2025-04-09
2003-04-10,2.75302434782609,2.24000000000001,3.38999999999999,0.281353645738971,1.14999999999998,"2003",4,2025-04-10
2003-04-11,3.13904869565217,2.49299999999999,3.82799999999997,0.3477727607145,1.33499999999998,"2003",4,2025-04-11
2003-04-12,3.37090086956522,3.00200000000001,3.65499999999997,0.164336398367832,0.652999999999963,"2003",4,2025-04-12
2003-04-13,4.02421565217391,3.52100000000002,4.28100000000001,0.145334045467689,0.759999999999991,"2003",4,2025-04-13
2003-04-14,4.23961739130435,3.59500000000003,4.60199999999998,0.210804927520802,1.00699999999995,"2003",4,2025-04-14
2003-04-15,4.09510086956522,3.50200000000001,4.31999999999999,0.164097362902144,0.817999999999984,"2003",4,2025-04-15
2003-04-16,3.87826956521739,3.62,3.94900000000001,0.0643894024840256,0.329000000000008,"2003",4,2025-04-16
2003-04-17,3.8442052173913,3.52600000000001,4.04500000000002,0.122570763066868,0.519000000000005,"2003",4,2025-04-17
2003-04-18,3.86518782608696,3.60599999999999,4.05200000000002,0.102391505551138,0.446000000000026,"2003",4,2025-04-18
2003-04-19,4.21028869565217,3.89100000000002,4.71499999999997,0.197160929671836,0.823999999999955,"2003",4,2025-04-19
2003-04-20,4.6089652173913,3.97699999999998,5.24299999999999,0.322351695377582,1.26600000000002,"2003",4,2025-04-20
2003-04-21,4.79682608695652,4.40199999999999,5.125,0.166224380325068,0.723000000000013,"2003",4,2025-04-21
2003-04-22,4.38662260869565,4.113,4.54399999999998,0.109473582848169,0.430999999999983,"2003",4,2025-04-22
2003-04-23,4.31277043478261,4.041,4.55099999999999,0.121413923980002,0.509999999999991,"2003",4,2025-04-23
2003-04-24,4.64203652173913,4.322,4.79500000000002,0.107475337362535,0.473000000000013,"2003",4,2025-04-24
2003-04-25,4.67363652173913,4.392,4.94299999999998,0.0828562315690974,0.550999999999988,"2003",4,2025-04-25
2003-04-26,4.60352869565217,4.339,5.05900000000003,0.159008586079186,0.720000000000027,"2003",4,2025-04-26
2003-04-27,4.51586434782609,3.91399999999999,4.928,0.237235866029757,1.01400000000001,"2003",4,2025-04-27
2003-04-28,4.48639304347826,3.67899999999997,5.20400000000001,0.351705974692568,1.52500000000003,"2003",4,2025-04-28
2003-04-29,5.29569913043478,4.67599999999999,5.69900000000001,0.261854452449324,1.02300000000002,"2003",4,2025-04-29
2003-04-30,5.67762434782609,5.27800000000002,6.04700000000003,0.176630960678647,0.769000000000005,"2003",4,2025-04-30
2003-05-01,5.7978052173913,5.41399999999999,6.17599999999999,0.190946652273727,0.762,"2003",5,2025-05-01
2003-05-02,6.10733739130435,5.76999999999998,6.22300000000001,0.0738569875496397,0.453000000000031,"2003",5,2025-05-02
2003-05-03,6.33606956521739,5.95100000000002,6.93000000000001,0.196129025020229,0.978999999999985,"2003",5,2025-05-03
2003-05-04,6.36469565217391,5.93099999999998,7.113,0.248571275468491,1.18200000000002,"2003",5,2025-05-04
2003-05-05,6.44107304347826,6.10699999999997,6.97699999999998,0.20306619529793,0.870000000000005,"2003",5,2025-05-05
2003-05-06,6.56114434782609,6.32799999999997,6.90800000000002,0.13611710357992,0.580000000000041,"2003",5,2025-05-06
2003-05-07,6.82621391304348,6.60399999999998,6.98199999999997,0.0898973154895209,0.377999999999986,"2003",5,2025-05-07
2003-05-08,7.40678782608696,6.83999999999997,7.584,0.118584010082964,0.744000000000028,"2003",5,2025-05-08
2003-05-09,7.65766608695652,6.85899999999998,7.87700000000001,0.209972844970261,1.01800000000003,"2003",5,2025-05-09
2003-05-10,7.82199826086956,7.16899999999998,8.08600000000001,0.181380819656132,0.91700000000003,"2003",5,2025-05-10
2003-05-11,7.79346956521739,7.06700000000001,8.10399999999998,0.205172533910886,1.03699999999998,"2003",5,2025-05-11
2003-05-12,7.70259304347826,7.13499999999999,7.971,0.167068737403874,0.836000000000013,"2003",5,2025-05-12
2003-05-13,7.54794434782609,7.13299999999998,7.85199999999998,0.186226016715229,0.718999999999994,"2003",5,2025-05-13
2003-05-14,7.00069565217391,6.786,7.21699999999998,0.100856210296041,0.430999999999983,"2003",5,2025-05-14
2003-05-15,6.96723304347826,6.858,7.09399999999999,0.0483780620252652,0.23599999999999,"2003",5,2025-05-15
2003-05-16,7.73900695652174,7.11500000000001,8.02499999999998,0.213810166755392,0.909999999999968,"2003",5,2025-05-16
2003-05-17,7.9994747826087,7.572,8.30099999999999,0.140680522391684,0.728999999999985,"2003",5,2025-05-17
2003-05-18,8.12831826086956,7.54599999999999,8.62599999999998,0.228521268073952,1.07999999999998,"2003",5,2025-05-18
2003-05-19,8.57882434782609,8.09199999999998,8.916,0.118510950545432,0.824000000000012,"2003",5,2025-05-19
2003-05-20,8.85196,8.28100000000001,9.42899999999997,0.231697771422666,1.14799999999997,"2003",5,2025-05-20
2003-05-21,8.85394782608696,8.25599999999997,9.303,0.204814339462469,1.04700000000003,"2003",5,2025-05-21
2003-05-22,8.5556347826087,7.95799999999997,9.10500000000002,0.266435515285565,1.14700000000005,"2003",5,2025-05-22
2003-05-23,7.64802608695652,7.29599999999999,8.03800000000001,0.169339651106148,0.742000000000019,"2003",5,2025-05-23
2003-05-24,6.98899652173913,6.70499999999998,7.33800000000002,0.140167731733233,0.633000000000038,"2003",5,2025-05-24
2003-05-25,6.6796452173913,6.48099999999999,6.93200000000002,0.10003573947014,0.451000000000022,"2003",5,2025-05-25
2003-05-26,6.47162956521739,6.33800000000002,6.64999999999998,0.0683424725149902,0.311999999999955,"2003",5,2025-05-26
2003-05-27,6.85433043478261,6.73099999999999,6.99599999999998,0.0611756939929985,0.264999999999986,"2003",5,2025-05-27
2003-05-28,8.23237043478261,7.935,8.55200000000002,0.164292412135652,0.617000000000019,"2003",5,2025-05-28
2003-05-29,8.92198782608696,8.18799999999999,9.089,0.16401058495406,0.90100000000001,"2003",5,2025-05-29
2003-05-30,9.26526434782609,8.154,9.91199999999998,0.359219895722391,1.75799999999998,"2003",5,2025-05-30
2003-05-31,9.34432347826087,8.76800000000003,9.976,0.325357273024336,1.20799999999997,"2003",5,2025-05-31
2003-06-01,9.97314956521739,9.52100000000002,10.287,0.176120173660963,0.765999999999963,"2003",6,2025-06-01
2003-06-02,9.9738,9.30599999999998,10.505,0.298531778872059,1.19900000000001,"2003",6,2025-06-02
2003-06-03,9.92795652173913,9.13999999999999,10.543,0.329376731429822,1.40300000000002,"2003",6,2025-06-03
2003-06-04,10.0689408695652,9.654,10.509,0.218461248405733,0.855000000000018,"2003",6,2025-06-04
2003-06-05,10.4354643478261,10.063,10.762,0.161795527491508,0.699000000000012,"2003",6,2025-06-05
2003-06-06,11.154147826087,10.457,11.509,0.216479201448776,1.05200000000002,"2003",6,2025-06-06
2003-06-07,11.1152747826087,10.543,11.501,0.183486257231818,0.95799999999997,"2003",6,2025-06-07
2003-06-08,11.0619286956522,10.691,11.291,0.124913238715853,0.600000000000023,"2003",6,2025-06-08
2003-06-09,10.9106713043478,10.455,11.294,0.171455090962434,0.838999999999999,"2003",6,2025-06-09
2003-06-10,10.6045808695652,10.036,11.225,0.262423275628473,1.18900000000002,"2003",6,2025-06-10
2003-06-11,10.7050086956522,10.37,11.254,0.159877931203548,0.884000000000015,"2003",6,2025-06-11
2003-06-12,11.0160730434783,10.387,11.913,0.366102694347727,1.52600000000001,"2003",6,2025-06-12
2003-06-13,11.0087547826087,10.585,11.594,0.220301466020814,1.00900000000001,"2003",6,2025-06-13
2003-06-14,10.9927739130435,10.707,11.434,0.133982269152321,0.727000000000032,"2003",6,2025-06-14
2003-06-15,11.0600782608696,10.716,11.917,0.230250505446337,1.20099999999996,"2003",6,2025-06-15
2003-06-16,11.0798730434783,10.686,11.471,0.156122861764253,0.785000000000025,"2003",6,2025-06-16
2003-06-17,11.3156869565217,10.783,11.834,0.228501860909989,1.05099999999999,"2003",6,2025-06-17
2003-06-18,11.3334991304348,10.896,11.784,0.190846581531266,0.887999999999977,"2003",6,2025-06-18
2003-06-19,11.6068434782609,11.508,11.929,0.096643692669663,0.420999999999992,"2003",6,2025-06-19
2003-06-20,12.2994713043478,11.883,12.708,0.186240044405821,0.825000000000045,"2003",6,2025-06-20
2003-06-21,12.5852434782609,11.887,13.145,0.298851587958826,1.25799999999998,"2003",6,2025-06-21
2003-06-22,13.11016,12.748,13.584,0.23908254985381,0.836000000000013,"2003",6,2025-06-22
2003-06-23,13.9017686956522,13.428,14.428,0.220897907254641,1,"2003",6,2025-06-23
2003-06-24,14.8009373913043,14.229,15.471,0.232300867276543,1.24200000000002,"2003",6,2025-06-24
2003-06-25,15.5497408695652,15.214,15.8,0.142019581939587,0.586000000000013,"2003",6,2025-06-25
2003-06-26,15.7105739130435,15.407,15.95,0.126801709508637,0.543000000000006,"2003",6,2025-06-26
2003-06-27,15.9357286956522,15.53,16.317,0.201662772967419,0.787000000000035,"2003",6,2025-06-27
2003-06-28,16.2361843478261,15.905,16.768,0.212975201232323,0.863000000000056,"2003",6,2025-06-28
2003-06-29,16.6666295652174,16.366,16.9,0.119575935500651,0.533999999999992,"2003",6,2025-06-29
2003-06-30,16.9367182608696,16.572,17.374,0.18559853435617,0.802000000000021,"2003",6,2025-06-30
2003-07-01,16.5410765217391,16.037,17.425,0.310928996435067,1.38800000000003,"2003",7,2025-07-01
2003-07-02,15.8881565217391,15.483,16.373,0.248542314462696,0.889999999999986,"2003",7,2025-07-02
2003-07-03,15.7860573913043,15.194,16.474,0.341717936708689,1.27999999999997,"2003",7,2025-07-03
2003-07-04,15.6927947826087,15.332,16.215,0.257105435958115,0.882999999999981,"2003",7,2025-07-04
2003-07-05,15.9121460869565,15.622,16.36,0.170727393036147,0.738,"2003",7,2025-07-05
2003-07-06,15.9635530434783,15.709,16.351,0.126380117218563,0.641999999999996,"2003",7,2025-07-06
2003-07-07,16.2004852173913,16.066,16.518,0.100018949636158,0.452000000000055,"2003",7,2025-07-07
2003-07-08,16.7988991304348,16.51,17.284,0.188168849547445,0.774000000000001,"2003",7,2025-07-08
2003-07-09,16.6321391304348,16.22,17.311,0.250868070848739,1.09099999999995,"2003",7,2025-07-09
2003-07-10,16.3258434782609,15.579,17.215,0.338645853046793,1.63599999999997,"2003",7,2025-07-10
2003-07-11,16.215852173913,15.656,16.963,0.284956297262922,1.30700000000002,"2003",7,2025-07-11
2003-07-12,16.2666973913043,15.85,16.6,0.0940412777825814,0.75,"2003",7,2025-07-12
2003-07-13,15.9554591304348,15.26,16.497,0.308472071340587,1.23700000000002,"2003",7,2025-07-13
2003-07-14,15.8425756521739,15.152,16.486,0.347643446589567,1.334,"2003",7,2025-07-14
2003-07-15,15.6897495652174,15.125,16.431,0.249274053800019,1.30599999999998,"2003",7,2025-07-15
2003-07-16,15.6566643478261,15.156,16.493,0.275341151139237,1.33699999999999,"2003",7,2025-07-16
2003-07-17,16.0829130434783,15.427,16.613,0.244895525090522,1.18599999999998,"2003",7,2025-07-17
2003-07-18,16.5313269565217,15.761,16.958,0.249872059709162,1.197,"2003",7,2025-07-18
2003-07-19,16.8703704347826,16.257,17.283,0.170905581944261,1.02600000000001,"2003",7,2025-07-19
2003-07-20,16.5215234782609,15.747,17.075,0.294330970620875,1.32799999999997,"2003",7,2025-07-20
2003-07-21,15.7642869565217,14.808,16.607,0.408279882934081,1.79899999999998,"2003",7,2025-07-21
2003-07-22,15.8044156521739,14.952,16.515,0.339214258242488,1.56299999999999,"2003",7,2025-07-22
2003-07-23,15.6502973913043,14.931,16.431,0.313437372240811,1.5,"2003",7,2025-07-23
2003-07-24,15.2397634782609,14.541,15.691,0.228573274617603,1.14999999999998,"2003",7,2025-07-24
2003-07-25,15.1429634782609,14.557,15.663,0.228565920900164,1.10599999999999,"2003",7,2025-07-25
2003-07-26,15.1195513043478,14.596,15.74,0.244244295068244,1.14400000000001,"2003",7,2025-07-26
2003-07-27,14.9631565217391,14.534,15.442,0.222476385283443,0.908000000000015,"2003",7,2025-07-27
2003-07-28,14.8741286956522,14.634,15.142,0.141550427333374,0.507999999999981,"2003",7,2025-07-28
2003-07-29,15.2654886956522,14.47,15.999,0.434141464597819,1.529,"2003",7,2025-07-29
2003-07-30,15.4485095652174,14.669,16.422,0.452001930435487,1.75300000000004,"2003",7,2025-07-30
2003-07-31,15.7005826086957,15.102,16.516,0.451195546631173,1.41400000000004,"2003",7,2025-07-31
2003-08-01,15.6422956521739,15.417,16.054,0.170426129885103,0.637,"2003",8,2025-08-01
2003-08-02,15.70336,15.453,16.133,0.134556106453674,0.680000000000007,"2003",8,2025-08-02
2003-08-03,16.7854382608696,16.552,17.065,0.115204072516974,0.512999999999977,"2003",8,2025-08-03
2003-08-04,17.8923669565217,17.631,18.083,0.115387376438752,0.452000000000055,"2003",8,2025-08-04
2003-08-05,18.5596713043478,18.389,18.768,0.0907377896731924,0.378999999999962,"2003",8,2025-08-05
2003-08-06,18.5538017391304,18.384,18.786,0.0876088014274971,0.401999999999987,"2003",8,2025-08-06
2003-08-07,18.7239234782609,18.668,18.838,0.042371976330171,0.170000000000016,"2003",8,2025-08-07
2003-08-08,18.7178973913043,18.498,18.906,0.106169945829149,0.408000000000015,"2003",8,2025-08-08
2003-08-09,18.2981652173913,18.07,18.509,0.10394278867569,0.439000000000021,"2003",8,2025-08-09
2003-08-10,17.5116382608696,17.227,17.799,0.119376054701076,0.572000000000003,"2003",8,2025-08-10
2003-08-11,17.2856069565217,17.003,17.681,0.153039023809828,0.677999999999997,"2003",8,2025-08-11
2003-08-12,17.3419304347826,16.955,17.851,0.194179535524116,0.896000000000015,"2003",8,2025-08-12
2003-08-13,17.8306017391304,17.351,17.948,0.108649837114391,0.59699999999998,"2003",8,2025-08-13
2003-08-14,17.7341773913043,17.347,18.072,0.157661713374754,0.725000000000023,"2003",8,2025-08-14
2003-08-15,17.7235304347826,17.368,18.196,0.184535235096094,0.828000000000031,"2003",8,2025-08-15
2003-08-16,17.7427947826087,17.355,18.014,0.0937865634562138,0.658999999999992,"2003",8,2025-08-16
2003-08-17,17.55892,16.974,17.996,0.205497663626859,1.02199999999999,"2003",8,2025-08-17
2003-08-18,17.418692173913,17.063,17.946,0.207559497849905,0.883000000000038,"2003",8,2025-08-18
2003-08-19,17.4713373913043,17.018,18.121,0.28474150679177,1.10300000000001,"2003",8,2025-08-19
2003-08-20,17.8832886956522,17.296,18.516,0.282737661975137,1.22000000000003,"2003",8,2025-08-20
2003-08-21,18.569067826087,18.248,18.905,0.157989791243774,0.656999999999982,"2003",8,2025-08-21
2003-08-22,17.9287843478261,17.414,18.662,0.286522929192742,1.24799999999999,"2003",8,2025-08-22
2003-08-23,17.9080852173913,17.49,18.511,0.22557874010347,1.02100000000002,"2003",8,2025-08-23
2003-08-24,17.0241095652174,16.027,17.721,0.468266240451599,1.69400000000002,"2003",8,2025-08-24
2003-08-25,16.1586939130435,15.782,16.536,0.188246891635084,0.754000000000019,"2003",8,2025-08-25
2003-08-26,15.71696,15.443,16.172,0.153262079288176,0.729000000000042,"2003",8,2025-08-26
2003-08-27,15.7613930434783,15.299,16.297,0.267724555433723,0.998000000000047,"2003",8,2025-08-27
2003-08-28,15.5596869565217,15.169,16.079,0.246897853203869,0.910000000000025,"2003",8,2025-08-28
2003-08-29,15.1769652173913,14.686,15.892,0.314622209445812,1.20600000000002,"2003",8,2025-08-29
2003-08-30,14.9385947826087,14.303,15.603,0.2414868165162,1.30000000000001,"2003",8,2025-08-30
2003-08-31,14.6728226086957,14.188,15.217,0.221389262186089,1.029,"2003",8,2025-08-31
2003-09-01,14.6042434782609,14.121,15.007,0.211209244106983,0.886000000000024,"2003",9,2025-09-01
2003-09-02,14.385307826087,14.167,14.827,0.12532788018588,0.660000000000025,"2003",9,2025-09-02
2003-09-03,14.3591791304348,14.011,15.213,0.208651179115482,1.202,"2003",9,2025-09-03
2003-09-04,14.8049026086957,14.495,15.177,0.166833851638138,0.682000000000016,"2003",9,2025-09-04
2003-09-05,15.3306834782609,15.097,15.701,0.116144932235755,0.604000000000042,"2003",9,2025-09-05
2003-09-06,15.5408347826087,15.073,16.301,0.239149776317689,1.22800000000001,"2003",9,2025-09-06
2003-09-07,15.5645513043478,15.066,16.304,0.236970029406983,1.238,"2003",9,2025-09-07
2003-09-08,15.5612469565217,15.115,16.096,0.199251425449999,0.980999999999995,"2003",9,2025-09-08
2003-09-09,15.5420956521739,15.023,16.127,0.219427484942773,1.10399999999998,"2003",9,2025-09-09
2003-09-10,15.4685808695652,14.809,16.145,0.272010170918049,1.33599999999996,"2003",9,2025-09-10
2003-09-11,15.2750991304348,14.883,15.983,0.222264820506491,1.10000000000002,"2003",9,2025-09-11
2003-09-12,15.3167669565217,14.862,15.897,0.228310911752788,1.03499999999997,"2003",9,2025-09-12
2003-09-13,15.8412573913043,15.278,16.309,0.22465559357579,1.03100000000001,"2003",9,2025-09-13
2003-09-14,15.9854852173913,15.376,16.487,0.267892314239287,1.11100000000005,"2003",9,2025-09-14
2003-09-15,16.1132973913044,15.613,16.474,0.152901907397736,0.86099999999999,"2003",9,2025-09-15
2003-09-16,16.0411860869565,15.432,16.241,0.129946015919984,0.808999999999969,"2003",9,2025-09-16
2003-09-17,15.805292173913,15.438,16.283,0.219320684317071,0.845000000000027,"2003",9,2025-09-17
2003-09-18,15.6406,15.279,16.105,0.201678064776136,0.826000000000022,"2003",9,2025-09-18
2003-09-19,15.8252104347826,15.486,16.092,0.126777491279434,0.605999999999995,"2003",9,2025-09-19
2003-09-20,16.0313147826087,15.426,16.558,0.268598770834838,1.13200000000001,"2003",9,2025-09-20
2003-09-21,16.1312626086957,15.458,16.786,0.324122007145196,1.32799999999997,"2003",9,2025-09-21
2003-09-22,16.0781634782609,15.399,16.573,0.223020384035176,1.17399999999998,"2003",9,2025-09-22
2003-09-23,15.8971965217391,15.327,16.047,0.107021138237699,0.720000000000027,"2003",9,2025-09-23
2003-09-24,15.7705930434783,15.074,16.115,0.191034943864484,1.041,"2003",9,2025-09-24
2003-09-25,15.7177060869565,15.023,16.189,0.205587402374632,1.166,"2003",9,2025-09-25
2003-09-26,15.6922817391304,15.08,15.993,0.159406599734082,0.913000000000011,"2003",9,2025-09-26
2003-09-27,15.6909582608696,15.161,16.012,0.155584169486743,0.850999999999999,"2003",9,2025-09-27
2003-09-28,15.2645165217391,14.934,15.385,0.0735055473628141,0.450999999999965,"2003",9,2025-09-28
2003-09-29,15.3410747826087,14.881,15.673,0.220993968512883,0.79200000000003,"2003",9,2025-09-29
2003-09-30,15.3088713043478,14.8,15.663,0.235597396493167,0.863,"2003",9,2025-09-30
2003-10-01,15.1915895652174,14.821,15.455,0.171921256271075,0.633999999999958,"2003",10,2025-10-01
2003-10-02,14.1357130434783,13.97,14.447,0.103621393168854,0.476999999999975,"2003",10,2025-10-02
2003-10-03,13.7084556521739,13.226,14.261,0.227562499050469,1.03500000000003,"2003",10,2025-10-03
2003-10-04,13.083252173913,12.465,13.76,0.304987765890415,1.29500000000002,"2003",10,2025-10-04
2003-10-05,12.8247043478261,12.347,13.26,0.220090287693848,0.913000000000011,"2003",10,2025-10-05
2003-10-06,12.4802817391304,12.184,12.684,0.0801247107031457,0.5,"2003",10,2025-10-06
2003-10-07,12.5012156521739,12.147,13.037,0.262630134522794,0.889999999999986,"2003",10,2025-10-07
2003-10-08,12.9058869565217,12.465,13.555,0.314925304047201,1.09000000000003,"2003",10,2025-10-08
2003-10-09,12.8946834782609,12.399,13.593,0.316533401733479,1.19400000000002,"2003",10,2025-10-09
2003-10-10,12.7595269565217,12.428,13.283,0.229185451025965,0.855000000000018,"2003",10,2025-10-10
2003-10-11,12.5494086956522,12.439,12.808,0.0766725804524891,0.368999999999971,"2003",10,2025-10-11
2003-10-12,12.49456,12.272,12.733,0.110994865059995,0.461000000000013,"2003",10,2025-10-12
2003-10-13,12.8141252173913,12.461,13.074,0.126417034149888,0.613,"2003",10,2025-10-13
2003-10-14,12.8755982608696,12.488,13.197,0.149214354840109,0.709000000000003,"2003",10,2025-10-14
2003-10-15,12.6397008695652,12.284,12.918,0.123524818349883,0.634000000000015,"2003",10,2025-10-15
2003-10-16,12.4739304347826,12.131,12.786,0.150443636738735,0.65500000000003,"2003",10,2025-10-16
2003-10-17,12.2918695652174,11.837,12.507,0.105102879890652,0.670000000000016,"2003",10,2025-10-17
2003-10-18,11.459372173913,11.242,11.755,0.154766961799921,0.512999999999977,"2003",10,2025-10-18
2003-10-19,11.1671060869565,11.021,11.298,0.0649087610614757,0.276999999999987,"2003",10,2025-10-19
2003-10-20,11.1682834782609,10.957,11.382,0.0869712675635393,0.425000000000011,"2003",10,2025-10-20
2003-10-21,11.1201113043478,10.925,11.272,0.0822667209370296,0.34699999999998,"2003",10,2025-10-21
2003-10-22,11.025667826087,10.952,11.12,0.0426209603679628,0.168000000000006,"2003",10,2025-10-22
2003-10-23,10.256547826087,10.212,10.431,0.0430434598216637,0.218999999999994,"2003",10,2025-10-23
2003-10-24,10.0549582608696,9.84199999999998,10.263,0.0902310526044825,0.420999999999992,"2003",10,2025-10-24
2003-10-25,10.0853860869565,9.80900000000003,10.354,0.11385454600415,0.544999999999959,"2003",10,2025-10-25
2003-10-26,10.1260869565217,9.94600000000003,10.23,0.0501053881002765,0.283999999999992,"2003",10,2025-10-26
2003-10-27,10.1268695652174,10.081,10.252,0.0335659218618789,0.170999999999992,"2003",10,2025-10-27
2003-10-28,10.2708713043478,10.164,10.385,0.0503418362969139,0.221000000000004,"2003",10,2025-10-28
2003-10-29,10.54672,10.336,10.811,0.128065136954348,0.474999999999966,"2003",10,2025-10-29
2003-10-30,10.5533304347826,10.156,10.927,0.176847417537075,0.771000000000015,"2003",10,2025-10-30
2003-10-31,10.443307826087,10.029,10.763,0.158957758039941,0.73399999999998,"2003",10,2025-10-31
2003-11-01,10.2466486956522,10.11,10.467,0.105042060901337,0.356999999999971,"2003",11,2025-11-01
2003-11-02,8.96391826086957,8.84500000000003,9.08499999999998,0.0542035323922663,0.239999999999952,"2003",11,2025-11-02
2003-11-03,8.68048,8.55700000000002,8.81099999999998,0.0567303592315139,0.253999999999962,"2003",11,2025-11-03
2003-11-04,9.49891304347826,9.38200000000001,9.61799999999999,0.0538276973018418,0.23599999999999,"2003",11,2025-11-04
2003-11-05,9.91358782608696,9.774,10.058,0.0653164544686863,0.283999999999992,"2003",11,2025-11-05
2003-11-06,9.47502782608696,9.27499999999998,9.72199999999998,0.103235662500012,0.447000000000003,"2003",11,2025-11-06
2003-11-07,9.59284869565217,9.18299999999999,9.97699999999998,0.200788931062312,0.793999999999983,"2003",11,2025-11-07
2003-11-08,9.45450260869565,8.87200000000001,10.307,0.392675153990072,1.435,"2003",11,2025-11-08
2003-11-09,8.85804869565217,8.44799999999998,9.822,0.286744561618235,1.37400000000002,"2003",11,2025-11-09
2003-11-10,8.55762260869565,8.197,8.95799999999997,0.205418952820454,0.760999999999967,"2003",11,2025-11-10
2003-11-11,8.54509391304348,8.286,8.85699999999997,0.142685889077996,0.57099999999997,"2003",11,2025-11-11
2003-11-12,8.51092869565217,8.36500000000001,8.65699999999998,0.0746789420398023,0.291999999999973,"2003",11,2025-11-12
2003-11-13,8.54515652173913,8.32799999999997,9.00099999999998,0.154682466212994,0.673000000000002,"2003",11,2025-11-13
2003-11-14,8.29055304347826,8.05599999999998,8.81900000000002,0.179733766196296,0.763000000000034,"2003",11,2025-11-14
2003-11-15,8.15877217391304,7.84800000000001,8.62099999999998,0.194771854184705,0.772999999999968,"2003",11,2025-11-15
2003-11-16,8.02090260869565,7.61500000000001,8.589,0.244913554208408,0.97399999999999,"2003",11,2025-11-16
2003-11-17,7.88592695652174,7.19799999999998,8.52300000000002,0.315747994528998,1.32500000000005,"2003",11,2025-11-17
2003-11-18,7.83898608695652,7.32900000000001,8.363,0.269632560304063,1.03399999999999,"2003",11,2025-11-18
2003-11-19,8.02093391304348,7.84899999999999,8.28899999999999,0.110735547492951,0.439999999999998,"2003",11,2025-11-19
2003-11-20,7.87074434782609,7.63499999999999,8.35000000000002,0.1755293408826,0.715000000000032,"2003",11,2025-11-20
2003-11-21,7.65087130434782,7.24799999999999,8.44499999999999,0.263572826703587,1.197,"2003",11,2025-11-21
2003-11-22,7.60832695652174,7.18200000000002,8.387,0.247738582195663,1.20499999999998,"2003",11,2025-11-22
2003-11-23,7.57517217391304,7.17200000000003,8.411,0.235845398907912,1.23899999999998,"2003",11,2025-11-23
2003-11-24,7.61916695652174,7.27999999999997,8.22699999999998,0.207184182952774,0.947000000000003,"2003",11,2025-11-24
2003-11-25,7.33899478260869,7.05000000000001,7.69499999999999,0.155058913072594,0.644999999999982,"2003",11,2025-11-25
2003-11-26,7.15524695652174,6.85300000000001,7.702,0.167271134048937,0.84899999999999,"2003",11,2025-11-26
2003-11-27,7.20529043478261,6.96899999999999,7.56799999999998,0.124893979410603,0.59899999999999,"2003",11,2025-11-27
2003-11-28,7.56536347826087,7.29500000000002,7.82100000000003,0.126206767414393,0.52600000000001,"2003",11,2025-11-28
2003-11-29,7.58277043478261,7.35899999999998,8.024,0.137555903728294,0.66500000000002,"2003",11,2025-11-29
2003-11-30,7.50603130434783,7.24700000000001,7.95100000000002,0.170418921409649,0.704000000000008,"2003",11,2025-11-30
2003-12-01,7.47172173913043,7.01299999999998,8.02300000000002,0.274422388253348,1.01000000000005,"2003",12,2025-12-01
2003-12-02,6.93922086956522,6.38900000000001,7.673,0.341061958438663,1.28399999999999,"2003",12,2025-12-02
2003-12-03,6.64088869565217,6.32999999999998,7.01100000000002,0.182238198819355,0.68100000000004,"2003",12,2025-12-03
2003-12-04,6.19408173913043,5.87599999999998,6.54599999999999,0.17647686999029,0.670000000000016,"2003",12,2025-12-04
2003-12-05,6.0035547826087,5.642,6.45499999999998,0.222262118949158,0.812999999999988,"2003",12,2025-12-05
2003-12-06,5.99765391304348,5.53300000000002,6.48899999999998,0.256088794380941,0.95599999999996,"2003",12,2025-12-06
2003-12-07,5.68190956521739,5.43099999999998,5.96800000000002,0.127259764090741,0.537000000000035,"2003",12,2025-12-07
2003-12-08,4.92100695652174,4.49299999999999,5.83299999999997,0.293392537628671,1.33999999999997,"2003",12,2025-12-08
2003-12-09,4.95433391304348,4.59800000000001,5.81400000000002,0.267537642304766,1.21600000000001,"2003",12,2025-12-09
2003-12-10,5.06722260869565,4.822,5.54899999999998,0.181561603496617,0.726999999999975,"2003",12,2025-12-10
2003-12-11,5.11036869565218,4.80200000000002,5.447,0.156320796290273,0.644999999999982,"2003",12,2025-12-11
2003-12-12,5.36330086956522,5.04899999999998,5.79199999999997,0.174350836527529,0.742999999999995,"2003",12,2025-12-12
2003-12-13,5.2067947826087,4.87400000000002,5.56,0.171599920528375,0.685999999999979,"2003",12,2025-12-13
2003-12-14,5.0832452173913,4.78199999999998,5.68900000000002,0.195218757061456,0.907000000000039,"2003",12,2025-12-14
2003-12-15,5.08224695652174,4.72000000000003,5.51600000000002,0.187912125156391,0.795999999999992,"2003",12,2025-12-15
2003-12-16,4.76492869565217,4.46699999999998,5.21499999999997,0.156029692500099,0.74799999999999,"2003",12,2025-12-16
2003-12-17,4.6726052173913,4.28199999999998,5.14400000000001,0.203550759810473,0.862000000000023,"2003",12,2025-12-17
2003-12-18,4.63622434782609,4.23000000000002,5.06200000000001,0.206958344119235,0.831999999999994,"2003",12,2025-12-18
2003-12-19,4.57833565217391,4.20999999999998,5.19,0.217889289645085,0.980000000000018,"2003",12,2025-12-19
2003-12-20,4.56995304347826,4.22500000000002,5.07999999999998,0.205402976630491,0.854999999999961,"2003",12,2025-12-20
2003-12-21,4.63130434782609,4.29000000000002,5.00299999999999,0.174589921417321,0.712999999999965,"2003",12,2025-12-21
2003-12-22,4.43398608695652,4.11799999999999,4.72399999999999,0.156403190486138,0.605999999999995,"2003",12,2025-12-22
2003-12-23,4.23520347826087,3.91800000000001,4.58100000000002,0.155355157864129,0.663000000000011,"2003",12,2025-12-23
2003-12-24,4.42439826086957,4.04199999999997,4.92899999999997,0.196946090884639,0.887,"2003",12,2025-12-24
2003-12-25,4.88071826086956,4.37900000000002,5.27800000000002,0.221078487167475,0.899000000000001,"2003",12,2025-12-25
2003-12-26,4.89022434782609,4.53100000000001,5.34199999999998,0.175636513208399,0.810999999999979,"2003",12,2025-12-26
2003-12-27,4.91364695652174,4.51999999999998,5.24299999999999,0.19516944899015,0.723000000000013,"2003",12,2025-12-27
2003-12-28,4.93378782608695,4.54399999999998,5.38400000000001,0.204453661868742,0.840000000000032,"2003",12,2025-12-28
2003-12-29,4.88010086956522,4.50999999999999,5.36799999999999,0.205901578893607,0.858000000000004,"2003",12,2025-12-29
2003-12-30,4.87880173913043,4.30700000000002,5.721,0.369549088171515,1.41399999999999,"2003",12,2025-12-30
2003-12-31,5.05043826086956,4.34399999999999,6.05799999999999,0.463164666119104,1.714,"2003",12,2025-12-31
2004-01-01,5.11770434782609,4.61700000000002,5.721,0.260104775655969,1.10399999999998,"2004",1,2025-01-01
2004-01-02,4.59556869565217,4.322,5.36900000000003,0.211344357260506,1.04700000000003,"2004",1,2025-01-02
2004-01-03,4.50056,4.28199999999998,4.87299999999999,0.137371211018629,0.591000000000008,"2004",1,2025-01-03
2004-01-04,4.71534608695652,4.56299999999999,5.03500000000003,0.0954520341142244,0.472000000000037,"2004",1,2025-01-04
2004-01-05,4.7674347826087,4.44400000000002,5.03500000000003,0.134115578271508,0.591000000000008,"2004",1,2025-01-05
2004-01-06,5.06470608695652,4.59899999999999,5.48099999999999,0.181436656038744,0.882000000000005,"2004",1,2025-01-06
2004-01-07,5.37252869565217,4.95400000000001,6.00599999999997,0.257715564777207,1.05199999999996,"2004",1,2025-01-07
2004-01-08,5.48047652173913,4.81299999999999,6.21199999999999,0.332789093712225,1.399,"2004",1,2025-01-08
2004-01-09,5.27607826086957,4.81700000000001,6.13299999999998,0.30297852259486,1.31599999999997,"2004",1,2025-01-09
2004-01-10,4.81572,4.411,5.55000000000001,0.249223525603594,1.13900000000001,"2004",1,2025-01-10
2004-01-11,4.69109739130435,4.30799999999999,5.34699999999998,0.21206124019369,1.03899999999999,"2004",1,2025-01-11
2004-01-12,4.76188,4.50900000000001,5.13,0.13710646388491,0.620999999999981,"2004",1,2025-01-12
2004-01-13,4.81350434782609,4.44600000000003,5.03199999999998,0.129861368987391,0.585999999999956,"2004",1,2025-01-13
2004-01-14,4.60760173913043,4.10000000000002,4.93200000000002,0.183451755747568,0.831999999999994,"2004",1,2025-01-14
2004-01-15,4.89225217391304,4.40199999999999,5.15600000000001,0.16053290193649,0.754000000000019,"2004",1,2025-01-15
2004-01-16,4.67269565217391,4.16399999999999,5.10399999999998,0.218701185650094,0.939999999999998,"2004",1,2025-01-16
2004-01-17,4.20162956521739,3.45699999999999,4.92599999999999,0.334002477867958,1.46899999999999,"2004",1,2025-01-17
2004-01-18,4.41232347826087,3.97000000000003,4.88099999999997,0.203198311302292,0.910999999999945,"2004",1,2025-01-18
2004-01-19,4.22712869565217,3.79599999999999,4.50700000000001,0.169033687736377,0.711000000000013,"2004",1,2025-01-19
2004-01-20,4.08584,3.60399999999998,4.47199999999998,0.196262886702667,0.867999999999995,"2004",1,2025-01-20
2004-01-21,3.63185565217391,3.08600000000001,4.10699999999997,0.244246387778275,1.02099999999996,"2004",1,2025-01-21
2004-01-22,3.19476869565217,2.584,3.78699999999998,0.310716257615454,1.20299999999997,"2004",1,2025-01-22
2004-01-23,3.15419304347826,2.44600000000003,3.99700000000001,0.364667610507997,1.55099999999999,"2004",1,2025-01-23
2004-01-24,3.0776052173913,2.38200000000001,3.86900000000003,0.343639298638195,1.48700000000002,"2004",1,2025-01-24
2004-01-25,2.87102782608696,2.19400000000002,3.697,0.361392958294014,1.50299999999999,"2004",1,2025-01-25
2004-01-26,2.72597739130435,2.13600000000002,3.63099999999997,0.305820877141543,1.49499999999995,"2004",1,2025-01-26
2004-01-27,2.51745391304348,1.858,3.40600000000001,0.295815981646915,1.548,"2004",1,2025-01-27
2004-01-28,2.67946782608696,2.01499999999999,3.589,0.330908608588983,1.57400000000001,"2004",1,2025-01-28
2004-01-29,2.91789391304348,2.39300000000003,3.50400000000002,0.243416222481299,1.11099999999999,"2004",1,2025-01-29
2004-01-30,2.36499130434783,1.83999999999997,2.85300000000001,0.262906519324546,1.01300000000003,"2004",1,2025-01-30
2004-01-31,2.13470086956522,1.54399999999998,2.71899999999999,0.287762455721011,1.17500000000001,"2004",1,2025-01-31
2004-02-01,2.16369043478261,1.61200000000002,2.666,0.256246869267495,1.05399999999997,"2004",2,2025-02-01
2004-02-02,1.95670782608696,1.48599999999999,2.66699999999997,0.242017208313438,1.18099999999998,"2004",2,2025-02-02
2004-02-03,1.6113147826087,1.27699999999999,1.98099999999999,0.173051240243273,0.704000000000008,"2004",2,2025-02-03
2004-02-04,1.56959130434782,1.20400000000001,2.26999999999998,0.248214793169036,1.06599999999997,"2004",2,2025-02-04
2004-02-05,1.79081739130435,1.37299999999999,2.822,0.293228145548164,1.44900000000001,"2004",2,2025-02-05
2004-02-06,2.06292173913044,1.68599999999998,2.78300000000002,0.247857268547612,1.09700000000004,"2004",2,2025-02-06
2004-02-07,2.09279478260869,1.697,2.68700000000001,0.221998421786885,0.990000000000009,"2004",2,2025-02-07
2004-02-08,1.79465739130435,1.30000000000001,2.67500000000001,0.32397460192665,1.375,"2004",2,2025-02-08
2004-02-09,1.73921043478261,1.18900000000002,2.952,0.393282358021998,1.76299999999998,"2004",2,2025-02-09
2004-02-10,1.68151304347826,1.29500000000002,2.49299999999999,0.253947166074161,1.19799999999998,"2004",2,2025-02-10
2004-02-11,1.67241739130435,1.26800000000003,2.48599999999999,0.241742649128814,1.21799999999996,"2004",2,2025-02-11
2004-02-12,1.7141652173913,1.25400000000002,2.66699999999997,0.276237870606838,1.41299999999995,"2004",2,2025-02-12
2004-02-13,1.85499478260869,1.41300000000001,2.483,0.237025884678392,1.06999999999999,"2004",2,2025-02-13
2004-02-14,2.10777043478261,1.625,2.892,0.281483649203599,1.267,"2004",2,2025-02-14
2004-02-15,2.05059826086956,1.61700000000002,2.89100000000002,0.225993687272158,1.274,"2004",2,2025-02-15
2004-02-16,2.09749739130435,1.60300000000001,2.714,0.233557153194917,1.11099999999999,"2004",2,2025-02-16
2004-02-17,2.09389043478261,1.59300000000002,2.58699999999999,0.232826751763879,0.993999999999971,"2004",2,2025-02-17
2004-02-18,2.18282434782609,1.786,2.62200000000001,0.182579490869841,0.836000000000013,"2004",2,2025-02-18
2004-02-19,2.08724,1.71199999999999,2.79199999999997,0.215979612859019,1.07999999999998,"2004",2,2025-02-19
2004-02-20,2.02093739130435,1.55900000000003,2.86399999999998,0.279850936385731,1.30499999999995,"2004",2,2025-02-20
2004-02-21,2.08696869565217,1.64699999999999,2.75900000000001,0.22702619012879,1.11200000000002,"2004",2,2025-02-21
2004-02-22,2.06349391304348,1.47699999999998,2.56400000000002,0.226076217177609,1.08700000000005,"2004",2,2025-02-22
2004-02-23,2.00281043478261,1.43700000000001,2.90899999999999,0.338833226368993,1.47199999999998,"2004",2,2025-02-23
2004-02-24,2.00450782608696,1.33699999999999,3.07799999999997,0.414927913882801,1.74099999999999,"2004",2,2025-02-24
2004-02-25,1.93493043478261,1.31700000000001,2.57400000000001,0.286694951389539,1.25700000000001,"2004",2,2025-02-25
2004-02-26,1.92244,1.24900000000002,2.78100000000001,0.365469912964433,1.53199999999998,"2004",2,2025-02-26
2004-02-27,1.91705217391304,1.173,2.863,0.403600654809106,1.69,"2004",2,2025-02-27
2004-02-28,1.86979652173913,1.16199999999998,2.80200000000002,0.372926680057464,1.64000000000004,"2004",2,2025-02-28
2004-02-29,1.74389739130435,1.15100000000001,2.37299999999999,0.280453375313777,1.22199999999998,"2004",2,NA
2004-03-01,1.87254434782609,1.45299999999997,2.596,0.306407435872674,1.14300000000003,"2004",3,2025-03-01
2004-03-02,2.38296,1.50599999999997,2.80399999999997,0.35109936868342,1.298,"2004",3,2025-03-02
2004-03-03,2.29932173913044,1.37900000000002,2.78300000000002,0.355069800956061,1.404,"2004",3,2025-03-03
2004-03-04,1.97314608695652,1.40499999999997,2.47399999999999,0.293454582281209,1.06900000000002,"2004",3,2025-03-04
2004-03-05,1.92701739130435,1.512,2.20299999999997,0.184515685036644,0.690999999999974,"2004",3,2025-03-05
2004-03-06,1.86881739130435,1.36200000000002,2.28300000000002,0.206346912934271,0.920999999999992,"2004",3,2025-03-06
2004-03-07,1.73374608695652,1.09399999999999,2.35599999999999,0.275684188253117,1.262,"2004",3,2025-03-07
2004-03-08,1.74292869565217,1.22399999999999,2.19799999999998,0.237929366427464,0.97399999999999,"2004",3,2025-03-08
2004-03-09,1.53557391304348,1.04199999999997,1.827,0.192232748593662,0.785000000000025,"2004",3,2025-03-09
2004-03-10,1.26511130434783,0.870999999999981,1.56799999999998,0.180516163128775,0.697000000000003,"2004",3,2025-03-10
2004-03-11,1.76807304347826,1.30500000000001,2.01100000000002,0.146736204868186,0.706000000000017,"2004",3,2025-03-11
2004-03-12,1.79326434782609,1.27300000000002,2.01499999999999,0.163880628239196,0.741999999999962,"2004",3,2025-03-12
2004-03-13,1.74778434782609,1.25599999999997,2.07100000000003,0.174263613734066,0.815000000000055,"2004",3,2025-03-13
2004-03-14,1.64003304347826,1.291,2.05799999999999,0.188257359486954,0.766999999999996,"2004",3,2025-03-14
2004-03-15,2.09361739130435,1.60300000000001,2.39300000000003,0.169190941276144,0.79000000000002,"2004",3,2025-03-15
2004-03-16,2.37644347826087,1.46300000000002,2.77300000000002,0.252890943129247,1.31,"2004",3,2025-03-16
2004-03-17,2.48611304347826,1.87900000000002,2.79500000000002,0.191208806691534,0.915999999999997,"2004",3,2025-03-17
2004-03-18,1.69598956521739,1.38,1.97500000000002,0.123945516982763,0.595000000000027,"2004",3,2025-03-18
2004-03-19,1.57334782608696,1.30799999999999,1.82600000000002,0.120221213312307,0.518000000000029,"2004",3,2025-03-19
2004-03-20,1.52649739130435,1.23199999999997,1.84399999999999,0.146013815787576,0.612000000000023,"2004",3,2025-03-20
2004-03-21,1.61931478260869,1.36399999999998,1.81200000000001,0.101308306000631,0.448000000000036,"2004",3,2025-03-21
2004-03-22,1.73505565217391,1.49000000000001,1.935,0.109935681379144,0.444999999999993,"2004",3,2025-03-22
2004-03-23,1.85617391304348,1.58699999999999,2.13499999999999,0.134859706485175,0.548000000000002,"2004",3,2025-03-23
2004-03-24,1.87194086956522,1.69,2.041,0.081385198313139,0.350999999999999,"2004",3,2025-03-24
2004-03-25,1.88760695652174,1.75400000000002,2.02499999999998,0.0631399249741276,0.270999999999958,"2004",3,2025-03-25
2004-03-26,1.78137217391304,1.65300000000002,1.95400000000001,0.0692812572356394,0.300999999999988,"2004",3,2025-03-26
2004-03-27,2.54341043478261,2.11900000000003,2.76600000000002,0.155922360389145,0.646999999999991,"2004",3,2025-03-27
2004-03-28,2.60114086956522,2.08299999999997,2.91199999999998,0.22284030308426,0.829000000000008,"2004",3,2025-03-28
2004-03-29,2.54282782608696,1.97399999999999,2.89600000000002,0.247898076570226,0.922000000000025,"2004",3,2025-03-29
2004-03-30,2.57332173913043,2.08199999999999,2.86099999999999,0.205470232668016,0.778999999999996,"2004",3,2025-03-30
2004-03-31,2.57139304347826,2.27499999999998,2.77499999999998,0.122651010329298,0.5,"2004",3,2025-03-31
2004-04-01,2.69918086956522,2.52199999999999,2.83100000000002,0.0651149504817903,0.309000000000026,"2004",4,2025-04-01
2004-04-02,3.27199304347826,3.18400000000003,3.34300000000002,0.0387070200480468,0.158999999999992,"2004",4,2025-04-02
2004-04-03,3.38532347826087,3.28399999999999,3.46899999999999,0.0459285885827629,0.185000000000002,"2004",4,2025-04-03
2004-04-04,3.00829217391304,2.85300000000001,3.14100000000002,0.0654831536010952,0.288000000000011,"2004",4,2025-04-04
2004-04-05,3.28346956521739,3.07900000000001,3.41899999999998,0.0916555741958417,0.339999999999975,"2004",4,2025-04-05
2004-04-06,3.27929739130435,2.97699999999998,3.45699999999999,0.109076293873458,0.480000000000018,"2004",4,2025-04-06
2004-04-07,3.3586347826087,2.93900000000002,3.77800000000002,0.157899161269229,0.838999999999999,"2004",4,2025-04-07
2004-04-08,3.48770434782609,2.98500000000001,3.83800000000002,0.137594932316498,0.853000000000009,"2004",4,2025-04-08
2004-04-09,3.62936869565217,3.37900000000002,3.96600000000001,0.125444490802451,0.586999999999989,"2004",4,2025-04-09
2004-04-10,3.88380173913044,3.65499999999997,4.13499999999999,0.0970362139937378,0.480000000000018,"2004",4,2025-04-10
2004-04-11,4.01362608695652,3.79399999999998,4.46199999999999,0.122453707449433,0.668000000000006,"2004",4,2025-04-11
2004-04-12,4.05334608695652,3.80799999999999,4.48099999999999,0.111364487179246,0.673000000000002,"2004",4,2025-04-12
2004-04-13,4.11365739130435,3.88200000000001,4.38600000000002,0.0987536397784388,0.504000000000019,"2004",4,2025-04-13
2004-04-14,4.43885913043478,4.16199999999998,4.65499999999997,0.110949258496464,0.492999999999995,"2004",4,2025-04-14
2004-04-15,4.82996695652174,4.51800000000003,4.95100000000002,0.0871737658745387,0.432999999999993,"2004",4,2025-04-15
2004-04-16,4.96905043478261,4.66800000000001,5.24299999999999,0.125210968571078,0.574999999999989,"2004",4,2025-04-16
2004-04-17,4.99946782608696,4.84100000000001,5.24900000000002,0.0968296679236969,0.408000000000015,"2004",4,2025-04-17
2004-04-18,5.10039826086957,4.95499999999998,5.22399999999999,0.0536613753322185,0.269000000000005,"2004",4,2025-04-18
2004-04-19,5.78000173913043,5.404,5.99900000000002,0.1170682147123,0.595000000000027,"2004",4,2025-04-19
2004-04-20,6.23781391304348,5.58800000000002,6.67099999999999,0.2608422203509,1.08299999999997,"2004",4,2025-04-20
2004-04-21,6.10211652173913,5.43900000000002,6.53399999999999,0.269061458184862,1.09499999999997,"2004",4,2025-04-21
2004-04-22,6.0838852173913,5.476,6.50900000000001,0.25051315426647,1.03300000000002,"2004",4,2025-04-22
2004-04-23,6.06976347826087,5.65800000000002,6.33199999999999,0.127344342593882,0.673999999999978,"2004",4,2025-04-23
2004-04-24,6.08108695652174,5.726,6.59699999999998,0.227100093253401,0.870999999999981,"2004",4,2025-04-24
2004-04-25,6.04502956521739,5.48199999999997,6.86799999999999,0.390593121968697,1.38600000000002,"2004",4,2025-04-25
2004-04-26,5.96915304347826,5.58299999999997,6.48399999999998,0.263284343489003,0.90100000000001,"2004",4,2025-04-26
2004-04-27,6.0226852173913,5.61399999999998,6.31799999999998,0.167207428316536,0.704000000000008,"2004",4,2025-04-27
2004-04-28,5.94395130434783,5.40899999999999,6.78300000000002,0.344199755218099,1.37400000000002,"2004",4,2025-04-28
2004-04-29,5.95073391304348,5.26499999999999,6.88299999999998,0.377841532258524,1.61799999999999,"2004",4,2025-04-29
2004-04-30,6.26498086956522,5.50900000000001,6.62900000000002,0.301934098739809,1.12,"2004",4,2025-04-30
2004-05-01,6.48107652173913,6.20699999999999,6.66399999999999,0.0946801201133333,0.456999999999994,"2004",5,2025-05-01
2004-05-02,6.45574956521739,6.31799999999998,6.57600000000002,0.0580184690255484,0.258000000000038,"2004",5,2025-05-02
2004-05-03,6.37903304347826,6.06900000000002,6.54199999999997,0.112192097985897,0.472999999999956,"2004",5,2025-05-03
2004-05-04,6.31560173913044,5.87299999999999,6.55700000000002,0.172751345937166,0.684000000000026,"2004",5,2025-05-04
2004-05-05,6.46646782608696,5.91399999999999,7.32400000000001,0.350451503588181,1.41000000000003,"2004",5,2025-05-05
2004-05-06,6.5631547826087,6.089,7.50400000000002,0.352318669164324,1.41500000000002,"2004",5,2025-05-06
2004-05-07,6.95398260869565,6.33800000000002,7.66199999999998,0.356254621159798,1.32399999999996,"2004",5,2025-05-07
2004-05-08,7.14445217391304,6.36099999999999,7.84100000000001,0.424786104065257,1.48000000000002,"2004",5,2025-05-08
2004-05-09,7.24430956521739,6.42000000000002,7.779,0.359848411990632,1.35899999999998,"2004",5,2025-05-09
2004-05-10,7.31867130434782,7.02800000000002,7.53100000000001,0.117682994699009,0.502999999999986,"2004",5,2025-05-10
2004-05-11,7.31622608695652,6.69499999999999,7.863,0.289673553523562,1.16800000000001,"2004",5,2025-05-11
2004-05-12,7.92942260869565,7.30900000000003,8.35599999999999,0.264501899593657,1.04699999999997,"2004",5,2025-05-12
2004-05-13,7.98886956521739,7.27800000000002,8.53399999999999,0.304622783862956,1.25599999999997,"2004",5,2025-05-13
2004-05-14,8.12405391304348,7.476,8.59399999999999,0.259667890707778,1.11799999999999,"2004",5,2025-05-14
2004-05-15,8.68999304347826,8.08100000000002,8.92700000000002,0.173028556847198,0.846000000000004,"2004",5,2025-05-15
2004-05-16,9.01730956521739,8.35399999999998,9.25,0.168950918059729,0.896000000000015,"2004",5,2025-05-16
2004-05-17,9.35433913043478,8.50799999999998,9.58300000000003,0.231777155040237,1.07500000000005,"2004",5,2025-05-17
2004-05-18,9.25531130434782,8.76499999999999,9.43200000000002,0.14184198449461,0.66700000000003,"2004",5,2025-05-18
2004-05-19,9.27986260869565,8.685,9.815,0.225173452871781,1.13,"2004",5,2025-05-19
2004-05-20,9.37966782608696,8.90300000000002,10.018,0.241602798237822,1.11499999999995,"2004",5,2025-05-20
2004-05-21,9.40424347826087,8.97500000000002,9.87799999999999,0.211038629128405,0.902999999999963,"2004",5,2025-05-21
2004-05-22,9.31264869565217,8.91000000000003,9.50599999999997,0.112199991277721,0.595999999999947,"2004",5,2025-05-22
2004-05-23,8.90246782608696,8.459,9.33600000000001,0.215901049872063,0.87700000000001,"2004",5,2025-05-23
2004-05-24,8.87400347826087,8.44099999999997,9.30200000000002,0.212018579461002,0.861000000000047,"2004",5,2025-05-24
2004-05-25,8.84008695652174,8.35500000000002,9.31299999999999,0.234993845468277,0.95799999999997,"2004",5,2025-05-25
2004-05-26,8.70280695652174,8.15899999999999,9.21699999999998,0.261371915094762,1.05799999999999,"2004",5,2025-05-26
2004-05-27,8.99969217391304,8.53500000000003,9.41699999999997,0.170255968980499,0.881999999999948,"2004",5,2025-05-27
2004-05-28,9.12798782608696,8.70499999999998,9.33699999999999,0.112876894142816,0.632000000000005,"2004",5,2025-05-28
2004-05-29,9.30701739130435,8.846,9.673,0.162721710591159,0.826999999999998,"2004",5,2025-05-29
2004-05-30,9.1330852173913,8.32799999999997,10.068,0.521133267954798,1.74000000000001,"2004",5,2025-05-30
2004-05-31,9.01527130434783,8.11099999999999,10.165,0.616473956310622,2.05400000000003,"2004",5,2025-05-31
2004-06-01,9.09552173913043,8.33999999999997,9.976,0.508940683479034,1.63600000000002,"2004",6,2025-06-01
2004-06-02,9.35825913043478,8.84199999999998,9.779,0.220252604383964,0.937000000000012,"2004",6,2025-06-02
2004-06-03,9.39330608695652,8.96600000000001,9.83699999999999,0.2618493932661,0.870999999999981,"2004",6,2025-06-03
2004-06-04,9.49661913043478,8.964,9.95299999999997,0.306975692751086,0.988999999999976,"2004",6,2025-06-04
2004-06-05,9.56951304347826,8.97000000000003,9.95800000000003,0.32664867180922,0.988,"2004",6,2025-06-05
2004-06-06,9.53647130434783,9.084,9.92200000000003,0.253754927438887,0.838000000000022,"2004",6,2025-06-06
2004-06-07,9.78809043478261,9.33699999999999,10.198,0.165377328545506,0.86099999999999,"2004",6,2025-06-07
2004-06-08,10.5539773913043,9.90800000000002,11.028,0.269313531471407,1.12,"2004",6,2025-06-08
2004-06-09,11.0949704347826,10.358,11.64,0.311207635677799,1.28199999999998,"2004",6,2025-06-09
2004-06-10,11.1620417391304,10.458,11.858,0.263013834237771,1.39999999999998,"2004",6,2025-06-10
2004-06-11,11.2135408695652,10.668,11.606,0.218994880015743,0.937999999999988,"2004",6,2025-06-11
2004-06-12,11.1797286956522,10.503,11.782,0.341544406070399,1.279,"2004",6,2025-06-12
2004-06-13,11.0676886956522,10.432,11.739,0.29295032720577,1.30699999999996,"2004",6,2025-06-13
2004-06-14,10.9541565217391,10.288,11.907,0.420233056943594,1.61899999999997,"2004",6,2025-06-14
2004-06-15,11.3166939130435,10.909,11.739,0.181860076246059,0.829999999999984,"2004",6,2025-06-15
2004-06-16,11.6695286956522,11.059,12.303,0.269552685587678,1.24399999999997,"2004",6,2025-06-16
2004-06-17,12.1446347826087,11.649,12.373,0.124593382581838,0.72399999999999,"2004",6,2025-06-17
2004-06-18,11.8666539130435,11.113,12.564,0.362996885524058,1.45100000000002,"2004",6,2025-06-18
2004-06-19,11.9815739130435,11.342,12.41,0.265457158130282,1.06800000000004,"2004",6,2025-06-19
2004-06-20,12.3248382608696,11.57,13.269,0.526791365518102,1.69900000000001,"2004",6,2025-06-20
2004-06-21,12.293947826087,11.636,13.173,0.4500826955274,1.53699999999998,"2004",6,2025-06-21
2004-06-22,12.174572173913,11.719,12.669,0.25588429289387,0.949999999999989,"2004",6,2025-06-22
2004-06-23,12.0978191304348,11.694,12.438,0.185386887992815,0.743999999999971,"2004",6,2025-06-23
2004-06-24,12.0179530434783,11.566,12.33,0.213934975516936,0.76400000000001,"2004",6,2025-06-24
2004-06-25,12.1546869565217,11.671,12.443,0.205541867570441,0.771999999999991,"2004",6,2025-06-25
2004-06-26,12.1937130434783,11.904,12.476,0.136536702651831,0.572000000000003,"2004",6,2025-06-26
2004-06-27,12.3156869565217,11.806,12.896,0.239410147876457,1.09000000000003,"2004",6,2025-06-27
2004-06-28,12.4515513043478,12.044,13.15,0.262462979757278,1.10599999999999,"2004",6,2025-06-28
2004-06-29,12.8943808695652,12.328,13.368,0.278620505427253,1.04000000000002,"2004",6,2025-06-29
2004-06-30,13.1703182608696,12.453,13.881,0.401532944045396,1.428,"2004",6,2025-06-30
2004-07-01,13.7423234782609,13.262,14.083,0.197223205380336,0.821000000000026,"2004",7,2025-07-01
2004-07-02,14.0073182608696,13.511,14.279,0.127851508750007,0.767999999999972,"2004",7,2025-07-02
2004-07-03,14.5039060869565,13.889,15.059,0.235445958825681,1.17000000000002,"2004",7,2025-07-03
2004-07-04,14.6994173913043,14.084,15.101,0.159110998367634,1.017,"2004",7,2025-07-04
2004-07-05,14.7448017391304,14.151,15.04,0.166310566491088,0.88900000000001,"2004",7,2025-07-05
2004-07-06,14.7719304347826,13.952,15.438,0.347575553206915,1.48599999999999,"2004",7,2025-07-06
2004-07-07,14.7188382608696,13.713,15.395,0.353000246661829,1.68199999999996,"2004",7,2025-07-07
2004-07-08,13.9922156521739,13.184,14.799,0.374224990690121,1.61499999999995,"2004",7,2025-07-08
2004-07-09,13.9855913043478,13.256,14.85,0.310727405985017,1.59400000000005,"2004",7,2025-07-09
2004-07-10,13.9650991304348,13.243,14.864,0.313682525955518,1.62099999999998,"2004",7,2025-07-10
2004-07-11,13.6647165217391,12.89,14.165,0.219493703103681,1.27500000000003,"2004",7,2025-07-11
2004-07-12,13.5314660869565,12.764,14.155,0.28364560225862,1.39099999999996,"2004",7,2025-07-12
2004-07-13,13.600627826087,12.769,14.303,0.340650060960984,1.53399999999999,"2004",7,2025-07-13
2004-07-14,13.4903947826087,12.997,14.037,0.247079877421027,1.03999999999996,"2004",7,2025-07-14
2004-07-15,13.6917495652174,13.382,14.336,0.28642134704703,0.954000000000008,"2004",7,2025-07-15
2004-07-16,14.0436765217391,13.548,14.557,0.201152627375522,1.00900000000001,"2004",7,2025-07-16
2004-07-17,14.2602295652174,13.909,14.973,0.264393374757509,1.06400000000002,"2004",7,2025-07-17
2004-07-18,14.5027565217391,14.176,15.734,0.347065683550941,1.55799999999999,"2004",7,2025-07-18
2004-07-19,15.1690973913043,14.554,15.762,0.223351235659297,1.20800000000003,"2004",7,2025-07-19
2004-07-20,15.6144452173913,14.875,16.094,0.263045789075649,1.21899999999999,"2004",7,2025-07-20
2004-07-21,15.8025565217391,15.008,16.199,0.25766647780763,1.19100000000003,"2004",7,2025-07-21
2004-07-22,15.9317860869565,15.264,16.229,0.189139462808414,0.964999999999975,"2004",7,2025-07-22
2004-07-23,15.8742191304348,14.936,16.256,0.268626809994875,1.31999999999999,"2004",7,2025-07-23
2004-07-24,15.035947826087,14.251,15.305,0.192132949917166,1.05400000000003,"2004",7,2025-07-24
2004-07-25,14.7287339130435,13.784,15.125,0.253243992360564,1.34100000000001,"2004",7,2025-07-25
2004-07-26,14.7813513043478,14.011,15.055,0.221100411690456,1.04399999999998,"2004",7,2025-07-26
2004-07-27,14.6318591304348,14.103,15.07,0.228494137153512,0.966999999999985,"2004",7,2025-07-27
2004-07-28,15.7370156521739,15.126,16.411,0.298516502964307,1.28500000000003,"2004",7,2025-07-28
2004-07-29,16.1172034782609,15.776,16.772,0.24497087643528,0.995999999999981,"2004",7,2025-07-29
2004-07-30,15.9715043478261,15.422,16.812,0.292139219529551,1.38999999999999,"2004",7,2025-07-30
2004-07-31,15.34308,14.571,16.331,0.490914566962267,1.75999999999999,"2004",7,2025-07-31
2004-08-01,14.9664243478261,14.435,15.68,0.308722478520968,1.245,"2004",8,2025-08-01
2004-08-02,14.9523217391304,14.403,15.68,0.242499705370922,1.27699999999999,"2004",8,2025-08-02
2004-08-03,15.0714486956522,14.488,15.868,0.25051795208028,1.38,"2004",8,2025-08-03
2004-08-04,15.8229860869565,15.269,16.189,0.204751697540732,0.920000000000016,"2004",8,2025-08-04
2004-08-05,15.9514643478261,15.548,16.163,0.114689635873877,0.615000000000009,"2004",8,2025-08-05
2004-08-06,16.1027026086957,15.754,16.309,0.106204852232759,0.555000000000007,"2004",8,2025-08-06
2004-08-07,16.091707826087,15.629,16.394,0.179706530581858,0.764999999999986,"2004",8,2025-08-07
2004-08-08,16.1843756521739,15.73,16.41,0.144989443681163,0.680000000000007,"2004",8,2025-08-08
2004-08-09,16.1363113043478,15.53,16.784,0.268137768415945,1.25400000000002,"2004",8,2025-08-09
2004-08-10,16.1549652173913,15.576,16.931,0.290302387416946,1.35499999999996,"2004",8,2025-08-10
2004-08-11,15.7821756521739,15.489,16.331,0.187342255405731,0.842000000000041,"2004",8,2025-08-11
2004-08-12,15.7083147826087,15.323,16.099,0.124747605985896,0.77600000000001,"2004",8,2025-08-12
2004-08-13,15.6654817391304,15.279,15.952,0.107707320207302,0.673000000000002,"2004",8,2025-08-13
2004-08-14,15.5369791304348,14.988,15.93,0.193283663242899,0.942000000000007,"2004",8,2025-08-14
2004-08-15,15.8444139130435,15.304,16.259,0.202017479013564,0.955000000000041,"2004",8,2025-08-15
2004-08-16,16.4127339130435,15.701,16.838,0.226320970499031,1.137,"2004",8,2025-08-16
2004-08-17,16.3578434782609,15.901,16.739,0.233066610960634,0.837999999999965,"2004",8,2025-08-17
2004-08-18,16.3311495652174,15.521,16.956,0.424057867692902,1.435,"2004",8,2025-08-18
2004-08-19,16.1802869565217,15.354,16.799,0.457643238657368,1.44499999999999,"2004",8,2025-08-19
2004-08-20,15.9735060869565,15.339,16.79,0.410689569958006,1.45100000000002,"2004",8,2025-08-20
2004-08-21,15.887172173913,15.372,16.65,0.309033651615211,1.27799999999996,"2004",8,2025-08-21
2004-08-22,15.7294104347826,15.084,16.76,0.432420883858365,1.67599999999999,"2004",8,2025-08-22
2004-08-23,15.7110452173913,14.889,16.701,0.3741601532118,1.81200000000001,"2004",8,2025-08-23
2004-08-24,15.6228452173913,14.895,15.955,0.217557550655674,1.06,"2004",8,2025-08-24
2004-08-25,15.6318747826087,14.927,16.244,0.329799799330195,1.31700000000001,"2004",8,2025-08-25
2004-08-26,15.8542034782609,15.118,16.599,0.355735664090137,1.48099999999999,"2004",8,2025-08-26
2004-08-27,16.0314017391304,15.613,16.628,0.223989337563013,1.01499999999999,"2004",8,2025-08-27
2004-08-28,16.5385304347826,16.039,17.023,0.240299933146099,0.984000000000037,"2004",8,2025-08-28
2004-08-29,16.6597652173913,16.293,17.138,0.180297843517089,0.84499999999997,"2004",8,2025-08-29
2004-08-30,16.8851356521739,16.423,17.267,0.158376263372637,0.843999999999994,"2004",8,2025-08-30
2004-08-31,16.6817043478261,16.048,16.947,0.171530625962492,0.899000000000001,"2004",8,2025-08-31
2004-09-01,16.5300817391304,15.795,17.203,0.324134180818176,1.40799999999996,"2004",9,2025-09-01
2004-09-02,16.3406052173913,15.66,17.065,0.314762211516115,1.40499999999997,"2004",9,2025-09-02
2004-09-03,16.0999652173913,15.428,16.831,0.212466407692648,1.40300000000002,"2004",9,2025-09-03
2004-09-04,15.7511808695652,15.034,16.279,0.314736262550727,1.245,"2004",9,2025-09-04
2004-09-05,14.8857808695652,14.03,15.668,0.406238816816465,1.63800000000003,"2004",9,2025-09-05
2004-09-06,14.66672,13.861,15.291,0.358252922744605,1.43000000000001,"2004",9,2025-09-06
2004-09-07,14.6145982608696,13.844,15.346,0.349623356820738,1.50200000000001,"2004",9,2025-09-07
2004-09-08,14.8306156521739,14.184,15.316,0.29980561663938,1.13199999999995,"2004",9,2025-09-08
2004-09-09,15.2643460869565,14.813,15.584,0.171820281932728,0.771000000000015,"2004",9,2025-09-09
2004-09-10,15.4999356521739,14.862,16.139,0.398390202806075,1.27699999999999,"2004",9,2025-09-10
2004-09-11,15.4489060869565,14.804,16.151,0.38705512155656,1.34700000000004,"2004",9,2025-09-11
2004-09-12,15.5769234782609,15.019,16.119,0.334514611778181,1.10000000000002,"2004",9,2025-09-12
2004-09-13,15.6614226086957,15.044,16.181,0.291285024829714,1.137,"2004",9,2025-09-13
2004-09-14,15.6093565217391,15.139,16.018,0.213309004863425,0.879000000000019,"2004",9,2025-09-14
2004-09-15,15.3776504347826,14.921,15.74,0.164641002855422,0.819000000000017,"2004",9,2025-09-15
2004-09-16,15.3333617391304,14.859,15.515,0.116786328896746,0.656000000000006,"2004",9,2025-09-16
2004-09-17,15.2352660869565,14.796,15.581,0.186940721234212,0.785000000000025,"2004",9,2025-09-17
2004-09-18,15.1787234782609,14.71,15.627,0.257034918901925,0.91700000000003,"2004",9,2025-09-18
2004-09-19,14.8088939130435,14.062,15.469,0.34474823548324,1.40699999999998,"2004",9,2025-09-19
2004-09-20,14.020867826087,13.581,14.626,0.171201401226309,1.04499999999996,"2004",9,2025-09-20
2004-09-21,13.9422243478261,13.726,14.415,0.139676069117795,0.689000000000021,"2004",9,2025-09-21
2004-09-22,14.8215930434783,14.217,15.514,0.339163689556962,1.29700000000003,"2004",9,2025-09-22
2004-09-23,14.8805565217391,14.163,15.753,0.418370844600308,1.58999999999997,"2004",9,2025-09-23
2004-09-24,14.8439252173913,14.177,15.573,0.354818233351072,1.39599999999996,"2004",9,2025-09-24
2004-09-25,14.9455026086957,14.34,15.583,0.337655319135093,1.24300000000005,"2004",9,2025-09-25
2004-09-26,14.897867826087,14.447,15.559,0.272427076694565,1.11200000000002,"2004",9,2025-09-26
2004-09-27,14.6420817391304,14.208,15.228,0.279320969689833,1.01999999999998,"2004",9,2025-09-27
2004-09-28,14.4439008695652,14.045,14.793,0.230697817907747,0.74799999999999,"2004",9,2025-09-28
2004-09-29,13.6453443478261,13.072,13.907,0.188105870456578,0.83499999999998,"2004",9,2025-09-29
2004-09-30,13.6466347826087,13.029,14.018,0.219926790576203,0.988999999999976,"2004",9,2025-09-30
2004-10-01,13.6004852173913,13.053,13.845,0.176754005441547,0.79200000000003,"2004",10,2025-10-01
2004-10-02,13.3435130434783,13.04,13.491,0.101534495367002,0.450999999999965,"2004",10,2025-10-02
2004-10-03,13.4406608695652,13.143,13.746,0.178469445503529,0.603000000000009,"2004",10,2025-10-03
2004-10-04,13.36768,12.964,13.655,0.135423681015512,0.690999999999974,"2004",10,2025-10-04
2004-10-05,13.2541443478261,12.928,13.552,0.138005460044046,0.624000000000024,"2004",10,2025-10-05
2004-10-06,12.7437304347826,12.294,12.972,0.130715940776768,0.677999999999997,"2004",10,2025-10-06
2004-10-07,12.7210782608696,12.368,13.067,0.14025086706062,0.699000000000012,"2004",10,2025-10-07
2004-10-08,12.7262747826087,12.367,13.095,0.147157164226497,0.728000000000009,"2004",10,2025-10-08
2004-10-09,12.6538660869565,12.372,12.92,0.121807229669746,0.548000000000002,"2004",10,2025-10-09
2004-10-10,12.5647182608696,12.299,12.884,0.141431693651372,0.585000000000036,"2004",10,2025-10-10
2004-10-11,12.1386295652174,11.436,12.694,0.291372883028082,1.25800000000004,"2004",10,2025-10-11
2004-10-12,11.805332173913,11.242,12.155,0.229342119085723,0.912999999999954,"2004",10,2025-10-12
2004-10-13,11.6205652173913,10.799,12.091,0.320520219848322,1.29200000000003,"2004",10,2025-10-13
2004-10-14,11.7145060869565,11.12,11.976,0.212664987103868,0.855999999999995,"2004",10,2025-10-14
2004-10-15,11.7579356521739,11.397,12.015,0.12835487214773,0.617999999999995,"2004",10,2025-10-15
2004-10-16,11.4992260869565,11.105,11.844,0.158627566624462,0.738999999999976,"2004",10,2025-10-16
2004-10-17,11.4704295652174,11.107,11.761,0.132763031259922,0.654000000000053,"2004",10,2025-10-17
2004-10-18,11.2305843478261,10.742,11.601,0.151161309753619,0.85899999999998,"2004",10,2025-10-18
2004-10-19,10.7394295652174,10.383,11.164,0.16772900460267,0.781000000000006,"2004",10,2025-10-19
2004-10-20,10.5884869565217,10.315,11.011,0.1699919635945,0.696000000000026,"2004",10,2025-10-20
2004-10-21,10.6338886956522,10.491,10.85,0.0981940310259846,0.359000000000037,"2004",10,2025-10-21
2004-10-22,10.6577043478261,10.597,10.802,0.0356122590550065,0.205000000000041,"2004",10,2025-10-22
2004-10-23,10.3630017391304,10.282,10.417,0.0293796190900438,0.134999999999991,"2004",10,2025-10-23
2004-10-24,10.1338295652174,9.96100000000001,10.297,0.0740861314518717,0.336000000000013,"2004",10,2025-10-24
2004-10-25,9.98561217391304,9.80900000000003,10.119,0.0672716231416264,0.310000000000002,"2004",10,2025-10-25
2004-10-26,9.90123478260869,9.73700000000002,10.075,0.0739197382836482,0.337999999999965,"2004",10,2025-10-26
2004-10-27,9.90580173913043,9.75799999999998,10.076,0.0697329075414387,0.31800000000004,"2004",10,2025-10-27
2004-10-28,9.86866260869565,9.70299999999997,10.007,0.0626234884033382,0.30400000000003,"2004",10,2025-10-28
2004-10-29,9.81030782608696,9.60899999999998,9.94900000000001,0.0788260170661958,0.340000000000032,"2004",10,2025-10-29
2004-10-30,10.1122886956522,9.93799999999999,10.257,0.0624920911584418,0.319000000000017,"2004",10,2025-10-30
2004-10-31,9.94332695652174,9.70999999999998,10.118,0.0875526574473152,0.408000000000015,"2004",10,2025-10-31
2004-11-01,9.8854052173913,9.452,10.1,0.137546701504189,0.648000000000025,"2004",11,2025-11-01
2004-11-02,9.47494956521739,8.89800000000002,9.72000000000003,0.19717387194917,0.822000000000003,"2004",11,2025-11-02
2004-11-03,9.79268,9.48399999999998,10.005,0.141684829115164,0.521000000000015,"2004",11,2025-11-03
2004-11-04,9.70383478260869,9.49299999999999,9.82999999999998,0.0877084903294273,0.336999999999989,"2004",11,2025-11-04
2004-11-05,9.12644173913043,8.678,9.49599999999998,0.225538348594791,0.817999999999984,"2004",11,2025-11-05
2004-11-06,9.04292695652174,8.26600000000002,9.495,0.32531918641938,1.22899999999998,"2004",11,2025-11-06
2004-11-07,8.94109217391304,7.97800000000001,9.36200000000002,0.323150007007951,1.38400000000001,"2004",11,2025-11-07
2004-11-08,8.9130347826087,8.238,9.22399999999999,0.234186036802706,0.98599999999999,"2004",11,2025-11-08
2004-11-09,8.7364852173913,8.35899999999998,9.05799999999999,0.171119218096624,0.699000000000012,"2004",11,2025-11-09
2004-11-10,8.67556173913043,8.30000000000001,8.97300000000001,0.171396851673304,0.673000000000002,"2004",11,2025-11-10
2004-11-11,8.83869739130435,8.47899999999998,9.22300000000001,0.180030027238426,0.744000000000028,"2004",11,2025-11-11
2004-11-12,8.47954260869565,8.12,8.94299999999998,0.205162605291285,0.822999999999979,"2004",11,2025-11-12
2004-11-13,7.93269043478261,7.63999999999999,8.39400000000001,0.182606681612891,0.754000000000019,"2004",11,2025-11-13
2004-11-14,7.73847304347826,7.39100000000002,8.24099999999999,0.215571929240013,0.849999999999966,"2004",11,2025-11-14
2004-11-15,7.81414956521739,7.49700000000001,8.28199999999998,0.20736032676818,0.784999999999968,"2004",11,2025-11-15
2004-11-16,7.48562782608696,7.32799999999997,7.947,0.12364509141905,0.619000000000028,"2004",11,2025-11-16
2004-11-17,7.32097565217391,7.08199999999999,7.92099999999999,0.218850248941827,0.838999999999999,"2004",11,2025-11-17
2004-11-18,7.3453947826087,7.029,7.96800000000002,0.233177503323873,0.939000000000021,"2004",11,2025-11-18
2004-11-19,7.49451130434783,7.23500000000001,7.89699999999999,0.153887701014593,0.661999999999978,"2004",11,2025-11-19
2004-11-20,7.82731652173913,7.53199999999998,8.13999999999999,0.14700417397333,0.608000000000004,"2004",11,2025-11-20
2004-11-21,6.8854347826087,6.64400000000001,7.24000000000001,0.142673717722743,0.596000000000004,"2004",11,2025-11-21
2004-11-22,6.97426608695652,6.80700000000002,7.18299999999999,0.0957331538177245,0.375999999999976,"2004",11,2025-11-22
2004-11-23,6.8734,6.589,7.14999999999998,0.157608554482278,0.560999999999979,"2004",11,2025-11-23
2004-11-24,6.89417565217391,6.69799999999998,7.19200000000001,0.126758730321705,0.494000000000028,"2004",11,2025-11-24
2004-11-25,7.33337391304348,7.108,7.76900000000001,0.176841405201233,0.661000000000001,"2004",11,2025-11-25
2004-11-26,7.24786086956522,6.86799999999999,7.81200000000001,0.276420357532645,0.944000000000017,"2004",11,2025-11-26
2004-11-27,6.85204347826087,6.39499999999998,7.87700000000001,0.394394167591749,1.48200000000003,"2004",11,2025-11-27
2004-11-28,6.40834086956522,6.13299999999998,7.08800000000002,0.214782132501174,0.955000000000041,"2004",11,2025-11-28
2004-11-29,6.52473043478261,6.31999999999999,7.01600000000002,0.184218450924331,0.696000000000026,"2004",11,2025-11-29
2004-11-30,7.17563826086956,6.97199999999998,7.41199999999998,0.114236099103714,0.439999999999998,"2004",11,2025-11-30
2004-12-01,6.98795130434783,6.62900000000002,7.60300000000001,0.23776712700421,0.97399999999999,"2004",12,2025-12-01
2004-12-02,7.00215826086956,6.62700000000001,7.67099999999999,0.27342263681798,1.04399999999998,"2004",12,2025-12-02
2004-12-03,6.91045391304348,6.279,7.59199999999998,0.334828591356924,1.31299999999999,"2004",12,2025-12-03
2004-12-04,6.30138608695652,5.959,6.87799999999999,0.240330529831639,0.918999999999983,"2004",12,2025-12-04
2004-12-05,6.06255130434783,5.87599999999998,6.38799999999998,0.119609208597819,0.512,"2004",12,2025-12-05
2004-12-06,6.04455652173913,5.79700000000003,6.411,0.156102998657846,0.613999999999976,"2004",12,2025-12-06
2004-12-07,6.01828347826087,5.80900000000003,6.33999999999997,0.118605668150798,0.530999999999949,"2004",12,2025-12-07
2004-12-08,5.95515826086956,5.61700000000002,6.41300000000001,0.215205892008463,0.795999999999992,"2004",12,2025-12-08
2004-12-09,5.84023478260869,5.39800000000002,6.34899999999999,0.259616090540445,0.950999999999965,"2004",12,2025-12-09
2004-12-10,5.72636173913043,5.428,6.23500000000001,0.207191611052064,0.807000000000016,"2004",12,2025-12-10
2004-12-11,5.9775947826087,5.75200000000001,6.27699999999999,0.120615210038336,0.524999999999977,"2004",12,2025-12-11
2004-12-12,5.88926956521739,5.63299999999998,6.15499999999997,0.129818952041078,0.521999999999991,"2004",12,2025-12-12
2004-12-13,5.89325739130435,5.553,6.39100000000002,0.245168213270115,0.838000000000022,"2004",12,2025-12-13
2004-12-14,5.7428052173913,5.31099999999998,6.346,0.295696850674579,1.03500000000003,"2004",12,2025-12-14
2004-12-15,5.63794956521739,5.202,6.20999999999998,0.245932228906599,1.00799999999998,"2004",12,2025-12-15
2004-12-16,5.57644695652174,5.22300000000001,6.15699999999998,0.244997269885143,0.933999999999969,"2004",12,2025-12-16
2004-12-17,5.67305565217391,5.334,6.44799999999998,0.281917149402808,1.11399999999998,"2004",12,2025-12-17
2004-12-18,5.74004869565217,5.38999999999999,6.464,0.261517591351471,1.07400000000001,"2004",12,2025-12-18
2004-12-19,5.90204695652174,5.541,6.44200000000001,0.213363399625976,0.90100000000001,"2004",12,2025-12-19
2004-12-20,5.34758782608696,5.15899999999999,5.73500000000001,0.119320866530196,0.576000000000022,"2004",12,2025-12-20
2004-12-21,5.04942086956522,4.70299999999997,5.52499999999998,0.190367003651845,0.822000000000003,"2004",12,2025-12-21
2004-12-22,5.15242608695652,4.81,5.51299999999998,0.168197881059333,0.702999999999975,"2004",12,2025-12-22
2004-12-23,5.24007130434783,4.89600000000002,5.57600000000002,0.143460432188448,0.680000000000007,"2004",12,2025-12-23
2004-12-24,5.14524695652174,4.77699999999999,5.68799999999999,0.202529521795981,0.911000000000001,"2004",12,2025-12-24
2004-12-25,5.13257913043478,4.798,5.79300000000001,0.226099505358336,0.995000000000005,"2004",12,2025-12-25
2004-12-26,5.34838434782609,5.02999999999997,5.78100000000001,0.169361868824495,0.751000000000033,"2004",12,2025-12-26
2004-12-27,5.33023304347826,5.08800000000002,5.65499999999997,0.113748643765502,0.56699999999995,"2004",12,2025-12-27
2004-12-28,4.92909391304348,4.61599999999999,5.63400000000001,0.218902484648265,1.01800000000003,"2004",12,2025-12-28
2004-12-29,4.81308869565217,4.39699999999999,5.52300000000002,0.263509437832297,1.12600000000003,"2004",12,2025-12-29
2004-12-30,4.72171304347826,4.38999999999999,5.45799999999997,0.243568761450046,1.06799999999998,"2004",12,2025-12-30
2004-12-31,5.01530434782609,4.38400000000001,5.94999999999999,0.450951560203591,1.56599999999997,"2004",12,2025-12-31
2005-01-01,4.96810260869565,4.26100000000002,5.99599999999998,0.507861559893611,1.73499999999996,"2005",1,2025-01-01
2005-01-02,4.84157043478261,4.25299999999999,5.64100000000002,0.37483530622112,1.38800000000003,"2005",1,2025-01-02
2005-01-03,4.91527304347826,4.47899999999998,5.48500000000001,0.250724122485496,1.00600000000003,"2005",1,2025-01-03
2005-01-04,5.08882956521739,4.74099999999999,5.50900000000001,0.174673290338919,0.768000000000029,"2005",1,2025-01-04
2005-01-05,5.41561565217391,5.16199999999998,5.61000000000001,0.114903611014925,0.448000000000036,"2005",1,2025-01-05
2005-01-06,4.60514782608696,4.36799999999999,4.75900000000001,0.0990821328501968,0.39100000000002,"2005",1,2025-01-06
2005-01-07,4.69346956521739,4.23700000000002,5.08299999999997,0.220738265626582,0.845999999999947,"2005",1,2025-01-07
2005-01-08,4.47259652173913,3.92599999999999,5.05700000000002,0.279158792350816,1.13100000000003,"2005",1,2025-01-08
2005-01-09,4.30270086956522,3.82299999999998,5.005,0.284228605020914,1.18200000000002,"2005",1,2025-01-09
2005-01-10,4.07902608695652,3.42599999999999,4.94299999999998,0.390520211901574,1.517,"2005",1,2025-01-10
2005-01-11,4.19302956521739,3.55700000000002,5.13799999999998,0.393303051177005,1.58099999999996,"2005",1,2025-01-11
2005-01-12,4.23187304347826,3.61900000000003,5.12599999999998,0.379199059021343,1.50699999999995,"2005",1,2025-01-12
2005-01-13,4.30212521739131,3.87,4.83999999999997,0.249250643425434,0.96999999999997,"2005",1,2025-01-13
2005-01-14,4.49751826086957,4.23500000000001,4.67399999999998,0.112191734513453,0.438999999999965,"2005",1,2025-01-14
2005-01-15,4.6535252173913,4.38400000000001,4.839,0.117197125283951,0.454999999999984,"2005",1,2025-01-15
2005-01-16,4.01354086956522,3.71499999999997,4.31400000000002,0.133349941696507,0.599000000000046,"2005",1,2025-01-16
2005-01-17,3.62779130434783,3.28899999999999,3.94999999999999,0.164503216645218,0.661000000000001,"2005",1,2025-01-17
2005-01-18,3.28025043478261,2.84300000000002,4.05799999999999,0.284215798470079,1.21499999999997,"2005",1,2025-01-18
2005-01-19,3.24586782608696,2.774,4.178,0.308251350997213,1.404,"2005",1,2025-01-19
2005-01-20,3.17853565217391,2.69,4.02100000000002,0.315706963484986,1.33100000000002,"2005",1,2025-01-20
2005-01-21,2.99749739130435,2.476,4.18200000000002,0.380100614192558,1.70600000000002,"2005",1,2025-01-21
2005-01-22,2.57961739130435,2.06099999999998,3.916,0.477633659397035,1.85500000000002,"2005",1,2025-01-22
2005-01-23,2.45589913043478,1.89100000000002,3.45100000000002,0.392147087506283,1.56,"2005",1,2025-01-23
2005-01-24,2.59368695652174,2.06299999999999,3.59399999999999,0.34211637294121,1.53100000000001,"2005",1,2025-01-24
2005-01-25,2.68597217391304,2.17200000000003,3.55200000000002,0.323407951443857,1.38,"2005",1,2025-01-25
2005-01-26,2.41406434782609,1.88,3.041,0.280602321978151,1.161,"2005",1,2025-01-26
2005-01-27,2.27886434782609,1.65100000000001,3.113,0.329691005741403,1.46199999999999,"2005",1,2025-01-27
2005-01-28,2.23475304347826,1.52999999999997,3.02499999999998,0.359166876019451,1.495,"2005",1,2025-01-28
2005-01-29,2.39972695652174,1.77199999999999,2.97699999999998,0.283182954282426,1.20499999999998,"2005",1,2025-01-29
2005-01-30,2.51361913043479,1.834,3.05500000000001,0.263412474437218,1.221,"2005",1,2025-01-30
2005-01-31,2.40956,1.74200000000002,2.99000000000001,0.272092746792602,1.24799999999999,"2005",1,2025-01-31
2005-02-01,2.31275130434783,1.59199999999998,2.83800000000002,0.266824367179554,1.24600000000004,"2005",2,2025-02-01
2005-02-02,1.95667478260869,1.18599999999998,2.74900000000002,0.381905091061907,1.56300000000005,"2005",2,2025-02-02
2005-02-03,1.96777913043478,1.24400000000003,2.77100000000002,0.344826389054105,1.52699999999999,"2005",2,2025-02-03
2005-02-04,2.11465043478261,1.35199999999998,2.85500000000002,0.351452567508049,1.50300000000004,"2005",2,2025-02-04
2005-02-05,2.03346608695652,1.26600000000002,2.74299999999999,0.369171478169556,1.47699999999998,"2005",2,2025-02-05
2005-02-06,2.02566434782609,1.27999999999997,2.738,0.370137737379792,1.45800000000003,"2005",2,2025-02-06
2005-02-07,1.88308695652174,1.04300000000001,2.536,0.397449621316494,1.49299999999999,"2005",2,2025-02-07
2005-02-08,1.89091304347826,1.07799999999997,2.36399999999998,0.30621819795676,1.286,"2005",2,2025-02-08
2005-02-09,1.7693947826087,0.949999999999989,2.495,0.362446260306768,1.54500000000002,"2005",2,2025-02-09
2005-02-10,1.78185565217391,1.09800000000001,2.334,0.290683134533667,1.23599999999999,"2005",2,2025-02-10
2005-02-11,1.70107130434783,1.108,2.226,0.265299173955098,1.11799999999999,"2005",2,2025-02-11
2005-02-12,1.57746086956522,1.06799999999998,2.089,0.267742995462911,1.02100000000002,"2005",2,2025-02-12
2005-02-13,1.58552869565217,1.12200000000001,2.02300000000002,0.243495370089996,0.90100000000001,"2005",2,2025-02-13
2005-02-14,1.42993565217391,0.875999999999976,2.089,0.402522950671512,1.21300000000002,"2005",2,2025-02-14
2005-02-15,1.19230782608696,0.699999999999989,1.87299999999999,0.338550915153377,1.173,"2005",2,2025-02-15
2005-02-16,1.00675304347826,0.661000000000001,1.76299999999998,0.227867002793243,1.10199999999998,"2005",2,2025-02-16
2005-02-17,1.28913913043478,0.687000000000012,2.10199999999998,0.37016856238898,1.41499999999996,"2005",2,2025-02-17
2005-02-18,1.37192347826087,0.749000000000024,2.06999999999999,0.34690807665204,1.32099999999997,"2005",2,2025-02-18
2005-02-19,1.32981739130435,0.911000000000001,1.83499999999998,0.241362659694754,0.923999999999978,"2005",2,2025-02-19
2005-02-20,1.18166956521739,0.817999999999984,1.60300000000001,0.206718652820753,0.785000000000025,"2005",2,2025-02-20
2005-02-21,1.02417565217391,0.557000000000016,1.464,0.247495268877917,0.906999999999982,"2005",2,2025-02-21
2005-02-22,0.85354260869565,0.428999999999974,1.19400000000002,0.201764268505223,0.765000000000043,"2005",2,2025-02-22
2005-02-23,0.797862608695652,0.423000000000002,1.25700000000001,0.198096834036296,0.834000000000003,"2005",2,2025-02-23
2005-02-24,0.640728695652173,0.187000000000012,1.072,0.221271238774773,0.884999999999991,"2005",2,2025-02-24
2005-02-25,0.602822608695652,0.122000000000014,1.00400000000002,0.233478579795125,0.882000000000005,"2005",2,2025-02-25
2005-02-26,0.669387826086956,0.189999999999998,1.245,0.252826290763076,1.05500000000001,"2005",2,2025-02-26
2005-02-27,0.641351304347827,0.16500000000002,1.30599999999998,0.260198995934323,1.14099999999996,"2005",2,2025-02-27
2005-02-28,0.530420869565218,0.0380000000000109,1.09699999999998,0.251443082931199,1.05899999999997,"2005",2,2025-02-28
2005-03-01,0.774281739130434,0.331999999999994,1.24799999999999,0.234445391806132,0.915999999999997,"2005",3,2025-03-01
2005-03-02,1.07935130434783,0.58299999999997,1.767,0.311625565534963,1.18400000000003,"2005",3,2025-03-02
2005-03-03,1.10344347826087,0.550000000000011,1.79899999999998,0.33252149838294,1.24899999999997,"2005",3,2025-03-03
2005-03-04,1.20155826086956,0.75,1.69299999999998,0.23897990161677,0.942999999999984,"2005",3,2025-03-04
2005-03-05,1.31623652173913,0.968000000000018,1.75700000000001,0.190448616869022,0.788999999999987,"2005",3,2025-03-05
2005-03-06,1.58373391304348,1.036,2.18000000000001,0.327140797743495,1.14400000000001,"2005",3,2025-03-06
2005-03-07,1.56161739130435,0.939000000000021,2.30200000000002,0.379087368750916,1.363,"2005",3,2025-03-07
2005-03-08,1.52104173913043,1.02300000000002,2.06999999999999,0.311370363845519,1.04699999999997,"2005",3,2025-03-08
2005-03-09,1.36774956521739,0.999000000000024,2.17599999999999,0.313061598333071,1.17699999999996,"2005",3,2025-03-09
2005-03-10,1.51538260869565,1.15100000000001,2.25,0.278013128014818,1.09899999999999,"2005",3,2025-03-10
2005-03-11,1.63997565217391,1.38900000000001,2.11599999999999,0.167464665049964,0.726999999999975,"2005",3,2025-03-11
2005-03-12,1.83537043478261,1.56,2.13799999999998,0.142990387931327,0.577999999999975,"2005",3,2025-03-12
2005-03-13,1.82118956521739,1.55900000000003,2.358,0.173850682544645,0.798999999999978,"2005",3,2025-03-13
2005-03-14,1.73982782608696,1.41500000000002,2.351,0.195865371680814,0.935999999999979,"2005",3,2025-03-14
2005-03-15,1.84482260869565,1.55200000000002,2.31900000000002,0.16761205574217,0.766999999999996,"2005",3,2025-03-15
2005-03-16,1.94485043478261,1.59100000000001,2.50400000000002,0.262685843082063,0.913000000000011,"2005",3,2025-03-16
2005-03-17,1.95694260869565,1.584,2.58499999999998,0.281865713900477,1.00099999999998,"2005",3,2025-03-17
2005-03-18,2.07308,1.75900000000001,2.59500000000003,0.20661431321447,0.836000000000013,"2005",3,2025-03-18
2005-03-19,2.36153739130435,1.77999999999997,2.858,0.255870417668361,1.07800000000003,"2005",3,2025-03-19
2005-03-20,2.48613565217391,1.90100000000001,3.03100000000001,0.280297997904277,1.13,"2005",3,2025-03-20
2005-03-21,2.45777217391304,2.05500000000001,2.92599999999999,0.211735944104335,0.870999999999981,"2005",3,2025-03-21
2005-03-22,2.5513547826087,2.01999999999998,3.12900000000002,0.230232981621639,1.10900000000004,"2005",3,2025-03-22
2005-03-23,2.69179478260869,1.90100000000001,3.536,0.320591297623789,1.63499999999999,"2005",3,2025-03-23
2005-03-24,2.68183478260869,1.72199999999998,3.29899999999998,0.354635380557923,1.577,"2005",3,2025-03-24
2005-03-25,2.72832869565217,1.726,3.40699999999998,0.403961970121007,1.68099999999998,"2005",3,2025-03-25
2005-03-26,2.7656452173913,1.87799999999999,3.428,0.423046808442057,1.55000000000001,"2005",3,2025-03-26
2005-03-27,2.79483652173913,2.10000000000002,3.274,0.274258825823141,1.17399999999998,"2005",3,2025-03-27
2005-03-28,2.72814260869565,2.12299999999999,3.10599999999999,0.20855932864442,0.983000000000004,"2005",3,2025-03-28
2005-03-29,3.37201913043478,2.69200000000001,3.51499999999999,0.120638969480971,0.822999999999979,"2005",3,2025-03-29
2005-03-30,3.40585739130435,2.858,3.66199999999998,0.11021570793409,0.803999999999974,"2005",3,2025-03-30
2005-03-31,3.35477565217391,2.85399999999998,3.60199999999998,0.140750378658679,0.74799999999999,"2005",3,2025-03-31
2005-04-01,3.2390852173913,2.84699999999998,3.45100000000002,0.13728028263595,0.604000000000042,"2005",4,2025-04-01
2005-04-02,3.32154434782609,3.18799999999999,3.39800000000002,0.0447313042551479,0.210000000000036,"2005",4,2025-04-02
2005-04-03,3.23960347826087,2.99000000000001,3.52999999999997,0.126058553350805,0.539999999999964,"2005",4,2025-04-03
2005-04-04,3.30404869565217,3.19,3.48000000000002,0.0591720846657997,0.29000000000002,"2005",4,2025-04-04
2005-04-05,4.06671304347826,3.49599999999998,4.33199999999999,0.198063075742119,0.836000000000013,"2005",4,2025-04-05
2005-04-06,4.39622260869565,4.06,4.70100000000002,0.151169076638904,0.64100000000002,"2005",4,2025-04-06
2005-04-07,4.61185391304348,4.05900000000003,5.02300000000002,0.256897421632897,0.963999999999999,"2005",4,2025-04-07
2005-04-08,5.0693547826087,4.19299999999998,5.36599999999999,0.191089830674911,1.173,"2005",4,2025-04-08
2005-04-09,5.0533947826087,4.214,5.38400000000001,0.214623572035041,1.17000000000002,"2005",4,2025-04-09
2005-04-10,5.22652695652174,4.45999999999998,5.70299999999997,0.230902657334353,1.24299999999999,"2005",4,2025-04-10
2005-04-11,4.96361739130435,4.28100000000001,5.41199999999998,0.237012157416487,1.13099999999997,"2005",4,2025-04-11
2005-04-12,4.97726086956522,4.32299999999998,5.47500000000002,0.228166754188713,1.15200000000004,"2005",4,2025-04-12
2005-04-13,4.80083478260869,4.33999999999997,5.00299999999999,0.145517598971265,0.663000000000011,"2005",4,2025-04-13
2005-04-14,5.22491130434783,4.76400000000001,5.77699999999999,0.277885672216486,1.01299999999998,"2005",4,2025-04-14
2005-04-15,5.22411826086957,4.71699999999998,5.75299999999999,0.194719981017417,1.036,"2005",4,2025-04-15
2005-04-16,5.23638608695652,4.97899999999998,5.43900000000002,0.0942271357741205,0.460000000000036,"2005",4,2025-04-16
2005-04-17,5.60407130434783,5.33299999999997,5.77999999999997,0.0787669131942429,0.447000000000003,"2005",4,2025-04-17
2005-04-18,6.17323652173913,5.68299999999999,6.78500000000003,0.25229209826117,1.10200000000003,"2005",4,2025-04-18
2005-04-19,6.45937391304348,6.01800000000003,7.18900000000002,0.246352501646347,1.17099999999999,"2005",4,2025-04-19
2005-04-20,6.8558747826087,6.55900000000003,7.47399999999999,0.242190227392661,0.914999999999964,"2005",4,2025-04-20
2005-04-21,7.07444,6.82600000000002,7.27699999999999,0.0711179723630484,0.450999999999965,"2005",4,2025-04-21
2005-04-22,6.99378260869565,6.70400000000001,7.21699999999998,0.121122492682411,0.512999999999977,"2005",4,2025-04-22
2005-04-23,6.77084695652174,6.55700000000002,6.94099999999997,0.0917940860689666,0.383999999999958,"2005",4,2025-04-23
2005-04-24,6.38704173913043,6.18700000000001,6.56299999999999,0.114726405332834,0.375999999999976,"2005",4,2025-04-24
2005-04-25,6.35602782608696,5.95299999999997,6.77600000000001,0.243919767306581,0.823000000000036,"2005",4,2025-04-25
2005-04-26,6.48300869565217,6.04300000000001,7.02699999999999,0.275812650890334,0.98399999999998,"2005",4,2025-04-26
2005-04-27,6.86481565217391,6.44499999999999,7.44200000000001,0.261158610072902,0.997000000000014,"2005",4,2025-04-27
2005-04-28,6.93000869565217,6.69900000000001,7.13200000000001,0.126008177908673,0.432999999999993,"2005",4,2025-04-28
2005-04-29,6.85262086956522,6.39100000000002,7.08999999999997,0.115923224544478,0.698999999999955,"2005",4,2025-04-29
2005-04-30,6.95111130434783,6.47500000000002,7.404,0.17881152787964,0.928999999999974,"2005",4,2025-04-30
2005-05-01,7.1666,6.49299999999999,7.59399999999999,0.209057800053158,1.101,"2005",5,2025-05-01
2005-05-02,7.24060347826087,6.53399999999999,7.76600000000002,0.235700592544565,1.23200000000003,"2005",5,2025-05-02
2005-05-03,7.27750608695652,6.82799999999997,7.62200000000001,0.220374252974421,0.79400000000004,"2005",5,2025-05-03
2005-05-04,7.43272695652174,7.01299999999998,8.084,0.301544422196456,1.07100000000003,"2005",5,2025-05-04
2005-05-05,7.64388869565217,7.15199999999999,8.584,0.378444710280888,1.43200000000002,"2005",5,2025-05-05
2005-05-06,7.59013043478261,7.17000000000002,8.19600000000003,0.305296649068964,1.02600000000001,"2005",5,2025-05-06
2005-05-07,7.41227652173913,7.27100000000002,7.53500000000003,0.0847768646642807,0.26400000000001,"2005",5,2025-05-07
2005-05-08,6.78390434782609,6.63299999999998,7.02699999999999,0.0719946007839404,0.394000000000005,"2005",5,2025-05-08
2005-05-09,6.60177043478261,6.29500000000002,6.86500000000001,0.13022150585748,0.569999999999993,"2005",5,2025-05-09
2005-05-10,6.64763652173913,6.40600000000001,7.03399999999999,0.152485419609402,0.627999999999986,"2005",5,2025-05-10
2005-05-11,6.89227304347826,6.56799999999998,7.35000000000002,0.197681835898511,0.782000000000039,"2005",5,2025-05-11
2005-05-12,7.84782434782609,7.45999999999998,8.44499999999999,0.223320184113822,0.985000000000014,"2005",5,2025-05-12
2005-05-13,7.88898608695652,7.35699999999997,8.57999999999998,0.278047879868683,1.22300000000001,"2005",5,2025-05-13
2005-05-14,7.62941739130435,7.23599999999999,8.12099999999998,0.22451740667286,0.884999999999991,"2005",5,2025-05-14
2005-05-15,8.17614260869565,7.92500000000001,8.41899999999998,0.123632240321209,0.493999999999971,"2005",5,2025-05-15
2005-05-16,8.20209565217391,7.90899999999999,8.48000000000002,0.132654129270153,0.571000000000026,"2005",5,2025-05-16
2005-05-17,8.02590782608696,7.55500000000001,8.40300000000002,0.198312462928034,0.848000000000013,"2005",5,2025-05-17
2005-05-18,8.84295130434783,8.44499999999999,9.06700000000001,0.0863325213625272,0.622000000000014,"2005",5,2025-05-18
2005-05-19,9.05805913043478,8.55900000000003,9.47899999999998,0.242266662729982,0.919999999999959,"2005",5,2025-05-19
2005-05-20,9.0698,8.49900000000002,9.553,0.266340734322751,1.05399999999997,"2005",5,2025-05-20
2005-05-21,8.90631304347826,8.21100000000001,9.226,0.158815177858015,1.01499999999999,"2005",5,2025-05-21
2005-05-22,8.67254260869565,8.048,8.86500000000001,0.157817688593211,0.817000000000007,"2005",5,2025-05-22
2005-05-23,8.36897043478261,7.96300000000002,8.61200000000002,0.165713789709803,0.649000000000001,"2005",5,2025-05-23
2005-05-24,7.18565739130435,6.88200000000001,7.39100000000002,0.114940808172845,0.509000000000015,"2005",5,2025-05-24
2005-05-25,6.69493565217391,6.49900000000002,6.82100000000003,0.0715093207921702,0.322000000000003,"2005",5,2025-05-25
2005-05-26,6.53194956521739,6.37200000000001,6.63799999999998,0.0643054765631413,0.265999999999963,"2005",5,2025-05-26
2005-05-27,6.78954782608696,6.50200000000001,6.99900000000002,0.116181631461982,0.497000000000014,"2005",5,2025-05-27
2005-05-28,7.26862434782609,6.899,7.52999999999997,0.144178538535022,0.630999999999972,"2005",5,2025-05-28
2005-05-29,10.1578208695652,9.53100000000001,10.475,0.212073176795924,0.944000000000017,"2005",5,2025-05-29
2005-05-30,10.6316765217391,10.128,11.096,0.219752996566772,0.968000000000018,"2005",5,2025-05-30
2005-05-31,10.2457339130435,9.93799999999999,10.659,0.141095997967081,0.721000000000004,"2005",5,2025-05-31
2005-06-01,10.1699513043478,9.81200000000001,10.572,0.165140752111276,0.759999999999991,"2005",6,2025-06-01
2005-06-02,10.4036260869565,9.78300000000002,11.253,0.356160430047367,1.46999999999997,"2005",6,2025-06-02
2005-06-03,10.7616260869565,9.959,11.447,0.331679247182673,1.488,"2005",6,2025-06-03
2005-06-04,10.8160817391304,10.074,11.119,0.236311866365452,1.04500000000002,"2005",6,2025-06-04
2005-06-05,11.0484156521739,10.636,11.373,0.169017583869317,0.736999999999966,"2005",6,2025-06-05
2005-06-06,11.2814208695652,10.917,11.656,0.164187897744605,0.739000000000033,"2005",6,2025-06-06
2005-06-07,11.7369617391304,11.378,12.102,0.163108454322684,0.72399999999999,"2005",6,2025-06-07
2005-06-08,11.90568,11.408,12.389,0.223164300655611,0.980999999999995,"2005",6,2025-06-08
2005-06-09,12.7449930434783,12.417,13.113,0.200159143878943,0.696000000000026,"2005",6,2025-06-09
2005-06-10,13.1881147826087,12.758,13.49,0.153960708279696,0.732000000000028,"2005",6,2025-06-10
2005-06-11,12.9609008695652,12.447,13.399,0.212638867720473,0.951999999999998,"2005",6,2025-06-11
2005-06-12,13.5147460869565,12.918,14.047,0.255004689882047,1.12900000000002,"2005",6,2025-06-12
2005-06-13,12.8444313043478,12.396,13.324,0.21340410471759,0.927999999999997,"2005",6,2025-06-13
2005-06-14,12.1794765217391,11.9,12.483,0.13879926493346,0.583000000000027,"2005",6,2025-06-14
2005-06-15,10.9697826086957,10.693,11.28,0.146486040207801,0.586999999999989,"2005",6,2025-06-15
2005-06-16,9.69154608695652,9.49599999999998,9.976,0.112981270446013,0.480000000000018,"2005",6,2025-06-16
2005-06-17,9.93510086956522,9.59500000000003,10.346,0.184865899931357,0.750999999999976,"2005",6,2025-06-17
2005-06-18,11.229172173913,10.967,11.436,0.103179893940432,0.468999999999994,"2005",6,2025-06-18
2005-06-19,11.7332591304348,11.323,12.145,0.201664529752305,0.822000000000003,"2005",6,2025-06-19
2005-06-20,12.1020713043478,11.602,12.4,0.171594145168072,0.798000000000002,"2005",6,2025-06-20
2005-06-21,12.6635269565217,12.238,12.945,0.166025392311806,0.706999999999994,"2005",6,2025-06-21
2005-06-22,12.7126260869565,12.315,13.184,0.256633290240663,0.869000000000028,"2005",6,2025-06-22
2005-06-23,12.9230991304348,12.277,13.853,0.42810819839015,1.57600000000002,"2005",6,2025-06-23
2005-06-24,13.3459026086957,12.572,14.281,0.517997461663037,1.709,"2005",6,2025-06-24
2005-06-25,13.589947826087,12.816,14.037,0.317906299704186,1.221,"2005",6,2025-06-25
2005-06-26,14.3254643478261,13.419,14.739,0.342196056593748,1.31999999999999,"2005",6,2025-06-26
2005-06-27,14.8496886956522,14.685,15.058,0.0748037534288306,0.37299999999999,"2005",6,2025-06-27
2005-06-28,15.1445373913043,14.772,15.485,0.151103138427567,0.713000000000022,"2005",6,2025-06-28
2005-06-29,15.251787826087,14.636,15.788,0.280182531702192,1.15199999999999,"2005",6,2025-06-29
2005-06-30,15.0447130434783,14.476,15.608,0.277497413906944,1.13200000000001,"2005",6,2025-06-30
2005-07-01,15.0406713043478,14.205,15.645,0.343517257290894,1.44,"2005",7,2025-07-01
2005-07-02,15.3885373913043,14.4,16.183,0.442034780637038,1.78300000000002,"2005",7,2025-07-02
2005-07-03,15.3864347826087,14.474,16.259,0.425971076099164,1.78500000000003,"2005",7,2025-07-03
2005-07-04,15.2096504347826,14.484,15.761,0.321762044267723,1.27700000000004,"2005",7,2025-07-04
2005-07-05,15.1042208695652,14.392,15.8,0.307029879005335,1.40800000000002,"2005",7,2025-07-05
2005-07-06,14.9136034782609,14.594,15.472,0.183156211735471,0.877999999999986,"2005",7,2025-07-06
2005-07-07,14.6582956521739,14.171,15.256,0.283245075976064,1.08499999999998,"2005",7,2025-07-07
2005-07-08,13.9470313043478,13.599,14.342,0.126752161782703,0.742999999999995,"2005",7,2025-07-08
2005-07-09,13.7081634782609,13.271,14.318,0.254120553002436,1.04699999999997,"2005",7,2025-07-09
2005-07-10,13.8510956521739,13.34,14.546,0.30412452674607,1.20600000000002,"2005",7,2025-07-10
2005-07-11,14.4412747826087,13.828,15.23,0.364567703964744,1.40200000000004,"2005",7,2025-07-11
2005-07-12,14.8148573913043,14.203,15.703,0.290580928132897,1.5,"2005",7,2025-07-12
2005-07-13,15.3320852173913,14.794,15.816,0.270391659486328,1.02199999999999,"2005",7,2025-07-13
2005-07-14,15.6151443478261,14.979,16.127,0.267162333753998,1.14800000000002,"2005",7,2025-07-14
2005-07-15,16.22512,15.832,16.757,0.180228159308321,0.925000000000011,"2005",7,2025-07-15
2005-07-16,16.5638434782609,16.21,16.915,0.126250842016327,0.705000000000041,"2005",7,2025-07-16
2005-07-17,16.6504086956522,16.316,17.113,0.197850412277912,0.797000000000025,"2005",7,2025-07-17
2005-07-18,16.7616539130435,16.455,17.055,0.118371220610449,0.600000000000023,"2005",7,2025-07-18
2005-07-19,16.95592,16.716,17.26,0.108870062243766,0.543999999999983,"2005",7,2025-07-19
2005-07-20,17.2122382608696,16.583,17.859,0.340326304677594,1.27599999999995,"2005",7,2025-07-20
2005-07-21,17.969307826087,17.363,18.364,0.164171515833653,1.00099999999998,"2005",7,2025-07-21
2005-07-22,18.0647147826087,17.153,18.518,0.270452141825551,1.36499999999995,"2005",7,2025-07-22
2005-07-23,17.7865756521739,16.612,18.595,0.460224945868734,1.983,"2005",7,2025-07-23
2005-07-24,17.5632191304348,16.253,18.353,0.497695764347475,2.10000000000002,"2005",7,2025-07-24
2005-07-25,16.9842817391304,15.713,17.448,0.443970638053257,1.73499999999996,"2005",7,2025-07-25
2005-07-26,16.2370208695652,15.699,17.07,0.340663218054328,1.37099999999998,"2005",7,2025-07-26
2005-07-27,16.200867826087,15.944,16.632,0.171466425614058,0.687999999999988,"2005",7,2025-07-27
2005-07-28,15.993732173913,15.763,16.38,0.140212585951487,0.617000000000019,"2005",7,2025-07-28
2005-07-29,16.0505391304348,15.799,16.566,0.186341051777755,0.766999999999996,"2005",7,2025-07-29
2005-07-30,16.3394765217391,15.543,16.785,0.236194382805172,1.24200000000002,"2005",7,2025-07-30
2005-07-31,16.7175739130435,16.372,16.97,0.111346718194924,0.598000000000013,"2005",7,2025-07-31
2005-08-01,16.9153669565217,16.631,17.307,0.149012893603989,0.676000000000045,"2005",8,2025-08-01
2005-08-02,17.2969965217391,16.657,17.778,0.280395707173133,1.12100000000004,"2005",8,2025-08-02
2005-08-03,18.0972156521739,16.849,18.659,0.42261723784027,1.81,"2005",8,2025-08-03
2005-08-04,18.4042330434783,17.381,19.052,0.279542834762764,1.67100000000005,"2005",8,2025-08-04
2005-08-05,18.5443095652174,17.792,19.094,0.196485979752648,1.30200000000002,"2005",8,2025-08-05
2005-08-06,19.0022556521739,18.252,19.475,0.228233289701792,1.22300000000001,"2005",8,2025-08-06
2005-08-07,19.2273965217391,18.431,19.712,0.279232121519408,1.28100000000001,"2005",8,2025-08-07
2005-08-08,19.1832452173913,18.409,19.551,0.246198902706705,1.142,"2005",8,2025-08-08
2005-08-09,18.7498713043478,18.101,19.035,0.191759178950345,0.934000000000026,"2005",8,2025-08-09
2005-08-10,18.3083495652174,17.931,18.949,0.240579457045379,1.01800000000003,"2005",8,2025-08-10
2005-08-11,18.1568139130435,17.702,18.991,0.318978501041445,1.28899999999999,"2005",8,2025-08-11
2005-08-12,18.0526573913043,17.69,18.65,0.24611981695166,0.95999999999998,"2005",8,2025-08-12
2005-08-13,17.791427826087,17.514,17.994,0.097351877611755,0.480000000000018,"2005",8,2025-08-13
2005-08-14,17.7275808695652,17.441,18.179,0.161049638448952,0.738,"2005",8,2025-08-14
2005-08-15,17.753212173913,17.525,18.191,0.142370205665701,0.665999999999997,"2005",8,2025-08-15
2005-08-16,17.7747947826087,17.512,18.273,0.145591439377864,0.761000000000024,"2005",8,2025-08-16
2005-08-17,17.9496104347826,17.616,18.498,0.168799051394114,0.882000000000005,"2005",8,2025-08-17
2005-08-18,17.941787826087,17.474,18.895,0.308972265465927,1.42099999999999,"2005",8,2025-08-18
2005-08-19,18.113812173913,17.657,18.726,0.273138373231732,1.06900000000002,"2005",8,2025-08-19
2005-08-20,18.6319443478261,17.919,19.128,0.268077522133149,1.209,"2005",8,2025-08-20
2005-08-21,18.6077808695652,17.709,19.249,0.295608456515883,1.54000000000002,"2005",8,2025-08-21
2005-08-22,18.5429234782609,17.602,19.257,0.341150739244158,1.65500000000003,"2005",8,2025-08-22
2005-08-23,18.5376295652174,17.496,19.207,0.415479912463841,1.71100000000001,"2005",8,2025-08-23
2005-08-24,18.1327356521739,17.439,18.669,0.318013832394603,1.22999999999996,"2005",8,2025-08-24
2005-08-25,18.1892834782609,17.488,18.738,0.307664583849243,1.25,"2005",8,2025-08-25
2005-08-26,17.9878469565217,17.345,18.615,0.318050246211641,1.26999999999998,"2005",8,2025-08-26
2005-08-27,17.6482643478261,17.031,18.29,0.297780540929016,1.25900000000001,"2005",8,2025-08-27
2005-08-28,17.6131547826087,17.065,18.228,0.284311513970531,1.16300000000001,"2005",8,2025-08-28
2005-08-29,17.5279426086957,16.856,18.204,0.31118552984149,1.34800000000001,"2005",8,2025-08-29
2005-08-30,17.6045530434783,16.983,18.181,0.271690276789666,1.19799999999998,"2005",8,2025-08-30
2005-08-31,17.7001234782609,17.402,18.005,0.139935227879965,0.603000000000009,"2005",8,2025-08-31
2005-09-01,17.213027826087,16.797,17.666,0.223991186186349,0.868999999999971,"2005",9,2025-09-01
2005-09-02,17.126812173913,16.413,17.876,0.472749257144084,1.46299999999997,"2005",9,2025-09-02
2005-09-03,17.3334017391304,16.557,18.123,0.513486559063072,1.56599999999997,"2005",9,2025-09-03
2005-09-04,17.3663113043478,16.654,17.974,0.417503095768784,1.31999999999999,"2005",9,2025-09-04
2005-09-05,17.5548782608696,17.01,18.342,0.370358220692616,1.33199999999999,"2005",9,2025-09-05
2005-09-06,17.0226817391304,16.648,17.782,0.277901458854046,1.13399999999996,"2005",9,2025-09-06
2005-09-07,17.0678417391304,16.742,18.047,0.316040746827852,1.30500000000001,"2005",9,2025-09-07
2005-09-08,17.1372365217391,16.796,17.683,0.251376689705417,0.887,"2005",9,2025-09-08
2005-09-09,17.2241982608696,16.732,17.677,0.159247191313446,0.94500000000005,"2005",9,2025-09-09
2005-09-10,16.8001547826087,16.119,17.473,0.293608462007277,1.35399999999998,"2005",9,2025-09-10
2005-09-11,16.3269043478261,15.456,17.182,0.329811776484547,1.726,"2005",9,2025-09-11
2005-09-12,15.9792434782609,15.48,16.603,0.202725256110906,1.12299999999999,"2005",9,2025-09-12
2005-09-13,15.8951304347826,15.452,16.391,0.237165525406726,0.939000000000021,"2005",9,2025-09-13
2005-09-14,15.8649026086957,15.285,16.288,0.266496185674854,1.00299999999999,"2005",9,2025-09-14
2005-09-15,15.9275756521739,15.511,16.599,0.217936851365607,1.08799999999997,"2005",9,2025-09-15
2005-09-16,16.2293756521739,15.783,16.911,0.247330538399458,1.12799999999999,"2005",9,2025-09-16
2005-09-17,15.6897808695652,14.813,16.443,0.373192653700801,1.63,"2005",9,2025-09-17
2005-09-18,15.618467826087,14.917,16.193,0.218893977624758,1.27600000000001,"2005",9,2025-09-18
2005-09-19,15.5295391304348,15.043,16.203,0.184901380953971,1.15999999999997,"2005",9,2025-09-19
2005-09-20,15.3838626086957,14.953,15.771,0.22490586550406,0.81800000000004,"2005",9,2025-09-20
2005-09-21,15.1844765217391,14.648,15.749,0.327429247172969,1.101,"2005",9,2025-09-21
2005-09-22,14.9670260869565,14.343,15.53,0.315603676314067,1.18699999999995,"2005",9,2025-09-22
2005-09-23,14.6390069565217,14.067,15.124,0.308159728176783,1.05700000000002,"2005",9,2025-09-23
2005-09-24,14.2660869565217,13.521,14.895,0.30229198697131,1.37399999999997,"2005",9,2025-09-24
2005-09-25,13.8724469565217,13.156,14.309,0.236364605453322,1.15300000000002,"2005",9,2025-09-25
2005-09-26,13.4862226086957,13.044,13.931,0.193976342472931,0.887,"2005",9,2025-09-26
2005-09-27,13.2263113043478,12.49,13.822,0.346019372875407,1.33199999999999,"2005",9,2025-09-27
2005-09-28,12.9420452173913,12.029,13.607,0.325174176924589,1.57799999999997,"2005",9,2025-09-28
2005-09-29,12.33064,11.857,12.657,0.180074831909148,0.800000000000011,"2005",9,2025-09-29
2005-09-30,12.2991426086957,11.793,12.692,0.229254815801316,0.899000000000001,"2005",9,2025-09-30
2005-10-01,12.8423756521739,12.149,13.436,0.360195240463891,1.28699999999998,"2005",10,2025-10-01
2005-10-02,12.8107286956522,12.3,13.375,0.247177585995029,1.07499999999999,"2005",10,2025-10-02
2005-10-03,12.947027826087,12.533,13.324,0.173768727488382,0.790999999999997,"2005",10,2025-10-03
2005-10-04,13.087987826087,12.701,13.374,0.181694813019025,0.673000000000002,"2005",10,2025-10-04
2005-10-05,13.4091147826087,12.885,13.88,0.234709719243209,0.995000000000005,"2005",10,2025-10-05
2005-10-06,13.7695130434783,13.363,14.176,0.192513494038892,0.812999999999988,"2005",10,2025-10-06
2005-10-07,13.7884260869565,13.443,14.204,0.178130626856272,0.761000000000024,"2005",10,2025-10-07
2005-10-08,13.7116191304348,13.044,14.084,0.214709063300444,1.04000000000002,"2005",10,2025-10-08
2005-10-09,12.924172173913,12.02,13.728,0.49124673213936,1.70800000000003,"2005",10,2025-10-09
2005-10-10,12.1499495652174,11.875,12.462,0.142632819313372,0.586999999999989,"2005",10,2025-10-10
2005-10-11,12.4970643478261,11.893,13.143,0.358733371378585,1.25,"2005",10,2025-10-11
2005-10-12,12.9020573913043,12.305,13.353,0.243244801148689,1.048,"2005",10,2025-10-12
2005-10-13,12.9768973913043,12.469,13.384,0.197653353976427,0.91500000000002,"2005",10,2025-10-13
2005-10-14,12.7753356521739,12.368,13.065,0.149066340603518,0.697000000000003,"2005",10,2025-10-14
2005-10-15,12.536507826087,12.361,12.694,0.0818387949158584,0.333000000000027,"2005",10,2025-10-15
2005-10-16,11.7204382608696,11.637,11.953,0.0659755730092888,0.315999999999974,"2005",10,2025-10-16
2005-10-17,11.6600973913043,11.456,11.921,0.0826194262415693,0.464999999999975,"2005",10,2025-10-17
2005-10-18,11.689267826087,11.497,11.918,0.0949144741992149,0.420999999999992,"2005",10,2025-10-18
2005-10-19,11.6918139130435,11.489,12.012,0.116821561186309,0.523000000000025,"2005",10,2025-10-19
2005-10-20,11.7881304347826,11.545,12.073,0.110292367379049,0.527999999999963,"2005",10,2025-10-20
2005-10-21,11.5831756521739,11.23,11.934,0.188782737701925,0.704000000000008,"2005",10,2025-10-21
2005-10-22,11.2641895652174,11.14,11.396,0.0749803730113328,0.256000000000029,"2005",10,2025-10-22
2005-10-23,11.0439582608696,11.009,11.125,0.0274447496378543,0.115999999999985,"2005",10,2025-10-23
2005-10-24,11.3758243478261,11.319,11.455,0.0363422863272041,0.135999999999967,"2005",10,2025-10-24
2005-10-25,10.537107826087,10.372,10.699,0.0713224912699031,0.326999999999998,"2005",10,2025-10-25
2005-10-26,10.6004452173913,10.392,10.988,0.142410324031825,0.596000000000004,"2005",10,2025-10-26
2005-10-27,10.6257669565217,10.367,11.052,0.165358151956356,0.685000000000002,"2005",10,2025-10-27
2005-10-28,10.4887808695652,10.264,10.928,0.173772701821079,0.663999999999987,"2005",10,2025-10-28
2005-10-29,10.0143947826087,9.85000000000002,10.235,0.116706915621638,0.384999999999991,"2005",10,2025-10-29
2005-10-30,9.81342086956522,9.63999999999999,9.98399999999998,0.0962559573210922,0.343999999999994,"2005",10,2025-10-30
2005-10-31,9.87731304347826,9.41000000000003,10.306,0.212923067898968,0.895999999999958,"2005",10,2025-10-31
2005-11-01,9.89197565217391,9.25599999999997,10.386,0.246389212437262,1.13000000000005,"2005",11,2025-11-01
2005-11-02,9.70467130434783,9.26900000000001,9.98599999999999,0.16942400306993,0.716999999999985,"2005",11,2025-11-02
2005-11-03,9.68296,9.05200000000002,10.059,0.266831649283277,1.00700000000001,"2005",11,2025-11-03
2005-11-04,9.68893565217391,8.935,10.117,0.3286019817388,1.18200000000002,"2005",11,2025-11-04
2005-11-05,9.72836173913043,9.21100000000001,10.125,0.275255651703793,0.913999999999987,"2005",11,2025-11-05
2005-11-06,10.014627826087,9.92200000000003,10.149,0.0529913271909749,0.226999999999975,"2005",11,2025-11-06
2005-11-07,9.88812869565217,9.69099999999997,10.089,0.108537285269127,0.398000000000025,"2005",11,2025-11-07
2005-11-08,9.90198956521739,9.66899999999998,10.23,0.171459628111432,0.561000000000035,"2005",11,2025-11-08
2005-11-09,10.1903443478261,9.81900000000002,10.666,0.249127822931851,0.84699999999998,"2005",11,2025-11-09
2005-11-10,9.59045913043478,9.32400000000001,9.88200000000001,0.132693884112178,0.557999999999993,"2005",11,2025-11-10
2005-11-11,9.51913565217391,9.05599999999998,9.92399999999998,0.214400003165509,0.867999999999995,"2005",11,2025-11-11
2005-11-12,9.20299130434783,8.851,9.69,0.223888298728471,0.838999999999999,"2005",11,2025-11-12
2005-11-13,9.10378086956522,8.85300000000001,9.59500000000003,0.187150084127125,0.742000000000019,"2005",11,2025-11-13
2005-11-14,9.33390260869565,9.00799999999998,9.65699999999998,0.144738515555359,0.649000000000001,"2005",11,2025-11-14
2005-11-15,9.35418434782609,8.90600000000001,9.60500000000002,0.181846847817615,0.699000000000012,"2005",11,2025-11-15
2005-11-16,9.09034260869565,8.80599999999998,9.24200000000002,0.104875913953956,0.436000000000035,"2005",11,2025-11-16
2005-11-17,9.0979547826087,8.73399999999998,9.38400000000001,0.172734982729167,0.650000000000034,"2005",11,2025-11-17
2005-11-18,8.81795130434783,8.41800000000001,9.19200000000001,0.19593375398876,0.774000000000001,"2005",11,2025-11-18
2005-11-19,8.3592,7.928,8.95999999999998,0.211528064216594,1.03199999999998,"2005",11,2025-11-19
2005-11-20,8.35516,7.94400000000002,8.858,0.229129101353599,0.913999999999987,"2005",11,2025-11-20
2005-11-21,8.55294956521739,8.37099999999998,8.76800000000003,0.109086925807884,0.397000000000048,"2005",11,2025-11-21
2005-11-22,8.75119304347826,8.59500000000003,8.80099999999999,0.0410585451849821,0.20599999999996,"2005",11,2025-11-22
2005-11-23,8.55940695652174,8.38900000000001,8.71600000000001,0.0717152078130006,0.326999999999998,"2005",11,2025-11-23
2005-11-24,8.49431130434783,8.24900000000002,8.976,0.172036628445925,0.726999999999975,"2005",11,2025-11-24
2005-11-25,8.29288695652174,8.02999999999997,8.73500000000001,0.163693995408222,0.705000000000041,"2005",11,2025-11-25
2005-11-26,8.19457913043478,7.96800000000002,8.73099999999999,0.146341923073056,0.762999999999977,"2005",11,2025-11-26
2005-11-27,8.19203652173913,8.06299999999999,8.43799999999999,0.0967020842015619,0.375,"2005",11,2025-11-27
2005-11-28,8.2308,8.13499999999999,8.32499999999999,0.0474616294682032,0.189999999999998,"2005",11,2025-11-28
2005-11-29,8.05614956521739,7.62700000000001,8.47000000000003,0.217105279369134,0.843000000000018,"2005",11,2025-11-29
2005-11-30,7.87873739130435,7.26100000000002,8.43099999999998,0.332573136087149,1.16999999999996,"2005",11,2025-11-30
2005-12-01,7.80673565217391,7.15199999999999,8.363,0.351955061816924,1.21100000000001,"2005",12,2025-12-01
2005-12-02,7.73119130434783,7.14600000000002,8.28399999999999,0.319953184065951,1.13799999999998,"2005",12,2025-12-02
2005-12-03,8.22708347826087,7.75299999999999,8.79000000000002,0.27264002889109,1.03700000000003,"2005",12,2025-12-03
2005-12-04,8.2099652173913,7.90300000000002,8.67000000000002,0.210850969151777,0.766999999999996,"2005",12,2025-12-04
2005-12-05,7.96826956521739,7.63600000000002,8.34199999999998,0.170296560438539,0.70599999999996,"2005",12,2025-12-05
2005-12-06,7.82174260869565,7.38299999999998,8.11799999999999,0.157178718859051,0.735000000000014,"2005",12,2025-12-06
2005-12-07,7.83205217391304,7.44299999999998,8.315,0.181495320270549,0.872000000000014,"2005",12,2025-12-07
2005-12-08,7.87950260869565,7.35699999999997,8.61399999999998,0.256553014082848,1.25700000000001,"2005",12,2025-12-08
2005-12-09,7.56275304347826,7.01299999999998,7.88099999999997,0.182566196920852,0.867999999999995,"2005",12,2025-12-09
2005-12-10,7.38806260869565,6.75999999999999,7.81,0.222998756836611,1.05000000000001,"2005",12,2025-12-10
2005-12-11,7.19384347826087,6.86000000000001,7.59199999999998,0.178450590049252,0.731999999999971,"2005",12,2025-12-11
2005-12-12,7.21607826086956,6.74900000000002,7.81099999999998,0.272015446752995,1.06199999999995,"2005",12,2025-12-12
2005-12-13,6.80252173913044,6.63600000000002,7.15300000000002,0.12585678132161,0.516999999999996,"2005",12,2025-12-13
2005-12-14,6.5525652173913,6.334,6.92599999999999,0.147073195791982,0.591999999999985,"2005",12,2025-12-14
2005-12-15,6.56308347826087,6.25700000000001,7.18400000000003,0.210675295483959,0.927000000000021,"2005",12,2025-12-15
2005-12-16,6.36706434782609,6.10699999999997,6.904,0.195635071543927,0.797000000000025,"2005",12,2025-12-16
2005-12-17,6.26636,5.988,7.09300000000002,0.241394808970511,1.10500000000002,"2005",12,2025-12-17
2005-12-18,6.2121147826087,5.98199999999997,6.726,0.163769950107147,0.744000000000028,"2005",12,2025-12-18
2005-12-19,6.08630260869565,5.81299999999999,6.76400000000001,0.178255216489522,0.951000000000022,"2005",12,2025-12-19
2005-12-20,6.06778608695652,5.77499999999998,6.53899999999999,0.156694084263012,0.76400000000001,"2005",12,2025-12-20
2005-12-21,6.09429739130435,5.79599999999999,6.59300000000002,0.162881608455265,0.797000000000025,"2005",12,2025-12-21
2005-12-22,5.92638260869565,5.53899999999999,6.65199999999999,0.237109370029007,1.113,"2005",12,2025-12-22
2005-12-23,5.91771826086956,5.654,6.49799999999999,0.18691152185046,0.843999999999994,"2005",12,2025-12-23
2005-12-24,5.89011826086956,5.601,6.03699999999998,0.0915794238246258,0.435999999999979,"2005",12,2025-12-24
2005-12-25,5.95073391304348,5.65800000000002,6.18599999999998,0.122282632923899,0.527999999999963,"2005",12,2025-12-25
2005-12-26,5.52806434782608,5.35500000000002,5.80799999999999,0.105903813922647,0.452999999999975,"2005",12,2025-12-26
2005-12-27,5.38227304347826,5.14800000000002,5.745,0.146574653846186,0.59699999999998,"2005",12,2025-12-27
2005-12-28,5.31588173913043,5.048,5.64300000000003,0.16735663664678,0.595000000000027,"2005",12,2025-12-28
2005-12-29,5.42401913043478,5.27800000000002,5.60300000000001,0.083567669481193,0.324999999999989,"2005",12,2025-12-29
2005-12-30,5.33462434782609,5.15199999999999,5.81299999999999,0.14596647065671,0.661000000000001,"2005",12,2025-12-30
2005-12-31,5.07971304347826,4.666,5.86200000000002,0.288574502159269,1.19600000000003,"2005",12,2025-12-31
2006-01-01,4.97375652173913,4.50400000000002,5.58499999999998,0.285386259167604,1.08099999999996,"2006",1,2025-01-01
2006-01-02,4.58052869565217,4.21800000000002,5.04399999999998,0.20847467144729,0.825999999999965,"2006",1,2025-01-02
2006-01-03,4.22963130434783,3.80799999999999,5.21699999999998,0.286148404019419,1.40899999999999,"2006",1,2025-01-03
2006-01-04,4.09092347826087,3.65800000000002,5.166,0.322264831019338,1.50799999999998,"2006",1,2025-01-04
2006-01-05,4.20153043478261,3.76600000000002,5.08800000000002,0.319893632194828,1.322,"2006",1,2025-01-05
2006-01-06,3.92726086956522,3.61200000000002,4.36500000000001,0.170277529506954,0.752999999999986,"2006",1,2025-01-06
2006-01-07,3.49419652173913,3.06799999999998,3.97899999999998,0.208591179409039,0.911000000000001,"2006",1,2025-01-07
2006-01-08,3.35537043478261,2.93200000000002,3.88499999999999,0.257844712259248,0.952999999999975,"2006",1,2025-01-08
2006-01-09,3.2829652173913,2.85000000000002,4.01999999999998,0.235838297612613,1.16999999999996,"2006",1,2025-01-09
2006-01-10,3.48289043478261,3.08999999999997,4.07400000000001,0.195785766519841,0.984000000000037,"2006",1,2025-01-10
2006-01-11,4.22067130434783,3.56900000000002,4.83800000000002,0.345054701709222,1.26900000000001,"2006",1,2025-01-11
2006-01-12,4.55458260869565,3.87099999999998,5.59899999999999,0.430933153716765,1.72800000000001,"2006",1,2025-01-12
2006-01-13,4.61195304347826,4.04599999999999,5.59699999999998,0.35554609254448,1.55099999999999,"2006",1,2025-01-13
2006-01-14,4.82774956521739,4.49400000000003,5.40300000000002,0.246244276671286,0.908999999999992,"2006",1,2025-01-14
2006-01-15,4.99094434782609,4.72199999999998,5.27199999999999,0.141316780452676,0.550000000000011,"2006",1,2025-01-15
2006-01-16,5.05423130434783,4.77600000000001,5.52699999999999,0.177308881437024,0.750999999999976,"2006",1,2025-01-16
2006-01-17,5.17493391304348,4.84800000000001,5.733,0.194049454384331,0.884999999999991,"2006",1,2025-01-17
2006-01-18,5.16310956521739,4.73199999999997,5.63299999999998,0.226130347294608,0.90100000000001,"2006",1,2025-01-18
2006-01-19,5.01062956521739,4.66199999999998,5.34100000000001,0.171751887823874,0.67900000000003,"2006",1,2025-01-19
2006-01-20,4.97718608695652,4.68799999999999,5.34100000000001,0.170628818006552,0.65300000000002,"2006",1,2025-01-20
2006-01-21,4.75426086956522,4.21499999999997,5.64600000000002,0.315521919451398,1.43100000000004,"2006",1,2025-01-21
2006-01-22,4.78468347826087,4.46100000000001,5.63799999999998,0.260573731742652,1.17699999999996,"2006",1,2025-01-22
2006-01-23,4.91391826086956,4.661,5.63900000000001,0.201955609528348,0.978000000000009,"2006",1,2025-01-23
2006-01-24,5.03946608695652,4.71199999999999,5.38499999999999,0.15640965760067,0.673000000000002,"2006",1,2025-01-24
2006-01-25,4.41772,4.14800000000002,4.733,0.16009438592337,0.58499999999998,"2006",1,2025-01-25
2006-01-26,4.47972,4.024,5.09199999999998,0.331723684183213,1.06799999999998,"2006",1,2025-01-26
2006-01-27,4.49921739130435,4.01100000000002,5.19,0.355505533523749,1.17899999999997,"2006",1,2025-01-27
2006-01-28,4.80936869565217,3.94499999999999,5.59199999999998,0.430015978628089,1.64699999999999,"2006",1,2025-01-28
2006-01-29,4.93175478260869,4.19099999999997,5.74799999999999,0.427979151419069,1.55700000000002,"2006",1,2025-01-29
2006-01-30,4.81377565217391,4.18400000000003,5.553,0.380435551916811,1.36899999999997,"2006",1,2025-01-30
2006-01-31,4.18813043478261,3.61500000000001,4.58199999999999,0.256519606933076,0.966999999999985,"2006",1,2025-01-31
2006-02-01,3.97099652173913,3.41800000000001,4.49099999999999,0.276537104242314,1.07299999999998,"2006",2,2025-02-01
2006-02-02,4.01822434782609,3.488,4.46899999999999,0.255373314423687,0.980999999999995,"2006",2,2025-02-02
2006-02-03,4.31883478260869,3.81200000000001,4.80500000000001,0.253847972639432,0.992999999999995,"2006",2,2025-02-03
2006-02-04,4.06789391304348,3.637,4.43900000000002,0.211217214550486,0.802000000000021,"2006",2,2025-02-04
2006-02-05,4.23962956521739,3.767,4.65899999999999,0.230407622798246,0.891999999999996,"2006",2,2025-02-05
2006-02-06,4.09418434782609,3.62299999999999,4.56700000000001,0.252066823931092,0.944000000000017,"2006",2,2025-02-06
2006-02-07,3.87193391304348,3.447,4.37099999999998,0.232370294601222,0.923999999999978,"2006",2,2025-02-07
2006-02-08,3.76826956521739,3.25999999999999,4.34199999999998,0.290650811295881,1.08199999999999,"2006",2,2025-02-08
2006-02-09,3.59305217391304,2.70100000000002,4.375,0.454378770366257,1.67399999999998,"2006",2,2025-02-09
2006-02-10,3.45227130434782,2.85899999999998,4.10599999999999,0.315943285599164,1.24700000000001,"2006",2,2025-02-10
2006-02-11,3.19496695652174,2.78699999999998,3.63099999999997,0.209655202139786,0.843999999999994,"2006",2,2025-02-11
2006-02-12,3.16095652173913,2.81700000000001,3.65600000000001,0.209049007779004,0.838999999999999,"2006",2,2025-02-12
2006-02-13,3.18684,2.69299999999998,3.964,0.35857649570944,1.27100000000002,"2006",2,2025-02-13
2006-02-14,3.10518782608696,2.44400000000002,4.09800000000001,0.511466681955425,1.654,"2006",2,2025-02-14
2006-02-15,3.38655826086957,2.80599999999998,4.19799999999998,0.398428266156195,1.392,"2006",2,2025-02-15
2006-02-16,4.02073565217391,3.77499999999998,4.34899999999999,0.130529261802243,0.574000000000012,"2006",2,2025-02-16
2006-02-17,4.35815826086956,3.649,5.21699999999998,0.421817001700736,1.56799999999998,"2006",2,2025-02-17
2006-02-18,4.24333391304348,3.91699999999997,4.94499999999999,0.254666188179563,1.02800000000002,"2006",2,2025-02-18
2006-02-19,3.89785217391304,3.72699999999998,4.32400000000001,0.144009753557982,0.597000000000037,"2006",2,2025-02-19
2006-02-20,3.83167652173913,3.66199999999998,4.41800000000001,0.152342189055683,0.756000000000029,"2006",2,2025-02-20
2006-02-21,3.80022956521739,3.584,4.27800000000002,0.171880700145662,0.694000000000017,"2006",2,2025-02-21
2006-02-22,3.68562608695652,3.43799999999999,4.19799999999998,0.159095618087337,0.759999999999991,"2006",2,2025-02-22
2006-02-23,3.62153391304348,3.40100000000001,4.15800000000002,0.159418712635921,0.757000000000005,"2006",2,2025-02-23
2006-02-24,3.87500347826087,3.62400000000002,4.49000000000001,0.186158834026587,0.865999999999985,"2006",2,2025-02-24
2006-02-25,3.85112347826087,3.62900000000002,4.60899999999998,0.204708376892011,0.979999999999961,"2006",2,2025-02-25
2006-02-26,3.92554608695652,3.69999999999999,4.435,0.156280807575797,0.735000000000014,"2006",2,2025-02-26
2006-02-27,3.4931947826087,3.358,3.83999999999997,0.112870359666292,0.481999999999971,"2006",2,2025-02-27
2006-02-28,3.28701739130435,3.07299999999998,3.92899999999997,0.209973168296172,0.855999999999995,"2006",2,2025-02-28
2006-03-01,3.16457043478261,2.82999999999998,3.88200000000001,0.262950138015865,1.05200000000002,"2006",3,2025-03-01
2006-03-02,3.21481217391304,2.89499999999998,3.89800000000002,0.233482645703206,1.00300000000004,"2006",3,2025-03-02
2006-03-03,3.11207304347826,2.96199999999999,3.49900000000002,0.128320787951572,0.537000000000035,"2006",3,2025-03-03
2006-03-04,3.19895304347826,3.048,3.5,0.1124993978472,0.451999999999998,"2006",3,2025-03-04
2006-03-05,3.45704869565217,3.12099999999998,4.29700000000003,0.291407884443596,1.17600000000004,"2006",3,2025-03-05
2006-03-06,3.46982608695652,3.17700000000002,4.26400000000001,0.262241605389058,1.08699999999999,"2006",3,2025-03-06
2006-03-07,3.42593739130435,3.17599999999999,4.06900000000002,0.226577865587897,0.893000000000029,"2006",3,2025-03-07
2006-03-08,3.51634260869565,3.32100000000003,3.827,0.137669069360871,0.505999999999972,"2006",3,2025-03-08
2006-03-09,4.13585913043478,3.84100000000001,4.529,0.185123518373522,0.687999999999988,"2006",3,2025-03-09
2006-03-10,4.10174260869565,3.64600000000002,4.78100000000001,0.294319808477398,1.13499999999999,"2006",3,2025-03-10
2006-03-11,3.98019826086956,3.58800000000002,4.64699999999999,0.272329713434413,1.05899999999997,"2006",3,2025-03-11
2006-03-12,3.92484173913043,3.649,4.60300000000001,0.235592960111529,0.954000000000008,"2006",3,2025-03-12
2006-03-13,3.88757565217391,3.63600000000002,4.45699999999999,0.187281200836171,0.82099999999997,"2006",3,2025-03-13
2006-03-14,3.83867652173913,3.524,4.125,0.128746664197126,0.600999999999999,"2006",3,2025-03-14
2006-03-15,3.55843826086957,3.39800000000002,3.96800000000002,0.133465152626487,0.569999999999993,"2006",3,2025-03-15
2006-03-16,3.66410086956522,3.32799999999997,4.21199999999999,0.235145400009406,0.884000000000015,"2006",3,2025-03-16
2006-03-17,3.72756347826087,3.27300000000002,4.43299999999999,0.357198188756045,1.15999999999997,"2006",3,2025-03-17
2006-03-18,3.36069739130435,2.80500000000001,4.07400000000001,0.407493347343329,1.26900000000001,"2006",3,2025-03-18
2006-03-19,3.20925913043478,2.74200000000002,3.87099999999998,0.329803664510686,1.12899999999996,"2006",3,2025-03-19
2006-03-20,3.23970608695652,2.68900000000002,4,0.409578149019845,1.31099999999998,"2006",3,2025-03-20
2006-03-21,3.31479130434783,2.709,4.04899999999998,0.415635781317863,1.33999999999997,"2006",3,2025-03-21
2006-03-22,3.31732173913044,2.82499999999999,3.94799999999998,0.312610341434642,1.12299999999999,"2006",3,2025-03-22
2006-03-23,3.23188347826087,2.86399999999998,3.53699999999998,0.174869663724204,0.673000000000002,"2006",3,2025-03-23
2006-03-24,3.26777217391304,2.87299999999999,3.78300000000002,0.238978973441197,0.910000000000025,"2006",3,2025-03-24
2006-03-25,3.41591826086956,3.02800000000002,3.83299999999997,0.216466681772339,0.80499999999995,"2006",3,2025-03-25
2006-03-26,3.98815652173913,3.62,4.26100000000002,0.189149867360185,0.64100000000002,"2006",3,2025-03-26
2006-03-27,4.17761043478261,3.80900000000003,4.529,0.211036461409482,0.71999999999997,"2006",3,2025-03-27
2006-03-28,4.2654052173913,3.84199999999998,4.64100000000002,0.217306382179165,0.799000000000035,"2006",3,2025-03-28
2006-03-29,4.29564347826087,3.858,4.69099999999997,0.213310834332504,0.83299999999997,"2006",3,2025-03-29
2006-03-30,4.27469043478261,4.12,4.41199999999998,0.0728791766261053,0.291999999999973,"2006",3,2025-03-30
2006-03-31,5.22788,5.07600000000002,5.36500000000001,0.0773028876950459,0.288999999999987,"2006",3,2025-03-31
2006-04-01,5.53362086956522,5.06700000000001,5.98599999999999,0.282740352409725,0.918999999999983,"2006",4,2025-04-01
2006-04-02,5.60736695652174,5.06799999999998,6.13099999999997,0.291896518738868,1.06299999999999,"2006",4,2025-04-02
2006-04-03,5.55521391304348,5.11200000000002,5.91699999999997,0.23215448527343,0.80499999999995,"2006",4,2025-04-03
2006-04-04,5.34272695652174,4.93799999999999,5.68000000000001,0.17439408360812,0.742000000000019,"2006",4,2025-04-04
2006-04-05,5.0522052173913,4.584,5.21600000000001,0.153677576548131,0.632000000000005,"2006",4,2025-04-05
2006-04-06,5.27008173913043,5.012,5.464,0.106582852546273,0.451999999999998,"2006",4,2025-04-06
2006-04-07,5.56545217391304,5.30799999999999,5.72000000000003,0.0862712725348252,0.412000000000035,"2006",4,2025-04-07
2006-04-08,5.39552,5.18599999999998,5.46199999999999,0.0518758152616343,0.27600000000001,"2006",4,2025-04-08
2006-04-09,5.1620852173913,4.89100000000002,5.44400000000002,0.171681623458537,0.552999999999997,"2006",4,2025-04-09
2006-04-10,5.13830086956522,4.71499999999997,5.524,0.205580511240802,0.809000000000026,"2006",4,2025-04-10
2006-04-11,5.33750956521739,4.85599999999999,5.91000000000003,0.253601657854469,1.05400000000003,"2006",4,2025-04-11
2006-04-12,5.60258434782609,5.21600000000001,6.12400000000002,0.248922646070437,0.908000000000015,"2006",4,2025-04-12
2006-04-13,5.68542782608696,5.25299999999999,6.16899999999998,0.215078483182749,0.915999999999997,"2006",4,2025-04-13
2006-04-14,5.91835826086957,5.45100000000002,6.351,0.188289578846511,0.899999999999977,"2006",4,2025-04-14
2006-04-15,6.28950956521739,5.81900000000002,6.92500000000001,0.267261840633618,1.10599999999999,"2006",4,2025-04-15
2006-04-16,6.29886086956521,5.77100000000002,6.786,0.20573703179933,1.01499999999999,"2006",4,2025-04-16
2006-04-17,6.30970608695652,5.78300000000002,6.88900000000001,0.229514763588413,1.10599999999999,"2006",4,2025-04-17
2006-04-18,6.13980173913043,5.76299999999998,6.55200000000002,0.18626155880818,0.789000000000044,"2006",4,2025-04-18
2006-04-19,6.20863304347826,5.70999999999998,6.47300000000001,0.182839286887614,0.763000000000034,"2006",4,2025-04-19
2006-04-20,6.53944,6.02499999999998,6.96899999999999,0.202549790325677,0.944000000000017,"2006",4,2025-04-20
2006-04-21,6.62013217391304,6.12700000000001,7.00200000000001,0.190651806756406,0.875,"2006",4,2025-04-21
2006-04-22,6.55413913043478,5.85300000000001,7.06099999999998,0.229178493761361,1.20799999999997,"2006",4,2025-04-22
2006-04-23,6.36676173913043,5.85199999999998,6.69799999999998,0.164765509430876,0.846000000000004,"2006",4,2025-04-23
2006-04-24,6.42304695652174,6.221,6.59100000000001,0.0945226382943724,0.370000000000005,"2006",4,2025-04-24
2006-04-25,6.95443130434783,6.42099999999999,7.36099999999999,0.22535688705798,0.939999999999998,"2006",4,2025-04-25
2006-04-26,6.99788695652174,6.43400000000003,7.52300000000002,0.283523265187784,1.089,"2006",4,2025-04-26
2006-04-27,7.04296869565217,6.59500000000003,7.62799999999999,0.254318079242275,1.03299999999996,"2006",4,2025-04-27
2006-04-28,7.24254086956522,6.76999999999998,7.77100000000002,0.270601558506491,1.00100000000003,"2006",4,2025-04-28
2006-04-29,7.18809739130435,6.654,7.81900000000002,0.282836215844404,1.16500000000002,"2006",4,2025-04-29
2006-04-30,7.40393913043478,7.17000000000002,7.56299999999999,0.0949517837440458,0.392999999999972,"2006",4,2025-04-30
2006-05-01,7.42733217391304,7.20100000000002,7.69099999999997,0.117990222493861,0.489999999999952,"2006",5,2025-05-01
2006-05-02,7.37034956521739,7.22000000000003,7.66800000000001,0.109641391518583,0.447999999999979,"2006",5,2025-05-02
2006-05-03,7.67362782608696,7.12299999999999,7.83199999999999,0.155466166226241,0.709000000000003,"2006",5,2025-05-03
2006-05-04,8.44164347826087,8.15199999999999,8.64100000000002,0.122290423107042,0.489000000000033,"2006",5,2025-05-04
2006-05-05,9.00819826086956,8.69200000000001,9.29399999999998,0.14663588433725,0.601999999999975,"2006",5,2025-05-05
2006-05-06,8.75635304347826,8.41699999999997,9.22000000000003,0.153319559542421,0.803000000000054,"2006",5,2025-05-06
2006-05-07,8.51253391304348,8.09199999999998,8.90899999999999,0.184543240113517,0.817000000000007,"2006",5,2025-05-07
2006-05-08,8.46004173913044,8.142,8.66800000000001,0.140178588173572,0.52600000000001,"2006",5,2025-05-08
2006-05-09,8.27166956521739,8.048,8.38799999999998,0.0766465849532913,0.339999999999975,"2006",5,2025-05-09
2006-05-10,8.20967652173913,7.90199999999999,8.58499999999998,0.155407791280451,0.682999999999993,"2006",5,2025-05-10
2006-05-11,8.31213739130435,8.14600000000002,8.56299999999999,0.0902267000247928,0.416999999999973,"2006",5,2025-05-11
2006-05-12,7.60365913043478,7.46100000000001,7.73099999999999,0.0633324724956573,0.269999999999982,"2006",5,2025-05-12
2006-05-13,7.28307652173913,7.13499999999999,7.44400000000002,0.0709038293693618,0.309000000000026,"2006",5,2025-05-13
2006-05-14,7.11643652173913,6.85199999999998,7.33600000000001,0.107031382231127,0.484000000000037,"2006",5,2025-05-14
2006-05-15,7.97333217391304,7.78199999999998,8.15199999999999,0.0786457628787789,0.370000000000005,"2006",5,2025-05-15
2006-05-16,8.29350782608696,8.06200000000001,8.52800000000002,0.101685805240585,0.466000000000008,"2006",5,2025-05-16
2006-05-17,8.35214260869565,8.09899999999999,8.67700000000002,0.141913628257362,0.578000000000031,"2006",5,2025-05-17
2006-05-18,8.36825913043478,8.04199999999997,8.78899999999999,0.186389295078338,0.747000000000014,"2006",5,2025-05-18
2006-05-19,8.98705913043478,8.685,9.238,0.133171263220241,0.552999999999997,"2006",5,2025-05-19
2006-05-20,9.04636173913044,8.64999999999998,9.48099999999999,0.210096471777649,0.831000000000017,"2006",5,2025-05-20
2006-05-21,9.13567304347826,8.63400000000001,9.71199999999999,0.246931011159149,1.07799999999997,"2006",5,2025-05-21
2006-05-22,9.16816347826087,8.83199999999999,9.53800000000001,0.180214045368721,0.706000000000017,"2006",5,2025-05-22
2006-05-23,9.47852347826087,9.26799999999997,9.654,0.0860182039829486,0.386000000000024,"2006",5,2025-05-23
2006-05-24,9.93658782608695,9.74599999999998,10.129,0.0942015160998477,0.383000000000038,"2006",5,2025-05-24
2006-05-25,9.93082608695652,9.66000000000003,10.634,0.242981361069107,0.97399999999999,"2006",5,2025-05-25
2006-05-26,10.308652173913,9.89600000000002,11.063,0.225020751790928,1.16699999999997,"2006",5,2025-05-26
2006-05-27,10.9394956521739,10.459,11.561,0.245451520718197,1.10199999999998,"2006",5,2025-05-27
2006-05-28,11.8650486956522,11.018,12.675,0.476484733708601,1.65700000000004,"2006",5,2025-05-28
2006-05-29,12.4476260869565,12.001,12.793,0.151962851965599,0.79200000000003,"2006",5,2025-05-29
2006-05-30,12.7175513043478,12.373,13.431,0.188542161739814,1.05799999999999,"2006",5,2025-05-30
2006-05-31,12.8394086956522,12.582,13.273,0.118203516668605,0.691000000000031,"2006",5,2025-05-31
2006-06-01,13.122427826087,12.717,13.418,0.164320301830595,0.701000000000022,"2006",6,2025-06-01
2006-06-02,13.0406556521739,12.376,13.612,0.313434075278237,1.23600000000005,"2006",6,2025-06-02
2006-06-03,13.1355582608696,12.589,13.627,0.260947776018148,1.03800000000001,"2006",6,2025-06-03
2006-06-04,11.7751286956522,11.085,12.399,0.33260954936447,1.31400000000002,"2006",6,2025-06-04
2006-06-05,11.6034434782609,10.915,12.352,0.393154334656202,1.43699999999995,"2006",6,2025-06-05
2006-06-06,11.6382382608696,10.733,12.413,0.439323256804253,1.68000000000001,"2006",6,2025-06-06
2006-06-07,11.4154556521739,10.284,12.03,0.467128000683833,1.74599999999998,"2006",6,2025-06-07
2006-06-08,10.8424626086957,10.055,11.353,0.334301447939173,1.298,"2006",6,2025-06-08
2006-06-09,9.96060347826087,9.863,10.098,0.0510819453885131,0.235000000000014,"2006",6,2025-06-09
2006-06-10,10.3752643478261,10.279,10.507,0.059634131586308,0.228000000000009,"2006",6,2025-06-10
2006-06-11,11.6657008695652,11.599,11.761,0.039697649759843,0.162000000000035,"2006",6,2025-06-11
2006-06-12,12.9136817391304,12.593,13.092,0.107764056685642,0.498999999999967,"2006",6,2025-06-12
2006-06-13,13.1686330434783,12.7,13.62,0.213567766510514,0.920000000000016,"2006",6,2025-06-13
2006-06-14,14.4688226086957,14.008,14.871,0.193126503945689,0.863,"2006",6,2025-06-14
2006-06-15,15.4747791304348,14.699,15.932,0.270494143732665,1.233,"2006",6,2025-06-15
2006-06-16,16.0856173913043,15.1,16.67,0.302580463644376,1.56999999999999,"2006",6,2025-06-16
2006-06-17,16.2135373913043,15.54,16.734,0.330226162987437,1.19399999999996,"2006",6,2025-06-17
2006-06-18,16.2574139130435,15.505,16.732,0.326370953225353,1.22699999999998,"2006",6,2025-06-18
2006-06-19,16.3611930434783,15.991,16.733,0.139766165920767,0.742000000000019,"2006",6,2025-06-19
2006-06-20,16.5757860869565,16.05,17.067,0.210863442644098,1.017,"2006",6,2025-06-20
2006-06-21,16.5089652173913,15.871,16.891,0.168320641958485,1.02000000000004,"2006",6,2025-06-21
2006-06-22,16.4911165217391,15.849,16.873,0.172859891669987,1.024,"2006",6,2025-06-22
2006-06-23,16.4327808695652,15.844,16.823,0.164498320790203,0.978999999999985,"2006",6,2025-06-23
2006-06-24,16.5009443478261,16.027,16.98,0.208672526649477,0.953000000000031,"2006",6,2025-06-24
2006-06-25,16.1394417391304,15.557,16.733,0.270992509887429,1.17599999999999,"2006",6,2025-06-25
2006-06-26,16.2795252173913,15.741,16.75,0.212031584099299,1.00900000000001,"2006",6,2025-06-26
2006-06-27,16.3381530434783,15.777,16.77,0.209663462428853,0.992999999999995,"2006",6,2025-06-27
2006-06-28,16.2659026086957,15.712,16.703,0.227140605374529,0.990999999999985,"2006",6,2025-06-28
2006-06-29,16.2332104347826,15.707,16.462,0.18785375704858,0.754999999999995,"2006",6,2025-06-29
2006-06-30,16.2693113043478,15.664,16.645,0.1876371752638,0.980999999999995,"2006",6,2025-06-30
2006-07-01,16.1978382608696,15.426,16.824,0.374297427705847,1.39800000000002,"2006",7,2025-07-01
2006-07-02,16.3234,15.908,16.664,0.191997586366942,0.755999999999972,"2006",7,2025-07-02
2006-07-03,16.3368052173913,15.832,16.823,0.270436729590135,0.990999999999985,"2006",7,2025-07-03
2006-07-04,16.2959791304348,15.424,16.929,0.38497207408011,1.505,"2006",7,2025-07-04
2006-07-05,16.5258886956522,16.028,17.014,0.262810264214545,0.98599999999999,"2006",7,2025-07-05
2006-07-06,16.3331008695652,16.039,16.569,0.121769847380005,0.53000000000003,"2006",7,2025-07-06
2006-07-07,16.5380173913043,16.194,17.242,0.303412777064292,1.048,"2006",7,2025-07-07
2006-07-08,16.9283947826087,16.403,17.644,0.276691816461516,1.24099999999999,"2006",7,2025-07-08
2006-07-09,17.026132173913,16.645,17.653,0.244679702295979,1.00800000000004,"2006",7,2025-07-09
2006-07-10,17.3614782608696,16.979,17.836,0.165386999846495,0.857000000000028,"2006",7,2025-07-10
2006-07-11,17.1907930434783,16.976,17.758,0.16890352674012,0.781999999999982,"2006",7,2025-07-11
2006-07-12,17.2689252173913,17.063,17.737,0.170279355348054,0.674000000000035,"2006",7,2025-07-12
2006-07-13,17.2935269565217,17.069,17.596,0.138737132260612,0.526999999999987,"2006",7,2025-07-13
2006-07-14,18.4998034782609,18.136,19.007,0.217045567531552,0.870999999999981,"2006",7,2025-07-14
2006-07-15,18.9922243478261,18.701,19.195,0.109686217480162,0.493999999999971,"2006",7,2025-07-15
2006-07-16,19.1682991304348,18.645,19.634,0.254213580501588,0.989000000000033,"2006",7,2025-07-16
2006-07-17,19.2615130434783,18.748,19.902,0.285763966745632,1.154,"2006",7,2025-07-17
2006-07-18,19.61572,19.306,20.122,0.200501713565887,0.816000000000031,"2006",7,2025-07-18
2006-07-19,19.6622939130435,19.344,20.046,0.110109822661323,0.701999999999998,"2006",7,2025-07-19
2006-07-20,19.8896156521739,19.471,20.262,0.154551064253533,0.790999999999997,"2006",7,2025-07-20
2006-07-21,19.8350104347826,19.343,20.294,0.180766804257827,0.950999999999965,"2006",7,2025-07-21
2006-07-22,19.5946573913043,18.925,20.194,0.278398998963439,1.26900000000001,"2006",7,2025-07-22
2006-07-23,18.8914104347826,18.481,19.214,0.165315299724439,0.733000000000004,"2006",7,2025-07-23
2006-07-24,18.609652173913,18.034,19.085,0.297913786943203,1.05099999999999,"2006",7,2025-07-24
2006-07-25,18.5293130434783,17.973,19.252,0.380410468874834,1.279,"2006",7,2025-07-25
2006-07-26,18.149947826087,17.657,18.652,0.254617696732118,0.995000000000005,"2006",7,2025-07-26
2006-07-27,18.0808452173913,17.647,18.583,0.220386164190178,0.936000000000035,"2006",7,2025-07-27
2006-07-28,18.1893895652174,17.726,18.559,0.218854018523825,0.833000000000027,"2006",7,2025-07-28
2006-07-29,18.2649530434783,17.566,18.721,0.230067471288861,1.15500000000003,"2006",7,2025-07-29
2006-07-30,18.2617513043478,17.451,19.051,0.333725009991147,1.59999999999997,"2006",7,2025-07-30
2006-07-31,18.6952469565217,18.059,19.585,0.426590667317993,1.52599999999995,"2006",7,2025-07-31
2006-08-01,19.1124660869565,18.727,19.535,0.252760167441618,0.80800000000005,"2006",8,2025-08-01
2006-08-02,19.7700365217391,19.334,20.181,0.165092309903503,0.84699999999998,"2006",8,2025-08-02
2006-08-03,19.9229756521739,19.498,20.317,0.145711923201038,0.819000000000017,"2006",8,2025-08-03
2006-08-04,20.1136243478261,19.629,20.362,0.108377428470919,0.733000000000004,"2006",8,2025-08-04
2006-08-05,20.0792191304348,19.672,20.339,0.0910869362037057,0.666999999999973,"2006",8,2025-08-05
2006-08-06,19.92732,19.255,20.468,0.284846762153631,1.21300000000002,"2006",8,2025-08-06
2006-08-07,19.8155060869565,19.057,20.575,0.284699828870168,1.51799999999997,"2006",8,2025-08-07
2006-08-08,19.603467826087,18.895,20.101,0.268698901324126,1.20600000000002,"2006",8,2025-08-08
2006-08-09,19.1279443478261,18.707,19.671,0.203546021725205,0.963999999999999,"2006",8,2025-08-09
2006-08-10,18.79628,18.389,19.124,0.131169597374015,0.735000000000014,"2006",8,2025-08-10
2006-08-11,17.9287113043478,17.173,18.497,0.306555126248902,1.32400000000001,"2006",8,2025-08-11
2006-08-12,17.3112034782609,16.7,18.137,0.332020588319489,1.43700000000001,"2006",8,2025-08-12
2006-08-13,16.9834382608696,16.405,17.893,0.296713084111039,1.488,"2006",8,2025-08-13
2006-08-14,16.8742817391304,16.121,17.723,0.358242001494242,1.60200000000003,"2006",8,2025-08-14
2006-08-15,16.7123895652174,16.085,17.456,0.352168540229197,1.37100000000004,"2006",8,2025-08-15
2006-08-16,16.7227217391304,16.221,17.339,0.30451934903098,1.11799999999999,"2006",8,2025-08-16
2006-08-17,16.831347826087,16.303,17.239,0.202285996675105,0.935999999999979,"2006",8,2025-08-17
2006-08-18,17.0507286956522,16.62,17.628,0.235554633788355,1.00799999999998,"2006",8,2025-08-18
2006-08-19,17.3496173913043,16.917,18.068,0.281932578449338,1.15100000000001,"2006",8,2025-08-19
2006-08-20,17.7817739130435,17.497,18.145,0.138193336572314,0.647999999999968,"2006",8,2025-08-20
2006-08-21,17.8341113043478,17.583,18.055,0.101442100652939,0.47199999999998,"2006",8,2025-08-21
2006-08-22,17.5646226086957,17.145,17.957,0.184876006597617,0.812000000000012,"2006",8,2025-08-22
2006-08-23,17.5045582608696,17.131,17.895,0.174131862598098,0.76400000000001,"2006",8,2025-08-23
2006-08-24,17.071307826087,16.745,17.591,0.141164843682681,0.846000000000004,"2006",8,2025-08-24
2006-08-25,16.7914139130435,16.468,17.27,0.187022364873522,0.801999999999964,"2006",8,2025-08-25
2006-08-26,16.5332365217391,16.183,17.057,0.167502123513729,0.874000000000024,"2006",8,2025-08-26
2006-08-27,16.4779913043478,16.027,17.139,0.244287397703744,1.11200000000002,"2006",8,2025-08-27
2006-08-28,16.6373773913043,16.081,17.235,0.240010021226928,1.154,"2006",8,2025-08-28
2006-08-29,16.2336991304348,15.854,16.716,0.187616003369906,0.862000000000023,"2006",8,2025-08-29
2006-08-30,15.9682608695652,15.744,16.238,0.115325481450183,0.493999999999971,"2006",8,2025-08-30
2006-08-31,16.0039739130435,15.411,16.818,0.33313657360038,1.40699999999998,"2006",8,2025-08-31
2006-09-01,16.0470486956522,15.441,16.841,0.332227873595731,1.40000000000003,"2006",9,2025-09-01
2006-09-02,15.9782817391304,15.597,16.599,0.244646037268084,1.00200000000001,"2006",9,2025-09-02
2006-09-03,15.7980313043478,15.362,16.06,0.126906996568008,0.697999999999979,"2006",9,2025-09-03
2006-09-04,15.8145930434783,15.45,16.191,0.180359082271434,0.740999999999985,"2006",9,2025-09-04
2006-09-05,15.7765165217391,15.373,16.214,0.199208213141434,0.841000000000008,"2006",9,2025-09-05
2006-09-06,15.7424,15.4,16.066,0.160803318737746,0.665999999999997,"2006",9,2025-09-06
2006-09-07,15.8991739130435,15.563,16.21,0.103367233844052,0.646999999999991,"2006",9,2025-09-07
2006-09-08,16.5506765217391,16.159,17.012,0.139859186482797,0.853000000000009,"2006",9,2025-09-08
2006-09-09,16.2717443478261,15.584,16.885,0.33783440632364,1.30099999999999,"2006",9,2025-09-09
2006-09-10,16.1416417391304,15.627,16.576,0.210803210072239,0.949000000000012,"2006",9,2025-09-10
2006-09-11,15.7709026086957,15.246,16.345,0.269647920354248,1.09900000000005,"2006",9,2025-09-11
2006-09-12,15.2174156521739,14.905,15.555,0.135281946249541,0.650000000000034,"2006",9,2025-09-12
2006-09-13,15.2599617391304,15.018,15.583,0.139988010675409,0.565000000000055,"2006",9,2025-09-13
2006-09-14,15.2614869565217,14.987,15.541,0.0904996934579486,0.553999999999974,"2006",9,2025-09-14
2006-09-15,16.2859843478261,15.963,16.519,0.0968325079598174,0.555999999999983,"2006",9,2025-09-15
2006-09-16,16.5055791304348,15.881,17.124,0.367122339428231,1.24300000000005,"2006",9,2025-09-16
2006-09-17,16.5694191304348,15.901,17.238,0.417489552101876,1.33699999999999,"2006",9,2025-09-17
2006-09-18,16.5715269565217,16.007,17.128,0.341346660142657,1.12099999999998,"2006",9,2025-09-18
2006-09-19,16.2234782608696,16.03,16.433,0.0988902664842826,0.40300000000002,"2006",9,2025-09-19
2006-09-20,15.4051895652174,15.09,15.866,0.170630396750131,0.77600000000001,"2006",9,2025-09-20
2006-09-21,15.18636,14.669,15.808,0.207776667827212,1.13900000000001,"2006",9,2025-09-21
2006-09-22,14.9125269565217,14.496,15.421,0.207461710216315,0.925000000000011,"2006",9,2025-09-22
2006-09-23,14.5333739130435,13.731,14.889,0.222075585151488,1.15800000000002,"2006",9,2025-09-23
2006-09-24,14.0776991304348,13.629,14.671,0.278293571177677,1.04199999999997,"2006",9,2025-09-24
2006-09-25,14.0243356521739,13.582,14.62,0.302885473632952,1.03800000000001,"2006",9,2025-09-25
2006-09-26,13.9280034782609,13.44,14.474,0.294774744192348,1.03399999999999,"2006",9,2025-09-26
2006-09-27,13.8282086956522,13.331,14.44,0.30629920626245,1.10899999999998,"2006",9,2025-09-27
2006-09-28,13.8655756521739,13.384,14.372,0.23573899839513,0.988,"2006",9,2025-09-28
2006-09-29,14.1420017391304,13.644,14.591,0.244974004872296,0.947000000000003,"2006",9,2025-09-29
2006-09-30,14.2859739130435,13.981,14.633,0.139746763307314,0.651999999999987,"2006",9,2025-09-30
2006-10-01,13.5113617391304,13.289,13.679,0.0953101736205353,0.389999999999986,"2006",10,2025-10-01
2006-10-02,13.4302017391304,13.144,13.745,0.156602542900693,0.600999999999999,"2006",10,2025-10-02
2006-10-03,13.4945617391304,13.037,13.94,0.20556449668321,0.90300000000002,"2006",10,2025-10-03
2006-10-04,13.5306626086957,13.211,14.035,0.224772221313087,0.824000000000012,"2006",10,2025-10-04
2006-10-05,13.4928069565217,13.258,13.852,0.167372810788503,0.593999999999994,"2006",10,2025-10-05
2006-10-06,13.2579373913043,13.136,13.465,0.0627385447168071,0.328999999999951,"2006",10,2025-10-06
2006-10-07,13.162707826087,12.96,13.454,0.114764999359642,0.494000000000028,"2006",10,2025-10-07
2006-10-08,13.2018834782609,12.95,13.485,0.115237938918908,0.535000000000025,"2006",10,2025-10-08
2006-10-09,13.329812173913,13.01,13.614,0.123677982703248,0.603999999999985,"2006",10,2025-10-09
2006-10-10,13.3222730434783,12.869,13.686,0.155384608429819,0.81699999999995,"2006",10,2025-10-10
2006-10-11,13.335052173913,13.023,13.557,0.116390461092906,0.533999999999992,"2006",10,2025-10-11
2006-10-12,13.1915060869565,13.09,13.348,0.0545831802770439,0.258000000000038,"2006",10,2025-10-12
2006-10-13,12.7709026086957,12.542,12.98,0.103974187245643,0.438000000000045,"2006",10,2025-10-13
2006-10-14,12.6746295652174,12.451,12.917,0.126606251926254,0.465999999999951,"2006",10,2025-10-14
2006-10-15,12.5016208695652,12.243,12.727,0.0899467840111384,0.48399999999998,"2006",10,2025-10-15
2006-10-16,12.0935739130435,11.719,12.341,0.129359468693192,0.622000000000014,"2006",10,2025-10-16
2006-10-17,12.145412173913,11.705,12.518,0.170210135113746,0.812999999999988,"2006",10,2025-10-17
2006-10-18,12.3439008695652,12.024,12.619,0.108410830983366,0.595000000000027,"2006",10,2025-10-18
2006-10-19,12.4147930434783,11.951,12.707,0.124825260248564,0.755999999999972,"2006",10,2025-10-19
2006-10-20,12.430252173913,12.24,12.592,0.0955721668949025,0.351999999999975,"2006",10,2025-10-20
2006-10-21,12.2607408695652,11.967,12.463,0.111374125364182,0.496000000000038,"2006",10,2025-10-21
2006-10-22,12.0925234782609,11.761,12.309,0.114505689898973,0.548000000000002,"2006",10,2025-10-22
2006-10-23,11.96864,11.512,12.181,0.147960151429869,0.668999999999983,"2006",10,2025-10-23
2006-10-24,11.4887513043478,11.368,11.573,0.0472275136199303,0.204999999999984,"2006",10,2025-10-24
2006-10-25,11.0404434782609,10.576,11.232,0.132871266147619,0.655999999999949,"2006",10,2025-10-25
2006-10-26,11.0184295652174,10.526,11.283,0.141317820185833,0.757000000000005,"2006",10,2025-10-26
2006-10-27,11.0516486956522,10.671,11.392,0.142644028542936,0.721000000000004,"2006",10,2025-10-27
2006-10-28,11.1059808695652,10.911,11.394,0.104643885817394,0.483000000000004,"2006",10,2025-10-28
2006-10-29,11.0469669565217,10.889,11.225,0.0847083371962098,0.336000000000013,"2006",10,2025-10-29
2006-10-30,10.6365843478261,10.275,11.19,0.215563759936099,0.91500000000002,"2006",10,2025-10-30
2006-10-31,10.4169060869565,10.136,10.746,0.151970626452444,0.609999999999957,"2006",10,2025-10-31
2006-11-01,10.3131408695652,10.004,10.589,0.146092088217196,0.58499999999998,"2006",11,2025-11-01
2006-11-02,10.0964330434783,9.81099999999998,10.548,0.142419518027853,0.737000000000023,"2006",11,2025-11-02
2006-11-03,9.69505913043478,9.44499999999999,9.99799999999999,0.119780388399918,0.552999999999997,"2006",11,2025-11-03
2006-11-04,8.82844,8.51400000000001,9.09899999999999,0.135410845221068,0.58499999999998,"2006",11,2025-11-04
2006-11-05,8.98395130434783,8.76100000000002,9.31400000000002,0.147353131489608,0.552999999999997,"2006",11,2025-11-05
2006-11-06,8.90044,8.60599999999999,9.28500000000003,0.195829245821873,0.67900000000003,"2006",11,2025-11-06
2006-11-07,8.98429913043478,8.613,9.36900000000003,0.243127375706763,0.756000000000029,"2006",11,2025-11-07
2006-11-08,9.25493739130435,9.108,9.43799999999999,0.0846044469849473,0.329999999999984,"2006",11,2025-11-08
2006-11-09,9.82213043478261,9.57600000000002,10.084,0.123798414436769,0.507999999999981,"2006",11,2025-11-09
2006-11-10,9.89790782608696,9.64499999999998,10.305,0.161206611615471,0.660000000000025,"2006",11,2025-11-10
2006-11-11,9.87469913043478,9.642,10.267,0.151128144102973,0.625,"2006",11,2025-11-11
2006-11-12,9.84562260869565,9.65899999999999,10.17,0.116850951147706,0.511000000000024,"2006",11,2025-11-12
2006-11-13,9.98611478260869,9.93200000000002,10.085,0.0368857456285094,0.152999999999963,"2006",11,2025-11-13
2006-11-14,9.98551304347826,9.89499999999998,10.051,0.0331891331280922,0.156000000000006,"2006",11,2025-11-14
2006-11-15,10.0216904347826,9.91800000000001,10.107,0.0381895806747117,0.188999999999965,"2006",11,2025-11-15
2006-11-16,10.3491686956522,10.156,10.527,0.0912883458308482,0.370999999999981,"2006",11,2025-11-16
2006-11-17,10.5332730434783,10.322,10.77,0.113834497904612,0.447999999999979,"2006",11,2025-11-17
2006-11-18,10.4211043478261,10.098,10.713,0.124570773435439,0.615000000000009,"2006",11,2025-11-18
2006-11-19,10.1997913043478,9.976,10.369,0.0857331667585069,0.393000000000029,"2006",11,2025-11-19
2006-11-20,9.49923304347826,9.11700000000002,9.75400000000002,0.142334473654653,0.637,"2006",11,2025-11-20
2006-11-21,9.22187304347826,8.892,9.601,0.157188039216656,0.709000000000003,"2006",11,2025-11-21
2006-11-22,8.9398452173913,8.654,9.209,0.144431055037143,0.555000000000007,"2006",11,2025-11-22
2006-11-23,8.80057217391304,8.55399999999997,9.10399999999998,0.130739565807623,0.550000000000011,"2006",11,2025-11-23
2006-11-24,8.77023130434782,8.45799999999997,9.31200000000001,0.198658130155468,0.854000000000042,"2006",11,2025-11-24
2006-11-25,8.80968869565217,8.48000000000002,9.39699999999999,0.20814243680929,0.916999999999973,"2006",11,2025-11-25
2006-11-26,8.84029043478261,8.49000000000001,9.44299999999998,0.211694986754666,0.952999999999975,"2006",11,2025-11-26
2006-11-27,9.08401739130435,8.77199999999999,9.41800000000001,0.168740042039843,0.646000000000015,"2006",11,2025-11-27
2006-11-28,8.50211130434782,8.399,8.61200000000002,0.0487629706951242,0.213000000000022,"2006",11,2025-11-28
2006-11-29,8.51330260869565,8.39600000000002,8.67399999999998,0.064386779678472,0.277999999999963,"2006",11,2025-11-29
2006-11-30,9.06768695652174,8.87599999999998,9.28800000000001,0.105066045697415,0.412000000000035,"2006",11,2025-11-30
2006-12-01,8.87600869565217,8.64600000000002,9.37200000000001,0.196342421840389,0.725999999999999,"2006",12,2025-12-01
2006-12-02,8.72095130434783,8.36900000000003,9.33300000000003,0.252882485814203,0.963999999999999,"2006",12,2025-12-02
2006-12-03,8.75113391304348,8.47800000000001,9.37400000000002,0.211170632529771,0.896000000000015,"2006",12,2025-12-03
2006-12-04,8.58207652173913,8.37700000000001,9.291,0.215040287259562,0.913999999999987,"2006",12,2025-12-04
2006-12-05,8.30052521739131,8.08600000000001,8.60500000000002,0.118752820500874,0.519000000000005,"2006",12,2025-12-05
2006-12-06,8.26776869565218,7.99000000000001,8.67399999999998,0.138290233080174,0.683999999999969,"2006",12,2025-12-06
2006-12-07,8.38027130434782,8.17500000000001,8.67399999999998,0.098204540835086,0.498999999999967,"2006",12,2025-12-07
2006-12-08,8.43256869565217,8.36200000000002,8.65499999999997,0.0571839905430547,0.29299999999995,"2006",12,2025-12-08
2006-12-09,8.52196869565217,8.38799999999998,8.77199999999999,0.0701090419559071,0.384000000000015,"2006",12,2025-12-09
2006-12-10,8.49323652173913,8.42200000000003,8.71899999999999,0.0594559221421723,0.296999999999969,"2006",12,2025-12-10
2006-12-11,8.54287130434783,8.40899999999999,8.666,0.0582069849329576,0.257000000000005,"2006",12,2025-12-11
2006-12-12,8.43794434782609,8.27199999999999,8.61799999999999,0.0744653442198072,0.346000000000004,"2006",12,2025-12-12
2006-12-13,8.25843826086956,8.154,8.43200000000002,0.0509975670366743,0.27800000000002,"2006",12,2025-12-13
2006-12-14,8.25866086956522,8.16699999999997,8.43900000000002,0.0515481046192281,0.272000000000048,"2006",12,2025-12-14
2006-12-15,8.27985739130435,8.16199999999998,8.41500000000002,0.0481695666729688,0.253000000000043,"2006",12,2025-12-15
2006-12-16,8.21086782608696,8.029,8.31900000000002,0.0709812994313237,0.29000000000002,"2006",12,2025-12-16
2006-12-17,8.42458260869565,8.12299999999999,8.673,0.129299060645371,0.550000000000011,"2006",12,2025-12-17
2006-12-18,8.31330782608696,8.19099999999997,8.44999999999999,0.0633071231189706,0.259000000000015,"2006",12,2025-12-18
2006-12-19,8.30625739130435,8.00400000000002,8.608,0.131061306412224,0.603999999999985,"2006",12,2025-12-19
2006-12-20,8.34340173913044,8.01499999999999,8.69799999999998,0.153899364139961,0.682999999999993,"2006",12,2025-12-20
2006-12-21,8.34521739130435,8.13499999999999,8.548,0.0945364615064392,0.413000000000011,"2006",12,2025-12-21
2006-12-22,8.41585391304348,8.31200000000001,8.63099999999997,0.0637476204201057,0.31899999999996,"2006",12,2025-12-22
2006-12-23,8.27501739130435,8.142,8.79500000000002,0.154382708238129,0.65300000000002,"2006",12,2025-12-23
2006-12-24,8.19481739130435,7.995,8.85500000000002,0.200679376719606,0.860000000000014,"2006",12,2025-12-24
2006-12-25,8.14641391304348,7.93900000000002,8.94400000000002,0.224607522534113,1.005,"2006",12,2025-12-25
2006-12-26,8.20807130434783,8.02600000000001,8.81099999999998,0.17661357686772,0.784999999999968,"2006",12,2025-12-26
2006-12-27,8.11952695652174,7.94,8.33199999999999,0.101901104378086,0.391999999999996,"2006",12,2025-12-27
2006-12-28,7.19987826086956,6.98399999999998,7.52100000000002,0.112047413109034,0.537000000000035,"2006",12,2025-12-28
2006-12-29,7.15010260869565,6.971,7.435,0.10244312560016,0.463999999999999,"2006",12,2025-12-29
2006-12-30,7.1795252173913,6.88600000000002,7.63099999999997,0.200521616760046,0.744999999999948,"2006",12,2025-12-30
2006-12-31,7.17114086956522,6.76100000000002,7.76800000000003,0.272817949246927,1.00700000000001,"2006",12,2025-12-31
2007-01-01,7.24786608695652,6.85399999999998,7.791,0.250139287639354,0.937000000000012,"2007",1,2025-01-01
2007-01-02,7.36486434782609,6.97699999999998,8.238,0.305717843255667,1.26100000000002,"2007",1,2025-01-02
2007-01-03,7.36634782608696,6.99000000000001,8.37400000000002,0.326095047266188,1.38400000000001,"2007",1,2025-01-03
2007-01-04,7.54774782608696,7.20100000000002,8.24700000000001,0.25121468127574,1.04599999999999,"2007",1,2025-01-04
2007-01-05,8.0121947826087,7.678,8.43400000000003,0.196417142075112,0.756000000000029,"2007",1,2025-01-05
2007-01-06,7.67697217391304,7.11500000000001,8.62400000000002,0.38941512373967,1.50900000000001,"2007",1,2025-01-06
2007-01-07,7.69281043478261,7.13099999999997,8.65499999999997,0.380826389925576,1.524,"2007",1,2025-01-07
2007-01-08,7.72526086956522,7.39300000000003,8.26800000000003,0.220440100144815,0.875,"2007",1,2025-01-08
2007-01-09,7.52317043478261,7.334,7.96600000000001,0.12438704976309,0.632000000000005,"2007",1,2025-01-09
2007-01-10,7.48885739130435,7.255,7.94200000000001,0.160567592473588,0.687000000000012,"2007",1,2025-01-10
2007-01-11,7.55381391304348,7.37400000000002,8.01600000000002,0.143972819061063,0.641999999999996,"2007",1,2025-01-11
2007-01-12,7.59823130434783,7.41699999999997,7.93299999999999,0.102575766477783,0.51600000000002,"2007",1,2025-01-12
2007-01-13,7.5888347826087,7.36799999999999,7.74299999999999,0.0814208247590176,0.375,"2007",1,2025-01-13
2007-01-14,7.30937391304348,6.976,7.50299999999999,0.115812706306253,0.526999999999987,"2007",1,2025-01-14
2007-01-15,6.89761739130435,6.666,7.05200000000002,0.0915947922580351,0.386000000000024,"2007",1,2025-01-15
2007-01-16,6.20566956521739,6.00999999999999,6.70499999999998,0.147072863601682,0.694999999999993,"2007",1,2025-01-16
2007-01-17,6.13278608695652,5.87599999999998,7.05700000000002,0.251420357810917,1.18100000000004,"2007",1,2025-01-17
2007-01-18,6.07023826086956,5.77999999999997,6.928,0.249700469895351,1.14800000000002,"2007",1,2025-01-18
2007-01-19,6.19686434782608,6.01100000000002,6.52699999999999,0.133364420571768,0.515999999999963,"2007",1,2025-01-19
2007-01-20,6.05944869565217,5.84300000000002,6.69900000000001,0.190650400799345,0.855999999999995,"2007",1,2025-01-20
2007-01-21,6.01268,5.75099999999998,6.68099999999998,0.213675725200757,0.930000000000007,"2007",1,2025-01-21
2007-01-22,6.12607130434782,5.90199999999999,6.649,0.189644046162307,0.747000000000014,"2007",1,2025-01-22
2007-01-23,6.40411478260869,6.18599999999998,6.74700000000001,0.120637811549775,0.561000000000035,"2007",1,2025-01-23
2007-01-24,5.57076869565217,5.29300000000001,5.96300000000002,0.149316352869866,0.670000000000016,"2007",1,2025-01-24
2007-01-25,5.14096869565217,4.86099999999999,5.62599999999998,0.170763174414453,0.764999999999986,"2007",1,2025-01-25
2007-01-26,5.1448,4.84199999999998,5.63400000000001,0.186048352712509,0.79200000000003,"2007",1,2025-01-26
2007-01-27,5.22099652173913,4.887,5.88600000000002,0.224003600927081,0.999000000000024,"2007",1,2025-01-27
2007-01-28,5.15416173913043,4.85199999999998,5.66000000000003,0.180660045920763,0.80800000000005,"2007",1,2025-01-28
2007-01-29,5.15295826086956,4.78699999999998,5.73500000000001,0.203972161958718,0.948000000000036,"2007",1,2025-01-29
2007-01-30,4.8688452173913,4.46699999999998,5.61000000000001,0.240055391489516,1.14300000000003,"2007",1,2025-01-30
2007-01-31,4.42018608695652,4.01999999999998,4.90699999999998,0.229203031767137,0.887,"2007",1,2025-01-31
2007-02-01,4.38630260869565,4.05399999999997,4.92000000000002,0.211543709481179,0.866000000000042,"2007",2,2025-02-01
2007-02-02,4.43837739130435,4.07799999999997,4.90899999999999,0.213152205135576,0.831000000000017,"2007",2,2025-02-02
2007-02-03,4.80201217391304,4.31099999999998,5.72399999999999,0.363472952170518,1.41300000000001,"2007",2,2025-02-03
2007-02-04,4.856,4.43099999999998,5.73700000000002,0.312183782867904,1.30600000000004,"2007",2,2025-02-04
2007-02-05,5.00753043478261,4.63999999999999,5.68200000000002,0.248512295482353,1.04200000000003,"2007",2,2025-02-05
2007-02-06,5.2147547826087,4.791,5.81099999999998,0.232315913501662,1.01999999999998,"2007",2,2025-02-06
2007-02-07,4.95845043478261,4.45699999999999,5.56999999999999,0.257969072564206,1.113,"2007",2,2025-02-07
2007-02-08,4.75610260869565,4.38,5.17700000000002,0.168371679786593,0.797000000000025,"2007",2,2025-02-08
2007-02-09,4.56713739130435,4.28899999999999,4.86799999999999,0.127928988264893,0.579000000000008,"2007",2,2025-02-09
2007-02-10,4.43670608695652,4.161,4.75,0.132689449918518,0.588999999999999,"2007",2,2025-02-10
2007-02-11,4.39505565217391,4.13200000000001,4.69099999999997,0.127541946499777,0.558999999999969,"2007",2,2025-02-11
2007-02-12,4.21866956521739,3.95400000000001,4.74799999999999,0.169420703998036,0.793999999999983,"2007",2,2025-02-12
2007-02-13,3.90982434782609,3.57499999999999,4.73500000000001,0.223914996234186,1.16000000000003,"2007",2,2025-02-13
2007-02-14,3.84961391304348,3.48000000000002,4.62700000000001,0.238726507641463,1.14699999999999,"2007",2,2025-02-14
2007-02-15,4.31057217391304,3.96199999999999,4.66399999999999,0.173399886040086,0.701999999999998,"2007",2,2025-02-15
2007-02-16,4.30248869565217,3.92599999999999,4.846,0.215435664570315,0.920000000000016,"2007",2,2025-02-16
2007-02-17,4.2221652173913,3.69600000000003,4.79399999999998,0.259049082915749,1.09799999999996,"2007",2,2025-02-17
2007-02-18,4.17152,3.702,4.67899999999997,0.233274111316392,0.976999999999975,"2007",2,2025-02-18
2007-02-19,3.95291652173913,3.596,4.36799999999999,0.177135708487391,0.771999999999991,"2007",2,2025-02-19
2007-02-20,3.90396869565217,3.57600000000002,4.25299999999999,0.162304459871836,0.676999999999964,"2007",2,2025-02-20
2007-02-21,3.54653913043478,3.23099999999999,4.017,0.163494402452772,0.786000000000001,"2007",2,2025-02-21
2007-02-22,3.48267826086956,3.185,3.93200000000002,0.158624540143214,0.747000000000014,"2007",2,2025-02-22
2007-02-23,3.63808,3.34199999999998,4.01100000000002,0.15377466839865,0.66900000000004,"2007",2,2025-02-23
2007-02-24,3.77801217391304,3.452,4.12799999999999,0.160461762434089,0.675999999999988,"2007",2,2025-02-24
2007-02-25,3.79326782608696,3.44799999999998,4.14999999999998,0.163505110548812,0.701999999999998,"2007",2,2025-02-25
2007-02-26,3.65469739130435,3.29000000000002,3.96699999999998,0.167567425433327,0.676999999999964,"2007",2,2025-02-26
2007-02-27,3.15109217391304,2.78399999999999,3.65499999999997,0.19834483273793,0.870999999999981,"2007",2,2025-02-27
2007-02-28,3.00461391304348,2.54500000000002,3.61700000000002,0.24290496660753,1.072,"2007",2,2025-02-28
2007-03-01,2.90210782608696,2.517,3.40300000000002,0.199204267699405,0.886000000000024,"2007",3,2025-03-01
2007-03-02,3.00602434782609,2.64499999999998,3.56799999999998,0.204912421418143,0.923000000000002,"2007",3,2025-03-02
2007-03-03,3.0046452173913,2.69099999999997,3.63299999999998,0.188705657386115,0.942000000000007,"2007",3,2025-03-03
2007-03-04,3.13097217391304,2.84699999999998,3.61000000000001,0.140587700967703,0.763000000000034,"2007",3,2025-03-04
2007-03-05,3.20291130434783,2.892,3.51400000000001,0.140946912662399,0.622000000000014,"2007",3,2025-03-05
2007-03-06,2.90572869565217,2.51900000000001,3.40600000000001,0.216039653398699,0.887,"2007",3,2025-03-06
2007-03-07,2.81918260869565,2.37099999999998,3.452,0.273350809770598,1.08100000000002,"2007",3,2025-03-07
2007-03-08,2.81852173913044,2.34300000000002,3.32799999999997,0.207556278746618,0.984999999999957,"2007",3,2025-03-08
2007-03-09,2.8921252173913,2.399,3.36799999999999,0.197619046220697,0.968999999999994,"2007",3,2025-03-09
2007-03-10,2.99355652173913,2.54700000000003,3.41399999999999,0.206269604339301,0.866999999999962,"2007",3,2025-03-10
2007-03-11,2.97245043478261,2.58299999999997,3.72399999999999,0.272222963857212,1.14100000000002,"2007",3,2025-03-11
2007-03-12,3.03167304347826,2.63200000000001,3.77100000000002,0.257498975107645,1.13900000000001,"2007",3,2025-03-12
2007-03-13,3.13533565217391,2.71800000000002,3.86200000000002,0.259449484919446,1.14400000000001,"2007",3,2025-03-13
2007-03-14,3.19645043478261,2.80500000000001,3.767,0.21693586913993,0.961999999999989,"2007",3,2025-03-14
2007-03-15,3.13932347826087,2.834,3.495,0.154644257568882,0.661000000000001,"2007",3,2025-03-15
2007-03-16,3.36090782608696,3.00799999999998,3.73599999999999,0.158278908081664,0.728000000000009,"2007",3,2025-03-16
2007-03-17,2.69830608695652,2.49900000000002,2.91300000000001,0.0888655968351282,0.413999999999987,"2007",3,2025-03-17
2007-03-18,2.65405391304348,2.495,3.00099999999998,0.124650349505623,0.505999999999972,"2007",3,2025-03-18
2007-03-19,2.71241565217391,2.49200000000002,2.94400000000002,0.102073994981322,0.451999999999998,"2007",3,2025-03-19
2007-03-20,2.72411652173913,2.43799999999999,3.173,0.193905366808346,0.735000000000014,"2007",3,2025-03-20
2007-03-21,2.62595130434783,2.35699999999997,3.09899999999999,0.193649152180643,0.742000000000019,"2007",3,2025-03-21
2007-03-22,2.8708852173913,2.65499999999997,3.15199999999999,0.117177301142521,0.497000000000014,"2007",3,2025-03-22
2007-03-23,3.18222608695652,2.78399999999999,3.99000000000001,0.322678615444724,1.20600000000002,"2007",3,2025-03-23
2007-03-24,3.4340747826087,3.06599999999997,4.29399999999998,0.299182742171319,1.22800000000001,"2007",3,2025-03-24
2007-03-25,3.49844695652174,3.202,4.012,0.226025992662764,0.810000000000002,"2007",3,2025-03-25
2007-03-26,3.76272347826087,3.50099999999998,4.03699999999998,0.0888557441201298,0.536000000000001,"2007",3,2025-03-26
2007-03-27,4.01912869565217,3.32999999999998,4.685,0.421287723269873,1.35500000000002,"2007",3,2025-03-27
2007-03-28,3.55820869565217,2.98000000000002,4.20600000000002,0.327558615007631,1.226,"2007",3,2025-03-28
2007-03-29,3.27509217391304,2.88900000000001,3.77300000000002,0.224473988757141,0.884000000000015,"2007",3,2025-03-29
2007-03-30,3.45540869565217,3.12200000000001,3.69,0.131085876023677,0.567999999999984,"2007",3,2025-03-30
2007-03-31,3.52998608695652,2.99000000000001,3.77999999999997,0.147464741481839,0.789999999999964,"2007",3,2025-03-31
2007-04-01,3.33122608695652,2.88,3.74799999999999,0.235559326247968,0.867999999999995,"2007",4,2025-04-01
2007-04-02,3.38381217391304,3.07299999999998,3.726,0.183330824306052,0.65300000000002,"2007",4,2025-04-02
2007-04-03,3.46623652173913,3.25099999999998,3.70699999999999,0.111962380387463,0.456000000000017,"2007",4,2025-04-03
2007-04-04,3.05537913043478,2.95100000000002,3.19900000000001,0.0559692136250547,0.24799999999999,"2007",4,2025-04-04
2007-04-05,3.11150260869565,2.964,3.279,0.0768354700194732,0.314999999999998,"2007",4,2025-04-05
2007-04-06,2.93211652173913,2.74700000000001,3.05500000000001,0.0828162526029632,0.307999999999993,"2007",4,2025-04-06
2007-04-07,2.98948695652174,2.61099999999999,3.26499999999999,0.189129307259383,0.653999999999996,"2007",4,2025-04-07
2007-04-08,2.97802956521739,2.46699999999998,3.38,0.23903291835681,0.913000000000011,"2007",4,2025-04-08
2007-04-09,2.99654608695652,2.63499999999999,3.21300000000002,0.164230125196681,0.578000000000031,"2007",4,2025-04-09
2007-04-10,3.17222782608696,2.47300000000001,3.57400000000001,0.230125859953813,1.101,"2007",4,2025-04-10
2007-04-11,3.17313913043478,2.43000000000001,3.57799999999997,0.244517653857597,1.14799999999997,"2007",4,2025-04-11
2007-04-12,3.23447478260869,2.68099999999998,3.55599999999998,0.16853170683781,0.875,"2007",4,2025-04-12
2007-04-13,3.52190782608696,2.98599999999999,3.94600000000003,0.217500202710397,0.960000000000036,"2007",4,2025-04-13
2007-04-14,3.59650434782609,3.03199999999998,4.13,0.226301707815381,1.09800000000001,"2007",4,2025-04-14
2007-04-15,3.66463652173913,3.06999999999999,4.07900000000001,0.206259879007599,1.00900000000001,"2007",4,2025-04-15
2007-04-16,3.61605217391304,3.15100000000001,3.815,0.153531474458649,0.663999999999987,"2007",4,2025-04-16
2007-04-17,3.35070086956522,3.084,3.56999999999999,0.110959581974677,0.48599999999999,"2007",4,2025-04-17
2007-04-18,4.02661391304348,3.81200000000001,4.14699999999999,0.0887599460854198,0.33499999999998,"2007",4,2025-04-18
2007-04-19,4.32650956521739,4.14400000000001,4.51400000000001,0.0766202648000745,0.370000000000005,"2007",4,2025-04-19
2007-04-20,4.48463304347826,4.21300000000002,4.97399999999999,0.177079774794915,0.760999999999967,"2007",4,2025-04-20
2007-04-21,5.51128695652174,4.84899999999999,6.19799999999998,0.235702174520036,1.34899999999999,"2007",4,2025-04-21
2007-04-22,5.74331826086956,5.029,6.255,0.2622759098525,1.226,"2007",4,2025-04-22
2007-04-23,5.94142782608696,5.41000000000003,6.33499999999998,0.193876998412805,0.924999999999955,"2007",4,2025-04-23
2007-04-24,6.30937217391304,6.07999999999998,6.48000000000002,0.0658800826280437,0.400000000000034,"2007",4,2025-04-24
2007-04-25,6.86494782608696,6.40800000000002,7.15699999999998,0.154715792236013,0.748999999999967,"2007",4,2025-04-25
2007-04-26,6.8902052173913,6.39800000000002,7.25200000000001,0.165584824543413,0.853999999999985,"2007",4,2025-04-26
2007-04-27,6.76458086956522,6.351,7.02199999999999,0.139035953974144,0.670999999999992,"2007",4,2025-04-27
2007-04-28,6.65471826086956,6.38200000000001,6.77600000000001,0.080319444518136,0.394000000000005,"2007",4,2025-04-28
2007-04-29,6.28530086956522,5.96499999999997,6.63400000000001,0.15458776782435,0.66900000000004,"2007",4,2025-04-29
2007-04-30,6.35330782608696,6.10199999999998,6.75,0.147569628724615,0.648000000000025,"2007",4,2025-04-30
2007-05-01,7.32972695652174,6.60699999999997,7.733,0.334923331317675,1.12600000000003,"2007",5,2025-05-01
2007-05-02,7.52088,6.863,7.96100000000001,0.32140174454058,1.09800000000001,"2007",5,2025-05-02
2007-05-03,7.65646260869565,6.91699999999997,8.30799999999999,0.43729041559538,1.39100000000002,"2007",5,2025-05-03
2007-05-04,7.61393217391304,6.88799999999998,8.51499999999999,0.41872494018267,1.62700000000001,"2007",5,2025-05-04
2007-05-05,7.53447130434783,6.99099999999999,8.22500000000002,0.310574356306721,1.23400000000004,"2007",5,2025-05-05
2007-05-06,7.64048173913043,7.06,8.053,0.198263988123201,0.992999999999995,"2007",5,2025-05-06
2007-05-07,7.75654956521739,7.35199999999998,8.28300000000002,0.221344947883714,0.93100000000004,"2007",5,2025-05-07
2007-05-08,7.86193043478261,7.63799999999998,8.11200000000002,0.102089197329997,0.474000000000046,"2007",5,2025-05-08
2007-05-09,8.06532347826087,7.93900000000002,8.185,0.0478838212375806,0.245999999999981,"2007",5,2025-05-09
2007-05-10,8.44616347826087,8.21199999999999,8.66199999999998,0.106646184968655,0.449999999999989,"2007",5,2025-05-10
2007-05-11,8.95020695652174,8.54700000000003,9.24900000000002,0.181967357279501,0.701999999999998,"2007",5,2025-05-11
2007-05-12,9.31777217391304,8.83100000000002,9.649,0.211141303622573,0.817999999999984,"2007",5,2025-05-12
2007-05-13,9.57840695652174,9.13299999999998,9.988,0.16640890808547,0.855000000000018,"2007",5,2025-05-13
2007-05-14,9.5770347826087,9.03399999999999,9.99799999999999,0.180884370752388,0.963999999999999,"2007",5,2025-05-14
2007-05-15,9.52097913043478,8.91399999999999,9.92099999999999,0.195222493231068,1.00700000000001,"2007",5,2025-05-15
2007-05-16,9.49292173913043,8.99599999999998,9.88200000000001,0.138142477315205,0.886000000000024,"2007",5,2025-05-16
2007-05-17,8.74380869565217,8.34899999999999,9.02199999999999,0.159284391406869,0.673000000000002,"2007",5,2025-05-17
2007-05-18,8.13231130434782,7.98500000000001,8.25900000000001,0.0643146836307679,0.274000000000001,"2007",5,2025-05-18
2007-05-19,8.22190782608696,8.01299999999998,8.40100000000001,0.102335021600441,0.388000000000034,"2007",5,2025-05-19
2007-05-20,8.5568852173913,8.36700000000002,8.74000000000001,0.0729310020010062,0.37299999999999,"2007",5,2025-05-20
2007-05-21,8.57457043478261,8.05700000000002,9.10399999999998,0.187606447820292,1.04699999999997,"2007",5,2025-05-21
2007-05-22,8.56361913043478,8.04599999999999,9.15199999999999,0.215605344994467,1.10599999999999,"2007",5,2025-05-22
2007-05-23,8.53115130434782,8.13200000000001,8.97000000000003,0.153887124548984,0.838000000000022,"2007",5,2025-05-23
2007-05-24,8.57446086956522,8.26900000000001,8.83800000000002,0.123486734673639,0.569000000000017,"2007",5,2025-05-24
2007-05-25,10.2340626086957,9.74000000000001,10.717,0.233466916181653,0.976999999999975,"2007",5,2025-05-25
2007-05-26,11.2629565217391,10.486,11.589,0.182823394500624,1.10300000000001,"2007",5,2025-05-26
2007-05-27,12.257747826087,11.988,12.523,0.149075586110489,0.535000000000025,"2007",5,2025-05-27
2007-05-28,12.4262626086957,11.833,13.038,0.343766261816393,1.20499999999998,"2007",5,2025-05-28
2007-05-29,12.4096208695652,11.723,13.1,0.383243309670122,1.37700000000001,"2007",5,2025-05-29
2007-05-30,12.3142956521739,11.819,12.753,0.275651643952682,0.933999999999969,"2007",5,2025-05-30
2007-05-31,12.2351947826087,11.875,12.536,0.135372335839751,0.661000000000001,"2007",5,2025-05-31
2007-06-01,12.5594556521739,12.283,12.87,0.135093261238059,0.586999999999989,"2007",6,2025-06-01
2007-06-02,12.7639286956522,12.492,13.035,0.125301782583804,0.543000000000006,"2007",6,2025-06-02
2007-06-03,11.3783217391304,11.227,11.661,0.101024917392951,0.434000000000026,"2007",6,2025-06-03
2007-06-04,10.8768591304348,10.435,11.822,0.338423238687244,1.387,"2007",6,2025-06-04
2007-06-05,10.7978,10.003,11.578,0.349364919088758,1.57499999999999,"2007",6,2025-06-05
2007-06-06,10.9102452173913,10.331,11.383,0.316074872112753,1.05199999999996,"2007",6,2025-06-06
2007-06-07,10.8275008695652,10.167,11.515,0.37617612486124,1.34800000000001,"2007",6,2025-06-07
2007-06-08,10.798587826087,10.268,11.387,0.327187341285587,1.11900000000003,"2007",6,2025-06-08
2007-06-09,10.9290486956522,10.715,11.258,0.138326840120683,0.543000000000006,"2007",6,2025-06-09
2007-06-10,12.6304747826087,11.897,13.081,0.318379228942794,1.18400000000003,"2007",6,2025-06-10
2007-06-11,13.3730486956522,12.733,13.836,0.269415015517463,1.10300000000001,"2007",6,2025-06-11
2007-06-12,13.4611391304348,12.764,14.006,0.31750387763981,1.24199999999996,"2007",6,2025-06-12
2007-06-13,13.1236939130435,12.399,13.45,0.227923042091392,1.05099999999999,"2007",6,2025-06-13
2007-06-14,12.4149165217391,11.795,12.888,0.244315006267588,1.09299999999996,"2007",6,2025-06-14
2007-06-15,12.3227286956522,11.725,12.789,0.266707691054848,1.06399999999996,"2007",6,2025-06-15
2007-06-16,12.40504,11.863,12.872,0.263046829073673,1.00900000000001,"2007",6,2025-06-16
2007-06-17,12.7411234782609,12.286,13.174,0.246280378423134,0.887999999999977,"2007",6,2025-06-17
2007-06-18,13.262707826087,12.71,13.676,0.163054825620581,0.966000000000008,"2007",6,2025-06-18
2007-06-19,13.951852173913,13.257,14.463,0.266938699049321,1.20600000000002,"2007",6,2025-06-19
2007-06-20,14.8859965217391,14.267,15.2,0.203420283734368,0.932999999999993,"2007",6,2025-06-20
2007-06-21,14.8036139130435,14.082,15.273,0.266729045621612,1.19100000000003,"2007",6,2025-06-21
2007-06-22,14.4120782608696,13.498,14.857,0.248343611984876,1.35899999999998,"2007",6,2025-06-22
2007-06-23,13.6803704347826,12.856,14.2,0.300185198635402,1.34399999999999,"2007",6,2025-06-23
2007-06-24,13.7502608695652,13.018,14.319,0.317971480076593,1.30100000000004,"2007",6,2025-06-24
2007-06-25,14.3784313043478,13.769,15.219,0.400483581894144,1.44999999999999,"2007",6,2025-06-25
2007-06-26,14.4752086956522,13.768,15.481,0.493553997759862,1.71300000000002,"2007",6,2025-06-26
2007-06-27,14.548587826087,13.85,15.25,0.374366045587031,1.39999999999998,"2007",6,2025-06-27
2007-06-28,14.1334434782609,13.571,14.624,0.252417944417268,1.053,"2007",6,2025-06-28
2007-06-29,14.09972,13.576,14.649,0.284675020780619,1.07299999999998,"2007",6,2025-06-29
2007-06-30,14.0322939130435,13.533,14.69,0.320250640433514,1.15699999999998,"2007",6,2025-06-30
2007-07-01,14.0982713043478,13.627,14.358,0.201937365994709,0.730999999999995,"2007",7,2025-07-01
2007-07-02,14.0673408695652,13.644,14.585,0.229073003858602,0.940999999999974,"2007",7,2025-07-02
2007-07-03,14.0215269565217,13.635,14.657,0.244562295962757,1.02199999999999,"2007",7,2025-07-03
2007-07-04,14.0034886956522,13.582,14.346,0.194465190298528,0.76400000000001,"2007",7,2025-07-04
2007-07-05,14.0729530434783,13.8,14.532,0.174287647876702,0.731999999999971,"2007",7,2025-07-05
2007-07-06,14.1555008695652,13.935,14.45,0.131643337107571,0.514999999999986,"2007",7,2025-07-06
2007-07-07,14.1794104347826,13.862,14.591,0.185040249587977,0.728999999999985,"2007",7,2025-07-07
2007-07-08,14.4911008695652,14.114,14.986,0.210416064313525,0.872000000000014,"2007",7,2025-07-08
2007-07-09,14.6243304347826,14.27,15.009,0.141127399492237,0.739000000000033,"2007",7,2025-07-09
2007-07-10,14.6355147826087,14.301,14.846,0.112755645457279,0.545000000000016,"2007",7,2025-07-10
2007-07-11,14.9772539130435,14.614,15.418,0.161319434062019,0.80400000000003,"2007",7,2025-07-11
2007-07-12,15.3039043478261,14.931,15.867,0.188616047787047,0.936000000000035,"2007",7,2025-07-12
2007-07-13,15.5676417391304,15.173,16.36,0.261420883622911,1.18700000000001,"2007",7,2025-07-13
2007-07-14,15.6842469565217,15.23,16.38,0.199959599282582,1.14999999999998,"2007",7,2025-07-14
2007-07-15,15.7798956521739,15.401,16.545,0.264079169772802,1.14400000000001,"2007",7,2025-07-15
2007-07-16,15.6718208695652,15.26,16.225,0.231814132222773,0.965000000000032,"2007",7,2025-07-16
2007-07-17,15.7444608695652,15.512,16.154,0.142531571596197,0.641999999999996,"2007",7,2025-07-17
2007-07-18,15.8073843478261,15.541,16.197,0.139012057100782,0.656000000000006,"2007",7,2025-07-18
2007-07-19,16.7173460869565,16.539,17.048,0.0961949976668481,0.509000000000015,"2007",7,2025-07-19
2007-07-20,16.6920417391304,16.319,17.542,0.271765671372126,1.22299999999996,"2007",7,2025-07-20
2007-07-21,16.679172173913,16.25,17.662,0.302432184798609,1.41199999999998,"2007",7,2025-07-21
2007-07-22,16.9721634782609,16.482,17.373,0.195481326059689,0.89100000000002,"2007",7,2025-07-22
2007-07-23,17.2228626086957,16.809,17.912,0.253960503891327,1.10299999999995,"2007",7,2025-07-23
2007-07-24,17.5935982608696,17.297,18.278,0.225744174678221,0.980999999999995,"2007",7,2025-07-24
2007-07-25,17.7310869565217,17.307,18.404,0.218909586495285,1.09699999999998,"2007",7,2025-07-25
2007-07-26,18.1252313043478,17.675,18.888,0.282735499683709,1.21299999999997,"2007",7,2025-07-26
2007-07-27,18.3121617391304,17.726,18.966,0.309744229538117,1.24000000000001,"2007",7,2025-07-27
2007-07-28,18.5892434782609,18.194,19.169,0.232572576484908,0.974999999999966,"2007",7,2025-07-28
2007-07-29,18.6710208695652,18.232,19.039,0.170720209136483,0.80699999999996,"2007",7,2025-07-29
2007-07-30,19.7644852173913,19.354,19.895,0.0751093932097798,0.540999999999997,"2007",7,2025-07-30
2007-07-31,20.1277008695652,19.764,20.815,0.316501940451157,1.05099999999999,"2007",7,2025-07-31
2007-08-01,20.1659860869565,19.578,20.896,0.311172957633191,1.31800000000004,"2007",8,2025-08-01
2007-08-02,19.8592939130435,19.409,20.619,0.3186123531552,1.21000000000004,"2007",8,2025-08-02
2007-08-03,19.5586,19.127,20.275,0.295404146477496,1.14799999999997,"2007",8,2025-08-03
2007-08-04,19.0737895652174,18.857,19.48,0.130108421267241,0.62299999999999,"2007",8,2025-08-04
2007-08-05,18.3984139130435,17.92,18.989,0.276154603370801,1.06899999999996,"2007",8,2025-08-05
2007-08-06,17.92232,17.504,18.593,0.283934726267302,1.089,"2007",8,2025-08-06
2007-08-07,17.87404,17.509,18.178,0.147468830226939,0.668999999999983,"2007",8,2025-08-07
2007-08-08,17.7079269565217,17.125,17.979,0.163385699011321,0.853999999999985,"2007",8,2025-08-08
2007-08-09,16.7994260869565,16.294,17.177,0.178859971939468,0.883000000000038,"2007",8,2025-08-09
2007-08-10,16.9773043478261,16.402,17.264,0.19749702833353,0.862000000000023,"2007",8,2025-08-10
2007-08-11,17.0303913043478,16.18,17.547,0.315811302315003,1.36700000000002,"2007",8,2025-08-11
2007-08-12,17.0868695652174,16.221,17.757,0.354123109012838,1.536,"2007",8,2025-08-12
2007-08-13,17.14724,16.412,17.689,0.267125428524616,1.27700000000004,"2007",8,2025-08-13
2007-08-14,17.0309252173913,16.538,17.423,0.169443554292272,0.884999999999991,"2007",8,2025-08-14
2007-08-15,16.9307739130435,16.342,17.502,0.20328253372312,1.16000000000003,"2007",8,2025-08-15
2007-08-16,16.8791182608696,16.381,17.259,0.135918272983318,0.878000000000043,"2007",8,2025-08-16
2007-08-17,16.7039634782609,16.097,17.016,0.191357429725699,0.91900000000004,"2007",8,2025-08-17
2007-08-18,16.0293130434783,15.423,16.387,0.203936741456713,0.963999999999999,"2007",8,2025-08-18
2007-08-19,15.6924156521739,15.012,16.098,0.307529114395004,1.08600000000001,"2007",8,2025-08-19
2007-08-20,15.7157773913043,15.02,16.041,0.284515614734984,1.02100000000002,"2007",8,2025-08-20
2007-08-21,15.5986730434783,15.057,15.925,0.196875429459954,0.867999999999995,"2007",8,2025-08-21
2007-08-22,15.5516173913043,15.123,16.007,0.186111688704995,0.884000000000015,"2007",8,2025-08-22
2007-08-23,15.7195095652174,15.311,16.065,0.136240101755928,0.754000000000019,"2007",8,2025-08-23
2007-08-24,15.9150313043478,15.502,16.225,0.149113007191863,0.723000000000013,"2007",8,2025-08-24
2007-08-25,17.1627234782609,16.728,17.273,0.0862460930089556,0.545000000000016,"2007",8,2025-08-25
2007-08-26,17.5053286956522,16.921,17.838,0.213384200113439,0.91700000000003,"2007",8,2025-08-26
2007-08-27,17.6072782608696,17.004,18.072,0.292669443694129,1.06799999999998,"2007",8,2025-08-27
2007-08-28,17.4822556521739,16.936,18.163,0.269912585601489,1.22700000000003,"2007",8,2025-08-28
2007-08-29,17.4874417391304,17.005,17.906,0.226949632158855,0.90100000000001,"2007",8,2025-08-29
2007-08-30,17.5560695652174,17.197,18.124,0.208086826965166,0.927000000000021,"2007",8,2025-08-30
2007-08-31,17.3803982608696,17.007,17.711,0.188731654152662,0.704000000000008,"2007",8,2025-08-31
2007-09-01,16.5669304347826,16.277,16.813,0.126532950201695,0.536000000000001,"2007",9,2025-09-01
2007-09-02,16.4935373913043,16.211,16.792,0.114306155208801,0.58099999999996,"2007",9,2025-09-02
2007-09-03,16.4084991304348,16.23,16.622,0.0621764622320089,0.391999999999996,"2007",9,2025-09-03
2007-09-04,16.1836626086957,15.918,16.613,0.155282930188147,0.694999999999993,"2007",9,2025-09-04
2007-09-05,15.8119234782609,15.348,16.337,0.219648573581487,0.988999999999976,"2007",9,2025-09-05
2007-09-06,15.42004,14.792,15.812,0.284440872406676,1.02000000000004,"2007",9,2025-09-06
2007-09-07,15.4367791304348,14.88,15.991,0.265890571625589,1.11099999999999,"2007",9,2025-09-07
2007-09-08,15.2905686956522,14.786,15.852,0.242573337581521,1.06599999999997,"2007",9,2025-09-08
2007-09-09,15.0180939130435,14.754,15.214,0.109925433458653,0.45999999999998,"2007",9,2025-09-09
2007-09-10,15.0674330434783,14.644,15.277,0.119628542183011,0.632999999999981,"2007",9,2025-09-10
2007-09-11,14.6391147826087,14.137,15.153,0.269189260339521,1.01600000000002,"2007",9,2025-09-11
2007-09-12,14.0272365217391,13.634,14.657,0.276561451838344,1.02299999999997,"2007",9,2025-09-12
2007-09-13,13.8575565217391,13.277,14.498,0.326948530065394,1.221,"2007",9,2025-09-13
2007-09-14,13.8371043478261,13.242,14.368,0.30209910152356,1.12599999999998,"2007",9,2025-09-14
2007-09-15,13.9667147826087,13.431,14.402,0.262139712012214,0.971000000000004,"2007",9,2025-09-15
2007-09-16,14.0688173913043,13.645,14.526,0.21308741653081,0.881000000000029,"2007",9,2025-09-16
2007-09-17,13.9634313043478,13.758,14.184,0.0847016801963604,0.426000000000045,"2007",9,2025-09-17
2007-09-18,14.0154156521739,13.802,14.207,0.0784831553769829,0.404999999999973,"2007",9,2025-09-18
2007-09-19,14.4073930434783,14.146,14.826,0.11634383120534,0.680000000000007,"2007",9,2025-09-19
2007-09-20,14.7812504347826,14.555,14.983,0.0759539326890035,0.427999999999997,"2007",9,2025-09-20
2007-09-21,14.8895826086957,14.75,15.145,0.0762055242550106,0.394999999999982,"2007",9,2025-09-21
2007-09-22,15.1412730434783,14.735,15.562,0.184934210602512,0.826999999999998,"2007",9,2025-09-22
2007-09-23,15.2275043478261,14.836,15.66,0.194690452687909,0.824000000000012,"2007",9,2025-09-23
2007-09-24,15.2899234782609,14.977,15.609,0.163264938450524,0.632000000000005,"2007",9,2025-09-24
2007-09-25,15.3182069565217,14.869,15.685,0.162227312733764,0.815999999999974,"2007",9,2025-09-25
2007-09-26,15.2936452173913,14.951,15.598,0.104173247754134,0.646999999999991,"2007",9,2025-09-26
2007-09-27,15.0245826086957,14.655,15.414,0.133760654113987,0.759000000000015,"2007",9,2025-09-27
2007-09-28,14.6022191304348,14.199,15.31,0.252965954622057,1.11099999999999,"2007",9,2025-09-28
2007-09-29,14.6794591304348,14.051,15.745,0.36066527473537,1.69400000000002,"2007",9,2025-09-29
2007-09-30,14.7233652173913,13.984,15.947,0.415502821418673,1.96300000000002,"2007",9,2025-09-30
2007-10-01,14.8011791304348,14.183,15.807,0.353341008875632,1.62400000000002,"2007",10,2025-10-01
2007-10-02,15.0760139130435,14.568,15.68,0.247531914278903,1.11200000000002,"2007",10,2025-10-02
2007-10-03,15.7025234782609,15.098,16.138,0.22682623717157,1.03999999999996,"2007",10,2025-10-03
2007-10-04,15.727252173913,15.167,16.12,0.206321652888981,0.953000000000031,"2007",10,2025-10-04
2007-10-05,15.727587826087,15.166,16.235,0.162395092455494,1.06900000000002,"2007",10,2025-10-05
2007-10-06,15.8249826086957,15.354,16.365,0.216415854309863,1.01100000000002,"2007",10,2025-10-06
2007-10-07,15.7182939130435,15.031,16.176,0.240810562587019,1.14499999999998,"2007",10,2025-10-07
2007-10-08,14.8716991304348,14.091,15.677,0.403156623383936,1.58600000000001,"2007",10,2025-10-08
2007-10-09,14.6749043478261,13.907,15.568,0.410122217143868,1.661,"2007",10,2025-10-09
2007-10-10,14.4820260869565,13.757,15.545,0.445013542856005,1.78800000000001,"2007",10,2025-10-10
2007-10-11,13.4551860869565,12.73,14.279,0.38794465347713,1.54899999999998,"2007",10,2025-10-11
2007-10-12,13.0858747826087,12.649,13.454,0.198889946387757,0.805000000000007,"2007",10,2025-10-12
2007-10-13,13.0265930434783,12.624,13.417,0.17047276327239,0.79299999999995,"2007",10,2025-10-13
2007-10-14,12.7753913043478,12.402,13.183,0.181784289196888,0.781000000000006,"2007",10,2025-10-14
2007-10-15,12.65888,12.345,12.971,0.175133750381382,0.625999999999976,"2007",10,2025-10-15
2007-10-16,12.5563304347826,12.239,12.915,0.191944239223439,0.676000000000045,"2007",10,2025-10-16
2007-10-17,12.3982904347826,11.94,12.802,0.203651263446778,0.862000000000023,"2007",10,2025-10-17
2007-10-18,12.1166,11.519,12.545,0.273777434467657,1.02600000000001,"2007",10,2025-10-18
2007-10-19,12.137907826087,11.784,12.541,0.214293158293163,0.757000000000005,"2007",10,2025-10-19
2007-10-20,13.0862104347826,12.798,13.279,0.113583746578215,0.480999999999995,"2007",10,2025-10-20
2007-10-21,13.2028365217391,12.753,13.643,0.233645091918122,0.889999999999986,"2007",10,2025-10-21
2007-10-22,13.169452173913,12.735,13.585,0.213910628195568,0.849999999999966,"2007",10,2025-10-22
2007-10-23,13.0988295652174,12.779,13.312,0.127642762168997,0.533000000000015,"2007",10,2025-10-23
2007-10-24,12.5081652173913,12.364,12.719,0.0877497362370133,0.355000000000018,"2007",10,2025-10-24
2007-10-25,11.9274817391304,11.542,12.476,0.21446138496608,0.934000000000026,"2007",10,2025-10-25
2007-10-26,11.9064730434783,11.47,12.543,0.234961392529491,1.07299999999998,"2007",10,2025-10-26
2007-10-27,11.5814782608696,11.23,11.896,0.139615633879056,0.665999999999997,"2007",10,2025-10-27
2007-10-28,10.9302365217391,10.423,11.131,0.0896391316622527,0.70799999999997,"2007",10,2025-10-28
2007-10-29,10.8759617391304,10.296,11.17,0.1096210224747,0.874000000000024,"2007",10,2025-10-29
2007-10-30,10.8760713043478,10.334,11.094,0.115632679246049,0.759999999999991,"2007",10,2025-10-30
2007-10-31,10.4681513043478,10.121,10.665,0.13576664390316,0.54400000000004,"2007",10,2025-10-31
2007-11-01,10.3637460869565,10.019,10.69,0.165428874200759,0.670999999999992,"2007",11,2025-11-01
2007-11-02,10.3850208695652,10.019,10.711,0.173851651635082,0.692000000000007,"2007",11,2025-11-02
2007-11-03,10.3524939130435,10.059,10.62,0.130773188020499,0.560999999999979,"2007",11,2025-11-03
2007-11-04,10.3960626086957,10.276,10.557,0.0689823204397507,0.281000000000006,"2007",11,2025-11-04
2007-11-05,9.58815130434783,9.48700000000002,9.80599999999998,0.0644513948149453,0.31899999999996,"2007",11,2025-11-05
2007-11-06,9.45856173913043,9.25099999999998,9.91699999999997,0.145256744691953,0.665999999999997,"2007",11,2025-11-06
2007-11-07,9.4430347826087,9.18900000000002,9.92099999999999,0.149396167340187,0.731999999999971,"2007",11,2025-11-07
2007-11-08,9.43526608695652,9.25,9.80399999999997,0.106507122078652,0.553999999999974,"2007",11,2025-11-08
2007-11-09,9.49935304347826,9.44400000000002,9.60599999999999,0.0301594292226274,0.161999999999978,"2007",11,2025-11-09
2007-11-10,8.59156,8.54599999999999,8.71800000000002,0.0337496852482409,0.172000000000025,"2007",11,2025-11-10
2007-11-11,8.4322,8.35399999999998,8.69600000000003,0.0666253762957512,0.342000000000041,"2007",11,2025-11-11
2007-11-12,8.45105043478261,8.34899999999999,8.82499999999999,0.0924546930891059,0.475999999999999,"2007",11,2025-11-12
2007-11-13,8.55432869565217,8.46899999999999,8.78399999999999,0.0656789901721838,0.314999999999998,"2007",11,2025-11-13
2007-11-14,8.76760695652174,8.71499999999997,8.91899999999998,0.0423014561444477,0.204000000000008,"2007",11,2025-11-14
2007-11-15,8.92321739130435,8.74000000000001,9.17399999999998,0.118867725991462,0.433999999999969,"2007",11,2025-11-15
2007-11-16,8.77085739130435,8.46100000000001,9.19900000000001,0.197558408009035,0.738,"2007",11,2025-11-16
2007-11-17,8.56809565217391,8.19499999999999,9.04599999999999,0.220464325253059,0.850999999999999,"2007",11,2025-11-17
2007-11-18,8.2923147826087,7.83600000000001,8.96199999999999,0.270314412445063,1.12599999999998,"2007",11,2025-11-18
2007-11-19,7.82050086956522,7.55799999999999,8.08499999999998,0.110547132722878,0.526999999999987,"2007",11,2025-11-19
2007-11-20,7.43973043478261,7.18400000000003,7.77600000000001,0.124811448157908,0.591999999999985,"2007",11,2025-11-20
2007-11-21,7.10381565217391,6.916,7.55099999999999,0.119388471267773,0.634999999999991,"2007",11,2025-11-21
2007-11-22,7.25272695652174,6.99099999999999,7.66800000000001,0.160569197323842,0.677000000000021,"2007",11,2025-11-22
2007-11-23,7.73132695652174,7.08800000000002,8.47300000000001,0.323160062529763,1.38499999999999,"2007",11,2025-11-23
2007-11-24,7.67065739130435,7.12299999999999,8.44099999999997,0.246228794718619,1.31799999999998,"2007",11,2025-11-24
2007-11-25,7.72417739130435,7.29300000000001,8.21300000000002,0.172252113999088,0.920000000000016,"2007",11,2025-11-25
2007-11-26,7.85494260869565,7.40199999999999,8.45100000000002,0.270295757184732,1.04900000000004,"2007",11,2025-11-26
2007-11-27,7.79322434782609,7.36000000000001,8.33299999999997,0.25109883272607,0.972999999999956,"2007",11,2025-11-27
2007-11-28,7.75533043478261,7.37,8.30000000000001,0.238099330783387,0.930000000000007,"2007",11,2025-11-28
2007-11-29,7.54937739130435,7.32400000000001,8.041,0.170667908606234,0.716999999999985,"2007",11,2025-11-29
2007-11-30,7.57996521739131,7.24599999999998,8.16300000000001,0.196819773341772,0.91700000000003,"2007",11,2025-11-30
2007-12-01,7.66722434782609,7.42899999999997,8.26600000000002,0.20611085131512,0.837000000000046,"2007",12,2025-12-01
2007-12-02,7.62309739130435,7.39300000000003,7.88799999999998,0.0917302186148074,0.494999999999948,"2007",12,2025-12-02
2007-12-03,7.50589043478261,7.31200000000001,7.80799999999999,0.114668831581305,0.495999999999981,"2007",12,2025-12-03
2007-12-04,6.56490608695652,6.49900000000002,6.67599999999999,0.0392295782043337,0.176999999999964,"2007",12,2025-12-04
2007-12-05,6.36158782608696,6.23000000000002,6.63799999999998,0.0938814705549427,0.407999999999959,"2007",12,2025-12-05
2007-12-06,6.23121913043478,6.02699999999999,6.52100000000002,0.119099981346487,0.494000000000028,"2007",12,2025-12-06
2007-12-07,6.17183826086956,6.00299999999999,6.47800000000001,0.105056248068804,0.475000000000023,"2007",12,2025-12-07
2007-12-08,6.09599130434783,5.81799999999998,6.74200000000002,0.232861643944255,0.924000000000035,"2007",12,2025-12-08
2007-12-09,6.05724869565217,5.78300000000002,6.75900000000001,0.243091053604144,0.975999999999999,"2007",12,2025-12-09
2007-12-10,6.13263478260869,5.89400000000001,6.67599999999999,0.18894587146077,0.781999999999982,"2007",12,2025-12-10
2007-12-11,6.17107130434783,5.94999999999999,6.375,0.112519933011671,0.425000000000011,"2007",12,2025-12-11
2007-12-12,6.26077739130435,5.81200000000001,7.00099999999998,0.275456894779718,1.18899999999996,"2007",12,2025-12-12
2007-12-13,6.3251652173913,5.90300000000002,7.01999999999998,0.242038775453244,1.11699999999996,"2007",12,2025-12-13
2007-12-14,6.29855304347826,5.887,6.83800000000002,0.218450124001479,0.951000000000022,"2007",12,2025-12-14
2007-12-15,6.3409652173913,5.94200000000001,6.65899999999999,0.186397860908136,0.716999999999985,"2007",12,2025-12-15
2007-12-16,5.32154782608696,5.06099999999998,5.67200000000003,0.143075115105104,0.611000000000047,"2007",12,2025-12-16
2007-12-17,5.01089217391304,4.73000000000002,5.63999999999999,0.222543341567272,0.909999999999968,"2007",12,2025-12-17
2007-12-18,4.9388747826087,4.61000000000001,5.68000000000001,0.252293345192616,1.06999999999999,"2007",12,2025-12-18
2007-12-19,4.93625217391304,4.661,5.488,0.187220920923194,0.826999999999998,"2007",12,2025-12-19
2007-12-20,5.09741217391304,4.875,5.44799999999998,0.131052808163335,0.572999999999979,"2007",12,2025-12-20
2007-12-21,4.83878608695652,4.41199999999998,5.73099999999999,0.318714323517392,1.31900000000002,"2007",12,2025-12-21
2007-12-22,5.17752695652174,4.483,6.18000000000001,0.466622584609019,1.697,"2007",12,2025-12-22
2007-12-23,5.3022,4.90800000000002,5.84399999999999,0.21963979856798,0.935999999999979,"2007",12,2025-12-23
2007-12-24,4.92895304347826,4.57100000000003,5.65899999999999,0.224184257732199,1.08799999999997,"2007",12,2025-12-24
2007-12-25,4.75010782608696,4.31299999999999,5.56400000000002,0.25590983860754,1.25100000000003,"2007",12,2025-12-25
2007-12-26,4.73381043478261,4.27600000000001,5.29199999999997,0.233598401388674,1.01599999999996,"2007",12,2025-12-26
2007-12-27,4.69062782608696,4.30700000000002,5.12099999999998,0.19190126287949,0.813999999999965,"2007",12,2025-12-27
2007-12-28,4.6262747826087,4.25200000000001,4.98000000000002,0.190815792122283,0.728000000000009,"2007",12,2025-12-28
2007-12-29,4.61178956521739,4.173,5.08199999999999,0.232153595442734,0.908999999999992,"2007",12,2025-12-29
2007-12-30,4.65154434782609,4.19900000000001,5.14499999999998,0.248069706888683,0.94599999999997,"2007",12,2025-12-30
2007-12-31,4.64996695652174,4.18900000000002,5.16500000000002,0.240615204437656,0.975999999999999,"2007",12,2025-12-31
2008-01-01,4.35013391304348,3.98599999999999,4.73399999999998,0.180925691181311,0.74799999999999,"2008",1,2025-01-01
2008-01-02,3.74170608695652,3.34899999999999,4.20400000000001,0.185533477583826,0.855000000000018,"2008",1,2025-01-02
2008-01-03,3.61813391304348,3.24299999999999,4.21100000000001,0.189608953392995,0.968000000000018,"2008",1,2025-01-03
2008-01-04,3.51934260869565,3.06,4.19099999999997,0.247006832792424,1.13099999999997,"2008",1,2025-01-04
2008-01-05,3.64566260869565,3.202,4.185,0.219812045725762,0.983000000000004,"2008",1,2025-01-05
2008-01-06,3.52423826086957,3.05599999999998,3.94099999999997,0.201006796729527,0.884999999999991,"2008",1,2025-01-06
2008-01-07,4.01196347826087,3.36099999999999,4.54500000000002,0.300833789736316,1.18400000000003,"2008",1,2025-01-07
2008-01-08,4.51879826086956,3.93099999999998,4.98399999999998,0.304248060922938,1.053,"2008",1,2025-01-08
2008-01-09,4.53272173913043,3.84100000000001,5.32999999999998,0.379448199855102,1.48899999999998,"2008",1,2025-01-09
2008-01-10,4.61312521739131,3.88900000000001,5.53199999999998,0.393481527541363,1.64299999999997,"2008",1,2025-01-10
2008-01-11,4.63473217391304,4.22699999999998,5.25599999999997,0.244393513556032,1.029,"2008",1,2025-01-11
2008-01-12,4.50737217391304,4.29700000000003,4.91300000000001,0.147961504756692,0.615999999999985,"2008",1,2025-01-12
2008-01-13,4.3637147826087,4.07100000000003,4.69200000000001,0.140870336161883,0.620999999999981,"2008",1,2025-01-13
2008-01-14,4.17314434782609,3.91399999999999,4.61900000000003,0.146356034667187,0.705000000000041,"2008",1,2025-01-14
2008-01-15,3.90837043478261,3.61399999999998,4.22500000000002,0.133243732144271,0.611000000000047,"2008",1,2025-01-15
2008-01-16,3.6532852173913,3.32900000000001,4.03300000000002,0.151690883326023,0.704000000000008,"2008",1,2025-01-16
2008-01-17,3.58639826086956,3.25400000000002,4.04000000000002,0.173068332551516,0.786000000000001,"2008",1,2025-01-17
2008-01-18,3.66361217391304,3.28300000000002,4.07499999999999,0.221065169710661,0.791999999999973,"2008",1,2025-01-18
2008-01-19,3.66444869565217,3.28699999999998,4.17700000000002,0.250027330340675,0.890000000000043,"2008",1,2025-01-19
2008-01-20,3.6324452173913,3.23399999999998,4.10000000000002,0.23758898580284,0.866000000000042,"2008",1,2025-01-20
2008-01-21,3.38945391304348,3.05799999999999,3.86200000000002,0.203121445146898,0.80400000000003,"2008",1,2025-01-21
2008-01-22,3.2728,3.01600000000002,3.83600000000001,0.177785565547581,0.819999999999993,"2008",1,2025-01-22
2008-01-23,3.37286956521739,3.08100000000002,3.95699999999999,0.178340185132477,0.875999999999976,"2008",1,2025-01-23
2008-01-24,3.76028173913043,3.447,4.21100000000001,0.172564134208382,0.76400000000001,"2008",1,2025-01-24
2008-01-25,3.55886434782609,3.29300000000001,4.30200000000002,0.20333841541419,1.00900000000001,"2008",1,2025-01-25
2008-01-26,3.42585391304348,3.09399999999999,4.298,0.281087360187115,1.20400000000001,"2008",1,2025-01-26
2008-01-27,3.75477913043478,3.62799999999999,4.22000000000003,0.123915609627469,0.592000000000041,"2008",1,2025-01-27
2008-01-28,3.72651304347826,3.55000000000001,4.12200000000001,0.131568358063435,0.572000000000003,"2008",1,2025-01-28
2008-01-29,3.90834608695652,3.71800000000002,4.18599999999998,0.114086892496637,0.467999999999961,"2008",1,2025-01-29
2008-01-30,3.91773043478261,3.69900000000001,4.334,0.15749057389741,0.634999999999991,"2008",1,2025-01-30
2008-01-31,3.76863826086956,3.52199999999999,4.34699999999998,0.217999403661959,0.824999999999989,"2008",1,2025-01-31
2008-02-01,3.71803826086957,3.44999999999999,4.291,0.217489945933912,0.841000000000008,"2008",2,2025-02-01
2008-02-02,3.7308852173913,3.54700000000003,3.94900000000001,0.104852180870779,0.401999999999987,"2008",2,2025-02-02
2008-02-03,3.16589217391304,2.61799999999999,3.81999999999999,0.278479017640776,1.202,"2008",2,2025-02-03
2008-02-04,3.03201217391304,2.40199999999999,3.81900000000002,0.353948570337376,1.41700000000003,"2008",2,2025-02-04
2008-02-05,3.03922086956522,2.45799999999997,3.69499999999999,0.28980369106456,1.23700000000002,"2008",2,2025-02-05
2008-02-06,2.97148869565217,2.57499999999999,3.334,0.182912964949327,0.759000000000015,"2008",2,2025-02-06
2008-02-07,2.46624695652174,2.14300000000003,2.81299999999999,0.159898099803783,0.669999999999959,"2008",2,2025-02-07
2008-02-08,2.1720852173913,1.77100000000002,2.45499999999998,0.1737761226664,0.683999999999969,"2008",2,2025-02-08
2008-02-09,2.2636,1.86099999999999,2.54899999999998,0.195687165902507,0.687999999999988,"2008",2,2025-02-09
2008-02-10,2.27882260869565,1.84399999999999,2.65899999999999,0.239119260500514,0.814999999999998,"2008",2,2025-02-10
2008-02-11,2.21812869565217,1.73199999999997,2.80500000000001,0.308442181336129,1.07300000000004,"2008",2,2025-02-11
2008-02-12,2.11837565217391,1.54199999999997,2.75999999999999,0.364097066687731,1.21800000000002,"2008",2,2025-02-12
2008-02-13,2.18750956521739,1.79700000000003,2.61000000000001,0.227225630767492,0.812999999999988,"2008",2,2025-02-13
2008-02-14,1.98483304347826,1.596,2.43700000000001,0.221931770490204,0.841000000000008,"2008",2,2025-02-14
2008-02-15,2.22189565217391,1.76400000000001,2.738,0.299207326006178,0.97399999999999,"2008",2,2025-02-15
2008-02-16,2.27235478260869,1.80900000000003,2.762,0.319745166454459,0.952999999999975,"2008",2,2025-02-16
2008-02-17,2.38748869565217,2.05799999999999,2.71300000000002,0.201981998354917,0.65500000000003,"2008",2,2025-02-17
2008-02-18,2.70742782608696,2.42000000000002,3.048,0.166671309338961,0.627999999999986,"2008",2,2025-02-18
2008-02-19,2.74497217391304,2.38600000000002,3.22899999999998,0.248664655153518,0.842999999999961,"2008",2,2025-02-19
2008-02-20,2.73780869565217,2.36399999999998,3.24700000000001,0.267688222088331,0.883000000000038,"2008",2,2025-02-20
2008-02-21,2.73536869565217,2.459,3.31900000000002,0.204911801527121,0.860000000000014,"2008",2,2025-02-21
2008-02-22,2.64819826086956,2.41500000000002,3.18099999999998,0.190334015034623,0.765999999999963,"2008",2,2025-02-22
2008-02-23,2.63778260869565,2.161,3.226,0.273107717725054,1.065,"2008",2,2025-02-23
2008-02-24,2.48265217391304,1.94900000000001,3.096,0.296463071349262,1.14699999999999,"2008",2,2025-02-24
2008-02-25,2.37326782608696,1.875,2.94,0.313273741087602,1.065,"2008",2,2025-02-25
2008-02-26,2.36809565217391,2.01800000000003,2.81299999999999,0.218472666861858,0.794999999999959,"2008",2,2025-02-26
2008-02-27,2.2788747826087,2.06400000000002,2.54199999999997,0.116297205651802,0.477999999999952,"2008",2,2025-02-27
2008-02-28,2.18664173913043,1.91199999999998,2.68400000000003,0.191620197257414,0.772000000000048,"2008",2,2025-02-28
2008-02-29,2.32228869565217,2.029,2.81999999999999,0.1781979093784,0.790999999999997,"2008",2,NA
2008-03-01,2.23772695652174,1.94999999999999,2.61700000000002,0.181955723316662,0.66700000000003,"2008",3,2025-03-01
2008-03-02,2.22408173913043,1.52800000000002,2.93400000000003,0.443983851682087,1.40600000000001,"2008",3,2025-03-02
2008-03-03,2.21811652173913,1.52699999999999,2.96600000000001,0.467317911012447,1.43900000000002,"2008",3,2025-03-03
2008-03-04,2.31443130434783,1.73199999999997,2.88900000000001,0.352123535686247,1.15700000000004,"2008",3,2025-03-04
2008-03-05,2.64947478260869,1.98700000000002,3.30399999999997,0.394395937760342,1.31699999999995,"2008",3,2025-03-05
2008-03-06,2.77338782608696,2.02300000000002,3.61599999999999,0.468581852098803,1.59299999999996,"2008",3,2025-03-06
2008-03-07,2.79483130434783,2.24700000000001,3.471,0.360279954630043,1.22399999999999,"2008",3,2025-03-07
2008-03-08,3.06872695652174,2.59699999999998,3.58199999999999,0.291144491984387,0.985000000000014,"2008",3,2025-03-08
2008-03-09,2.8315147826087,2.34899999999999,3.62700000000001,0.333963390783901,1.27800000000002,"2008",3,2025-03-09
2008-03-10,2.61107652173913,2.27100000000002,3.19799999999998,0.200812116988353,0.926999999999964,"2008",3,2025-03-10
2008-03-11,2.56642956521739,2.20999999999998,2.911,0.186423251610681,0.701000000000022,"2008",3,2025-03-11
2008-03-12,2.56350434782609,2.185,2.82799999999997,0.183510064564302,0.642999999999972,"2008",3,2025-03-12
2008-03-13,2.59023304347826,2.32600000000002,2.82600000000002,0.132227148372993,0.5,"2008",3,2025-03-13
2008-03-14,2.56793217391304,2.28199999999998,2.80399999999997,0.135696091283119,0.521999999999991,"2008",3,2025-03-14
2008-03-15,2.51334434782609,2.24900000000002,2.74000000000001,0.126840058269303,0.490999999999985,"2008",3,2025-03-15
2008-03-16,2.8292,2.45299999999997,3.17700000000002,0.180507829899571,0.724000000000046,"2008",3,2025-03-16
2008-03-17,2.91297391304348,2.505,3.39800000000002,0.246667455926108,0.893000000000029,"2008",3,2025-03-17
2008-03-18,2.90931652173913,2.43700000000001,3.40699999999998,0.266498492824586,0.96999999999997,"2008",3,2025-03-18
2008-03-19,2.86739826086956,2.47399999999999,3.25799999999998,0.212849539529233,0.783999999999992,"2008",3,2025-03-19
2008-03-20,2.63114086956522,2.20600000000002,2.91699999999997,0.198620045891407,0.710999999999956,"2008",3,2025-03-20
2008-03-21,2.65327130434783,2.03699999999998,3.03899999999999,0.271865608056838,1.00200000000001,"2008",3,2025-03-21
2008-03-22,2.52934782608696,1.85899999999998,3.12099999999998,0.390741113119927,1.262,"2008",3,2025-03-22
2008-03-23,2.37262608695652,1.767,2.87,0.339888561899225,1.10300000000001,"2008",3,2025-03-23
2008-03-24,2.26761565217391,1.76400000000001,2.78800000000001,0.293953698916171,1.024,"2008",3,2025-03-24
2008-03-25,2.27385739130435,1.976,2.67099999999999,0.194644822189108,0.694999999999993,"2008",3,2025-03-25
2008-03-26,2.79436695652174,2.33499999999998,3.279,0.244323761226684,0.944000000000017,"2008",3,2025-03-26
2008-03-27,2.97550608695652,2.49799999999999,3.56299999999999,0.237065897896477,1.065,"2008",3,2025-03-27
2008-03-28,2.88550608695652,2.56,3.28699999999998,0.18989494495557,0.726999999999975,"2008",3,2025-03-28
2008-03-29,2.75210086956522,2.37700000000001,3.13900000000001,0.236293858822045,0.762,"2008",3,2025-03-29
2008-03-30,2.72906086956522,2.20499999999998,3.24000000000001,0.287848800290205,1.03500000000003,"2008",3,2025-03-30
2008-03-31,2.74294260869565,2.29599999999999,3.54700000000003,0.292219444968286,1.25100000000003,"2008",3,2025-03-31
2008-04-01,3.68994260869565,3.30900000000003,3.98199999999997,0.134154411437586,0.672999999999945,"2008",4,2025-04-01
2008-04-02,3.81365565217391,3.49299999999999,4.25900000000001,0.142098862743197,0.76600000000002,"2008",4,2025-04-02
2008-04-03,3.51094782608696,3.03800000000001,4,0.213830212183589,0.961999999999989,"2008",4,2025-04-03
2008-04-04,3.89528,3.50200000000001,4.15199999999999,0.116369095601666,0.649999999999977,"2008",4,2025-04-04
2008-04-05,3.81539304347826,3.60599999999999,3.95400000000001,0.0785143540015144,0.348000000000013,"2008",4,2025-04-05
2008-04-06,3.8746852173913,3.42599999999999,4.17500000000001,0.202327407518998,0.749000000000024,"2008",4,2025-04-06
2008-04-07,4.03531826086956,3.68599999999998,4.404,0.214651207063539,0.718000000000018,"2008",4,2025-04-07
2008-04-08,3.76747130434782,3.28100000000001,4.34399999999999,0.287108191666771,1.06299999999999,"2008",4,2025-04-08
2008-04-09,3.80525565217391,3.55099999999999,4.20400000000001,0.163902747037046,0.65300000000002,"2008",4,2025-04-09
2008-04-10,3.84987826086956,3.31599999999997,4.375,0.258445983944767,1.05900000000003,"2008",4,2025-04-10
2008-04-11,3.92487304347826,3.50099999999998,4.58299999999997,0.292444943245,1.08199999999999,"2008",4,2025-04-11
2008-04-12,4.74880695652174,4.56599999999997,5.02100000000002,0.109183679685706,0.455000000000041,"2008",4,2025-04-12
2008-04-13,5.23478782608696,4.875,5.66699999999997,0.182031662994035,0.791999999999973,"2008",4,2025-04-13
2008-04-14,5.23554956521739,4.72199999999998,5.56299999999999,0.194963082082856,0.841000000000008,"2008",4,2025-04-14
2008-04-15,5.31490434782609,4.86200000000002,5.69900000000001,0.200325630987501,0.836999999999989,"2008",4,2025-04-15
2008-04-16,5.89634086956522,5.536,6.24799999999999,0.179706813053315,0.711999999999989,"2008",4,2025-04-16
2008-04-17,6.97767652173913,6.50299999999999,7.19900000000001,0.174838331660554,0.696000000000026,"2008",4,2025-04-17
2008-04-18,7.82968695652174,7.52699999999999,8.339,0.238536382268635,0.812000000000012,"2008",4,2025-04-18
2008-04-19,8.18858086956522,7.75299999999999,8.98199999999997,0.380823914218051,1.22899999999998,"2008",4,2025-04-19
2008-04-20,8.19550260869565,7.79300000000001,8.92700000000002,0.337228176111098,1.13400000000001,"2008",4,2025-04-20
2008-04-21,8.12277913043478,7.589,8.52999999999997,0.134787165752186,0.940999999999974,"2008",4,2025-04-21
2008-04-22,7.98606434782609,7.32299999999998,8.44200000000001,0.175767885322321,1.11900000000003,"2008",4,2025-04-22
2008-04-23,7.91634260869565,7.38900000000001,8.13400000000001,0.114506070819441,0.745000000000005,"2008",4,2025-04-23
2008-04-24,8.55445043478261,7.44799999999998,8.94999999999999,0.394181444313087,1.50200000000001,"2008",4,2025-04-24
2008-04-25,9.02061043478261,8.02800000000002,9.28899999999999,0.169783192027675,1.26099999999997,"2008",4,2025-04-25
2008-04-26,9.11126260869565,8.54300000000001,9.31700000000001,0.123459139554448,0.774000000000001,"2008",4,2025-04-26
2008-04-27,9.0132747826087,8.42700000000002,9.25400000000002,0.131477999804766,0.826999999999998,"2008",4,2025-04-27
2008-04-28,8.74037217391304,8.04199999999997,9.17399999999998,0.259877096235327,1.13200000000001,"2008",4,2025-04-28
2008-04-29,8.26144,7.67500000000001,8.553,0.167278313853632,0.877999999999986,"2008",4,2025-04-29
2008-04-30,8.27847304347826,7.53399999999999,8.483,0.137021980816159,0.949000000000012,"2008",4,2025-04-30
2008-05-01,8.23716,7.62700000000001,8.43200000000002,0.119316252386772,0.805000000000007,"2008",5,2025-05-01
2008-05-02,8.32595130434783,7.81599999999997,8.714,0.154543413363849,0.898000000000025,"2008",5,2025-05-02
2008-05-03,8.41281043478261,7.87599999999998,8.74599999999998,0.189083321131056,0.870000000000005,"2008",5,2025-05-03
2008-05-04,8.41042782608696,7.73700000000002,8.81999999999999,0.240015093728272,1.08299999999997,"2008",5,2025-05-04
2008-05-05,8.51230782608696,8.125,9.05599999999998,0.174408290421969,0.930999999999983,"2008",5,2025-05-05
2008-05-06,8.49529913043478,7.99599999999998,9.14800000000002,0.195373075391909,1.15200000000004,"2008",5,2025-05-06
2008-05-07,8.51262086956522,8.03800000000001,8.79300000000001,0.146248460187641,0.754999999999995,"2008",5,2025-05-07
2008-05-08,8.57118086956522,8.27499999999998,8.87400000000002,0.13759994270599,0.599000000000046,"2008",5,2025-05-08
2008-05-09,8.28453043478261,7.83100000000002,8.613,0.192970639285145,0.781999999999982,"2008",5,2025-05-09
2008-05-10,8.38569565217391,7.66899999999998,9.08800000000002,0.345908669894081,1.41900000000004,"2008",5,2025-05-10
2008-05-11,8.45693391304348,7.68299999999999,9.27300000000002,0.402822367472815,1.59000000000003,"2008",5,2025-05-11
2008-05-12,8.51896,7.82900000000001,9.15899999999999,0.312451406897894,1.32999999999998,"2008",5,2025-05-12
2008-05-13,8.82140695652174,8.233,9.09800000000001,0.183030722141639,0.865000000000009,"2008",5,2025-05-13
2008-05-14,8.86229565217391,8.30700000000002,9.29599999999999,0.231217967888405,0.988999999999976,"2008",5,2025-05-14
2008-05-15,8.80146086956522,8.28399999999999,9.238,0.204584072278135,0.954000000000008,"2008",5,2025-05-15
2008-05-16,9.42716,9.12099999999998,9.69900000000001,0.151559496487715,0.578000000000031,"2008",5,2025-05-16
2008-05-17,9.87582260869565,9.46199999999999,10.165,0.186061920241393,0.703000000000031,"2008",5,2025-05-17
2008-05-18,9.81091304347826,9.46199999999999,10.031,0.144416208251976,0.569000000000017,"2008",5,2025-05-18
2008-05-19,9.70754782608696,9.38299999999998,9.82999999999998,0.0645890848857674,0.447000000000003,"2008",5,2025-05-19
2008-05-20,9.26297913043478,8.95799999999997,9.524,0.126588456007507,0.566000000000031,"2008",5,2025-05-20
2008-05-21,8.83645217391304,8.60500000000002,9.12799999999999,0.125930172806067,0.522999999999968,"2008",5,2025-05-21
2008-05-22,9.05377217391304,8.55099999999999,9.24799999999999,0.152018550323566,0.697000000000003,"2008",5,2025-05-22
2008-05-23,9.11676347826087,8.25299999999999,9.798,0.30027369000254,1.54500000000002,"2008",5,2025-05-23
2008-05-24,9.18225391304348,8.25999999999999,9.78199999999998,0.337037242249625,1.52199999999999,"2008",5,2025-05-24
2008-05-25,9.70078956521739,8.94900000000001,10.124,0.256570423995679,1.17500000000001,"2008",5,2025-05-25
2008-05-26,10.0139339130435,9.21499999999997,10.485,0.360849108698634,1.27000000000004,"2008",5,2025-05-26
2008-05-27,9.93470260869565,9.21499999999997,10.417,0.374727836534756,1.202,"2008",5,2025-05-27
2008-05-28,9.8374347826087,9.11399999999998,10.444,0.386216268115034,1.33000000000004,"2008",5,2025-05-28
2008-05-29,9.97872,9.25200000000001,10.604,0.354966033414536,1.35199999999998,"2008",5,2025-05-29
2008-05-30,9.97856695652174,9.32100000000003,10.346,0.220476942516644,1.02499999999998,"2008",5,2025-05-30
2008-05-31,9.95268347826087,9.73500000000001,10.226,0.104564439170781,0.490999999999985,"2008",5,2025-05-31
2008-06-01,10.2515947826087,9.572,10.77,0.238752589362786,1.19799999999998,"2008",6,2025-06-01
2008-06-02,11.2323947826087,10.513,11.605,0.267552474205655,1.09200000000004,"2008",6,2025-06-02
2008-06-03,11.5397895652174,11.097,11.792,0.213264127420051,0.694999999999993,"2008",6,2025-06-03
2008-06-04,11.5902591304348,11.272,11.769,0.106420116034533,0.497000000000014,"2008",6,2025-06-04
2008-06-05,11.5914713043478,11.347,11.734,0.0751103633584325,0.387,"2008",6,2025-06-05
2008-06-06,11.0109286956522,10.737,11.225,0.111118953091274,0.488,"2008",6,2025-06-06
2008-06-07,11.5726747826087,11.197,11.881,0.169618942594915,0.683999999999969,"2008",6,2025-06-07
2008-06-08,12.0090539130435,11.552,12.334,0.19435266146527,0.781999999999982,"2008",6,2025-06-08
2008-06-09,13.9885234782609,13.482,14.352,0.20969359359183,0.870000000000005,"2008",6,2025-06-09
2008-06-10,13.8778156521739,13.439,14.225,0.135819248988123,0.786000000000001,"2008",6,2025-06-10
2008-06-11,14.1557808695652,13.793,14.87,0.226668887699238,1.077,"2008",6,2025-06-11
2008-06-12,14.1864834782609,13.867,15.014,0.213151569606023,1.14699999999999,"2008",6,2025-06-12
2008-06-13,14.1697252173913,13.778,14.692,0.188934333043777,0.913999999999987,"2008",6,2025-06-13
2008-06-14,13.8815408695652,13.237,14.336,0.229508430874442,1.09899999999999,"2008",6,2025-06-14
2008-06-15,13.5280904347826,12.79,14.063,0.312919597874807,1.27299999999997,"2008",6,2025-06-15
2008-06-16,13.7260834782609,12.928,14.296,0.320897554378339,1.36799999999999,"2008",6,2025-06-16
2008-06-17,13.8833165217391,13.263,14.181,0.20113268278786,0.918000000000006,"2008",6,2025-06-17
2008-06-18,14.1403460869565,13.555,14.376,0.146254921169746,0.82099999999997,"2008",6,2025-06-18
2008-06-19,14.3465130434783,13.792,14.932,0.263338574783383,1.14000000000004,"2008",6,2025-06-19
2008-06-20,14.5756765217391,14.17,15.219,0.248634114823536,1.04899999999998,"2008",6,2025-06-20
2008-06-21,14.8978139130435,14.484,15.356,0.187997604925324,0.872000000000014,"2008",6,2025-06-21
2008-06-22,15.2627686956522,14.887,15.727,0.206578145089898,0.839999999999975,"2008",6,2025-06-22
2008-06-23,15.8473565217391,15.271,16.167,0.162131973564723,0.895999999999958,"2008",6,2025-06-23
2008-06-24,15.8637130434783,15.293,16.408,0.307623048812312,1.11500000000001,"2008",6,2025-06-24
2008-06-25,15.9078156521739,15.328,16.565,0.34199744395384,1.23700000000002,"2008",6,2025-06-25
2008-06-26,15.9108226086957,15.413,16.469,0.279973144263628,1.05599999999998,"2008",6,2025-06-26
2008-06-27,15.5680660869565,15.212,15.823,0.0986327921162859,0.61099999999999,"2008",6,2025-06-27
2008-06-28,15.197547826087,14.605,15.598,0.188560512726158,0.992999999999995,"2008",6,2025-06-28
2008-06-29,15.2852608695652,14.794,15.633,0.172949937720227,0.838999999999999,"2008",6,2025-06-29
2008-06-30,15.2899756521739,14.878,15.689,0.156269543218945,0.811000000000035,"2008",6,2025-06-30
2008-07-01,15.4496834782609,15.15,15.803,0.13222682966272,0.65300000000002,"2008",7,2025-07-01
2008-07-02,15.3883826086957,14.989,15.909,0.198070649707151,0.920000000000016,"2008",7,2025-07-02
2008-07-03,15.5146017391304,15.205,15.767,0.108175893981894,0.562000000000012,"2008",7,2025-07-03
2008-07-04,16.1927826086957,15.733,16.498,0.149690248275305,0.764999999999986,"2008",7,2025-07-04
2008-07-05,16.5495495652174,16.056,16.983,0.206162888212917,0.927000000000021,"2008",7,2025-07-05
2008-07-06,16.6642852173913,15.953,17.217,0.310345478010974,1.26400000000001,"2008",7,2025-07-06
2008-07-07,16.6502834782609,16.258,17.052,0.189800127738689,0.79400000000004,"2008",7,2025-07-07
2008-07-08,16.7645860869565,16.288,17.401,0.248947734914343,1.113,"2008",7,2025-07-08
2008-07-09,16.8595026086957,16.601,17.4,0.184060642493538,0.798999999999978,"2008",7,2025-07-09
2008-07-10,17.1874330434783,16.906,17.658,0.189619604410012,0.75200000000001,"2008",7,2025-07-10
2008-07-11,17.1534191304348,16.549,17.763,0.342470914835046,1.214,"2008",7,2025-07-11
2008-07-12,17.2414017391304,16.494,17.652,0.296100652083405,1.15799999999996,"2008",7,2025-07-12
2008-07-13,17.1419026086957,16.478,17.679,0.287042569127717,1.20099999999996,"2008",7,2025-07-13
2008-07-14,17.9179217391304,17.479,18.283,0.263344290082246,0.80400000000003,"2008",7,2025-07-14
2008-07-15,18.1003147826087,17.231,19.056,0.591888556030768,1.82499999999999,"2008",7,2025-07-15
2008-07-16,18.1739791304348,17.178,19.44,0.736618779318406,2.262,"2008",7,2025-07-16
2008-07-17,18.0742626086957,17.219,19.169,0.54324376004967,1.94999999999999,"2008",7,2025-07-17
2008-07-18,18.1153026086957,17.539,18.809,0.341975174196464,1.27000000000004,"2008",7,2025-07-18
2008-07-19,18.4153426086957,17.435,19.158,0.496570846316316,1.72300000000001,"2008",7,2025-07-19
2008-07-20,18.4782486956522,17.544,19.331,0.53424227730967,1.78700000000003,"2008",7,2025-07-20
2008-07-21,18.599212173913,18.25,19.153,0.282930508559677,0.90300000000002,"2008",7,2025-07-21
2008-07-22,18.3896173913043,18.184,18.719,0.122071763223352,0.534999999999968,"2008",7,2025-07-22
2008-07-23,17.8726556521739,17.375,18.216,0.151108689101025,0.841000000000008,"2008",7,2025-07-23
2008-07-24,18.6627791304348,18.389,18.865,0.116905728642724,0.475999999999999,"2008",7,2025-07-24
2008-07-25,19.04732,18.841,19.388,0.15157466806825,0.546999999999969,"2008",7,2025-07-25
2008-07-26,18.8767113043478,18.198,19.779,0.436742411418014,1.58100000000002,"2008",7,2025-07-26
2008-07-27,18.8560365217391,18.057,19.71,0.467652504021412,1.65299999999996,"2008",7,2025-07-27
2008-07-28,18.80216,18.108,19.444,0.390030310802825,1.33600000000001,"2008",7,2025-07-28
2008-07-29,18.8114052173913,18.086,19.482,0.408382439688465,1.39600000000002,"2008",7,2025-07-29
2008-07-30,18.69308,18.113,19.326,0.306302469216433,1.21300000000002,"2008",7,2025-07-30
2008-07-31,18.8963617391304,18.375,19.383,0.204334121910075,1.00799999999998,"2008",7,2025-07-31
2008-08-01,18.8650834782609,18.263,19.233,0.198628801246811,0.970000000000027,"2008",8,2025-08-01
2008-08-02,18.8095269565217,18.162,19.367,0.260917682735504,1.20500000000004,"2008",8,2025-08-02
2008-08-03,18.5988469565217,17.986,19.068,0.238872104818109,1.08199999999999,"2008",8,2025-08-03
2008-08-04,18.5205008695652,17.916,18.985,0.198108651732398,1.06900000000002,"2008",8,2025-08-04
2008-08-05,18.412012173913,17.854,18.851,0.182727024155608,0.997000000000014,"2008",8,2025-08-05
2008-08-06,18.4840139130435,17.865,18.943,0.223581022615259,1.07799999999997,"2008",8,2025-08-06
2008-08-07,18.1842434782609,17.512,18.747,0.259997587475551,1.23500000000001,"2008",8,2025-08-07
2008-08-08,17.1640173913043,16.223,17.591,0.234995299182308,1.36799999999999,"2008",8,2025-08-08
2008-08-09,16.9512226086957,16.262,17.414,0.208200977959155,1.15199999999999,"2008",8,2025-08-09
2008-08-10,17.0184226086957,16.248,17.637,0.273594209503819,1.38900000000001,"2008",8,2025-08-10
2008-08-11,17.3275252173913,16.415,17.814,0.261523669271936,1.399,"2008",8,2025-08-11
2008-08-12,17.3413130434783,16.443,18.304,0.419449576384603,1.86099999999999,"2008",8,2025-08-12
2008-08-13,17.3444486956522,16.228,18.532,0.531383409543609,2.30399999999997,"2008",8,2025-08-13
2008-08-14,17.2872017391304,16.244,18.288,0.466668305825963,2.04399999999998,"2008",8,2025-08-14
2008-08-15,17.891932173913,17.029,18.546,0.340778695174724,1.517,"2008",8,2025-08-15
2008-08-16,18.0816,17.277,18.567,0.236126671255173,1.29000000000002,"2008",8,2025-08-16
2008-08-17,18.1012939130435,17.374,18.735,0.240920936792932,1.36099999999999,"2008",8,2025-08-17
2008-08-18,17.961212173913,17.307,18.628,0.22072087357729,1.32099999999997,"2008",8,2025-08-18
2008-08-19,17.7768330434783,17.112,18.612,0.261376015644722,1.5,"2008",8,2025-08-19
2008-08-20,16.9686104347826,16.26,17.681,0.347417261945768,1.42099999999999,"2008",8,2025-08-20
2008-08-21,16.0897269565217,15.632,16.666,0.246089592096622,1.03399999999999,"2008",8,2025-08-21
2008-08-22,16.2490747826087,15.938,16.673,0.172530862685501,0.735000000000014,"2008",8,2025-08-22
2008-08-23,16.6049634782609,16.225,17.124,0.220260110064082,0.899000000000001,"2008",8,2025-08-23
2008-08-24,16.859692173913,16.354,17.499,0.322773511262607,1.14500000000004,"2008",8,2025-08-24
2008-08-25,16.8199008695652,16.287,17.337,0.252587940837218,1.05000000000001,"2008",8,2025-08-25
2008-08-26,16.3591843478261,15.979,16.929,0.222230953331651,0.949999999999989,"2008",8,2025-08-26
2008-08-27,16.2464156521739,15.828,16.603,0.163109129898744,0.775000000000034,"2008",8,2025-08-27
2008-08-28,16.1954104347826,15.502,16.638,0.245288648627043,1.13599999999997,"2008",8,2025-08-28
2008-08-29,16.2831530434783,15.553,16.653,0.217039803235389,1.10000000000002,"2008",8,2025-08-29
2008-08-30,16.4191269565217,15.718,16.848,0.220402212833505,1.13,"2008",8,2025-08-30
2008-08-31,16.187532173913,15.451,16.828,0.336759561129028,1.37699999999995,"2008",8,2025-08-31
2008-09-01,16.0770591304348,15.159,16.815,0.483821518026909,1.65600000000001,"2008",9,2025-09-01
2008-09-02,16.0777286956522,15.144,16.769,0.472852179973233,1.625,"2008",9,2025-09-02
2008-09-03,16.0697652173913,15.431,16.612,0.261027396883834,1.18100000000004,"2008",9,2025-09-03
2008-09-04,16.1541582608696,15.556,16.684,0.245882923750495,1.12800000000004,"2008",9,2025-09-04
2008-09-05,16.1122556521739,15.689,16.46,0.15484961468863,0.770999999999958,"2008",9,2025-09-05
2008-09-06,16.3686347826087,15.722,16.881,0.303944444379066,1.15899999999999,"2008",9,2025-09-06
2008-09-07,16.6502886956522,16.008,17.205,0.262572976670418,1.197,"2008",9,2025-09-07
2008-09-08,16.2770504347826,15.758,16.747,0.227681854939356,0.989000000000033,"2008",9,2025-09-08
2008-09-09,15.9439217391304,15.537,16.301,0.174430679092919,0.76400000000001,"2008",9,2025-09-09
2008-09-10,15.7554,15.226,16.311,0.234951763156723,1.08499999999998,"2008",9,2025-09-10
2008-09-11,15.8061965217391,14.8,16.465,0.33241977574289,1.66499999999996,"2008",9,2025-09-11
2008-09-12,15.6873182608696,14.86,16.197,0.276756231680469,1.33699999999999,"2008",9,2025-09-12
2008-09-13,15.47244,15.027,15.757,0.188166254977334,0.730000000000018,"2008",9,2025-09-13
2008-09-14,15.2210086956522,14.905,15.492,0.162642245201713,0.587000000000046,"2008",9,2025-09-14
2008-09-15,15.0715130434783,14.294,15.718,0.452004921291112,1.42400000000004,"2008",9,2025-09-15
2008-09-16,15.0166295652174,14.26,15.722,0.459588018241485,1.46199999999999,"2008",9,2025-09-16
2008-09-17,14.7562017391304,14.053,15.611,0.451391048970897,1.55799999999999,"2008",9,2025-09-17
2008-09-18,14.627587826087,13.922,15.424,0.427281482988903,1.50199999999995,"2008",9,2025-09-18
2008-09-19,14.3338052173913,13.979,14.819,0.223849284259127,0.840000000000032,"2008",9,2025-09-19
2008-09-20,13.9713095652174,13.782,14.245,0.0991866127146038,0.463000000000022,"2008",9,2025-09-20
2008-09-21,13.941932173913,13.838,14.134,0.0561105857270411,0.295999999999992,"2008",9,2025-09-21
2008-09-22,14.1646956521739,13.974,14.5,0.141612944416673,0.52600000000001,"2008",9,2025-09-22
2008-09-23,14.0063947826087,13.761,14.399,0.170389517804381,0.637999999999977,"2008",9,2025-09-23
2008-09-24,13.9968713043478,13.712,14.36,0.17957272398534,0.648000000000025,"2008",9,2025-09-24
2008-09-25,14.1070539130435,13.743,14.623,0.240695187003206,0.879999999999995,"2008",9,2025-09-25
2008-09-26,14.0876069565217,13.832,14.517,0.198472657487973,0.685000000000002,"2008",9,2025-09-26
2008-09-27,14.0222173913043,13.802,14.189,0.0586131507357854,0.387,"2008",9,2025-09-27
2008-09-28,13.9406852173913,13.426,14.504,0.28659871308516,1.07800000000003,"2008",9,2025-09-28
2008-09-29,13.8735165217391,13.268,14.463,0.303457565508812,1.19500000000005,"2008",9,2025-09-29
2008-09-30,13.8987617391304,13.334,14.449,0.281033100206373,1.11500000000001,"2008",9,2025-09-30
2008-10-01,13.94232,13.588,14.15,0.118039038011895,0.561999999999955,"2008",10,2025-10-01
2008-10-02,13.8431026086957,13.502,14.102,0.139815675984571,0.599999999999966,"2008",10,2025-10-02
2008-10-03,13.3601739130435,12.849,13.647,0.190370519929833,0.798000000000002,"2008",10,2025-10-03
2008-10-04,13.0910782608696,12.421,13.671,0.27515614660478,1.25,"2008",10,2025-10-04
2008-10-05,12.886612173913,12.513,13.082,0.117697676515353,0.569000000000017,"2008",10,2025-10-05
2008-10-06,12.6732939130435,12.575,12.805,0.0497106142784794,0.230000000000018,"2008",10,2025-10-06
2008-10-07,12.5114382608696,12.3,12.687,0.0907289062099686,0.387,"2008",10,2025-10-07
2008-10-08,12.6021739130435,12.326,12.822,0.102138037776306,0.495999999999981,"2008",10,2025-10-08
2008-10-09,12.9895617391304,12.658,13.421,0.182414838887761,0.762999999999977,"2008",10,2025-10-09
2008-10-10,12.9531826086957,12.526,13.465,0.196811100939741,0.938999999999965,"2008",10,2025-10-10
2008-10-11,12.9026539130435,12.477,13.305,0.163473501186162,0.828000000000031,"2008",10,2025-10-11
2008-10-12,12.8877165217391,12.548,13.25,0.163064654419594,0.701999999999998,"2008",10,2025-10-12
2008-10-13,12.648507826087,12.489,12.978,0.0903465811726502,0.489000000000033,"2008",10,2025-10-13
2008-10-14,12.4430347826087,12.194,12.813,0.176487887396891,0.618999999999971,"2008",10,2025-10-14
2008-10-15,12.4898313043478,12.241,12.869,0.173130797046414,0.628000000000043,"2008",10,2025-10-15
2008-10-16,12.4691547826087,12.137,12.808,0.189619374958075,0.670999999999992,"2008",10,2025-10-16
2008-10-17,12.3383286956522,11.947,12.703,0.172650373161557,0.755999999999972,"2008",10,2025-10-17
2008-10-18,12.1348173913043,11.663,12.512,0.207646266093207,0.84899999999999,"2008",10,2025-10-18
2008-10-19,11.5805913043478,11.123,11.944,0.203288697052593,0.821000000000026,"2008",10,2025-10-19
2008-10-20,11.2953617391304,10.965,11.735,0.165098675795971,0.770000000000039,"2008",10,2025-10-20
2008-10-21,11.3261739130435,11.057,11.667,0.126294168861115,0.609999999999957,"2008",10,2025-10-21
2008-10-22,11.5585826086957,11.399,11.79,0.0858745116595418,0.39100000000002,"2008",10,2025-10-22
2008-10-23,10.782852173913,10.372,11.071,0.119893451788874,0.699000000000012,"2008",10,2025-10-23
2008-10-24,10.7473530434783,10.31,11.033,0.126219026850071,0.723000000000013,"2008",10,2025-10-24
2008-10-25,10.9995530434783,10.825,11.277,0.106210478463731,0.451999999999998,"2008",10,2025-10-25
2008-10-26,11.3309617391304,10.846,11.643,0.177952217083447,0.796999999999969,"2008",10,2025-10-26
2008-10-27,11.3087547826087,10.835,11.663,0.174497987889859,0.828000000000031,"2008",10,2025-10-27
2008-10-28,11.2958452173913,10.987,11.568,0.134188756392141,0.58099999999996,"2008",10,2025-10-28
2008-10-29,10.569772173913,10.355,10.782,0.112588866602769,0.426999999999964,"2008",10,2025-10-29
2008-10-30,10.0794904347826,9.59199999999998,10.444,0.203281758503813,0.852000000000032,"2008",10,2025-10-30
2008-10-31,10.0213739130435,9.54700000000003,10.476,0.23643582642051,0.928999999999974,"2008",10,2025-10-31
2008-11-01,9.74387478260869,9.44900000000001,10.091,0.168470703748492,0.641999999999996,"2008",11,2025-11-01
2008-11-02,9.60398434782609,9.36200000000002,10.058,0.188779561264185,0.69599999999997,"2008",11,2025-11-02
2008-11-03,9.61887652173913,9.49900000000002,9.84500000000003,0.0869442754079199,0.346000000000004,"2008",11,2025-11-03
2008-11-04,9.62635304347826,9.54700000000003,9.798,0.0599839602859977,0.250999999999976,"2008",11,2025-11-04
2008-11-05,9.65838956521739,9.56200000000001,9.75200000000001,0.0515683426879375,0.189999999999998,"2008",11,2025-11-05
2008-11-06,9.77796695652174,9.733,9.84100000000001,0.0261099381727178,0.108000000000004,"2008",11,2025-11-06
2008-11-07,10.5980695652174,10.5,10.705,0.0446556943821425,0.204999999999984,"2008",11,2025-11-07
2008-11-08,10.5012660869565,10.443,10.575,0.0291791381939479,0.132000000000005,"2008",11,2025-11-08
2008-11-09,9.94940869565217,9.82999999999998,10.123,0.0697710161727141,0.293000000000006,"2008",11,2025-11-09
2008-11-10,9.75310086956522,9.553,10.069,0.119182714452766,0.51600000000002,"2008",11,2025-11-10
2008-11-11,9.69539826086957,9.44400000000002,10.08,0.137643468378322,0.635999999999967,"2008",11,2025-11-11
2008-11-12,9.77184869565217,9.45600000000002,10.024,0.122396424509117,0.567999999999984,"2008",11,2025-11-12
2008-11-13,9.68459130434783,9.36900000000003,9.97000000000003,0.130415824886015,0.600999999999999,"2008",11,2025-11-13
2008-11-14,9.53057391304348,9.32499999999999,9.68799999999999,0.0804047536243541,0.363,"2008",11,2025-11-14
2008-11-15,9.68494782608695,9.61599999999999,9.74700000000001,0.0331447683707856,0.131000000000029,"2008",11,2025-11-15
2008-11-16,9.07808,9,9.26600000000002,0.0552019150806525,0.26600000000002,"2008",11,2025-11-16
2008-11-17,8.88902260869565,8.55200000000002,9.24900000000002,0.180999271881836,0.697000000000003,"2008",11,2025-11-17
2008-11-18,8.82134956521739,8.50599999999997,9.11700000000002,0.14875232986429,0.611000000000047,"2008",11,2025-11-18
2008-11-19,8.62793565217391,8.392,8.84199999999998,0.110346071221521,0.449999999999989,"2008",11,2025-11-19
2008-11-20,8.46137565217391,8.23000000000002,8.81999999999999,0.154145406596473,0.589999999999975,"2008",11,2025-11-20
2008-11-21,8.22666086956522,7.93700000000001,8.63200000000001,0.175034565374663,0.694999999999993,"2008",11,2025-11-21
2008-11-22,8.10759478260869,7.71699999999998,8.48899999999998,0.201181304783358,0.771999999999991,"2008",11,2025-11-22
2008-11-23,7.9652052173913,7.529,8.47300000000001,0.229768455577145,0.944000000000017,"2008",11,2025-11-23
2008-11-24,7.87175826086956,7.47300000000001,8.31700000000001,0.204385692128376,0.843999999999994,"2008",11,2025-11-24
2008-11-25,7.49746434782609,7.26100000000002,7.85599999999999,0.141494702743278,0.59499999999997,"2008",11,2025-11-25
2008-11-26,7.36183130434783,7.06900000000002,7.90600000000001,0.220403702440973,0.836999999999989,"2008",11,2025-11-26
2008-11-27,7.30346260869565,7,7.89400000000001,0.232283419584972,0.894000000000005,"2008",11,2025-11-27
2008-11-28,7.28837043478261,7.06700000000001,7.81200000000001,0.19317042220889,0.745000000000005,"2008",11,2025-11-28
2008-11-29,7.22357739130435,7.03300000000002,7.63099999999997,0.143180268834177,0.597999999999956,"2008",11,2025-11-29
2008-11-30,7.14647652173913,6.95100000000002,7.48500000000001,0.123802468784266,0.533999999999992,"2008",11,2025-11-30
2008-12-01,7.20397565217391,6.98000000000002,7.548,0.130391341143402,0.567999999999984,"2008",12,2025-12-01
2008-12-02,7.26010956521739,7.04199999999997,7.62599999999998,0.133797809504521,0.584000000000003,"2008",12,2025-12-02
2008-12-03,7.22736173913044,6.99000000000001,7.625,0.146067956824581,0.634999999999991,"2008",12,2025-12-03
2008-12-04,6.94475826086957,6.61000000000001,7.34899999999999,0.191829098764652,0.738999999999976,"2008",12,2025-12-04
2008-12-05,6.87021913043478,6.43799999999999,7.298,0.235489320757609,0.860000000000014,"2008",12,2025-12-05
2008-12-06,6.61950608695652,6.36399999999998,6.887,0.118606291945313,0.523000000000025,"2008",12,2025-12-06
2008-12-07,6.66091304347826,6.35899999999998,7.06599999999997,0.165874147604467,0.706999999999994,"2008",12,2025-12-07
2008-12-08,6.66701913043478,6.31999999999999,7.017,0.192796117281869,0.697000000000003,"2008",12,2025-12-08
2008-12-09,6.64073739130435,6.226,7.11500000000001,0.225737773566557,0.88900000000001,"2008",12,2025-12-09
2008-12-10,6.60509739130435,6.416,6.82900000000001,0.120143254693033,0.413000000000011,"2008",12,2025-12-10
2008-12-11,6.79988347826087,6.64699999999999,7.09800000000001,0.100681088199232,0.451000000000022,"2008",12,2025-12-11
2008-12-12,6.70439478260869,6.50200000000001,7.12099999999998,0.144422129677815,0.618999999999971,"2008",12,2025-12-12
2008-12-13,6.51442086956522,6.37599999999998,7.10599999999999,0.140274482975898,0.730000000000018,"2008",12,2025-12-13
2008-12-14,6.41994260869565,6.10000000000002,6.92899999999997,0.135645296734844,0.828999999999951,"2008",12,2025-12-14
2008-12-15,6.4844,6.37299999999999,6.64800000000002,0.0673191990776772,0.275000000000034,"2008",12,2025-12-15
2008-12-16,6.33289565217391,6.178,6.476,0.070038338668921,0.298000000000002,"2008",12,2025-12-16
2008-12-17,5.63637217391304,5.50400000000002,6.077,0.11782672237905,0.572999999999979,"2008",12,2025-12-17
2008-12-18,5.42872869565217,5.21199999999999,6.02199999999999,0.174608799566133,0.810000000000002,"2008",12,2025-12-18
2008-12-19,5.59753913043478,5.29599999999999,6.08499999999998,0.178904198710694,0.788999999999987,"2008",12,2025-12-19
2008-12-20,5.75179304347826,5.44999999999999,6.03300000000002,0.145182765821541,0.583000000000027,"2008",12,2025-12-20
2008-12-21,5.47389391304348,5.24299999999999,5.79599999999999,0.117752002200038,0.552999999999997,"2008",12,2025-12-21
2008-12-22,5.49991304347826,5.17599999999999,5.89600000000002,0.182275634848809,0.720000000000027,"2008",12,2025-12-22
2008-12-23,5.63242956521739,5.30700000000002,6.036,0.174414065865577,0.728999999999985,"2008",12,2025-12-23
2008-12-24,5.46831826086956,5.23500000000001,5.762,0.12872796830042,0.526999999999987,"2008",12,2025-12-24
2008-12-25,5.6770747826087,5.37099999999998,6.00299999999999,0.155544809548919,0.632000000000005,"2008",12,2025-12-25
2008-12-26,6.00972173913043,5.72800000000001,6.26900000000001,0.132671593433891,0.540999999999997,"2008",12,2025-12-26
2008-12-27,5.55500173913043,5.29399999999998,5.98899999999998,0.171425002131707,0.694999999999993,"2008",12,2025-12-27
2008-12-28,5.39173913043478,5.13099999999997,6.11599999999999,0.252697291983015,0.985000000000014,"2008",12,2025-12-28
2008-12-29,5.47104347826087,5.202,6.19400000000002,0.241528372147747,0.992000000000019,"2008",12,2025-12-29
2008-12-30,5.52291478260869,5.30599999999998,5.94299999999998,0.157478314553506,0.637,"2008",12,2025-12-30
2008-12-31,5.44008869565218,5.12200000000001,6.16699999999997,0.205081561392557,1.04499999999996,"2008",12,2025-12-31
2009-01-01,5.08161391304348,4.78199999999998,5.608,0.18631035274853,0.826000000000022,"2009",1,2025-01-01
2009-01-02,5.02598086956522,4.887,5.33600000000001,0.0974111476635916,0.449000000000012,"2009",1,2025-01-02
2009-01-03,4.95784,4.72500000000002,5.238,0.102005134802776,0.512999999999977,"2009",1,2025-01-03
2009-01-04,5.16521217391304,5.02300000000002,5.50400000000002,0.114539284032727,0.480999999999995,"2009",1,2025-01-04
2009-01-05,5.16443478260869,5.03300000000002,5.49299999999999,0.0956020835021079,0.45999999999998,"2009",1,2025-01-05
2009-01-06,4.99523826086956,4.83600000000001,5.58299999999997,0.141945076721007,0.746999999999957,"2009",1,2025-01-06
2009-01-07,5.07433391304348,4.85699999999997,5.50700000000001,0.132456658407997,0.650000000000034,"2009",1,2025-01-07
2009-01-08,4.80690608695652,4.596,5.40499999999997,0.193370800345604,0.808999999999969,"2009",1,2025-01-08
2009-01-09,4.47825217391304,4.20999999999998,5.20999999999998,0.214200256504003,1,"2009",1,2025-01-09
2009-01-10,4.30577739130435,3.98500000000001,5.137,0.23410748114568,1.15199999999999,"2009",1,2025-01-10
2009-01-11,4.26553217391304,3.971,4.904,0.215888300075241,0.932999999999993,"2009",1,2025-01-11
2009-01-12,4.15934086956522,3.98000000000002,4.416,0.129698573016237,0.435999999999979,"2009",1,2025-01-12
2009-01-13,4.24395304347826,4.02300000000002,4.505,0.12219246921723,0.481999999999971,"2009",1,2025-01-13
2009-01-14,3.72024,3.57100000000003,4.05700000000002,0.0988103177052742,0.48599999999999,"2009",1,2025-01-14
2009-01-15,3.4495252173913,3.18299999999999,4.10599999999999,0.19915976543432,0.923000000000002,"2009",1,2025-01-15
2009-01-16,3.43258782608696,3.15300000000002,3.827,0.170828557386594,0.673999999999978,"2009",1,2025-01-16
2009-01-17,3.42117913043478,3.15300000000002,3.88900000000001,0.156531995980991,0.73599999999999,"2009",1,2025-01-17
2009-01-18,3.5006852173913,3.26800000000003,3.97300000000001,0.139898108917364,0.704999999999984,"2009",1,2025-01-18
2009-01-19,3.66447304347826,3.41500000000002,3.96199999999999,0.125302764569125,0.546999999999969,"2009",1,2025-01-19
2009-01-20,3.38733913043478,3.17399999999998,3.726,0.13127710186133,0.552000000000021,"2009",1,2025-01-20
2009-01-21,3.44470086956522,3.12400000000002,3.827,0.195543843384685,0.702999999999975,"2009",1,2025-01-21
2009-01-22,3.73081739130435,3.22199999999998,4.43400000000003,0.322562971801096,1.21200000000005,"2009",1,2025-01-22
2009-01-23,3.50374434782609,2.988,4.32999999999998,0.363944527637236,1.34199999999998,"2009",1,2025-01-23
2009-01-24,3.33911130434783,2.815,4.62099999999998,0.40003117665201,1.80599999999998,"2009",1,2025-01-24
2009-01-25,3.17683652173913,2.64499999999998,4.42200000000003,0.389464312331972,1.77700000000004,"2009",1,2025-01-25
2009-01-26,3.16688,2.66399999999999,4.14100000000002,0.377490998854313,1.47700000000003,"2009",1,2025-01-26
2009-01-27,3.24771304347826,2.82299999999998,4.03899999999999,0.32810575452682,1.21600000000001,"2009",1,2025-01-27
2009-01-28,3.19713565217391,2.923,3.66500000000002,0.165194729454665,0.742000000000019,"2009",1,2025-01-28
2009-01-29,2.87577043478261,2.60300000000001,3.54199999999997,0.222803024275069,0.938999999999965,"2009",1,2025-01-29
2009-01-30,2.78539652173913,2.50900000000001,3.35399999999998,0.19892808390541,0.84499999999997,"2009",1,2025-01-30
2009-01-31,2.78541043478261,2.57499999999999,3.209,0.142341562617588,0.634000000000015,"2009",1,2025-01-31
2009-02-01,2.89354608695652,2.60599999999999,3.34899999999999,0.168955411972099,0.742999999999995,"2009",2,2025-02-01
2009-02-02,3.07591304347826,2.77999999999997,3.39100000000002,0.142208964689058,0.611000000000047,"2009",2,2025-02-02
2009-02-03,3.03601913043478,2.745,3.36200000000002,0.15449209123317,0.617000000000019,"2009",2,2025-02-03
2009-02-04,2.82219826086957,2.56400000000002,3.36599999999999,0.19056892357128,0.801999999999964,"2009",2,2025-02-04
2009-02-05,2.5849652173913,2.25299999999999,3.20499999999998,0.219853274259667,0.951999999999998,"2009",2,2025-02-05
2009-02-06,2.53874782608696,2.27199999999999,2.86900000000003,0.146700151858716,0.597000000000037,"2009",2,2025-02-06
2009-02-07,2.62232347826087,2.38400000000001,3.005,0.144713653540299,0.620999999999981,"2009",2,2025-02-07
2009-02-08,2.77794434782609,2.43900000000002,3.58999999999997,0.283133826039847,1.15099999999995,"2009",2,2025-02-08
2009-02-09,2.84527130434783,2.483,3.81599999999997,0.317826316375311,1.33299999999997,"2009",2,2025-02-09
2009-02-10,3.03186434782609,2.714,4.14400000000001,0.305390118411799,1.43000000000001,"2009",2,2025-02-10
2009-02-11,3.13792347826087,2.83999999999997,3.82999999999998,0.226845081494693,0.990000000000009,"2009",2,2025-02-11
2009-02-12,3.10878608695652,2.81999999999999,3.53899999999999,0.184864696206849,0.718999999999994,"2009",2,2025-02-12
2009-02-13,2.9614,2.69400000000002,3.66399999999999,0.243810873753159,0.96999999999997,"2009",2,2025-02-13
2009-02-14,2.94141217391304,2.70400000000001,3.74599999999998,0.253987863968291,1.04199999999997,"2009",2,2025-02-14
2009-02-15,2.97887304347826,2.79700000000003,3.76299999999998,0.200440254691146,0.965999999999951,"2009",2,2025-02-15
2009-02-16,3.06547478260869,2.93299999999999,3.447,0.104420529643642,0.51400000000001,"2009",2,2025-02-16
2009-02-17,2.76922782608696,2.63200000000001,3.20400000000001,0.125656098035426,0.572000000000003,"2009",2,2025-02-17
2009-02-18,2.58437217391304,2.334,3.166,0.21520827103349,0.831999999999994,"2009",2,2025-02-18
2009-02-19,2.68589043478261,2.53199999999998,3.12299999999999,0.141949419866137,0.591000000000008,"2009",2,2025-02-19
2009-02-20,2.76120173913043,2.54500000000002,3.39699999999999,0.216872514287579,0.851999999999975,"2009",2,2025-02-20
2009-02-21,2.66212695652174,2.34800000000001,3.52300000000002,0.297041954744363,1.17500000000001,"2009",2,2025-02-21
2009-02-22,2.59763652173913,2.363,3.291,0.230401002621054,0.927999999999997,"2009",2,2025-02-22
2009-02-23,2.70590086956522,2.35199999999998,3.01499999999999,0.135456778850396,0.663000000000011,"2009",2,2025-02-23
2009-02-24,2.68545043478261,2.25200000000001,3.50999999999999,0.326269881280812,1.25799999999998,"2009",2,2025-02-24
2009-02-25,2.67807130434783,2.23000000000002,3.61099999999999,0.403750863423466,1.38099999999997,"2009",2,2025-02-25
2009-02-26,2.77477043478261,2.29399999999998,3.697,0.412269472480932,1.40300000000002,"2009",2,2025-02-26
2009-02-27,2.73453913043478,2.36099999999999,3.31299999999999,0.209981618863573,0.951999999999998,"2009",2,2025-02-27
2009-02-28,2.52647652173913,2.09300000000002,2.87200000000001,0.157201447765337,0.778999999999996,"2009",2,2025-02-28
2009-03-01,2.24094260869565,1.81200000000001,2.52600000000001,0.158239614022989,0.713999999999999,"2009",3,2025-03-01
2009-03-02,2.05959826086956,1.69999999999999,2.30200000000002,0.141992492552321,0.602000000000032,"2009",3,2025-03-02
2009-03-03,2.02180695652174,1.63999999999999,2.58999999999997,0.229868996065627,0.949999999999989,"2009",3,2025-03-03
2009-03-04,1.97231826086957,1.58600000000001,2.678,0.28869674345822,1.09199999999998,"2009",3,2025-03-04
2009-03-05,2.05782956521739,1.68099999999998,2.73199999999997,0.268132018348701,1.05099999999999,"2009",3,2025-03-05
2009-03-06,2.11242260869565,1.71199999999999,2.55099999999999,0.186010959860716,0.838999999999999,"2009",3,2025-03-06
2009-03-07,2.14460695652174,1.822,2.363,0.129688726592488,0.540999999999997,"2009",3,2025-03-07
2009-03-08,2.52401565217391,2.20699999999999,2.75200000000001,0.134059277927658,0.545000000000016,"2009",3,2025-03-08
2009-03-09,2.55730956521739,2.22000000000003,2.92099999999999,0.180997944515402,0.700999999999965,"2009",3,2025-03-09
2009-03-10,2.44929391304348,2.15100000000001,2.86700000000002,0.177101800134748,0.716000000000008,"2009",3,2025-03-10
2009-03-11,2.6797652173913,2.19600000000003,3.005,0.197710895226333,0.808999999999969,"2009",3,2025-03-11
2009-03-12,2.84537739130435,2.11799999999999,3.41300000000001,0.380585797114538,1.29500000000002,"2009",3,2025-03-12
2009-03-13,2.70256173913043,2.13499999999999,3.10000000000002,0.261624273633893,0.965000000000032,"2009",3,2025-03-13
2009-03-14,2.58167304347826,2.065,3.101,0.303068099119878,1.036,"2009",3,2025-03-14
2009-03-15,2.59314434782609,2.072,3.15300000000002,0.329939591712894,1.08100000000002,"2009",3,2025-03-15
2009-03-16,2.52786782608696,2.12200000000001,2.947,0.217842517178262,0.824999999999989,"2009",3,2025-03-16
2009-03-17,2.58703826086956,2.30500000000001,2.99700000000001,0.148792638946406,0.692000000000007,"2009",3,2025-03-17
2009-03-18,2.95349217391304,2.46899999999999,3.39800000000002,0.223640872653513,0.92900000000003,"2009",3,2025-03-18
2009-03-19,2.86592,2.43200000000002,3.22399999999999,0.205397644083669,0.791999999999973,"2009",3,2025-03-19
2009-03-20,2.5848347826087,2.31,2.99700000000001,0.165879502172583,0.687000000000012,"2009",3,2025-03-20
2009-03-21,2.70112347826087,2.358,3.202,0.202104710471699,0.843999999999994,"2009",3,2025-03-21
2009-03-22,2.71251652173913,2.38299999999998,3.06900000000002,0.16898835904614,0.686000000000035,"2009",3,2025-03-22
2009-03-23,2.60699304347826,2.40699999999998,2.75599999999997,0.0977545811697628,0.34899999999999,"2009",3,2025-03-23
2009-03-24,2.8004052173913,2.61599999999999,2.971,0.0632168518356195,0.355000000000018,"2009",3,2025-03-24
2009-03-25,3.03115826086956,2.69799999999998,3.303,0.130880738051056,0.605000000000018,"2009",3,2025-03-25
2009-03-26,3.10450782608696,2.76600000000002,3.37200000000001,0.0988494941798966,0.605999999999995,"2009",3,2025-03-26
2009-03-27,3.07049565217391,2.79700000000003,3.24200000000002,0.0874583797393839,0.444999999999993,"2009",3,2025-03-27
2009-03-28,3.16064695652174,2.98099999999999,3.31299999999999,0.0765194212801931,0.331999999999994,"2009",3,2025-03-28
2009-03-29,2.82466608695652,2.67899999999997,2.923,0.0452241010776901,0.244000000000028,"2009",3,2025-03-29
2009-03-30,2.74298956521739,2.62200000000001,2.87700000000001,0.0738812959006333,0.254999999999995,"2009",3,2025-03-30
2009-03-31,2.64900869565217,2.5,2.78199999999998,0.08101269910047,0.281999999999982,"2009",3,2025-03-31
2009-04-01,2.65789913043478,2.541,2.75999999999999,0.0595280824070555,0.218999999999994,"2009",4,2025-04-01
2009-04-02,2.71318260869565,2.58800000000002,2.78399999999999,0.0410522278482102,0.19599999999997,"2009",4,2025-04-02
2009-04-03,3.15416,3.05500000000001,3.262,0.0485370162991036,0.206999999999994,"2009",4,2025-04-03
2009-04-04,4.45073565217391,3.93099999999998,4.64999999999998,0.189088607343374,0.718999999999994,"2009",4,2025-04-04
2009-04-05,4.71278608695652,3.911,4.89400000000001,0.164086971758465,0.983000000000004,"2009",4,2025-04-05
2009-04-06,4.76406608695652,4.15199999999999,5.11700000000002,0.145779231974517,0.965000000000032,"2009",4,2025-04-06
2009-04-07,4.68575304347826,4.07799999999997,4.84199999999998,0.141086432426853,0.76400000000001,"2009",4,2025-04-07
2009-04-08,4.1462452173913,3.834,4.29500000000002,0.0987677953299264,0.461000000000013,"2009",4,2025-04-08
2009-04-09,4.16378608695652,3.55099999999999,4.53899999999999,0.239285968495819,0.988,"2009",4,2025-04-09
2009-04-10,4.14646782608696,3.56,4.66899999999998,0.255152271113397,1.10899999999998,"2009",4,2025-04-10
2009-04-11,4.09256,3.82600000000002,4.54399999999998,0.146649762197603,0.717999999999961,"2009",4,2025-04-11
2009-04-12,4.01737913043478,3.77699999999999,4.73899999999998,0.22371172555114,0.961999999999989,"2009",4,2025-04-12
2009-04-13,4.07821565217391,3.69900000000001,4.31400000000002,0.161870960238456,0.615000000000009,"2009",4,2025-04-13
2009-04-14,4.10784,3.72800000000001,4.42599999999999,0.180389470632248,0.697999999999979,"2009",4,2025-04-14
2009-04-15,4.87716173913044,4.48000000000002,5.24799999999999,0.147948302713196,0.767999999999972,"2009",4,2025-04-15
2009-04-16,5.17593739130435,4.80000000000001,5.447,0.160703189878376,0.646999999999991,"2009",4,2025-04-16
2009-04-17,5.31451652173913,5.03300000000002,5.54500000000002,0.112549219531497,0.512,"2009",4,2025-04-17
2009-04-18,5.70092173913043,5.48500000000001,5.98000000000002,0.133235961326881,0.495000000000005,"2009",4,2025-04-18
2009-04-19,5.81182782608696,5.36900000000003,6.32900000000001,0.259198241012975,0.95999999999998,"2009",4,2025-04-19
2009-04-20,5.7693947826087,5.31099999999998,6.35500000000002,0.281285009851498,1.04400000000004,"2009",4,2025-04-20
2009-04-21,5.79273739130435,5.40300000000002,6.15800000000002,0.215264092506854,0.754999999999995,"2009",4,2025-04-21
2009-04-22,5.92186608695652,5.82299999999998,5.99299999999999,0.0333822933070561,0.170000000000016,"2009",4,2025-04-22
2009-04-23,7.43514782608696,7.20699999999999,7.55399999999997,0.0924541362405358,0.34699999999998,"2009",4,2025-04-23
2009-04-24,7.46230782608696,7.245,7.67599999999999,0.118933827199139,0.430999999999983,"2009",4,2025-04-24
2009-04-25,7.39165391304348,7.053,7.72800000000001,0.193603892324414,0.675000000000011,"2009",4,2025-04-25
2009-04-26,7.34512,7.142,7.62400000000002,0.141969721952322,0.482000000000028,"2009",4,2025-04-26
2009-04-27,8.09210782608696,7.78899999999999,8.24200000000002,0.0849868540232197,0.453000000000031,"2009",4,2025-04-27
2009-04-28,8.22742608695652,7.78699999999998,8.57499999999999,0.239251229644133,0.788000000000011,"2009",4,2025-04-28
2009-04-29,7.93797739130435,7.25700000000001,8.59500000000003,0.30691890990617,1.33800000000002,"2009",4,2025-04-29
2009-04-30,7.53274782608696,6.839,8.40499999999997,0.371825851941598,1.56599999999997,"2009",4,2025-04-30
2009-05-01,7.29895304347826,6.70999999999998,7.78699999999998,0.249425394472914,1.077,"2009",5,2025-05-01
2009-05-02,7.36456347826087,6.89100000000002,7.93900000000002,0.288076237952557,1.048,"2009",5,2025-05-02
2009-05-03,8.51538782608696,8.28500000000003,8.64999999999998,0.0887908762889801,0.364999999999952,"2009",5,2025-05-03
2009-05-04,8.14597913043478,7.86700000000002,8.28699999999998,0.0857705568005533,0.419999999999959,"2009",5,2025-05-04
2009-05-05,7.66733043478261,7.36900000000003,7.94600000000003,0.127809167533319,0.576999999999998,"2009",5,2025-05-05
2009-05-06,7.75020869565217,7.40600000000001,8.06200000000001,0.141613271763576,0.656000000000006,"2009",5,2025-05-06
2009-05-07,7.71585913043478,7.42599999999999,7.99000000000001,0.121265306441212,0.564000000000021,"2009",5,2025-05-07
2009-05-08,7.38072173913043,7.09899999999999,7.65600000000001,0.127454572615477,0.557000000000016,"2009",5,2025-05-08
2009-05-09,7.34817739130435,7.10199999999998,7.52199999999999,0.0810560943342489,0.420000000000016,"2009",5,2025-05-09
2009-05-10,7.52483652173913,7.30799999999999,7.88799999999998,0.129379951439821,0.579999999999984,"2009",5,2025-05-10
2009-05-11,8.40828,8.24900000000002,8.57900000000001,0.080627892217794,0.329999999999984,"2009",5,2025-05-11
2009-05-12,8.7132852173913,8.35500000000002,9.08499999999998,0.239827911678599,0.729999999999961,"2009",5,2025-05-12
2009-05-13,8.9755652173913,8.512,9.59199999999998,0.306297830807534,1.07999999999998,"2009",5,2025-05-13
2009-05-14,9.2033652173913,8.71100000000001,9.89999999999998,0.329567907655923,1.18899999999996,"2009",5,2025-05-14
2009-05-15,9.02790260869565,8.495,9.58199999999999,0.303890380434638,1.08699999999999,"2009",5,2025-05-15
2009-05-16,8.97907304347826,8.73199999999997,9.24799999999999,0.153491461657309,0.51600000000002,"2009",5,2025-05-16
2009-05-17,9.19570260869565,9.048,9.29000000000002,0.0597038881604507,0.242000000000019,"2009",5,2025-05-17
2009-05-18,9.51353043478261,9.29899999999998,9.61900000000003,0.0766373788381134,0.32000000000005,"2009",5,2025-05-18
2009-05-19,9.95008347826087,9.49000000000001,10.218,0.186601412363075,0.728000000000009,"2009",5,2025-05-19
2009-05-20,10.09672,9.44900000000001,10.611,0.297203352291392,1.16199999999998,"2009",5,2025-05-20
2009-05-21,9.99118608695652,9.70699999999999,10.201,0.152480187144413,0.494000000000028,"2009",5,2025-05-21
2009-05-22,9.96282956521739,9.839,10.045,0.046818749359871,0.206000000000017,"2009",5,2025-05-22
2009-05-23,11.1107113043478,10.802,11.352,0.113129740176521,0.549999999999955,"2009",5,2025-05-23
2009-05-24,11.0616208695652,10.527,11.482,0.229733838381507,0.954999999999984,"2009",5,2025-05-24
2009-05-25,11.0237773913043,10.235,11.553,0.330467822515175,1.31799999999998,"2009",5,2025-05-25
2009-05-26,10.8854573913043,10.475,11.248,0.18577925487983,0.772999999999968,"2009",5,2025-05-26
2009-05-27,10.860307826087,10.538,11.056,0.11112529039389,0.517999999999972,"2009",5,2025-05-27
2009-05-28,10.0858069565217,9.65699999999998,10.335,0.168939537109908,0.677999999999997,"2009",5,2025-05-28
2009-05-29,10.95112,10.533,11.42,0.200991950884998,0.887,"2009",5,2025-05-29
2009-05-30,10.5622086956522,10.284,10.82,0.144928908179135,0.536000000000001,"2009",5,2025-05-30
2009-05-31,10.4505669565217,10.075,10.839,0.227178823991124,0.76400000000001,"2009",5,2025-05-31
2009-06-01,10.3527930434783,9.97800000000001,10.715,0.209253153337023,0.736999999999966,"2009",6,2025-06-01
2009-06-02,10.3455756521739,10.131,10.61,0.117926928145188,0.479000000000042,"2009",6,2025-06-02
2009-06-03,10.4145739130435,10.148,10.639,0.116278221322074,0.490999999999985,"2009",6,2025-06-03
2009-06-04,11.5525217391304,11.261,11.783,0.129520648524405,0.521999999999991,"2009",6,2025-06-04
2009-06-05,12.1994226086957,11.764,12.448,0.148715371960313,0.683999999999969,"2009",6,2025-06-05
2009-06-06,12.1000660869565,11.773,12.561,0.203349048058159,0.787999999999954,"2009",6,2025-06-06
2009-06-07,12.110067826087,11.722,12.628,0.223438064264662,0.906000000000006,"2009",6,2025-06-07
2009-06-08,12.1987947826087,11.779,12.465,0.12955949075697,0.685999999999979,"2009",6,2025-06-08
2009-06-09,12.153347826087,11.717,12.51,0.191795633989388,0.793000000000006,"2009",6,2025-06-09
2009-06-10,12.5772852173913,12.127,12.906,0.186439513055791,0.778999999999996,"2009",6,2025-06-10
2009-06-11,12.5141460869565,11.923,13.053,0.285922675789851,1.13,"2009",6,2025-06-11
2009-06-12,12.42932,11.781,13.043,0.300548926139296,1.262,"2009",6,2025-06-12
2009-06-13,12.4798713043478,11.82,13.07,0.273691064413117,1.25,"2009",6,2025-06-13
2009-06-14,12.7191026086957,12.258,13.18,0.225016905853787,0.922000000000025,"2009",6,2025-06-14
2009-06-15,13.5347130434783,13.275,13.811,0.0864548748600239,0.536000000000001,"2009",6,2025-06-15
2009-06-16,13.63504,13.183,14.342,0.277512877812754,1.15899999999999,"2009",6,2025-06-16
2009-06-17,13.58812,13.093,14.409,0.308972205147982,1.31599999999997,"2009",6,2025-06-17
2009-06-18,13.6984556521739,13.326,14.204,0.197699921391855,0.877999999999986,"2009",6,2025-06-18
2009-06-19,13.4986156521739,13.086,13.883,0.169310119246669,0.796999999999969,"2009",6,2025-06-19
2009-06-20,13.5565582608696,12.893,14.104,0.290642529214,1.21100000000001,"2009",6,2025-06-20
2009-06-21,13.5846817391304,12.912,14.14,0.300560918005835,1.22800000000001,"2009",6,2025-06-21
2009-06-22,13.0223773913043,12.44,13.587,0.296664069059992,1.14699999999999,"2009",6,2025-06-22
2009-06-23,12.0609773913043,11.78,12.34,0.124155802325235,0.560000000000002,"2009",6,2025-06-23
2009-06-24,13.2850173913043,12.822,13.918,0.29819367880673,1.096,"2009",6,2025-06-24
2009-06-25,13.684412173913,13.292,14.182,0.193703486334367,0.890000000000043,"2009",6,2025-06-25
2009-06-26,13.5814034782609,13.301,13.966,0.137853204210951,0.66500000000002,"2009",6,2025-06-26
2009-06-27,13.6046626086957,13.255,14.035,0.1732160769494,0.78000000000003,"2009",6,2025-06-27
2009-06-28,13.412227826087,13.039,13.79,0.165123210015079,0.751000000000033,"2009",6,2025-06-28
2009-06-29,12.3173130434783,12.034,12.52,0.111811031258567,0.48599999999999,"2009",6,2025-06-29
2009-06-30,12.2527513043478,12,12.417,0.0957437367655375,0.416999999999973,"2009",6,2025-06-30
2009-07-01,12.2481756521739,11.945,12.498,0.125246024501929,0.552999999999997,"2009",7,2025-07-01
2009-07-02,12.4464260869565,12.166,12.692,0.116676528103432,0.52600000000001,"2009",7,2025-07-02
2009-07-03,13.31156,13.092,13.487,0.100889387113094,0.395000000000039,"2009",7,2025-07-03
2009-07-04,13.9402504347826,13.726,14.161,0.0987655508629766,0.435000000000002,"2009",7,2025-07-04
2009-07-05,14.5684469565217,14.019,15.249,0.322662616355434,1.23000000000002,"2009",7,2025-07-05
2009-07-06,15.4982434782609,15.044,16.004,0.22832968672851,0.960000000000036,"2009",7,2025-07-06
2009-07-07,15.6497791304348,15.175,16.275,0.20903730286432,1.09999999999997,"2009",7,2025-07-07
2009-07-08,15.747427826087,15.102,16.521,0.29912433396267,1.41900000000004,"2009",7,2025-07-08
2009-07-09,15.4869773913043,14.75,16.006,0.287135367031217,1.25599999999997,"2009",7,2025-07-09
2009-07-10,15.10236,14.487,15.765,0.223763682274909,1.27799999999996,"2009",7,2025-07-10
2009-07-11,15.0457269565217,14.51,15.781,0.224603871705213,1.27100000000002,"2009",7,2025-07-11
2009-07-12,15.0589843478261,14.553,15.536,0.185437324982709,0.983000000000004,"2009",7,2025-07-12
2009-07-13,14.612812173913,14.354,14.809,0.113512081006669,0.455000000000041,"2009",7,2025-07-13
2009-07-14,14.4685582608696,14.134,14.697,0.142664843210439,0.562999999999988,"2009",7,2025-07-14
2009-07-15,14.5591234782609,14.233,14.785,0.148173973890165,0.552000000000021,"2009",7,2025-07-15
2009-07-16,14.6803147826087,14.438,14.974,0.134551481179934,0.536000000000001,"2009",7,2025-07-16
2009-07-17,15.3896486956522,14.97,15.91,0.215822149956993,0.939999999999998,"2009",7,2025-07-17
2009-07-18,16.3094643478261,15.923,16.492,0.123499841436019,0.569000000000017,"2009",7,2025-07-18
2009-07-19,16.6088104347826,16.26,16.965,0.151530440688944,0.704999999999984,"2009",7,2025-07-19
2009-07-20,16.7465982608696,16.255,17.285,0.237423100325976,1.03000000000003,"2009",7,2025-07-20
2009-07-21,15.9633930434783,15.663,16.427,0.14107797515372,0.76400000000001,"2009",7,2025-07-21
2009-07-22,16.1708017391304,15.921,16.583,0.132255147494463,0.662000000000035,"2009",7,2025-07-22
2009-07-23,16.2179234782609,15.876,16.641,0.138226324491054,0.765000000000043,"2009",7,2025-07-23
2009-07-24,15.9982365217391,15.683,16.442,0.166813410716432,0.759000000000015,"2009",7,2025-07-24
2009-07-25,15.8883965217391,15.415,16.264,0.191960096722015,0.84899999999999,"2009",7,2025-07-25
2009-07-26,15.8102573913043,15.329,16.132,0.168534025070378,0.802999999999997,"2009",7,2025-07-26
2009-07-27,15.9138539130435,15.571,16.504,0.274145570732834,0.932999999999993,"2009",7,2025-07-27
2009-07-28,16.6507113043478,16.072,17.331,0.390154271454267,1.25900000000001,"2009",7,2025-07-28
2009-07-29,16.9172417391304,16.608,17.109,0.107908557544781,0.500999999999976,"2009",7,2025-07-29
2009-07-30,16.9024173913043,16.401,17.294,0.178436657702384,0.892999999999972,"2009",7,2025-07-30
2009-07-31,16.9540330434783,16.554,17.368,0.165599367372496,0.814000000000021,"2009",7,2025-07-31
2009-08-01,17.0007704347826,16.602,17.614,0.22821756574052,1.012,"2009",8,2025-08-01
2009-08-02,17.1634313043478,16.736,17.336,0.124718449722796,0.600000000000023,"2009",8,2025-08-02
2009-08-03,18.0587426086957,17.559,18.416,0.176432148352494,0.856999999999971,"2009",8,2025-08-03
2009-08-04,18.4691826086957,17.891,19.067,0.317744791161486,1.17599999999999,"2009",8,2025-08-04
2009-08-05,18.6536660869565,18.071,19.181,0.281872169017655,1.10999999999996,"2009",8,2025-08-05
2009-08-06,18.8029339130435,18.317,19.474,0.301834978937039,1.15699999999998,"2009",8,2025-08-06
2009-08-07,18.6491582608696,18.395,19.011,0.131736582522361,0.616000000000042,"2009",8,2025-08-07
2009-08-08,18.2924330434783,17.903,18.665,0.164341189092568,0.762,"2009",8,2025-08-08
2009-08-09,17.9411860869565,17.662,18.206,0.15803207834229,0.54400000000004,"2009",8,2025-08-09
2009-08-10,18.2144295652174,17.855,18.829,0.267233350434232,0.97399999999999,"2009",8,2025-08-10
2009-08-11,18.2140243478261,17.946,18.787,0.230858033132702,0.840999999999951,"2009",8,2025-08-11
2009-08-12,18.3907652173913,18.275,18.595,0.0800950579015797,0.32000000000005,"2009",8,2025-08-12
2009-08-13,18.2815617391304,18.051,18.475,0.0772487222164762,0.424000000000035,"2009",8,2025-08-13
2009-08-14,18.2960191304348,18.038,18.565,0.124141152587661,0.526999999999987,"2009",8,2025-08-14
2009-08-15,18.6307182608696,18.372,19.219,0.131963359120174,0.84699999999998,"2009",8,2025-08-15
2009-08-16,19.2770226086957,18.778,19.99,0.283090740017711,1.21199999999999,"2009",8,2025-08-16
2009-08-17,20.26748,19.764,21.017,0.301357617786426,1.25299999999999,"2009",8,2025-08-17
2009-08-18,20.59324,20.147,20.885,0.149700274765307,0.738,"2009",8,2025-08-18
2009-08-19,20.5917426086957,20.292,20.812,0.0834951844684458,0.520000000000039,"2009",8,2025-08-19
2009-08-20,20.3273043478261,19.876,20.539,0.122900895877712,0.663000000000011,"2009",8,2025-08-20
2009-08-21,19.6238260869565,19.286,20.09,0.185953736185138,0.803999999999974,"2009",8,2025-08-21
2009-08-22,19.3203026086957,19.117,19.948,0.149860558567252,0.83099999999996,"2009",8,2025-08-22
2009-08-23,19.1337060869565,18.671,19.781,0.218919318060392,1.11000000000001,"2009",8,2025-08-23
2009-08-24,19.1740556521739,18.318,19.704,0.316376320212995,1.38600000000002,"2009",8,2025-08-24
2009-08-25,19.266532173913,18.236,20.036,0.455320289984695,1.80000000000001,"2009",8,2025-08-25
2009-08-26,19.1682817391304,18.173,19.856,0.433584489269334,1.68299999999999,"2009",8,2025-08-26
2009-08-27,18.7064295652174,18.171,19.431,0.23586199272494,1.25999999999999,"2009",8,2025-08-27
2009-08-28,18.3755408695652,17.503,18.772,0.213295826001088,1.26900000000001,"2009",8,2025-08-28
2009-08-29,16.4295356521739,15.715,17.4,0.348463299021627,1.685,"2009",8,2025-08-29
2009-08-30,16.3225895652174,15.592,16.781,0.264684142632892,1.18900000000002,"2009",8,2025-08-30
2009-08-31,16.2464660869565,15.554,16.545,0.175545913510798,0.991000000000042,"2009",8,2025-08-31
2009-09-01,16.1872017391304,15.599,16.48,0.14972574578767,0.881000000000029,"2009",9,2025-09-01
2009-09-02,15.9920086956522,15.647,16.415,0.183008762744647,0.768000000000029,"2009",9,2025-09-02
2009-09-03,16.3445113043478,15.927,16.686,0.150508080724187,0.758999999999958,"2009",9,2025-09-03
2009-09-04,16.4436504347826,16.195,16.708,0.123064179294466,0.513000000000034,"2009",9,2025-09-04
2009-09-05,16.7417513043478,16.15,17.355,0.353669542595618,1.20500000000004,"2009",9,2025-09-05
2009-09-06,16.6704173913043,16.347,17.001,0.188383559661331,0.653999999999996,"2009",9,2025-09-06
2009-09-07,16.38856,16.052,16.996,0.208655834527169,0.94399999999996,"2009",9,2025-09-07
2009-09-08,16.032492173913,15.453,16.475,0.215224434008769,1.02200000000005,"2009",9,2025-09-08
2009-09-09,16.3285530434783,15.594,17.014,0.323623168104667,1.42000000000002,"2009",9,2025-09-09
2009-09-10,16.213987826087,15.527,17.064,0.347736315543407,1.53700000000003,"2009",9,2025-09-10
2009-09-11,16.2841565217391,15.565,16.943,0.33595502206693,1.37799999999999,"2009",9,2025-09-11
2009-09-12,16.12308,15.661,16.349,0.161360452650091,0.687999999999988,"2009",9,2025-09-12
2009-09-13,15.9026191304348,15.549,16.104,0.117819382745209,0.555000000000007,"2009",9,2025-09-13
2009-09-14,15.8047808695652,15.307,16.043,0.135606601994405,0.73599999999999,"2009",9,2025-09-14
2009-09-15,15.5589530434783,14.797,15.975,0.267323655548164,1.178,"2009",9,2025-09-15
2009-09-16,15.3375547826087,14.341,15.974,0.382854654475517,1.63299999999998,"2009",9,2025-09-16
2009-09-17,14.8888956521739,14.155,15.619,0.36303817131431,1.46400000000006,"2009",9,2025-09-17
2009-09-18,14.4411147826087,14.057,14.969,0.164789467756689,0.911999999999978,"2009",9,2025-09-18
2009-09-19,14.474867826087,14.096,15.062,0.210183775381021,0.966000000000008,"2009",9,2025-09-19
2009-09-20,14.4447147826087,14.03,15.189,0.246643923763643,1.15900000000005,"2009",9,2025-09-20
2009-09-21,14.5199826086957,14.15,15.247,0.247189272183042,1.09700000000004,"2009",9,2025-09-21
2009-09-22,14.8200939130435,14.477,15.481,0.196330238612257,1.00400000000002,"2009",9,2025-09-22
2009-09-23,15.1258539130435,14.638,15.553,0.194635161821393,0.91500000000002,"2009",9,2025-09-23
2009-09-24,14.9890313043478,14.508,15.529,0.215124076654171,1.02100000000002,"2009",9,2025-09-24
2009-09-25,14.6358452173913,14.216,15.364,0.280874732529339,1.14799999999997,"2009",9,2025-09-25
2009-09-26,14.4099913043478,13.974,15.109,0.252919114187651,1.13499999999999,"2009",9,2025-09-26
2009-09-27,14.5117165217391,14.005,15.248,0.294344150160191,1.24299999999999,"2009",9,2025-09-27
2009-09-28,14.2913982608696,13.921,14.75,0.202524596511367,0.829000000000008,"2009",9,2025-09-28
2009-09-29,14.0424434782609,13.706,14.431,0.202859325079852,0.724999999999966,"2009",9,2025-09-29
2009-09-30,14.0019269565217,13.654,14.463,0.234076385475421,0.809000000000026,"2009",9,2025-09-30
2009-10-01,13.8979304347826,13.6,14.195,0.163887715541952,0.59499999999997,"2009",10,2025-10-01
2009-10-02,14.0906626086957,13.764,14.392,0.136192568026004,0.627999999999986,"2009",10,2025-10-02
2009-10-03,12.8757252173913,12.779,12.995,0.0547344648754819,0.216000000000008,"2009",10,2025-10-03
2009-10-04,13.1888330434783,12.857,13.388,0.11333964229687,0.531000000000006,"2009",10,2025-10-04
2009-10-05,13.1958313043478,12.72,13.741,0.190848968126775,1.02099999999996,"2009",10,2025-10-05
2009-10-06,13.1177773913043,12.689,13.711,0.200156513262858,1.02199999999999,"2009",10,2025-10-06
2009-10-07,12.8100260869565,12.462,13.099,0.155361434328063,0.637,"2009",10,2025-10-07
2009-10-08,12.4076591304348,12.081,12.741,0.154174000017747,0.659999999999968,"2009",10,2025-10-08
2009-10-09,12.4977147826087,12.29,12.772,0.0828334589640609,0.481999999999971,"2009",10,2025-10-09
2009-10-10,12.4681113043478,12.311,12.844,0.105932238519269,0.533000000000015,"2009",10,2025-10-10
2009-10-11,12.4442852173913,12.224,12.903,0.137039067297478,0.67900000000003,"2009",10,2025-10-11
2009-10-12,12.485932173913,12.305,12.894,0.0999109216037916,0.588999999999999,"2009",10,2025-10-12
2009-10-13,12.2165739130435,11.975,12.38,0.114385668681954,0.404999999999973,"2009",10,2025-10-13
2009-10-14,11.6183373913043,11.381,11.898,0.106539964415111,0.517000000000053,"2009",10,2025-10-14
2009-10-15,11.4379756521739,10.984,11.859,0.213628555406098,0.875,"2009",10,2025-10-15
2009-10-16,11.2984956521739,10.999,11.551,0.134692084896168,0.551999999999964,"2009",10,2025-10-16
2009-10-17,10.8472730434783,10.683,11.079,0.0993335118262293,0.396000000000015,"2009",10,2025-10-17
2009-10-18,10.6048191304348,10.429,11.007,0.13143513118662,0.578000000000031,"2009",10,2025-10-18
2009-10-19,10.0976486956522,9.92500000000001,10.501,0.124541046201894,0.575999999999965,"2009",10,2025-10-19
2009-10-20,9.96201913043478,9.57299999999998,10.398,0.191560239656776,0.825000000000045,"2009",10,2025-10-20
2009-10-21,10.0003895652174,9.75200000000001,10.369,0.140317489288875,0.617000000000019,"2009",10,2025-10-21
2009-10-22,10.0358608695652,9.83800000000002,10.238,0.077433222546568,0.399999999999977,"2009",10,2025-10-22
2009-10-23,10.1157286956522,10.017,10.259,0.0575248117429851,0.242000000000019,"2009",10,2025-10-23
2009-10-24,10.2878347826087,10.197,10.385,0.0400479961251159,0.187999999999988,"2009",10,2025-10-24
2009-10-25,10.3968139130435,10.269,10.576,0.0791000677118131,0.307000000000016,"2009",10,2025-10-25
2009-10-26,10.0145686956522,9.62200000000001,10.536,0.250284914429841,0.913999999999987,"2009",10,2025-10-26
2009-10-27,9.84548695652174,9.49799999999999,10.451,0.270770167696867,0.953000000000031,"2009",10,2025-10-27
2009-10-28,9.51638782608696,9.34800000000001,9.98500000000001,0.166560567060819,0.637,"2009",10,2025-10-28
2009-10-29,9.29334956521739,9.16199999999998,9.54000000000002,0.0995345503842451,0.378000000000043,"2009",10,2025-10-29
2009-10-30,9.40550608695652,9.29599999999999,9.56599999999997,0.0647736305970572,0.269999999999982,"2009",10,2025-10-30
2009-10-31,9.97617739130435,9.91899999999998,10.143,0.0530733485300608,0.22399999999999,"2009",10,2025-10-31
2009-11-01,10.3427373913043,10.247,10.444,0.0452676389877395,0.197000000000003,"2009",11,2025-11-01
2009-11-02,10.1115443478261,9.93099999999998,10.324,0.104356286480986,0.393000000000029,"2009",11,2025-11-02
2009-11-03,10.0383495652174,9.72899999999998,10.439,0.207130371581988,0.710000000000036,"2009",11,2025-11-03
2009-11-04,10.0648382608696,9.68700000000001,10.497,0.240948343959655,0.810000000000002,"2009",11,2025-11-04
2009-11-05,10.1152295652174,9.86399999999998,10.432,0.158660122009321,0.56800000000004,"2009",11,2025-11-05
2009-11-06,9.68829565217391,9.57400000000001,9.928,0.0722807840345228,0.353999999999985,"2009",11,2025-11-06
2009-11-07,9.16386434782609,8.96899999999999,9.40600000000001,0.121408957151168,0.437000000000012,"2009",11,2025-11-07
2009-11-08,9.3403947826087,9.12599999999998,9.77199999999999,0.176798362402883,0.646000000000015,"2009",11,2025-11-08
2009-11-09,9.94900869565218,9.613,10.402,0.218548175014807,0.788999999999987,"2009",11,2025-11-09
2009-11-10,10.1949356521739,9.96899999999999,10.394,0.114419658369887,0.425000000000011,"2009",11,2025-11-10
2009-11-11,10.3373547826087,10.184,10.498,0.0785557307258633,0.313999999999965,"2009",11,2025-11-11
2009-11-12,9.90620347826087,9.79399999999998,9.98099999999999,0.0478503254577983,0.187000000000012,"2009",11,2025-11-12
2009-11-13,10.0278243478261,9.90499999999997,10.108,0.0489442771250476,0.203000000000031,"2009",11,2025-11-13
2009-11-14,10.0733060869565,9.95499999999998,10.153,0.0500110463180409,0.198000000000036,"2009",11,2025-11-14
2009-11-15,9.43124,9.24099999999999,9.64400000000001,0.0993730948801671,0.40300000000002,"2009",11,2025-11-15
2009-11-16,9.18854086956522,8.78300000000002,9.69099999999997,0.239791978625599,0.907999999999959,"2009",11,2025-11-16
2009-11-17,9.16990608695652,8.76900000000001,9.68400000000003,0.243267675404445,0.91500000000002,"2009",11,2025-11-17
2009-11-18,9.22990434782609,8.88999999999999,9.60699999999997,0.197958464210278,0.716999999999985,"2009",11,2025-11-18
2009-11-19,9.30085913043478,9.00599999999997,9.66199999999998,0.176351988010344,0.656000000000006,"2009",11,2025-11-19
2009-11-20,9.31485739130435,9.01400000000001,9.69299999999998,0.17604401525406,0.678999999999974,"2009",11,2025-11-20
2009-11-21,9.25426086956522,8.92099999999999,9.63200000000001,0.185859013619177,0.711000000000013,"2009",11,2025-11-21
2009-11-22,9.16161391304348,8.846,9.55900000000003,0.181378578272805,0.713000000000022,"2009",11,2025-11-22
2009-11-23,9.18564173913043,8.92700000000002,9.565,0.151277200153126,0.637999999999977,"2009",11,2025-11-23
2009-11-24,8.90046956521739,8.56900000000002,9.28500000000003,0.176340862201211,0.716000000000008,"2009",11,2025-11-24
2009-11-25,8.35166434782609,8.15699999999998,8.80900000000003,0.160381341177171,0.652000000000044,"2009",11,2025-11-25
2009-11-26,8.17229391304348,8.036,8.416,0.0854234107796331,0.379999999999995,"2009",11,2025-11-26
2009-11-27,8.95999652173913,8.61000000000001,9.37400000000002,0.190109018755741,0.76400000000001,"2009",11,2025-11-27
2009-11-28,9.19338956521739,8.80399999999997,9.77499999999998,0.24598998852674,0.971000000000004,"2009",11,2025-11-28
2009-11-29,9.14007304347826,8.733,9.78800000000001,0.262285156587552,1.05500000000001,"2009",11,2025-11-29
2009-11-30,8.78030086956522,8.44799999999998,9.26900000000001,0.182742755112976,0.821000000000026,"2009",11,2025-11-30
2009-12-01,8.73008,8.43700000000001,9.10399999999998,0.168146351965905,0.666999999999973,"2009",12,2025-12-01
2009-12-02,8.85495304347826,8.52699999999999,9.28800000000001,0.190187985731694,0.761000000000024,"2009",12,2025-12-02
2009-12-03,8.84456869565217,8.56400000000002,9.17200000000003,0.152710442202565,0.608000000000004,"2009",12,2025-12-03
2009-12-04,8.94705739130435,8.73199999999997,9.142,0.104776343066332,0.410000000000025,"2009",12,2025-12-04
2009-12-05,8.39547478260869,8.14600000000002,8.762,0.148542954664289,0.615999999999985,"2009",12,2025-12-05
2009-12-06,8.17218434782609,7.88499999999999,8.55900000000003,0.145057903007612,0.674000000000035,"2009",12,2025-12-06
2009-12-07,8.00086782608695,7.69900000000001,8.39999999999998,0.168637396059699,0.700999999999965,"2009",12,2025-12-07
2009-12-08,8.11941043478261,7.83699999999999,8.65899999999999,0.207639299354843,0.822000000000003,"2009",12,2025-12-08
2009-12-09,8.23404347826087,7.92200000000003,8.76400000000001,0.186816861975021,0.841999999999985,"2009",12,2025-12-09
2009-12-10,8.16998434782609,7.62200000000001,8.791,0.313730051239516,1.16899999999998,"2009",12,2025-12-10
2009-12-11,8.00602956521739,7.64699999999999,8.80099999999999,0.259932222797439,1.154,"2009",12,2025-12-11
2009-12-12,7.57150086956522,6.99000000000001,8.435,0.287776861842272,1.44499999999999,"2009",12,2025-12-12
2009-12-13,7.65753565217391,7.39100000000002,8.01499999999999,0.138059517407954,0.623999999999967,"2009",12,2025-12-13
2009-12-14,7.63002782608696,7.51900000000001,7.77999999999997,0.0598747466556448,0.260999999999967,"2009",12,2025-12-14
2009-12-15,7.68892,7.48599999999999,7.89499999999998,0.125787874644838,0.408999999999992,"2009",12,2025-12-15
2009-12-16,7.60447304347826,7.30399999999997,8.10199999999998,0.198643138309671,0.798000000000002,"2009",12,2025-12-16
2009-12-17,7.54155130434783,7.12400000000002,8.14600000000002,0.226523568842906,1.02199999999999,"2009",12,2025-12-17
2009-12-18,7.53064,7.30000000000001,8.10300000000001,0.195777287959651,0.802999999999997,"2009",12,2025-12-18
2009-12-19,7.42842086956522,7.16399999999999,7.98899999999998,0.203014306448921,0.824999999999989,"2009",12,2025-12-19
2009-12-20,7.46688,7.13999999999999,7.88900000000001,0.175909912800851,0.749000000000024,"2009",12,2025-12-20
2009-12-21,7.23148695652174,6.928,7.51999999999998,0.157887886678759,0.591999999999985,"2009",12,2025-12-21
2009-12-22,6.37909913043478,6.18200000000002,6.75200000000001,0.130794738713761,0.569999999999993,"2009",12,2025-12-22
2009-12-23,6.12144695652174,5.95600000000002,6.38499999999999,0.10767361098266,0.428999999999974,"2009",12,2025-12-23
2009-12-24,5.90635826086956,5.69200000000001,6.43400000000003,0.171241552594426,0.742000000000019,"2009",12,2025-12-24
2009-12-25,5.8322,5.56999999999999,6.47000000000003,0.184987135817922,0.900000000000034,"2009",12,2025-12-25
2009-12-26,6.03452347826087,5.83199999999999,6.52300000000002,0.155276091261654,0.691000000000031,"2009",12,2025-12-26
2009-12-27,5.84702434782609,5.64800000000002,6.35300000000001,0.153132743189733,0.704999999999984,"2009",12,2025-12-27
2009-12-28,5.90421391304348,5.68700000000001,6.423,0.160564350362975,0.73599999999999,"2009",12,2025-12-28
2009-12-29,5.91390260869565,5.65600000000001,6.47899999999998,0.193829932578067,0.822999999999979,"2009",12,2025-12-29
2009-12-30,5.89301217391304,5.666,6.53100000000001,0.210050454013621,0.865000000000009,"2009",12,2025-12-30
2009-12-31,5.8670852173913,5.58499999999998,6.56299999999999,0.235459572953362,0.978000000000009,"2009",12,2025-12-31
2010-01-01,6.10655652173913,5.85500000000002,6.41199999999998,0.142955463893025,0.55699999999996,"2010",1,2025-01-01
2010-01-02,6.07621913043478,5.88499999999999,6.34199999999998,0.102661790299002,0.456999999999994,"2010",1,2025-01-02
2010-01-03,5.68780173913043,5.495,5.94299999999998,0.103432074684911,0.447999999999979,"2010",1,2025-01-03
2010-01-04,5.77214782608696,5.54199999999997,6.02300000000002,0.109810752908471,0.481000000000051,"2010",1,2025-01-04
2010-01-05,4.91359130434783,4.78699999999998,5.27199999999999,0.0890112446065901,0.485000000000014,"2010",1,2025-01-05
2010-01-06,4.9070452173913,4.68799999999999,5.23399999999998,0.13606494929148,0.545999999999992,"2010",1,2025-01-06
2010-01-07,4.74554260869565,4.36900000000003,5.637,0.316480715118574,1.26799999999997,"2010",1,2025-01-07
2010-01-08,4.63071304347826,4.173,5.65199999999999,0.355988503641678,1.47899999999998,"2010",1,2025-01-08
2010-01-09,4.59661739130435,4.14999999999998,5.34399999999999,0.306205767128006,1.19400000000002,"2010",1,2025-01-09
2010-01-10,4.66680347826087,4.28100000000001,5.30900000000003,0.264551348542689,1.02800000000002,"2010",1,2025-01-10
2010-01-11,4.6343652173913,4.32799999999997,5.06799999999998,0.202455825199969,0.740000000000009,"2010",1,2025-01-11
2010-01-12,4.68725391304348,4.29399999999998,5.35699999999997,0.265179299439806,1.06299999999999,"2010",1,2025-01-12
2010-01-13,4.72824173913043,4.32999999999998,5.54599999999999,0.31004063293966,1.21600000000001,"2010",1,2025-01-13
2010-01-14,4.84148695652174,4.524,5.36000000000001,0.206394659552015,0.836000000000013,"2010",1,2025-01-14
2010-01-15,4.8394,4.69099999999997,5.21100000000001,0.142401784724361,0.520000000000039,"2010",1,2025-01-15
2010-01-16,4.72986782608696,4.56,5.084,0.118556694525002,0.524000000000001,"2010",1,2025-01-16
2010-01-17,4.60455130434783,4.47699999999998,4.86399999999998,0.0774991315734387,0.387,"2010",1,2025-01-17
2010-01-18,4.60848173913044,4.536,4.80900000000003,0.0593614622675781,0.273000000000025,"2010",1,2025-01-18
2010-01-19,4.78483826086956,4.70499999999998,4.96800000000002,0.0570489727614566,0.263000000000034,"2010",1,2025-01-19
2010-01-20,4.64089391304348,4.55500000000001,4.86799999999999,0.0579385191492842,0.312999999999988,"2010",1,2025-01-20
2010-01-21,4.45166608695652,4.34399999999999,4.87299999999999,0.10140229234686,0.528999999999996,"2010",1,2025-01-21
2010-01-22,4.46365739130435,4.23199999999997,5.05000000000001,0.165895539873673,0.81800000000004,"2010",1,2025-01-22
2010-01-23,4.54323130434783,4.24900000000002,5.214,0.211724091695756,0.964999999999975,"2010",1,2025-01-23
2010-01-24,4.74956,4.51299999999998,5.23000000000002,0.15346273583251,0.717000000000041,"2010",1,2025-01-24
2010-01-25,5.21528173913044,4.99099999999999,5.50099999999998,0.133823147364306,0.509999999999991,"2010",1,2025-01-25
2010-01-26,4.9919547826087,4.86000000000001,5.404,0.117691831873774,0.543999999999983,"2010",1,2025-01-26
2010-01-27,4.57265391304348,4.39100000000002,4.83299999999997,0.0975689172021456,0.44199999999995,"2010",1,2025-01-27
2010-01-28,4.34060869565217,4.12799999999999,4.76900000000001,0.125559049204532,0.64100000000002,"2010",1,2025-01-28
2010-01-29,4.37596347826087,4.08299999999997,4.81799999999998,0.112958367288546,0.735000000000014,"2010",1,2025-01-29
2010-01-30,4.35022260869565,3.976,4.726,0.127204884981741,0.75,"2010",1,2025-01-30
2010-01-31,4.28922086956522,4.161,4.52300000000002,0.0729431422597554,0.362000000000023,"2010",1,2025-01-31
2010-02-01,4.15333913043478,3.91800000000001,4.69600000000003,0.155339253715497,0.77800000000002,"2010",2,2025-02-01
2010-02-02,4.13139826086956,3.87700000000001,4.75,0.170129074786064,0.87299999999999,"2010",2,2025-02-02
2010-02-03,4.18963478260869,4.02699999999999,4.57799999999997,0.118108578937875,0.550999999999988,"2010",2,2025-02-03
2010-02-04,3.88971652173913,3.78300000000002,4.08299999999997,0.0685217073497478,0.299999999999955,"2010",2,2025-02-04
2010-02-05,3.87843304347826,3.75999999999999,4.17700000000002,0.107809882122326,0.41700000000003,"2010",2,2025-02-05
2010-02-06,3.80361565217391,3.65899999999999,4.10599999999999,0.11894734333431,0.447000000000003,"2010",2,2025-02-06
2010-02-07,3.61801043478261,3.43400000000003,4,0.150863230035154,0.565999999999974,"2010",2,2025-02-07
2010-02-08,3.59297043478261,3.26900000000001,4.43799999999999,0.286896175472385,1.16899999999998,"2010",2,2025-02-08
2010-02-09,3.61356,3.334,4.44400000000002,0.277487820870948,1.11000000000001,"2010",2,2025-02-09
2010-02-10,3.60598086956522,3.37400000000002,4.07900000000001,0.186072214399054,0.704999999999984,"2010",2,2025-02-10
2010-02-11,3.50322434782609,3.36599999999999,3.834,0.100211206046532,0.468000000000018,"2010",2,2025-02-11
2010-02-12,3.46651130434783,3.26299999999998,3.97699999999998,0.199687219168295,0.713999999999999,"2010",2,2025-02-12
2010-02-13,3.41539304347826,3.14699999999999,4.053,0.24582674691449,0.906000000000006,"2010",2,2025-02-13
2010-02-14,3.38213913043478,3.03100000000001,3.92500000000001,0.234195229874791,0.894000000000005,"2010",2,2025-02-14
2010-02-15,2.8768852173913,2.56,3.55799999999999,0.303445471294904,0.99799999999999,"2010",2,2025-02-15
2010-02-16,2.79227130434783,2.37099999999998,3.56599999999997,0.356732362606094,1.19499999999999,"2010",2,2025-02-16
2010-02-17,2.87108173913043,2.48099999999999,3.48899999999998,0.2564707438208,1.00799999999998,"2010",2,2025-02-17
2010-02-18,3.08964,2.72399999999999,3.37900000000002,0.150084427343448,0.65500000000003,"2010",2,2025-02-18
2010-02-19,3.47318608695652,3.08999999999997,4.19900000000001,0.315279227739031,1.10900000000004,"2010",2,2025-02-19
2010-02-20,3.37829391304348,2.81999999999999,4.315,0.422445022150679,1.495,"2010",2,2025-02-20
2010-02-21,3.39787826086957,2.87700000000001,4.23700000000002,0.390233561525049,1.36000000000001,"2010",2,2025-02-21
2010-02-22,3.45211130434783,3.20400000000001,3.863,0.188365067726436,0.658999999999992,"2010",2,2025-02-22
2010-02-23,3.38512173913043,3.25999999999999,3.53399999999999,0.0634657233926365,0.274000000000001,"2010",2,2025-02-23
2010-02-24,3.47558086956522,3.35199999999998,3.57799999999997,0.049133360253854,0.225999999999999,"2010",2,2025-02-24
2010-02-25,3.14331826086956,3.05799999999999,3.24299999999999,0.0381971950705271,0.185000000000002,"2010",2,2025-02-25
2010-02-26,2.92778434782609,2.87900000000002,3.03399999999999,0.0341358543031771,0.154999999999973,"2010",2,2025-02-26
2010-02-27,2.78692695652174,2.72000000000003,2.88299999999998,0.038939355426095,0.162999999999954,"2010",2,2025-02-27
2010-02-28,3.05502260869565,2.99400000000003,3.19099999999997,0.0448383606082215,0.196999999999946,"2010",2,2025-02-28
2010-03-01,3.66692347826087,3.49900000000002,3.86399999999998,0.0910694936342981,0.364999999999952,"2010",3,2025-03-01
2010-03-02,3.75748347826087,3.58499999999998,3.952,0.0961426929593883,0.367000000000019,"2010",3,2025-03-02
2010-03-03,3.7806,3.61200000000002,3.97000000000003,0.0948976341939545,0.358000000000004,"2010",3,2025-03-03
2010-03-04,3.4003547826087,3.18000000000001,3.66300000000001,0.124657129930132,0.483000000000004,"2010",3,2025-03-04
2010-03-05,3.40295130434783,3.21699999999998,3.61599999999999,0.0823621077217277,0.399000000000001,"2010",3,2025-03-05
2010-03-06,3.48290086956522,3.24799999999999,3.60199999999998,0.0799350928935328,0.353999999999985,"2010",3,2025-03-06
2010-03-07,3.52943652173913,3.37200000000001,3.666,0.0744474352483568,0.293999999999983,"2010",3,2025-03-07
2010-03-08,3.68130782608696,3.54599999999999,3.93299999999999,0.0783538889097846,0.387,"2010",3,2025-03-08
2010-03-09,3.75250608695652,3.59899999999999,4.08199999999999,0.103774495271273,0.483000000000004,"2010",3,2025-03-09
2010-03-10,3.76145565217391,3.60399999999998,3.99799999999999,0.104866354461936,0.394000000000005,"2010",3,2025-03-10
2010-03-11,3.77336869565217,3.55599999999998,4.05500000000001,0.138594210253861,0.499000000000024,"2010",3,2025-03-11
2010-03-12,3.76810434782609,3.49099999999999,4.11200000000002,0.135646675047517,0.621000000000038,"2010",3,2025-03-12
2010-03-13,3.87694260869565,3.577,4.28899999999999,0.167677271662582,0.711999999999989,"2010",3,2025-03-13
2010-03-14,3.89695304347826,3.57999999999998,4.22500000000002,0.161925778434309,0.645000000000039,"2010",3,2025-03-14
2010-03-15,4.05260695652174,3.87900000000002,4.35000000000002,0.114026382821684,0.471000000000004,"2010",3,2025-03-15
2010-03-16,4.1405147826087,3.90600000000001,4.62,0.175885879339783,0.713999999999999,"2010",3,2025-03-16
2010-03-17,4.35225391304348,3.99900000000002,4.762,0.196516044192085,0.762999999999977,"2010",3,2025-03-17
2010-03-18,4.38767826086956,4.04199999999997,4.87,0.208617456109228,0.828000000000031,"2010",3,2025-03-18
2010-03-19,4.72093739130435,4.315,5.42899999999997,0.241719838643583,1.11399999999998,"2010",3,2025-03-19
2010-03-20,4.92441565217391,4.43599999999998,5.80500000000001,0.333614618522428,1.36900000000003,"2010",3,2025-03-20
2010-03-21,5.16056173913043,4.72000000000003,5.75900000000001,0.293336767488723,1.03899999999999,"2010",3,2025-03-21
2010-03-22,5.45660173913044,5.161,5.774,0.121968578508203,0.613,"2010",3,2025-03-22
2010-03-23,4.82539826086956,4.733,4.911,0.053874900232103,0.177999999999997,"2010",3,2025-03-23
2010-03-24,4.77332173913043,4.529,4.976,0.117718138222862,0.447000000000003,"2010",3,2025-03-24
2010-03-25,4.68122260869565,4.36099999999999,4.95400000000001,0.131889072187656,0.593000000000018,"2010",3,2025-03-25
2010-03-26,4.39107130434783,4.22000000000003,4.55500000000001,0.0917707915520714,0.33499999999998,"2010",3,2025-03-26
2010-03-27,4.17166086956522,3.82100000000003,4.36000000000001,0.132786793490071,0.538999999999987,"2010",3,2025-03-27
2010-03-28,4.08078086956522,3.61099999999999,4.32900000000001,0.162531274876041,0.718000000000018,"2010",3,2025-03-28
2010-03-29,4.05548869565217,3.80000000000001,4.23599999999999,0.100761591845073,0.435999999999979,"2010",3,2025-03-29
2010-03-30,3.93938956521739,3.66800000000001,4.14600000000002,0.116320151269133,0.478000000000009,"2010",3,2025-03-30
2010-03-31,3.77276,3.65699999999998,4.18900000000002,0.0871885585307839,0.532000000000039,"2010",3,2025-03-31
2010-04-01,3.71282260869565,3.57299999999998,4.18900000000002,0.103494566388426,0.616000000000042,"2010",4,2025-04-01
2010-04-02,5.15084695652174,4.91300000000001,5.41000000000003,0.10619094408929,0.497000000000014,"2010",4,2025-04-02
2010-04-03,5.99245739130435,5.73500000000001,6.27699999999999,0.145100558103076,0.541999999999973,"2010",4,2025-04-03
2010-04-04,6.12318086956522,5.83199999999999,6.42000000000002,0.133606912060949,0.588000000000022,"2010",4,2025-04-04
2010-04-05,6.19675826086956,6.00900000000001,6.37599999999998,0.0723007823806808,0.366999999999962,"2010",4,2025-04-05
2010-04-06,6.18524,5.96600000000001,6.36799999999999,0.107051950005592,0.401999999999987,"2010",4,2025-04-06
2010-04-07,6.38505217391304,6.14100000000002,6.69,0.132366417014589,0.548999999999978,"2010",4,2025-04-07
2010-04-08,6.96637913043478,6.79300000000001,7.15300000000002,0.0927188939317425,0.360000000000014,"2010",4,2025-04-08
2010-04-09,6.89025913043478,6.66800000000001,7.096,0.0948903859601939,0.427999999999997,"2010",4,2025-04-09
2010-04-10,6.70165391304348,6.471,6.91300000000001,0.110529783211681,0.442000000000007,"2010",4,2025-04-10
2010-04-11,6.99525565217391,6.52999999999997,7.72300000000001,0.36065510810464,1.19300000000004,"2010",4,2025-04-11
2010-04-12,7.01188869565217,6.47199999999998,7.83299999999997,0.401638700981798,1.36099999999999,"2010",4,2025-04-12
2010-04-13,6.93325043478261,6.61099999999999,7.42700000000002,0.199510463329705,0.816000000000031,"2010",4,2025-04-13
2010-04-14,6.76794086956522,6.27300000000002,7.30099999999999,0.261974684222462,1.02799999999996,"2010",4,2025-04-14
2010-04-15,6.73859130434782,6.375,7.21300000000002,0.226681448332966,0.838000000000022,"2010",4,2025-04-15
2010-04-16,6.75513217391304,6.65800000000002,6.85699999999997,0.0357402055193035,0.198999999999955,"2010",4,2025-04-16
2010-04-17,6.75112869565217,6.63799999999998,6.82499999999999,0.0273960651222802,0.187000000000012,"2010",4,2025-04-17
2010-04-18,6.78595478260869,6.50999999999999,7.267,0.203721417799632,0.757000000000005,"2010",4,2025-04-18
2010-04-19,6.91797217391304,6.67599999999999,7.31999999999999,0.157268005980861,0.644000000000005,"2010",4,2025-04-19
2010-04-20,7.34559478260869,7.00700000000001,7.67599999999999,0.185787947124599,0.668999999999983,"2010",4,2025-04-20
2010-04-21,7.48152869565217,7.18099999999998,7.93900000000002,0.176958396243041,0.758000000000038,"2010",4,2025-04-21
2010-04-22,7.67766086956522,7.31200000000001,8.00700000000001,0.154581264610496,0.694999999999993,"2010",4,2025-04-22
2010-04-23,8.1061252173913,7.68200000000002,8.56,0.238720131883466,0.877999999999986,"2010",4,2025-04-23
2010-04-24,8.40381913043478,8.05700000000002,8.63299999999998,0.099972079635063,0.575999999999965,"2010",4,2025-04-24
2010-04-25,8.37299826086957,7.94,8.68099999999998,0.139772444472807,0.740999999999985,"2010",4,2025-04-25
2010-04-26,8.28750782608696,7.93099999999998,8.43299999999999,0.100473718674191,0.50200000000001,"2010",4,2025-04-26
2010-04-27,8.41188695652174,8.16199999999998,8.58800000000002,0.0875054567952426,0.426000000000045,"2010",4,2025-04-27
2010-04-28,8.35241217391304,7.93900000000002,8.83499999999998,0.189236377242185,0.895999999999958,"2010",4,2025-04-28
2010-04-29,8.27094086956522,7.637,9.10500000000002,0.297916727104137,1.46800000000002,"2010",4,2025-04-29
2010-04-30,8.00326782608695,7.31400000000002,8.41899999999998,0.249870498705458,1.10499999999996,"2010",4,2025-04-30
2010-05-01,7.90814086956522,7.51800000000003,8.649,0.292733939890308,1.13099999999997,"2010",5,2025-05-01
2010-05-02,8.62984347826087,8.20299999999997,8.91800000000001,0.154809109795533,0.715000000000032,"2010",5,2025-05-02
2010-05-03,9.25229391304348,8.89300000000003,9.42899999999997,0.0873908610413374,0.535999999999945,"2010",5,2025-05-03
2010-05-04,9.29088695652174,8.81400000000002,9.61599999999999,0.216171001369414,0.801999999999964,"2010",5,2025-05-04
2010-05-05,9.49036869565217,8.99700000000001,9.935,0.238829892361131,0.937999999999988,"2010",5,2025-05-05
2010-05-06,9.60724173913043,9.00299999999999,10.275,0.367679860460037,1.27199999999999,"2010",5,2025-05-06
2010-05-07,9.45070608695652,8.755,10.297,0.483185930496515,1.54200000000003,"2010",5,2025-05-07
2010-05-08,9.18663304347826,8.66199999999998,9.82999999999998,0.350112350240954,1.16800000000001,"2010",5,2025-05-08
2010-05-09,8.69188695652174,7.92099999999999,9.49000000000001,0.386848279986517,1.56900000000002,"2010",5,2025-05-09
2010-05-10,8.22433913043478,7.50200000000001,8.86700000000002,0.370160481416812,1.36500000000001,"2010",5,2025-05-10
2010-05-11,7.12401913043478,6.89400000000001,7.536,0.160346319390559,0.641999999999996,"2010",5,2025-05-11
2010-05-12,7.11227304347826,6.80000000000001,7.71699999999998,0.225742731262988,0.916999999999973,"2010",5,2025-05-12
2010-05-13,7.12752869565217,6.89800000000002,7.459,0.13409859909654,0.560999999999979,"2010",5,2025-05-13
2010-05-14,7.69895652173913,7.35899999999998,8.012,0.161394834277416,0.65300000000002,"2010",5,2025-05-14
2010-05-15,8.28209391304348,8.05700000000002,8.572,0.118389018942172,0.514999999999986,"2010",5,2025-05-15
2010-05-16,8.79344173913043,8.32900000000001,9.26400000000001,0.219689659945264,0.935000000000002,"2010",5,2025-05-16
2010-05-17,9.05107304347826,8.60699999999997,9.899,0.263762262730515,1.29200000000003,"2010",5,2025-05-17
2010-05-18,9.08915478260869,8.60300000000001,10.076,0.276883657199733,1.47300000000001,"2010",5,2025-05-18
2010-05-19,9.38968869565217,9.04399999999998,9.70999999999998,0.181001536542854,0.665999999999997,"2010",5,2025-05-19
2010-05-20,9.97407826086957,9.56,10.237,0.118229251395211,0.677000000000021,"2010",5,2025-05-20
2010-05-21,10.0835808695652,9.72699999999998,10.545,0.181690503346242,0.81800000000004,"2010",5,2025-05-21
2010-05-22,10.124147826087,9.79399999999998,10.425,0.151190642943135,0.631000000000029,"2010",5,2025-05-22
2010-05-23,10.4251113043478,10.013,10.745,0.151682198467452,0.732000000000028,"2010",5,2025-05-23
2010-05-24,10.5386243478261,10.364,10.862,0.120505547020029,0.498000000000047,"2010",5,2025-05-24
2010-05-25,11.7470052173913,11.073,12.366,0.290186414266754,1.29300000000001,"2010",5,2025-05-25
2010-05-26,12.2699652173913,11.823,12.656,0.158263383129611,0.833000000000027,"2010",5,2025-05-26
2010-05-27,12.4219582608696,11.791,12.881,0.219367275907622,1.08999999999997,"2010",5,2025-05-27
2010-05-28,12.5390852173913,11.85,13.209,0.291060145682618,1.35899999999998,"2010",5,2025-05-28
2010-05-29,12.9362991304348,12.748,13.193,0.0785194504140176,0.444999999999993,"2010",5,2025-05-29
2010-05-30,13.0755773913043,12.766,13.523,0.185453790867671,0.757000000000005,"2010",5,2025-05-30
2010-05-31,13.3773356521739,13.116,13.917,0.213112835186277,0.800999999999988,"2010",5,2025-05-31
2010-06-01,13.5442191304348,13.147,13.764,0.0908144563769852,0.617000000000019,"2010",6,2025-06-01
2010-06-02,13.3172382608696,12.81,13.682,0.21755740304725,0.872000000000014,"2010",6,2025-06-02
2010-06-03,13.0013773913043,12.607,13.244,0.154687360916558,0.637000000000057,"2010",6,2025-06-03
2010-06-04,13.0090173913043,12.674,13.286,0.150752166567815,0.612000000000023,"2010",6,2025-06-04
2010-06-05,13.2022069565217,12.589,14.089,0.347283360320795,1.5,"2010",6,2025-06-05
2010-06-06,13.6482243478261,13.061,14.23,0.247908948593853,1.16900000000004,"2010",6,2025-06-06
2010-06-07,13.6971356521739,13.032,14.06,0.193426103524363,1.02800000000002,"2010",6,2025-06-07
2010-06-08,13.745267826087,12.933,14.19,0.257300217667644,1.25700000000001,"2010",6,2025-06-08
2010-06-09,13.3897895652174,12.867,14.034,0.254443731371948,1.16699999999997,"2010",6,2025-06-09
2010-06-10,12.7780191304348,12.277,13.354,0.274069470292262,1.077,"2010",6,2025-06-10
2010-06-11,12.34676,11.949,12.997,0.183047864496869,1.048,"2010",6,2025-06-11
2010-06-12,12.548692173913,12.121,12.986,0.211782185928432,0.865000000000009,"2010",6,2025-06-12
2010-06-13,13.7676626086957,13.258,14.13,0.199256075264389,0.872000000000014,"2010",6,2025-06-13
2010-06-14,13.8504139130435,13.402,14.56,0.243034351426577,1.15800000000002,"2010",6,2025-06-14
2010-06-15,13.9037530434783,13.494,14.728,0.253497956929737,1.23399999999998,"2010",6,2025-06-15
2010-06-16,14.0848173913043,13.6,14.656,0.258973946418355,1.05599999999998,"2010",6,2025-06-16
2010-06-17,14.2669634782609,13.746,14.757,0.258103604758389,1.01100000000002,"2010",6,2025-06-17
2010-06-18,14.299,13.653,14.939,0.323252773229708,1.286,"2010",6,2025-06-18
2010-06-19,14.431212173913,13.752,14.843,0.230954820516547,1.09100000000001,"2010",6,2025-06-19
2010-06-20,14.5403147826087,14.006,14.884,0.192230190228927,0.878000000000043,"2010",6,2025-06-20
2010-06-21,14.5231895652174,14.089,15.265,0.275616136942651,1.17599999999999,"2010",6,2025-06-21
2010-06-22,14.7137217391304,14.21,15.485,0.300222047552626,1.27500000000003,"2010",6,2025-06-22
2010-06-23,15.262827826087,14.704,15.681,0.179215994664326,0.976999999999975,"2010",6,2025-06-23
2010-06-24,15.8610973913043,15.253,16.158,0.156143988684297,0.90500000000003,"2010",6,2025-06-24
2010-06-25,15.9413913043478,15.509,16.379,0.157853099334635,0.870000000000005,"2010",6,2025-06-25
2010-06-26,15.7811773913043,15.263,16.343,0.17707429643118,1.08000000000004,"2010",6,2025-06-26
2010-06-27,15.3919704347826,14.769,15.693,0.168775042005083,0.923999999999978,"2010",6,2025-06-27
2010-06-28,15.2661426086957,14.65,15.694,0.19884721914356,1.04400000000004,"2010",6,2025-06-28
2010-06-29,14.6821582608696,13.876,15.543,0.340745264878384,1.66700000000003,"2010",6,2025-06-29
2010-06-30,14.2574434782609,13.584,14.883,0.232829227816998,1.29899999999998,"2010",6,2025-06-30
2010-07-01,14.2263426086957,13.58,15.15,0.266077460840633,1.56999999999999,"2010",7,2025-07-01
2010-07-02,14.1709426086957,13.588,14.877,0.251015773016931,1.28899999999999,"2010",7,2025-07-02
2010-07-03,14.8768713043478,14.58,15.098,0.0851460364319605,0.518000000000029,"2010",7,2025-07-03
2010-07-04,14.9774904347826,14.616,15.274,0.119268587601625,0.658000000000015,"2010",7,2025-07-04
2010-07-05,16.8034243478261,16.286,17.185,0.187558299689609,0.899000000000001,"2010",7,2025-07-05
2010-07-06,19.0639895652174,18.017,19.905,0.405592670699399,1.88799999999998,"2010",7,2025-07-06
2010-07-07,19.2089113043478,18.279,19.931,0.34758630261271,1.65199999999999,"2010",7,2025-07-07
2010-07-08,19.2634573913043,18.471,19.958,0.313207906777187,1.48700000000002,"2010",7,2025-07-08
2010-07-09,18.97476,18.192,19.524,0.290002832138039,1.33199999999999,"2010",7,2025-07-09
2010-07-10,18.7515408695652,18.451,19.005,0.134297597078741,0.553999999999974,"2010",7,2025-07-10
2010-07-11,18.7442486956522,18.533,19.095,0.0905784107593107,0.562000000000012,"2010",7,2025-07-11
2010-07-12,18.6119095652174,18.223,19.02,0.146445131282305,0.796999999999969,"2010",7,2025-07-12
2010-07-13,18.70336,18.516,19.049,0.113285803656524,0.532999999999959,"2010",7,2025-07-13
2010-07-14,18.6841930434783,18.471,18.819,0.0892526614851594,0.348000000000013,"2010",7,2025-07-14
2010-07-15,18.6611756521739,18.398,18.995,0.135810711035376,0.59699999999998,"2010",7,2025-07-15
2010-07-16,18.6346452173913,18.471,18.719,0.0638283524697539,0.24799999999999,"2010",7,2025-07-16
2010-07-17,18.7103530434783,18.181,19.048,0.177073063780689,0.867000000000019,"2010",7,2025-07-17
2010-07-18,18.4691634782609,17.861,18.89,0.208651029170583,1.029,"2010",7,2025-07-18
2010-07-19,18.5901513043478,18.208,18.992,0.114532923895102,0.783999999999992,"2010",7,2025-07-19
2010-07-20,18.6476956521739,18.208,18.909,0.12060571388405,0.700999999999965,"2010",7,2025-07-20
2010-07-21,18.7148243478261,18.219,19.155,0.177661362386131,0.935999999999979,"2010",7,2025-07-21
2010-07-22,18.6418765217391,18.146,19.237,0.249523735309197,1.09100000000001,"2010",7,2025-07-22
2010-07-23,18.6265756521739,18.182,19.185,0.258604228776991,1.00299999999999,"2010",7,2025-07-23
2010-07-24,18.5514156521739,18.071,18.812,0.103798448317157,0.740999999999985,"2010",7,2025-07-24
2010-07-25,18.6051113043478,18.115,18.977,0.17293874606175,0.861999999999966,"2010",7,2025-07-25
2010-07-26,18.5123669565217,17.972,18.954,0.23462242471999,0.982000000000028,"2010",7,2025-07-26
2010-07-27,18.301307826087,17.789,18.667,0.21828602418222,0.877999999999986,"2010",7,2025-07-27
2010-07-28,18.0881565217391,17.383,18.438,0.245839973420588,1.05500000000001,"2010",7,2025-07-28
2010-07-29,17.9069339130435,17.034,18.517,0.426888343300461,1.483,"2010",7,2025-07-29
2010-07-30,17.0399165217391,16.621,17.425,0.1589537109282,0.80400000000003,"2010",7,2025-07-30
2010-07-31,17.3576173913043,17.006,17.625,0.150520813764934,0.619000000000028,"2010",7,2025-07-31
2010-08-01,17.2865026086957,16.997,17.636,0.113134449832168,0.63900000000001,"2010",8,2025-08-01
2010-08-02,17.1908452173913,16.939,17.586,0.113541587220192,0.646999999999991,"2010",8,2025-08-02
2010-08-03,17.3225826086957,17.072,17.722,0.115126758091779,0.649999999999977,"2010",8,2025-08-03
2010-08-04,18.284467826087,17.803,18.636,0.172735579453188,0.833000000000027,"2010",8,2025-08-04
2010-08-05,18.5800347826087,18.128,18.842,0.0834881879891227,0.713999999999999,"2010",8,2025-08-05
2010-08-06,18.5452834782609,18.06,18.86,0.125839583139586,0.800000000000011,"2010",8,2025-08-06
2010-08-07,17.6538,17.167,18.084,0.195132484254032,0.91700000000003,"2010",8,2025-08-07
2010-08-08,17.1003582608696,16.349,17.848,0.363809528692834,1.49900000000002,"2010",8,2025-08-08
2010-08-09,17.1399895652174,16.464,17.72,0.317932152431085,1.25600000000003,"2010",8,2025-08-09
2010-08-10,17.4402034782609,16.94,18.001,0.224448752495067,1.06099999999998,"2010",8,2025-08-10
2010-08-11,17.9683686956522,17.349,18.436,0.247474708652243,1.08699999999999,"2010",8,2025-08-11
2010-08-12,18.2576643478261,17.65,18.776,0.256976287288244,1.12600000000003,"2010",8,2025-08-12
2010-08-13,18.4246365217391,17.794,18.871,0.232615948507569,1.077,"2010",8,2025-08-13
2010-08-14,18.3736069565217,17.662,18.888,0.242433327779869,1.226,"2010",8,2025-08-14
2010-08-15,18.36196,17.631,18.851,0.25213562414239,1.22000000000003,"2010",8,2025-08-15
2010-08-16,18.3743391304348,17.645,18.918,0.275054561801624,1.27300000000002,"2010",8,2025-08-16
2010-08-17,18.2595617391304,17.554,18.752,0.271811427633372,1.19800000000004,"2010",8,2025-08-17
2010-08-18,18.3504034782609,17.617,18.788,0.259274182536637,1.17099999999999,"2010",8,2025-08-18
2010-08-19,18.5905043478261,17.826,19.158,0.237159922444363,1.33199999999999,"2010",8,2025-08-19
2010-08-20,18.5838539130435,17.805,19.255,0.290795897293522,1.44999999999999,"2010",8,2025-08-20
2010-08-21,18.4141356521739,17.789,19.033,0.26175463089105,1.24400000000003,"2010",8,2025-08-21
2010-08-22,18.3295043478261,17.686,18.873,0.208599476763012,1.18700000000001,"2010",8,2025-08-22
2010-08-23,17.9824817391304,17.32,18.535,0.246043845977321,1.21500000000003,"2010",8,2025-08-23
2010-08-24,16.1436417391304,15.475,16.743,0.290086639101362,1.26799999999997,"2010",8,2025-08-24
2010-08-25,16.4152434782609,15.939,16.797,0.171964078946189,0.858000000000004,"2010",8,2025-08-25
2010-08-26,16.4375252173913,16.059,16.826,0.190624452403842,0.766999999999996,"2010",8,2025-08-26
2010-08-27,16.508732173913,15.948,16.961,0.263834874564008,1.01300000000003,"2010",8,2025-08-27
2010-08-28,16.6682452173913,16.169,17.227,0.198661121403762,1.05799999999999,"2010",8,2025-08-28
2010-08-29,17.0277547826087,16.387,17.563,0.230641230151726,1.17599999999999,"2010",8,2025-08-29
2010-08-30,18.1254626086957,17.422,18.416,0.224746581817119,0.993999999999971,"2010",8,2025-08-30
2010-08-31,19.1890330434783,18.895,19.606,0.147838151758215,0.711000000000013,"2010",8,2025-08-31
2010-09-01,19.7530782608696,19.181,20.258,0.25590156766121,1.077,"2010",9,2025-09-01
2010-09-02,19.8685095652174,19.583,20.154,0.15111303484012,0.57099999999997,"2010",9,2025-09-02
2010-09-03,18.7985008695652,18.448,18.993,0.097683123389157,0.545000000000016,"2010",9,2025-09-03
2010-09-04,17.86716,17.428,18.487,0.242060000912609,1.05900000000003,"2010",9,2025-09-04
2010-09-05,17.0218365217391,16.634,17.655,0.241602218046283,1.02099999999996,"2010",9,2025-09-05
2010-09-06,16.4452695652174,16.064,17.225,0.256392492352698,1.161,"2010",9,2025-09-06
2010-09-07,15.830612173913,15.452,16.406,0.242027392533479,0.954000000000008,"2010",9,2025-09-07
2010-09-08,15.4208730434783,14.966,15.764,0.19198724974076,0.798000000000002,"2010",9,2025-09-08
2010-09-09,15.3109182608696,14.889,15.734,0.190420473483575,0.84499999999997,"2010",9,2025-09-09
2010-09-10,14.9194486956522,14.632,15.229,0.136015513542587,0.59699999999998,"2010",9,2025-09-10
2010-09-11,14.7574417391304,14.53,15.036,0.123875709023879,0.506000000000029,"2010",9,2025-09-11
2010-09-12,14.8379095652174,14.436,15.42,0.201621455503865,0.984000000000037,"2010",9,2025-09-12
2010-09-13,14.9464191304348,14.68,15.215,0.130875915310273,0.534999999999968,"2010",9,2025-09-13
2010-09-14,14.7951982608696,14.276,15.298,0.224225657080401,1.02199999999999,"2010",9,2025-09-14
2010-09-15,14.64096,14.179,15.354,0.225535839221883,1.17500000000001,"2010",9,2025-09-15
2010-09-16,14.5997391304348,14.199,15.408,0.240500990130183,1.209,"2010",9,2025-09-16
2010-09-17,14.7882904347826,14.389,15.194,0.167114028218791,0.805000000000007,"2010",9,2025-09-17
2010-09-18,14.7782486956522,14.494,14.953,0.103306244743478,0.458999999999946,"2010",9,2025-09-18
2010-09-19,14.8155652173913,14.493,15.093,0.149015873300059,0.600000000000023,"2010",9,2025-09-19
2010-09-20,14.7866052173913,14.557,14.938,0.0694233513660324,0.380999999999972,"2010",9,2025-09-20
2010-09-21,14.7856817391304,14.384,15.042,0.116917275903246,0.657999999999959,"2010",9,2025-09-21
2010-09-22,14.6988660869565,14.304,15.016,0.183131589028673,0.712000000000046,"2010",9,2025-09-22
2010-09-23,14.7891686956522,14.378,15.146,0.223716286216894,0.768000000000029,"2010",9,2025-09-23
2010-09-24,14.7048,14.402,14.977,0.157279329399786,0.574999999999989,"2010",9,2025-09-24
2010-09-25,14.5662956521739,14.228,14.856,0.145687459249096,0.627999999999986,"2010",9,2025-09-25
2010-09-26,14.7781408695652,14.149,15.283,0.284289068636626,1.13400000000001,"2010",9,2025-09-26
2010-09-27,14.8439930434783,14.217,15.437,0.2778001750067,1.22000000000003,"2010",9,2025-09-27
2010-09-28,14.9962973913043,14.453,15.52,0.230462163091636,1.06700000000001,"2010",9,2025-09-28
2010-09-29,15.1227252173913,14.591,15.62,0.220129477991352,1.029,"2010",9,2025-09-29
2010-09-30,14.9590226086957,14.461,15.446,0.211107163970325,0.985000000000014,"2010",9,2025-09-30
2010-10-01,14.1847113043478,13.896,14.485,0.131659377831371,0.588999999999999,"2010",10,2025-10-01
2010-10-02,14.2218591304348,13.866,14.431,0.114596258319569,0.564999999999998,"2010",10,2025-10-02
2010-10-03,14.2025060869565,13.842,14.437,0.111709723144919,0.595000000000027,"2010",10,2025-10-03
2010-10-04,14.2441008695652,13.876,14.479,0.131009815239692,0.603000000000009,"2010",10,2025-10-04
2010-10-05,14.0684452173913,13.748,14.394,0.153228689876611,0.646000000000015,"2010",10,2025-10-05
2010-10-06,13.6004573913043,13.404,13.712,0.0750339610228044,0.307999999999993,"2010",10,2025-10-06
2010-10-07,13.6469617391304,13.419,13.846,0.112308149681022,0.427000000000021,"2010",10,2025-10-07
2010-10-08,13.5837704347826,13.288,13.797,0.136074954348809,0.509000000000015,"2010",10,2025-10-08
2010-10-09,13.1954191304348,12.949,13.412,0.126720961456317,0.462999999999965,"2010",10,2025-10-09
2010-10-10,13.0601895652174,12.746,13.292,0.157356030861283,0.545999999999992,"2010",10,2025-10-10
2010-10-11,12.8826260869565,12.512,13.145,0.1600304555547,0.632999999999981,"2010",10,2025-10-11
2010-10-12,12.6529495652174,12.255,13.018,0.152278167539027,0.762999999999977,"2010",10,2025-10-12
2010-10-13,12.4923582608696,12.05,12.808,0.178613583447879,0.757999999999981,"2010",10,2025-10-13
2010-10-14,12.4214904347826,11.949,12.735,0.194037702869385,0.786000000000001,"2010",10,2025-10-14
2010-10-15,12.3843530434783,11.987,12.677,0.166051759972155,0.689999999999998,"2010",10,2025-10-15
2010-10-16,12.0954365217391,11.807,12.287,0.122562445386993,0.479999999999961,"2010",10,2025-10-16
2010-10-17,12.1103426086957,11.792,12.38,0.168429906150499,0.588000000000022,"2010",10,2025-10-17
2010-10-18,11.9471530434783,11.597,12.149,0.162929959365488,0.552000000000021,"2010",10,2025-10-18
2010-10-19,11.8062173913043,11.41,12,0.153744424708903,0.589999999999975,"2010",10,2025-10-19
2010-10-20,11.6631669565217,11.261,11.836,0.124221912620985,0.574999999999989,"2010",10,2025-10-20
2010-10-21,11.6206747826087,11.153,11.782,0.134758890279331,0.628999999999962,"2010",10,2025-10-21
2010-10-22,11.5825826086957,11.268,11.828,0.123978318227001,0.560000000000002,"2010",10,2025-10-22
2010-10-23,11.0977426086957,10.832,11.23,0.0816397276609591,0.398000000000025,"2010",10,2025-10-23
2010-10-24,11.0005060869565,10.841,11.168,0.0761960808238801,0.326999999999998,"2010",10,2025-10-24
2010-10-25,11.0679808695652,10.932,11.194,0.0635073974341508,0.262,"2010",10,2025-10-25
2010-10-26,11.4976191304348,11.403,11.616,0.0566972765350315,0.212999999999965,"2010",10,2025-10-26
2010-10-27,11.4828556521739,11.05,11.754,0.178373463182792,0.704000000000008,"2010",10,2025-10-27
2010-10-28,11.432267826087,10.897,11.649,0.169611242081378,0.75200000000001,"2010",10,2025-10-28
2010-10-29,11.2486591304348,10.808,11.631,0.234258698794547,0.822999999999979,"2010",10,2025-10-29
2010-10-30,10.6753060869565,10.424,10.806,0.0910926905574145,0.382000000000005,"2010",10,2025-10-30
2010-10-31,10.506427826087,10.265,10.676,0.0900412289883913,0.411000000000001,"2010",10,2025-10-31
2010-11-01,10.4010417391304,10.224,10.543,0.0931220116632124,0.319000000000017,"2010",11,2025-11-01
2010-11-02,10.0948747826087,9.61700000000002,10.557,0.280831434134106,0.939999999999998,"2010",11,2025-11-02
2010-11-03,9.98986260869565,9.536,10.587,0.319064426516722,1.05099999999999,"2010",11,2025-11-03
2010-11-04,9.89485565217391,9.59300000000002,10.425,0.225397971769774,0.831999999999994,"2010",11,2025-11-04
2010-11-05,10.0575860869565,9.76299999999998,10.48,0.18242974633991,0.717000000000041,"2010",11,2025-11-05
2010-11-06,10.148532173913,9.88299999999998,10.543,0.161530825500054,0.660000000000025,"2010",11,2025-11-06
2010-11-07,9.94836173913043,9.68000000000001,10.377,0.180548451893918,0.697000000000003,"2010",11,2025-11-07
2010-11-08,9.54862434782609,9.30599999999998,9.95600000000002,0.131419328198972,0.650000000000034,"2010",11,2025-11-08
2010-11-09,9.5327147826087,9.29300000000001,9.96100000000001,0.164047314201644,0.668000000000006,"2010",11,2025-11-09
2010-11-10,9.61302434782609,9.44600000000003,10.027,0.131170897245537,0.58099999999996,"2010",11,2025-11-10
2010-11-11,9.6846452173913,9.48199999999997,10.152,0.141253075723338,0.670000000000016,"2010",11,2025-11-11
2010-11-12,9.78359652173913,9.46899999999999,10.154,0.193554421994423,0.685000000000002,"2010",11,2025-11-12
2010-11-13,9.6153252173913,9.35500000000002,10.035,0.189032776430612,0.680000000000007,"2010",11,2025-11-13
2010-11-14,9.55702434782609,9.35599999999999,9.983,0.154440067980392,0.62700000000001,"2010",11,2025-11-14
2010-11-15,9.5715147826087,9.38900000000001,9.87200000000001,0.108215084771184,0.483000000000004,"2010",11,2025-11-15
2010-11-16,9.40619478260869,9.202,9.68200000000002,0.122262513766007,0.480000000000018,"2010",11,2025-11-16
2010-11-17,9.19753217391304,8.83600000000001,9.70299999999997,0.223828709531246,0.866999999999962,"2010",11,2025-11-17
2010-11-18,9.11224173913043,8.68400000000003,9.66300000000001,0.267049080685983,0.978999999999985,"2010",11,2025-11-18
2010-11-19,9.15506782608696,8.82600000000002,9.75400000000002,0.241398005654081,0.927999999999997,"2010",11,2025-11-19
2010-11-20,9.24200173913043,8.64600000000002,9.69999999999999,0.186912242531408,1.05399999999997,"2010",11,2025-11-20
2010-11-21,9.09136173913043,8.89999999999998,9.24299999999999,0.0821050440278182,0.343000000000018,"2010",11,2025-11-21
2010-11-22,8.87037913043478,8.75900000000001,9.00400000000002,0.0594856488646241,0.245000000000005,"2010",11,2025-11-22
2010-11-23,8.80065043478261,8.517,9.17399999999998,0.165514364237592,0.656999999999982,"2010",11,2025-11-23
2010-11-24,8.96208,8.49900000000002,9.34199999999998,0.222571666882723,0.842999999999961,"2010",11,2025-11-24
2010-11-25,9.13132,8.69099999999997,9.70999999999998,0.242621021635334,1.01900000000001,"2010",11,2025-11-25
2010-11-26,8.68003826086957,8.339,9.11500000000001,0.211629735328045,0.77600000000001,"2010",11,2025-11-26
2010-11-27,8.47896695652174,8.16199999999998,8.94400000000002,0.208509361800593,0.782000000000039,"2010",11,2025-11-27
2010-11-28,8.39302782608696,8.00299999999999,8.93200000000002,0.234718318671191,0.92900000000003,"2010",11,2025-11-28
2010-11-29,8.34589913043478,7.82299999999998,8.97300000000001,0.264962866866392,1.15000000000003,"2010",11,2025-11-29
2010-11-30,8.40051652173913,8.13999999999999,8.81099999999998,0.179504969664414,0.670999999999992,"2010",11,2025-11-30
2010-12-01,8.35146782608696,8.17000000000002,8.64699999999999,0.129131048922358,0.476999999999975,"2010",12,2025-12-01
2010-12-02,7.86070260869565,7.36099999999999,8.791,0.376520476526913,1.43000000000001,"2010",12,2025-12-02
2010-12-03,7.72998956521739,7.18599999999998,8.60699999999997,0.385977364651515,1.42099999999999,"2010",12,2025-12-03
2010-12-04,7.90600173913043,7.53300000000002,8.34699999999998,0.221481443045902,0.813999999999965,"2010",12,2025-12-04
2010-12-05,8.11035826086956,7.80799999999999,8.42200000000003,0.164812575413381,0.614000000000033,"2010",12,2025-12-05
2010-12-06,8.24615826086957,8.04899999999998,8.46100000000001,0.101657334146732,0.412000000000035,"2010",12,2025-12-06
2010-12-07,8.18381565217391,7.952,8.41399999999999,0.118590168132014,0.461999999999989,"2010",12,2025-12-07
2010-12-08,7.95855478260869,7.65800000000002,8.50200000000001,0.211355439943326,0.843999999999994,"2010",12,2025-12-08
2010-12-09,7.74394086956522,7.11500000000001,8.572,0.358623019848275,1.45699999999999,"2010",12,2025-12-09
2010-12-10,7.71306608695652,7.11399999999998,8.44999999999999,0.356844009607627,1.33600000000001,"2010",12,2025-12-10
2010-12-11,7.72698086956522,7.35399999999998,8.166,0.226365576441844,0.812000000000012,"2010",12,2025-12-11
2010-12-12,7.61252695652174,7.363,7.99299999999999,0.186732910921478,0.629999999999995,"2010",12,2025-12-12
2010-12-13,7.61070782608696,7.30900000000003,8.02999999999997,0.210670048154731,0.720999999999947,"2010",12,2025-12-13
2010-12-14,7.57104695652174,7.423,7.81200000000001,0.0952092847141154,0.38900000000001,"2010",12,2025-12-14
2010-12-15,7.63684695652174,7.49799999999999,7.80500000000001,0.071748818200686,0.307000000000016,"2010",12,2025-12-15
2010-12-16,7.73726086956522,7.47899999999998,8.00700000000001,0.132792369365155,0.52800000000002,"2010",12,2025-12-16
2010-12-17,7.20242434782609,6.90499999999997,7.50299999999999,0.141706046403586,0.598000000000013,"2010",12,2025-12-17
2010-12-18,6.39682260869565,6.07299999999998,6.89800000000002,0.198193381728874,0.825000000000045,"2010",12,2025-12-18
2010-12-19,6.37661565217391,6.01100000000002,6.94799999999998,0.214182759479878,0.936999999999955,"2010",12,2025-12-19
2010-12-20,6.29785565217391,5.93900000000002,7.00400000000002,0.23699722509413,1.065,"2010",12,2025-12-20
2010-12-21,6.48607652173913,6.13600000000002,7.07600000000002,0.204721637444738,0.939999999999998,"2010",12,2025-12-21
2010-12-22,5.65904869565217,5.32900000000001,6.178,0.187387367501565,0.84899999999999,"2010",12,2025-12-22
2010-12-23,5.72030260869565,5.34699999999998,6.16500000000002,0.214777752994429,0.81800000000004,"2010",12,2025-12-23
2010-12-24,5.88355826086956,5.51100000000002,6.28300000000002,0.202411221982445,0.771999999999991,"2010",12,2025-12-24
2010-12-25,5.9602052173913,5.56999999999999,6.30799999999999,0.207490496757102,0.738,"2010",12,2025-12-25
2010-12-26,5.91069739130435,5.60399999999998,6.25200000000001,0.166971566703015,0.648000000000025,"2010",12,2025-12-26
2010-12-27,5.95527304347826,5.702,6.36500000000001,0.149069121610494,0.663000000000011,"2010",12,2025-12-27
2010-12-28,5.57857565217391,5.10300000000001,6.24799999999999,0.287510910137272,1.14499999999998,"2010",12,2025-12-28
2010-12-29,5.50997217391304,4.904,6.31700000000001,0.365013296389917,1.41300000000001,"2010",12,2025-12-29
2010-12-30,5.77878260869565,5.22500000000002,6.47199999999998,0.314648434491064,1.24699999999996,"2010",12,2025-12-30
2010-12-31,5.82438956521739,5.36700000000002,6.42899999999997,0.250877230054693,1.06199999999995,"2010",12,2025-12-31
2011-01-01,6.02711652173913,5.57900000000001,6.60300000000001,0.2327504278414,1.024,"2011",1,2025-01-01
2011-01-02,5.34707304347826,4.91899999999998,5.87700000000001,0.210634874615967,0.958000000000027,"2011",1,2025-01-02
2011-01-03,5.20673913043478,4.72500000000002,5.67099999999999,0.239709111134546,0.94599999999997,"2011",1,2025-01-03
2011-01-04,5.11427304347826,4.64600000000002,5.63299999999998,0.262397164632685,0.986999999999966,"2011",1,2025-01-04
2011-01-05,5.13155478260869,4.69099999999997,5.69600000000003,0.270084139762276,1.00500000000005,"2011",1,2025-01-05
2011-01-06,5.15791304347826,4.75299999999999,5.76400000000001,0.255950342432362,1.01100000000002,"2011",1,2025-01-06
2011-01-07,4.80209391304348,4.40300000000002,5.524,0.250382226720784,1.12099999999998,"2011",1,2025-01-07
2011-01-08,4.88104,4.51999999999998,5.45100000000002,0.208148014542988,0.93100000000004,"2011",1,2025-01-08
2011-01-09,4.91262086956522,4.47000000000003,5.65100000000001,0.261652419086613,1.18099999999998,"2011",1,2025-01-09
2011-01-10,4.9582452173913,4.48599999999999,5.85699999999997,0.301458419088986,1.37099999999998,"2011",1,2025-01-10
2011-01-11,5.10974086956522,4.613,6.06,0.362876420901017,1.447,"2011",1,2025-01-11
2011-01-12,5.12564695652174,4.75200000000001,5.84300000000002,0.276745821481771,1.09100000000001,"2011",1,2025-01-12
2011-01-13,5.00574434782609,4.77800000000002,5.52499999999998,0.157833069201852,0.746999999999957,"2011",1,2025-01-13
2011-01-14,4.53532173913043,4.20299999999997,5.161,0.264334485728599,0.958000000000027,"2011",1,2025-01-14
2011-01-15,4.85971652173913,4.27800000000002,5.43700000000001,0.287735726095153,1.15899999999999,"2011",1,2025-01-15
2011-01-16,4.89104695652174,4.38099999999997,5.37099999999998,0.246019877288827,0.990000000000009,"2011",1,2025-01-16
2011-01-17,4.55567130434783,4.154,4.97899999999998,0.210506982497853,0.824999999999989,"2011",1,2025-01-17
2011-01-18,3.94422956521739,3.76100000000002,4.197,0.106627765188265,0.435999999999979,"2011",1,2025-01-18
2011-01-19,4.06526260869565,3.89800000000002,4.26400000000001,0.0961568780807801,0.365999999999985,"2011",1,2025-01-19
2011-01-20,3.63157043478261,3.33999999999997,4.10699999999997,0.186616092616179,0.766999999999996,"2011",1,2025-01-20
2011-01-21,3.50434782608696,2.99000000000001,4.06999999999999,0.276721266428957,1.07999999999998,"2011",1,2025-01-21
2011-01-22,3.41146782608696,2.887,4.15699999999998,0.320144531697136,1.26999999999998,"2011",1,2025-01-22
2011-01-23,3.39544,2.899,4.04300000000001,0.288920493747531,1.14400000000001,"2011",1,2025-01-23
2011-01-24,3.63624347826087,3.27100000000002,4.13600000000002,0.206582360392923,0.865000000000009,"2011",1,2025-01-24
2011-01-25,3.69540347826087,3.517,4.09800000000001,0.129493481150035,0.581000000000017,"2011",1,2025-01-25
2011-01-26,3.46711826086956,3.31999999999999,3.87099999999998,0.131756268211414,0.550999999999988,"2011",1,2025-01-26
2011-01-27,3.19664347826087,3.09100000000001,3.53800000000001,0.081763851270841,0.447000000000003,"2011",1,2025-01-27
2011-01-28,2.86146608695652,2.76800000000003,3.14600000000002,0.0744170034227688,0.377999999999986,"2011",1,2025-01-28
2011-01-29,3.06382260869565,2.89600000000002,3.48700000000002,0.112908629968687,0.591000000000008,"2011",1,2025-01-29
2011-01-30,2.98125913043478,2.61500000000001,3.69200000000001,0.222438514346656,1.077,"2011",1,2025-01-30
2011-01-31,2.88177391304348,2.25200000000001,3.75099999999998,0.34537295048692,1.49899999999997,"2011",1,2025-01-31
2011-02-01,3.14256869565217,2.589,3.851,0.293288471033771,1.262,"2011",2,2025-02-01
2011-02-02,3.83300695652174,3.286,4.423,0.284547841002384,1.137,"2011",2,2025-02-02
2011-02-03,4.07354434782609,3.464,4.81700000000001,0.39208081683791,1.35300000000001,"2011",2,2025-02-03
2011-02-04,3.7127147826087,3.00200000000001,4.67599999999999,0.508088991945108,1.67399999999998,"2011",2,2025-02-04
2011-02-05,3.35718260869565,2.99700000000001,3.77499999999998,0.179263960798779,0.777999999999963,"2011",2,2025-02-05
2011-02-06,3.58718608695652,3.32299999999998,4.02800000000002,0.135526545021236,0.705000000000041,"2011",2,2025-02-06
2011-02-07,3.78014086956522,3.48399999999998,4.23000000000002,0.160422718971812,0.746000000000038,"2011",2,2025-02-07
2011-02-08,4.02140173913043,3.73099999999999,4.40300000000002,0.151709688595339,0.672000000000025,"2011",2,2025-02-08
2011-02-09,3.41208173913043,3.01999999999998,3.89800000000002,0.209360762434475,0.878000000000043,"2011",2,2025-02-09
2011-02-10,3.25176869565217,2.92200000000003,3.96699999999998,0.228049876247846,1.04499999999996,"2011",2,2025-02-10
2011-02-11,3.25183130434783,2.93000000000001,3.988,0.235858682651484,1.05799999999999,"2011",2,2025-02-11
2011-02-12,3.36937565217391,3.05700000000002,4.02199999999999,0.19285137558412,0.964999999999975,"2011",2,2025-02-12
2011-02-13,3.64619652173913,3.37099999999998,4.31599999999997,0.191542086027034,0.944999999999993,"2011",2,2025-02-13
2011-02-14,3.80086086956522,3.58100000000002,4.262,0.139398414234986,0.680999999999983,"2011",2,2025-02-14
2011-02-15,3.76649565217391,3.35500000000002,4.56599999999997,0.254198000068652,1.21099999999996,"2011",2,2025-02-15
2011-02-16,3.71996347826087,3.255,4.57299999999998,0.286162188829004,1.31799999999998,"2011",2,2025-02-16
2011-02-17,3.72408347826087,3.459,4.19299999999998,0.153096278110072,0.73399999999998,"2011",2,2025-02-17
2011-02-18,3.72114782608696,3.52600000000001,4.10599999999999,0.129810545646127,0.579999999999984,"2011",2,2025-02-18
2011-02-19,3.66382608695652,3.47300000000001,4.13999999999999,0.109696386575369,0.666999999999973,"2011",2,2025-02-19
2011-02-20,3.6471252173913,3.51499999999999,4.02600000000001,0.0807859798306074,0.511000000000024,"2011",2,2025-02-20
2011-02-21,3.54453043478261,3.50900000000001,3.75400000000002,0.0466242900272201,0.245000000000005,"2011",2,2025-02-21
2011-02-22,3.59319304347826,3.40699999999998,3.78800000000001,0.110571587262328,0.381000000000029,"2011",2,2025-02-22
2011-02-23,3.62641565217391,3.358,3.964,0.173268907738028,0.605999999999995,"2011",2,2025-02-23
2011-02-24,3.54941043478261,3.23399999999998,3.87400000000002,0.181483785366231,0.640000000000043,"2011",2,2025-02-24
2011-02-25,3.52636,3.25599999999997,3.791,0.157364656078099,0.535000000000025,"2011",2,2025-02-25
2011-02-26,3.48222086956522,3.36700000000002,3.76299999999998,0.0854313603645472,0.395999999999958,"2011",2,2025-02-26
2011-02-27,3.47702086956522,3.38600000000002,3.666,0.0626611893504291,0.279999999999973,"2011",2,2025-02-27
2011-02-28,3.13416695652174,3.03800000000001,3.35699999999997,0.072674324508809,0.31899999999996,"2011",2,2025-02-28
2011-03-01,3.01872695652174,2.90300000000002,3.30200000000002,0.0925861886074833,0.399000000000001,"2011",3,2025-03-01
2011-03-02,2.94154782608696,2.85399999999998,3.14999999999998,0.0688899090781231,0.295999999999992,"2011",3,2025-03-02
2011-03-03,2.96244869565217,2.84100000000001,3.34300000000002,0.10061358998025,0.50200000000001,"2011",3,2025-03-03
2011-03-04,3.07598782608696,2.87700000000001,3.863,0.201733933662412,0.98599999999999,"2011",3,2025-03-04
2011-03-05,3.14926434782609,2.94200000000001,3.73099999999999,0.175496606572165,0.788999999999987,"2011",3,2025-03-05
2011-03-06,3.25326782608696,3.02699999999999,3.58600000000001,0.14102881531975,0.559000000000026,"2011",3,2025-03-06
2011-03-07,2.9147652173913,2.73700000000002,3.37299999999999,0.148274954738474,0.635999999999967,"2011",3,2025-03-07
2011-03-08,2.79428,2.55399999999997,3.38799999999998,0.196743593726641,0.834000000000003,"2011",3,2025-03-08
2011-03-09,2.80841391304348,2.54199999999997,3.41899999999998,0.197717539915057,0.87700000000001,"2011",3,2025-03-09
2011-03-10,2.95472695652174,2.71800000000002,3.43000000000001,0.154172920543377,0.711999999999989,"2011",3,2025-03-10
2011-03-11,3.22331652173913,2.964,3.49799999999999,0.133470927507164,0.533999999999992,"2011",3,2025-03-11
2011-03-12,2.72577565217391,2.51299999999998,2.97000000000003,0.110400680285695,0.45700000000005,"2011",3,2025-03-12
2011-03-13,2.97717391304348,2.56999999999999,3.52600000000001,0.228753784107219,0.956000000000017,"2011",3,2025-03-13
2011-03-14,2.86152173913043,2.38099999999997,3.678,0.336284021835587,1.29700000000003,"2011",3,2025-03-14
2011-03-15,3.1804,2.72300000000001,3.803,0.267383893197521,1.07999999999998,"2011",3,2025-03-15
2011-03-16,3.32663478260869,2.80900000000003,3.81999999999999,0.259838408993093,1.01099999999997,"2011",3,2025-03-16
2011-03-17,3.30940695652174,2.95299999999997,3.596,0.175013980388177,0.643000000000029,"2011",3,2025-03-17
2011-03-18,3.42936695652174,3.29500000000002,3.52800000000002,0.0523790056250415,0.233000000000004,"2011",3,2025-03-18
2011-03-19,3.76332695652174,3.16199999999998,4.51299999999998,0.353079297713943,1.351,"2011",3,2025-03-19
2011-03-20,3.75431478260869,3.10199999999998,4.517,0.38526544997102,1.41500000000002,"2011",3,2025-03-20
2011-03-21,3.81279304347826,3.25400000000002,4.56999999999999,0.327924665150764,1.31599999999997,"2011",3,2025-03-21
2011-03-22,3.3795147826087,2.94,3.73899999999998,0.174717420556459,0.798999999999978,"2011",3,2025-03-22
2011-03-23,3.39417739130435,2.827,3.83199999999999,0.232826249710291,1.005,"2011",3,2025-03-23
2011-03-24,3.30306260869565,2.86900000000003,3.71699999999998,0.194864644106619,0.847999999999956,"2011",3,2025-03-24
2011-03-25,3.20636869565217,2.50200000000001,3.66899999999998,0.318284162467383,1.16699999999997,"2011",3,2025-03-25
2011-03-26,3.2232852173913,2.26100000000002,3.73199999999997,0.396783380339321,1.47099999999995,"2011",3,2025-03-26
2011-03-27,3.14945739130435,2.14999999999998,3.779,0.467764672337022,1.62900000000002,"2011",3,2025-03-27
2011-03-28,3.06640695652174,2.17599999999999,3.66000000000003,0.427053939856947,1.48400000000004,"2011",3,2025-03-28
2011-03-29,3.3916347826087,2.35699999999997,3.80200000000002,0.368484274846253,1.44500000000005,"2011",3,2025-03-29
2011-03-30,3.4655947826087,2.22399999999999,3.87400000000002,0.384380928093653,1.65000000000003,"2011",3,2025-03-30
2011-03-31,3.58496869565217,2.58699999999999,3.947,0.30771304745789,1.36000000000001,"2011",3,2025-03-31
2011-04-01,3.74971826086956,3.08800000000002,3.99799999999999,0.188119172132452,0.909999999999968,"2011",4,2025-04-01
2011-04-02,3.87672173913043,3.61700000000002,4.07100000000003,0.0929599730116993,0.454000000000008,"2011",4,2025-04-02
2011-04-03,3.92505217391304,3.65600000000001,4.13099999999997,0.0995199841152379,0.474999999999966,"2011",4,2025-04-03
2011-04-04,3.87345391304348,3.58100000000002,4.00200000000001,0.0883667181650472,0.420999999999992,"2011",4,2025-04-04
2011-04-05,4.01315130434783,3.43099999999998,4.42200000000003,0.242361350271529,0.991000000000042,"2011",4,2025-04-05
2011-04-06,4.17770260869565,3.48599999999999,4.44900000000001,0.18099477414678,0.963000000000022,"2011",4,2025-04-06
2011-04-07,4.35506434782609,3.85599999999999,4.53699999999998,0.118972507431832,0.680999999999983,"2011",4,2025-04-07
2011-04-08,4.44446782608696,4.09500000000003,4.63799999999998,0.117237044742265,0.54299999999995,"2011",4,2025-04-08
2011-04-09,4.59594434782609,4.31,4.88499999999999,0.113278096784103,0.574999999999989,"2011",4,2025-04-09
2011-04-10,4.66226956521739,4.346,4.88,0.0981841689925184,0.533999999999992,"2011",4,2025-04-10
2011-04-11,4.67622434782609,4.40499999999997,4.82999999999998,0.0897949081994887,0.425000000000011,"2011",4,2025-04-11
2011-04-12,4.61794608695652,4.45499999999998,4.73599999999999,0.0677745716231619,0.281000000000006,"2011",4,2025-04-12
2011-04-13,5.79061391304348,5.38999999999999,5.94099999999997,0.135679091366227,0.550999999999988,"2011",4,2025-04-13
2011-04-14,5.87272869565217,5.262,6.06999999999999,0.148579380093814,0.807999999999993,"2011",4,2025-04-14
2011-04-15,5.87120173913043,5.15600000000001,6.10199999999998,0.17466675387681,0.94599999999997,"2011",4,2025-04-15
2011-04-16,5.91281043478261,5.25900000000001,6.10599999999999,0.157719883221486,0.84699999999998,"2011",4,2025-04-16
2011-04-17,5.90049043478261,5.53500000000003,6.05500000000001,0.133412682019658,0.519999999999982,"2011",4,2025-04-17
2011-04-18,5.25378608695652,5.09300000000002,5.39300000000003,0.072603340847768,0.300000000000011,"2011",4,2025-04-18
2011-04-19,5.16768173913044,4.97800000000001,5.32600000000002,0.0818194957967892,0.348000000000013,"2011",4,2025-04-19
2011-04-20,5.27008347826087,5.04300000000001,5.43900000000002,0.104007856117804,0.396000000000015,"2011",4,2025-04-20
2011-04-21,5.37283130434782,5.00799999999998,5.85300000000001,0.228865672136391,0.845000000000027,"2011",4,2025-04-21
2011-04-22,5.40950434782609,4.988,5.98700000000002,0.257419422591624,0.999000000000024,"2011",4,2025-04-22
2011-04-23,5.39735652173913,5.07499999999999,5.78899999999999,0.193706169204495,0.713999999999999,"2011",4,2025-04-23
2011-04-24,5.59750782608696,5.29599999999999,5.858,0.117510913680884,0.562000000000012,"2011",4,2025-04-24
2011-04-25,5.69561043478261,5.392,6.26299999999998,0.179415518041005,0.870999999999981,"2011",4,2025-04-25
2011-04-26,5.74631130434783,5.56700000000001,6.28199999999998,0.150448118533424,0.714999999999975,"2011",4,2025-04-26
2011-04-27,5.85629913043478,5.666,6.17099999999999,0.127636178212879,0.504999999999995,"2011",4,2025-04-27
2011-04-28,7.48604173913044,7.34800000000001,7.53500000000003,0.0387749469715899,0.187000000000012,"2011",4,2025-04-28
2011-04-29,8.12063304347826,7.65100000000001,8.38299999999998,0.189146789466434,0.731999999999971,"2011",4,2025-04-29
2011-04-30,8.61212869565217,7.76600000000002,9.065,0.312823247386505,1.29899999999998,"2011",4,2025-04-30
2011-05-01,8.89378260869565,7.702,9.32999999999998,0.282845921002984,1.62799999999999,"2011",5,2025-05-01
2011-05-02,8.9393147826087,7.92099999999999,9.35500000000002,0.278917119632875,1.43400000000003,"2011",5,2025-05-02
2011-05-03,8.86596695652174,8.35699999999997,9.12599999999998,0.178244753880772,0.769000000000005,"2011",5,2025-05-03
2011-05-04,8.75259652173913,8.41399999999999,8.952,0.140494437953588,0.538000000000011,"2011",5,2025-05-04
2011-05-05,8.22662956521739,7.91500000000002,8.46100000000001,0.133807665919669,0.545999999999992,"2011",5,2025-05-05
2011-05-06,8.3147252173913,8.03100000000001,8.488,0.101777329064028,0.456999999999994,"2011",5,2025-05-06
2011-05-07,8.43509217391304,8.209,8.60000000000002,0.0779187698487548,0.39100000000002,"2011",5,2025-05-07
2011-05-08,8.46363826086956,8.238,8.66899999999998,0.0941024606374111,0.430999999999983,"2011",5,2025-05-08
2011-05-09,8.54842086956522,8.35399999999998,8.75799999999998,0.0907460958890427,0.403999999999996,"2011",5,2025-05-09
2011-05-10,8.59967652173913,8.36599999999999,8.80599999999998,0.106631507795677,0.439999999999998,"2011",5,2025-05-10
2011-05-11,8.56921739130435,8.33100000000002,8.71899999999999,0.099495853100136,0.387999999999977,"2011",5,2025-05-11
2011-05-12,8.63423826086957,8.21800000000002,9.01600000000002,0.219414759897966,0.798000000000002,"2011",5,2025-05-12
2011-05-13,8.63353391304348,8.298,9.06799999999998,0.22064138801626,0.769999999999982,"2011",5,2025-05-13
2011-05-14,8.48390956521739,8.15699999999998,8.74400000000003,0.13278049855626,0.587000000000046,"2011",5,2025-05-14
2011-05-15,8.40690608695652,8.197,8.642,0.0840042612231718,0.444999999999993,"2011",5,2025-05-15
2011-05-16,8.32068347826087,8.01800000000003,8.59399999999999,0.143361877298133,0.575999999999965,"2011",5,2025-05-16
2011-05-17,7.58175826086956,7.40699999999998,7.733,0.0847093555037587,0.326000000000022,"2011",5,2025-05-17
2011-05-18,7.3727252173913,7.15199999999999,7.56799999999998,0.107880956009833,0.415999999999997,"2011",5,2025-05-18
2011-05-19,7.75348869565217,7.51999999999998,7.964,0.107146108819012,0.444000000000017,"2011",5,2025-05-19
2011-05-20,7.86819478260869,7.63900000000001,8.10199999999998,0.114328460309947,0.462999999999965,"2011",5,2025-05-20
2011-05-21,8.05316869565217,7.78300000000002,8.34300000000002,0.138779452011314,0.560000000000002,"2011",5,2025-05-21
2011-05-22,8.04072347826087,7.74599999999998,8.35000000000002,0.147866199483023,0.604000000000042,"2011",5,2025-05-22
2011-05-23,8.55725913043478,8.28100000000001,8.75900000000001,0.115896914347795,0.478000000000009,"2011",5,2025-05-23
2011-05-24,8.91924173913043,8.75999999999999,9.072,0.0777670894789645,0.312000000000012,"2011",5,2025-05-24
2011-05-25,9.26850608695652,9.15499999999997,9.35699999999997,0.0442483828853833,0.201999999999998,"2011",5,2025-05-25
2011-05-26,9.46282956521739,9.33300000000003,9.58600000000001,0.0561542688656133,0.252999999999986,"2011",5,2025-05-26
2011-05-27,10.0050591304348,9.71199999999999,10.285,0.12820406472412,0.573000000000036,"2011",5,2025-05-27
2011-05-28,10.942267826087,10.651,11.232,0.12776440613579,0.58099999999996,"2011",5,2025-05-28
2011-05-29,12.1878991304348,12.028,12.341,0.071897988970887,0.312999999999988,"2011",5,2025-05-29
2011-05-30,12.279547826087,12.12,12.41,0.0632793766017476,0.29000000000002,"2011",5,2025-05-30
2011-05-31,12.4101304347826,12.27,12.556,0.0570833063430206,0.286000000000001,"2011",5,2025-05-31
2011-06-01,12.304652173913,12.031,12.49,0.099600180117366,0.459000000000003,"2011",6,2025-06-01
2011-06-02,12.0934904347826,11.644,12.529,0.185898850851929,0.884999999999991,"2011",6,2025-06-02
2011-06-03,11.6235913043478,11.281,12.093,0.206046614243786,0.812000000000012,"2011",6,2025-06-03
2011-06-04,11.5540956521739,11.082,12.267,0.275135189257615,1.185,"2011",6,2025-06-04
2011-06-05,11.4977286956522,11.101,12.065,0.193536587203235,0.963999999999999,"2011",6,2025-06-05
2011-06-06,11.9822052173913,11.536,12.588,0.244547095370738,1.05200000000002,"2011",6,2025-06-06
2011-06-07,12.8792069565217,12.189,13.353,0.319254467913188,1.16399999999999,"2011",6,2025-06-07
2011-06-08,13.643732173913,13.414,13.851,0.0816760486599864,0.437000000000012,"2011",6,2025-06-08
2011-06-09,13.7194156521739,13.416,13.939,0.110026522452927,0.523000000000025,"2011",6,2025-06-09
2011-06-10,14.1595652173913,13.942,14.304,0.0533947775759295,0.361999999999966,"2011",6,2025-06-10
2011-06-11,14.5954539130435,14.184,14.846,0.14341713561729,0.661999999999978,"2011",6,2025-06-11
2011-06-12,13.255707826087,12.769,13.656,0.219096381965138,0.887,"2011",6,2025-06-12
2011-06-13,13.044652173913,12.53,13.487,0.239023020317671,0.95700000000005,"2011",6,2025-06-13
2011-06-14,12.9629217391304,12.487,13.436,0.192670122474999,0.948999999999955,"2011",6,2025-06-14
2011-06-15,13.0455947826087,12.512,13.501,0.16819713516987,0.988999999999976,"2011",6,2025-06-15
2011-06-16,13.0197634782609,12.324,13.44,0.188688245697859,1.11599999999999,"2011",6,2025-06-16
2011-06-17,13.3311217391304,12.684,13.849,0.231323368541112,1.16499999999996,"2011",6,2025-06-17
2011-06-18,14.1121165217391,13.652,14.386,0.128686389130563,0.734000000000037,"2011",6,2025-06-18
2011-06-19,14.2112226086957,13.697,14.673,0.243421336112338,0.975999999999999,"2011",6,2025-06-19
2011-06-20,14.2804765217391,13.6,14.834,0.337537628391584,1.23399999999998,"2011",6,2025-06-20
2011-06-21,14.2492591304348,13.589,14.634,0.27136252668293,1.04500000000002,"2011",6,2025-06-21
2011-06-22,13.9921530434783,13.631,14.287,0.132108078788314,0.656000000000006,"2011",6,2025-06-22
2011-06-23,13.8348313043478,13.323,14.345,0.225774357140868,1.02200000000005,"2011",6,2025-06-23
2011-06-24,13.7423930434783,13.224,14.2,0.219415461850932,0.975999999999999,"2011",6,2025-06-24
2011-06-25,13.6138156521739,13.072,14.115,0.249380865606984,1.04300000000001,"2011",6,2025-06-25
2011-06-26,13.6436452173913,13.152,14.112,0.233438214614526,0.960000000000036,"2011",6,2025-06-26
2011-06-27,14.2098017391304,13.581,14.691,0.252140292644134,1.10999999999996,"2011",6,2025-06-27
2011-06-28,14.4486939130435,13.818,14.999,0.275414461602415,1.18100000000004,"2011",6,2025-06-28
2011-06-29,14.8072295652174,14.02,15.153,0.250507233502882,1.13300000000004,"2011",6,2025-06-29
2011-06-30,14.9663008695652,13.981,15.438,0.266539035421501,1.45699999999999,"2011",6,2025-06-30
2011-07-01,15.0249669565217,14.274,15.323,0.219200377569099,1.04899999999998,"2011",7,2025-07-01
2011-07-02,15.5189495652174,14.659,16.02,0.332565001210739,1.36099999999999,"2011",7,2025-07-02
2011-07-03,16.2049252173913,15.278,16.586,0.295325226100545,1.30799999999999,"2011",7,2025-07-03
2011-07-04,16.5285217391304,15.663,17.315,0.394022907146088,1.65199999999999,"2011",7,2025-07-04
2011-07-05,17.1782034782609,16.513,17.638,0.207690818155424,1.125,"2011",7,2025-07-05
2011-07-06,17.7184834782609,17.172,18.174,0.21037355854342,1.00199999999995,"2011",7,2025-07-06
2011-07-07,17.9282539130435,17.208,18.413,0.31770184927471,1.20499999999998,"2011",7,2025-07-07
2011-07-08,18.0403739130435,17.306,18.39,0.229937389632564,1.084,"2011",7,2025-07-08
2011-07-09,17.6292852173913,17.169,17.863,0.13742829124331,0.694000000000017,"2011",7,2025-07-09
2011-07-10,17.3482834782609,17.019,17.674,0.127058155585435,0.654999999999973,"2011",7,2025-07-10
2011-07-11,17.4027147826087,17.065,17.74,0.133313345641168,0.675000000000011,"2011",7,2025-07-11
2011-07-12,17.5521982608696,17.178,17.885,0.149450663075927,0.706999999999994,"2011",7,2025-07-12
2011-07-13,18.2531843478261,18.058,18.315,0.0437861539840505,0.257000000000005,"2011",7,2025-07-13
2011-07-14,17.3514,16.952,17.761,0.176537062666097,0.809000000000026,"2011",7,2025-07-14
2011-07-15,17.0322295652174,16.529,17.505,0.208653847422557,0.975999999999999,"2011",7,2025-07-15
2011-07-16,16.8760452173913,16.403,17.286,0.169957766963234,0.882999999999981,"2011",7,2025-07-16
2011-07-17,17.8684608695652,17.217,18.391,0.293465538727882,1.17400000000004,"2011",7,2025-07-17
2011-07-18,17.6974852173913,17.572,17.847,0.0664381195985974,0.274999999999977,"2011",7,2025-07-18
2011-07-19,17.8623704347826,17.591,18.036,0.0977619424020153,0.444999999999993,"2011",7,2025-07-19
2011-07-20,17.8989252173913,17.585,18.1,0.110620295599476,0.515000000000043,"2011",7,2025-07-20
2011-07-21,17.7207982608696,17.381,17.974,0.125752803518605,0.593000000000018,"2011",7,2025-07-21
2011-07-22,17.4366156521739,16.858,17.934,0.228990893642755,1.07600000000002,"2011",7,2025-07-22
2011-07-23,17.874427826087,17.524,18.111,0.132421844379842,0.586999999999989,"2011",7,2025-07-23
2011-07-24,17.783707826087,17.502,18.117,0.148933788546124,0.615000000000009,"2011",7,2025-07-24
2011-07-25,17.7172347826087,17.455,18.289,0.212930389339894,0.834000000000003,"2011",7,2025-07-25
2011-07-26,17.7171460869565,17.561,18.036,0.137474557219672,0.475000000000023,"2011",7,2025-07-26
2011-07-27,18.2937843478261,18.146,18.399,0.0680666211250205,0.252999999999986,"2011",7,2025-07-27
2011-07-28,18.4704660869565,18.195,18.824,0.128239167677615,0.629000000000019,"2011",7,2025-07-28
2011-07-29,18.5699460869565,17.954,18.904,0.164466730528363,0.949999999999989,"2011",7,2025-07-29
2011-07-30,19.0850243478261,18.716,19.386,0.113190226082975,0.670000000000016,"2011",7,2025-07-30
2011-07-31,19.1466556521739,18.827,19.652,0.172614915614386,0.824999999999989,"2011",7,2025-07-31
2011-08-01,19.2061773913043,18.853,19.561,0.128534881896952,0.70799999999997,"2011",8,2025-08-01
2011-08-02,19.0339339130435,18.747,19.409,0.110180146190013,0.661999999999978,"2011",8,2025-08-02
2011-08-03,18.4816434782609,17.8,19.385,0.322215230708874,1.58499999999998,"2011",8,2025-08-03
2011-08-04,18.5739043478261,17.538,19.332,0.367639711856155,1.79399999999998,"2011",8,2025-08-04
2011-08-05,18.9017443478261,17.74,19.582,0.386733757238791,1.84199999999998,"2011",8,2025-08-05
2011-08-06,18.9307373913043,17.906,19.435,0.289506155706211,1.529,"2011",8,2025-08-06
2011-08-07,19.0142556521739,18.009,19.47,0.291926185777733,1.46100000000001,"2011",8,2025-08-07
2011-08-08,19.1615113043478,18.276,19.46,0.219402791236353,1.18399999999997,"2011",8,2025-08-08
2011-08-09,19.1728434782609,18.427,19.553,0.189779240506577,1.12599999999998,"2011",8,2025-08-09
2011-08-10,19.0338573913043,18.113,19.256,0.237579652170777,1.14299999999997,"2011",8,2025-08-10
2011-08-11,18.2223304347826,17.327,18.593,0.332070532203363,1.26600000000002,"2011",8,2025-08-11
2011-08-12,17.5876695652174,17.129,17.973,0.152799960421666,0.843999999999994,"2011",8,2025-08-12
2011-08-13,18.0496173913043,17.425,18.441,0.183515694560375,1.01599999999996,"2011",8,2025-08-13
2011-08-14,18.0086417391304,17.323,18.373,0.236503096451434,1.05000000000001,"2011",8,2025-08-14
2011-08-15,17.9153147826087,17.229,18.413,0.23599027774941,1.18400000000003,"2011",8,2025-08-15
2011-08-16,17.1587095652174,16.503,17.594,0.224043411739527,1.09100000000001,"2011",8,2025-08-16
2011-08-17,17.0508956521739,16.578,17.501,0.152089704750743,0.923000000000002,"2011",8,2025-08-17
2011-08-18,17.4377495652174,16.92,18.04,0.273685123690078,1.12,"2011",8,2025-08-18
2011-08-19,17.6983147826087,17.039,18.69,0.473778613129006,1.65100000000001,"2011",8,2025-08-19
2011-08-20,17.9327547826087,17.485,18.584,0.313950378978169,1.09899999999999,"2011",8,2025-08-20
2011-08-21,17.7330139130435,17.227,18.542,0.262656211653895,1.315,"2011",8,2025-08-21
2011-08-22,17.3817060869565,17.109,17.779,0.113508394512941,0.670000000000016,"2011",8,2025-08-22
2011-08-23,17.0107234782609,16.582,17.282,0.130141969069613,0.699999999999989,"2011",8,2025-08-23
2011-08-24,17.0240208695652,16.545,17.453,0.162874397159632,0.907999999999959,"2011",8,2025-08-24
2011-08-25,16.8629182608696,16.408,17.227,0.179039827573638,0.81899999999996,"2011",8,2025-08-25
2011-08-26,16.8394434782609,16.383,17.416,0.237932096984281,1.03300000000002,"2011",8,2025-08-26
2011-08-27,17.0017756521739,16.78,17.429,0.173808988728848,0.649000000000001,"2011",8,2025-08-27
2011-08-28,16.968027826087,16.765,17.274,0.115863787883992,0.509000000000015,"2011",8,2025-08-28
2011-08-29,16.4353704347826,16.239,16.722,0.0920054734149671,0.483000000000004,"2011",8,2025-08-29
2011-08-30,16.4764191304348,15.842,17.298,0.422545162812175,1.45600000000002,"2011",8,2025-08-30
2011-08-31,16.6609443478261,15.903,17.596,0.527754542874449,1.69299999999998,"2011",8,2025-08-31
2011-09-01,16.8146504347826,16.329,17.368,0.292869108773022,1.03899999999999,"2011",9,2025-09-01
2011-09-02,17.530892173913,17.147,18.083,0.250579201228816,0.936000000000035,"2011",9,2025-09-02
2011-09-03,17.7480295652174,17.135,18.214,0.297899348392135,1.07900000000001,"2011",9,2025-09-03
2011-09-04,18.07096,17.418,18.439,0.209231004824311,1.02100000000002,"2011",9,2025-09-04
2011-09-05,18.1832365217391,17.64,18.461,0.133211313575595,0.821000000000026,"2011",9,2025-09-05
2011-09-06,18.1317356521739,17.825,18.352,0.106128807242464,0.526999999999987,"2011",9,2025-09-06
2011-09-07,16.7526313043478,16.642,16.839,0.0483318565369639,0.197000000000003,"2011",9,2025-09-07
2011-09-08,16.832307826087,16.688,16.947,0.0755228755383848,0.259000000000015,"2011",9,2025-09-08
2011-09-09,16.8564782608696,16.622,17.125,0.127579840945916,0.502999999999986,"2011",9,2025-09-09
2011-09-10,16.9507947826087,16.657,17.23,0.123424297103887,0.573000000000036,"2011",9,2025-09-10
2011-09-11,16.8185373913043,16.512,17.101,0.0995658777773439,0.588999999999999,"2011",9,2025-09-11
2011-09-12,16.9065426086957,16.548,17.174,0.180049570729874,0.625999999999976,"2011",9,2025-09-12
2011-09-13,17.1627565217391,16.797,17.515,0.210086932035933,0.717999999999961,"2011",9,2025-09-13
2011-09-14,17.28608,17.094,17.494,0.103157201508167,0.400000000000034,"2011",9,2025-09-14
2011-09-15,17.0064991304348,16.737,17.308,0.116336303242814,0.57099999999997,"2011",9,2025-09-15
2011-09-16,16.3249113043478,15.831,16.989,0.375270723362156,1.15799999999996,"2011",9,2025-09-16
2011-09-17,15.77388,15.544,16.188,0.163308181760637,0.644000000000005,"2011",9,2025-09-17
2011-09-18,15.4800660869565,15.151,15.848,0.164449061665748,0.697000000000003,"2011",9,2025-09-18
2011-09-19,15.3579895652174,15.036,15.784,0.17079108791076,0.74799999999999,"2011",9,2025-09-19
2011-09-20,15.3695634782609,15.042,15.811,0.192302504839826,0.769000000000005,"2011",9,2025-09-20
2011-09-21,15.6658608695652,15.287,16.372,0.274033591335856,1.08500000000004,"2011",9,2025-09-21
2011-09-22,16.1546886956522,15.717,16.74,0.24504544581891,1.02300000000002,"2011",9,2025-09-22
2011-09-23,16.3929060869565,16.05,16.76,0.160228185112195,0.70999999999998,"2011",9,2025-09-23
2011-09-24,17.1310747826087,16.995,17.312,0.0785674191096662,0.317000000000007,"2011",9,2025-09-24
2011-09-25,17.6479756521739,17.562,17.835,0.0487366466859614,0.272999999999968,"2011",9,2025-09-25
2011-09-26,17.618547826087,17.479,17.865,0.0986324648723681,0.386000000000024,"2011",9,2025-09-26
2011-09-27,17.4943826086957,17.287,17.904,0.151379451620666,0.617000000000019,"2011",9,2025-09-27
2011-09-28,17.2070817391304,16.823,17.633,0.215848431942145,0.810000000000002,"2011",9,2025-09-28
2011-09-29,16.995627826087,16.766,17.37,0.148343186451283,0.603999999999985,"2011",9,2025-09-29
2011-09-30,16.9522973913043,16.734,17.308,0.134517217439285,0.574000000000012,"2011",9,2025-09-30
2011-10-01,16.7917408695652,16.479,16.991,0.103517208836863,0.512,"2011",10,2025-10-01
2011-10-02,16.6792834782609,16.236,16.928,0.149965006330708,0.692000000000007,"2011",10,2025-10-02
2011-10-03,15.7138382608696,15.362,16.045,0.148291865182148,0.682999999999993,"2011",10,2025-10-03
2011-10-04,14.296932173913,13.643,14.717,0.27570878047052,1.07400000000001,"2011",10,2025-10-04
2011-10-05,14.4492539130435,13.702,14.762,0.267259510994914,1.06,"2011",10,2025-10-05
2011-10-06,14.4653286956522,13.801,14.788,0.247704151105259,0.987000000000023,"2011",10,2025-10-06
2011-10-07,14.2782886956522,13.642,14.713,0.301732154097372,1.07100000000003,"2011",10,2025-10-07
2011-10-08,14.3075060869565,13.64,14.746,0.301039232885689,1.10599999999999,"2011",10,2025-10-08
2011-10-09,14.8537217391304,14.217,15.407,0.261643057777923,1.19,"2011",10,2025-10-09
2011-10-10,15.0980243478261,14.419,15.866,0.298156623653492,1.447,"2011",10,2025-10-10
2011-10-11,15.3888208695652,14.657,16.254,0.327492847887342,1.59700000000004,"2011",10,2025-10-11
2011-10-12,15.3870973913043,14.654,16.178,0.343378983612731,1.524,"2011",10,2025-10-12
2011-10-13,14.8628886956522,14.328,15.414,0.24844504884097,1.08600000000001,"2011",10,2025-10-13
2011-10-14,14.31884,13.9,14.536,0.120143956045304,0.636000000000024,"2011",10,2025-10-14
2011-10-15,14.310947826087,13.876,14.601,0.169787428251635,0.725000000000023,"2011",10,2025-10-15
2011-10-16,14.239532173913,13.834,14.463,0.145202940734268,0.629000000000019,"2011",10,2025-10-16
2011-10-17,13.133627826087,12.842,13.489,0.152210336970937,0.646999999999991,"2011",10,2025-10-17
2011-10-18,12.8812243478261,12.588,13.107,0.107770485082563,0.518999999999949,"2011",10,2025-10-18
2011-10-19,12.7864556521739,12.575,12.933,0.0765791091854822,0.358000000000004,"2011",10,2025-10-19
2011-10-20,12.63772,12.447,12.928,0.122285422677044,0.480999999999995,"2011",10,2025-10-20
2011-10-21,12.3636817391304,12.208,12.746,0.1099911047897,0.537999999999954,"2011",10,2025-10-21
2011-10-22,12.3803565217391,12.277,12.62,0.0825134126257168,0.343000000000018,"2011",10,2025-10-22
2011-10-23,11.967147826087,11.844,12.248,0.0884326791212101,0.403999999999996,"2011",10,2025-10-23
2011-10-24,11.6714,11.451,11.877,0.0985615709861675,0.425999999999988,"2011",10,2025-10-24
2011-10-25,11.9210086956522,11.71,12.337,0.145009160809511,0.62700000000001,"2011",10,2025-10-25
2011-10-26,11.8738643478261,11.558,12.374,0.182015943988653,0.816000000000031,"2011",10,2025-10-26
2011-10-27,11.8574017391304,11.619,12.201,0.145703114441475,0.581999999999994,"2011",10,2025-10-27
2011-10-28,11.5770817391304,11.486,11.73,0.0455037839346457,0.244000000000028,"2011",10,2025-10-28
2011-10-29,10.8372295652174,10.79,10.914,0.0295000648848066,0.123999999999967,"2011",10,2025-10-29
2011-10-30,10.5614591304348,10.517,10.66,0.0267455681816832,0.143000000000029,"2011",10,2025-10-30
2011-10-31,10.3463495652174,10.27,10.602,0.0743020806846044,0.331999999999994,"2011",10,2025-10-31
2011-11-01,10.3412765217391,10.258,10.665,0.0907365431710195,0.407000000000039,"2011",11,2025-11-01
2011-11-02,10.376467826087,10.214,10.799,0.124535129692373,0.58499999999998,"2011",11,2025-11-02
2011-11-03,10.4595547826087,10.299,10.913,0.159708608921598,0.614000000000033,"2011",11,2025-11-03
2011-11-04,10.0711130434783,9.94499999999999,10.395,0.0988862688524048,0.449999999999989,"2011",11,2025-11-04
2011-11-05,10.0537982608696,9.89100000000002,10.487,0.142169554500728,0.596000000000004,"2011",11,2025-11-05
2011-11-06,10.3396086956522,9.99900000000002,10.89,0.231029113195213,0.890999999999963,"2011",11,2025-11-06
2011-11-07,10.3738713043478,10.093,10.825,0.206991004856495,0.731999999999971,"2011",11,2025-11-07
2011-11-08,10.3607217391304,10.198,10.632,0.121496171332837,0.434000000000026,"2011",11,2025-11-08
2011-11-09,10.4158817391304,10.232,10.673,0.129131607489103,0.441000000000031,"2011",11,2025-11-09
2011-11-10,10.4574608695652,10.212,10.863,0.186677024883759,0.65100000000001,"2011",11,2025-11-10
2011-11-11,10.3922469565217,10.155,10.75,0.155208048146229,0.595000000000027,"2011",11,2025-11-11
2011-11-12,10.3554869565217,10.131,10.775,0.17707353760954,0.644000000000005,"2011",11,2025-11-12
2011-11-13,10.438532173913,10.242,10.833,0.164095351066938,0.591000000000008,"2011",11,2025-11-13
2011-11-14,10.5129426086957,10.308,10.794,0.125900443953181,0.48599999999999,"2011",11,2025-11-14
2011-11-15,10.058692173913,9.964,10.382,0.0983537357848025,0.418000000000006,"2011",11,2025-11-15
2011-11-16,10.1124852173913,9.97899999999998,10.438,0.115806516100511,0.459000000000003,"2011",11,2025-11-16
2011-11-17,9.94311130434783,9.80799999999999,10.328,0.122490708433239,0.519999999999982,"2011",11,2025-11-17
2011-11-18,10.0654573913043,9.839,10.374,0.122933388283474,0.535000000000025,"2011",11,2025-11-18
2011-11-19,10.0397808695652,9.80099999999999,10.288,0.119667326248096,0.487000000000023,"2011",11,2025-11-19
2011-11-20,9.98365043478261,9.72300000000001,10.286,0.145039792313489,0.562999999999988,"2011",11,2025-11-20
2011-11-21,9.71909565217391,9.56999999999999,10.049,0.107940038031917,0.478999999999985,"2011",11,2025-11-21
2011-11-22,9.68846086956522,9.39699999999999,10.044,0.15345319497496,0.646999999999991,"2011",11,2025-11-22
2011-11-23,9.61006086956522,9.50599999999997,9.90899999999999,0.0924701936115613,0.40300000000002,"2011",11,2025-11-23
2011-11-24,9.26198260869565,9.09800000000001,9.57100000000003,0.0989247049931978,0.473000000000013,"2011",11,2025-11-24
2011-11-25,9.29834956521739,9.04599999999999,9.71300000000002,0.129638271448005,0.66700000000003,"2011",11,2025-11-25
2011-11-26,9.55729913043478,9.29399999999998,10.121,0.213984631598203,0.826999999999998,"2011",11,2025-11-26
2011-11-27,9.66346608695652,9.47300000000001,10.01,0.137505154092161,0.536999999999978,"2011",11,2025-11-27
2011-11-28,9.34174086956522,9.238,9.56299999999999,0.0820284898834101,0.324999999999989,"2011",11,2025-11-28
2011-11-29,9.27624173913043,9.02300000000002,9.80799999999999,0.20820863379939,0.784999999999968,"2011",11,2025-11-29
2011-11-30,9.50175652173913,8.95400000000001,10.125,0.312927082135,1.17099999999999,"2011",11,2025-11-30
2011-12-01,9.33358956521739,8.86399999999998,10.061,0.346794924633498,1.197,"2011",12,2025-12-01
2011-12-02,9.02403130434782,8.78100000000001,9.48599999999999,0.155963630602123,0.704999999999984,"2011",12,2025-12-02
2011-12-03,8.98166956521739,8.84500000000003,9.28399999999999,0.079612423712587,0.438999999999965,"2011",12,2025-12-03
2011-12-04,8.89979130434783,8.67099999999999,9.15600000000001,0.115869361711745,0.485000000000014,"2011",12,2025-12-04
2011-12-05,8.62651826086956,8.46199999999999,8.97000000000003,0.118501632313997,0.508000000000038,"2011",12,2025-12-05
2011-12-06,8.60562260869565,8.452,8.928,0.108344970298587,0.475999999999999,"2011",12,2025-12-06
2011-12-07,8.37225217391304,8.13999999999999,8.77999999999997,0.14543564518324,0.639999999999986,"2011",12,2025-12-07
2011-12-08,8.26293565217391,8.05799999999999,8.63099999999997,0.132190725235193,0.572999999999979,"2011",12,2025-12-08
2011-12-09,8.50778956521739,8.33499999999998,8.63099999999997,0.0761181405415096,0.295999999999992,"2011",12,2025-12-09
2011-12-10,8.53683304347826,8.12200000000001,9.05799999999999,0.226275201580901,0.935999999999979,"2011",12,2025-12-10
2011-12-11,8.48102782608696,8.01800000000003,9.10399999999998,0.258199115406086,1.08599999999996,"2011",12,2025-12-11
2011-12-12,8.32806434782609,8,8.97899999999998,0.222069599454697,0.978999999999985,"2011",12,2025-12-12
2011-12-13,8.03857217391304,7.87900000000002,8.44200000000001,0.126572249786428,0.562999999999988,"2011",12,2025-12-13
2011-12-14,8.29265217391304,8.238,8.44799999999998,0.049924584846497,0.20999999999998,"2011",12,2025-12-14
2011-12-15,8.55884,8.36700000000002,9.00099999999998,0.152642560771512,0.633999999999958,"2011",12,2025-12-15
2011-12-16,8.54977043478261,8.32600000000002,9.02300000000002,0.173928174617482,0.697000000000003,"2011",12,2025-12-16
2011-12-17,8.37980869565217,8.06999999999999,8.98099999999999,0.218141073158675,0.911000000000001,"2011",12,2025-12-17
2011-12-18,8.33773739130435,8.08800000000002,8.65499999999997,0.13570263238306,0.56699999999995,"2011",12,2025-12-18
2011-12-19,7.62873217391304,7.49700000000001,7.76400000000001,0.0644371334875725,0.266999999999996,"2011",12,2025-12-19
2011-12-20,7.60493043478261,7.40199999999999,7.99000000000001,0.16206433540661,0.588000000000022,"2011",12,2025-12-20
2011-12-21,7.59639130434783,7.36700000000002,7.97199999999998,0.167630156183881,0.604999999999961,"2011",12,2025-12-21
2011-12-22,7.34331130434783,7.19099999999997,7.69600000000003,0.127755668894601,0.505000000000052,"2011",12,2025-12-22
2011-12-23,7.24961043478261,7.065,7.73599999999999,0.131334033907264,0.670999999999992,"2011",12,2025-12-23
2011-12-24,7.22610782608696,7.00799999999998,7.81299999999999,0.174479641069395,0.805000000000007,"2011",12,2025-12-24
2011-12-25,7.18469217391304,7.02100000000002,7.58499999999998,0.130770062549512,0.563999999999965,"2011",12,2025-12-25
2011-12-26,7.25186956521739,7.11399999999998,7.625,0.0982171846537502,0.511000000000024,"2011",12,2025-12-26
2011-12-27,7.34590086956522,7.21899999999999,7.76600000000002,0.102707064153918,0.547000000000025,"2011",12,2025-12-27
2011-12-28,7.40851304347826,7.19900000000001,7.87599999999998,0.157912270290553,0.676999999999964,"2011",12,2025-12-28
2011-12-29,7.40999130434783,7.21699999999998,7.93000000000001,0.164506414924864,0.713000000000022,"2011",12,2025-12-29
2011-12-30,7.34383478260869,7.173,7.85199999999998,0.158522266235984,0.678999999999974,"2011",12,2025-12-30
2011-12-31,7.52254782608696,7.41199999999998,7.72800000000001,0.0823711583389604,0.316000000000031,"2011",12,2025-12-31
2012-01-01,7.44976695652174,7.27800000000002,7.69099999999997,0.105705781046472,0.412999999999954,"2012",1,2025-01-01
2012-01-02,7.22659304347826,7.04199999999997,7.70999999999998,0.15077643863116,0.668000000000006,"2012",1,2025-01-02
2012-01-03,7.15384695652174,6.947,7.69999999999999,0.188099529459489,0.752999999999986,"2012",1,2025-01-03
2012-01-04,7.19278260869565,7.02100000000002,7.58800000000002,0.134945154855472,0.567000000000007,"2012",1,2025-01-04
2012-01-05,6.9714347826087,6.85300000000001,7.17599999999999,0.0577032735432707,0.322999999999979,"2012",1,2025-01-05
2012-01-06,6.92853043478261,6.78899999999999,7.173,0.0712050728504393,0.384000000000015,"2012",1,2025-01-06
2012-01-07,6.73129043478261,6.637,6.99599999999998,0.0755678445132252,0.35899999999998,"2012",1,2025-01-07
2012-01-08,6.42756869565217,6.24799999999999,6.91399999999999,0.14863013887531,0.665999999999997,"2012",1,2025-01-08
2012-01-09,6.21665565217391,6.00200000000001,6.74000000000001,0.15756272916581,0.738,"2012",1,2025-01-09
2012-01-10,6.20200869565217,6.017,6.58299999999997,0.148454670262879,0.565999999999974,"2012",1,2025-01-10
2012-01-11,6.57604869565217,6.315,6.80000000000001,0.112113592195219,0.485000000000014,"2012",1,2025-01-11
2012-01-12,6.81565391304348,6.51900000000001,6.99200000000002,0.103357032573486,0.473000000000013,"2012",1,2025-01-12
2012-01-13,6.33019304347826,6.15699999999998,6.52699999999999,0.0835117047459296,0.370000000000005,"2012",1,2025-01-13
2012-01-14,6.08996,5.93200000000002,6.79199999999997,0.161268231986599,0.859999999999957,"2012",1,2025-01-14
2012-01-15,6.02543304347826,5.83600000000001,6.85300000000001,0.185634617195578,1.017,"2012",1,2025-01-15
2012-01-16,5.97009391304348,5.81200000000001,6.59399999999999,0.134263333538682,0.781999999999982,"2012",1,2025-01-16
2012-01-17,6.11330956521739,6.01900000000001,6.32999999999998,0.0781127891908639,0.310999999999979,"2012",1,2025-01-17
2012-01-18,6.12241217391304,5.92700000000002,6.59100000000001,0.162541709012214,0.663999999999987,"2012",1,2025-01-18
2012-01-19,6.10710260869565,5.92099999999999,6.70400000000001,0.175861101679067,0.783000000000015,"2012",1,2025-01-19
2012-01-20,6.2268,6.09500000000003,6.62599999999998,0.130024387956314,0.530999999999949,"2012",1,2025-01-20
2012-01-21,6.26369739130435,6.17399999999998,6.41199999999998,0.0524029773153238,0.238,"2012",1,2025-01-21
2012-01-22,5.96700347826087,5.75999999999999,6.315,0.117124341988071,0.555000000000007,"2012",1,2025-01-22
2012-01-23,6.13304869565217,5.95100000000002,6.38400000000001,0.0945897121915318,0.432999999999993,"2012",1,2025-01-23
2012-01-24,6.27714956521739,5.99900000000002,6.529,0.126526533399092,0.529999999999973,"2012",1,2025-01-24
2012-01-25,6.47537565217391,6.35000000000002,6.58499999999998,0.0577069199035694,0.234999999999957,"2012",1,2025-01-25
2012-01-26,6.07150782608696,5.92399999999998,6.28199999999998,0.0833402383121195,0.358000000000004,"2012",1,2025-01-26
2012-01-27,5.62160173913044,5.46300000000002,5.88900000000001,0.0950544113229501,0.425999999999988,"2012",1,2025-01-27
2012-01-28,5.51817565217391,5.24700000000001,6.04899999999998,0.175595359894855,0.801999999999964,"2012",1,2025-01-28
2012-01-29,5.55250608695652,5.24900000000002,6.27300000000002,0.214314984122273,1.024,"2012",1,2025-01-29
2012-01-30,5.50566956521739,5.303,6.06200000000001,0.164312744725048,0.759000000000015,"2012",1,2025-01-30
2012-01-31,5.25597739130435,5.11799999999999,5.50999999999999,0.0741169702020279,0.391999999999996,"2012",1,2025-01-31
2012-02-01,5.34159130434782,5.202,5.548,0.0776761901523772,0.346000000000004,"2012",2,2025-02-01
2012-02-02,5.73741565217391,5.47000000000003,5.97500000000002,0.123154598595747,0.504999999999995,"2012",2,2025-02-02
2012-02-03,5.81244695652174,5.50299999999999,6.072,0.141197727105205,0.569000000000017,"2012",2,2025-02-03
2012-02-04,5.69272869565217,5.44499999999999,5.91699999999997,0.114784297604329,0.47199999999998,"2012",2,2025-02-04
2012-02-05,5.28448,5.04500000000002,5.70699999999999,0.129429702712518,0.661999999999978,"2012",2,2025-02-05
2012-02-06,5.08516869565217,4.91300000000001,5.53399999999999,0.111606581273182,0.620999999999981,"2012",2,2025-02-06
2012-02-07,5.08058434782609,4.923,5.60899999999998,0.132106450973179,0.685999999999979,"2012",2,2025-02-07
2012-02-08,5.02095826086956,4.76499999999999,5.57299999999998,0.187747806040253,0.807999999999993,"2012",2,2025-02-08
2012-02-09,4.96923304347826,4.63099999999997,5.48399999999998,0.215700418021843,0.853000000000009,"2012",2,2025-02-09
2012-02-10,4.95154260869565,4.61399999999998,5.53500000000003,0.223856454076068,0.921000000000049,"2012",2,2025-02-10
2012-02-11,4.94175652173913,4.55000000000001,5.49400000000003,0.242086868940296,0.944000000000017,"2012",2,2025-02-11
2012-02-12,4.78093043478261,4.41899999999998,5.41500000000002,0.257759440079619,0.996000000000038,"2012",2,2025-02-12
2012-02-13,4.70131826086956,4.28500000000003,5.48899999999998,0.298138389978298,1.20399999999995,"2012",2,2025-02-13
2012-02-14,4.75980347826087,4.21100000000001,5.80799999999999,0.396363893255154,1.59699999999998,"2012",2,2025-02-14
2012-02-15,4.95396,4.38099999999997,5.69999999999999,0.336984346248791,1.31900000000002,"2012",2,2025-02-15
2012-02-16,4.84719826086957,4.43799999999999,5.39300000000003,0.245923755918768,0.955000000000041,"2012",2,2025-02-16
2012-02-17,5.09036,4.73500000000001,5.548,0.197350951476754,0.812999999999988,"2012",2,2025-02-17
2012-02-18,5.03991130434783,4.714,5.52300000000002,0.194245966763011,0.809000000000026,"2012",2,2025-02-18
2012-02-19,4.83006086956522,4.56999999999999,5.47500000000002,0.237557779032878,0.90500000000003,"2012",2,2025-02-19
2012-02-20,4.79911304347826,4.548,5.40300000000002,0.247133953619616,0.855000000000018,"2012",2,2025-02-20
2012-02-21,4.84942434782609,4.59800000000001,5.30399999999997,0.19055761042391,0.70599999999996,"2012",2,2025-02-21
2012-02-22,4.85851304347826,4.54599999999999,5.40800000000002,0.249787420603183,0.862000000000023,"2012",2,2025-02-22
2012-02-23,4.90629043478261,4.60599999999999,5.51499999999999,0.235463027041336,0.908999999999992,"2012",2,2025-02-23
2012-02-24,4.95703826086956,4.69499999999999,5.53500000000003,0.21590124354809,0.840000000000032,"2012",2,2025-02-24
2012-02-25,4.92454782608696,4.69400000000002,5.30000000000001,0.152938000890381,0.605999999999995,"2012",2,2025-02-25
2012-02-26,4.81922608695652,4.577,5.42000000000002,0.198571512709524,0.843000000000018,"2012",2,2025-02-26
2012-02-27,4.77326956521739,4.50999999999999,5.56099999999998,0.22817929261293,1.05099999999999,"2012",2,2025-02-27
2012-02-28,4.65116869565217,4.44900000000001,5.11599999999999,0.169993987578256,0.666999999999973,"2012",2,2025-02-28
2012-02-29,4.49002260869565,4.34500000000003,5.07100000000003,0.154564177136263,0.725999999999999,"2012",2,NA
2012-03-01,4.31018782608695,3.928,4.86500000000001,0.225913429330543,0.937000000000012,"2012",3,2025-03-01
2012-03-02,4.93518782608696,4.55700000000002,5.25799999999998,0.160073032737329,0.700999999999965,"2012",3,2025-03-02
2012-03-03,4.77733913043478,4.39300000000003,5.41199999999998,0.200530441481873,1.01899999999995,"2012",3,2025-03-03
2012-03-04,4.6434052173913,4.33100000000002,5.47899999999998,0.251747448887792,1.14799999999997,"2012",3,2025-03-04
2012-03-05,4.44970434782609,3.99599999999998,5.399,0.380458566469306,1.40300000000002,"2012",3,2025-03-05
2012-03-06,4.33858608695652,3.81900000000002,5.322,0.414917408113012,1.50299999999999,"2012",3,2025-03-06
2012-03-07,4.22798608695652,3.81200000000001,4.93299999999999,0.303740685432944,1.12099999999998,"2012",3,2025-03-07
2012-03-08,4.30083304347826,3.971,4.63099999999997,0.146011192188151,0.659999999999968,"2012",3,2025-03-08
2012-03-09,4.39052347826087,3.97699999999998,4.72300000000001,0.134172956617689,0.746000000000038,"2012",3,2025-03-09
2012-03-10,4.68056173913044,4.45600000000002,4.98500000000001,0.108321157204007,0.528999999999996,"2012",3,2025-03-10
2012-03-11,5.23444869565217,4.928,5.80000000000001,0.230637535726356,0.872000000000014,"2012",3,2025-03-11
2012-03-12,5.23540695652174,4.875,5.88900000000001,0.269854279854337,1.01400000000001,"2012",3,2025-03-12
2012-03-13,5.24692521739131,4.92599999999999,5.79700000000003,0.21384271542742,0.871000000000038,"2012",3,2025-03-13
2012-03-14,5.35284347826087,4.95400000000001,5.66000000000003,0.141108354794315,0.706000000000017,"2012",3,2025-03-14
2012-03-15,5.16186956521739,4.80099999999999,5.334,0.102836082969998,0.533000000000015,"2012",3,2025-03-15
2012-03-16,5.37555130434783,5.09300000000002,5.52300000000002,0.0938263300092218,0.430000000000007,"2012",3,2025-03-16
2012-03-17,5.75006260869565,5.262,6.18900000000002,0.222678099828,0.927000000000021,"2012",3,2025-03-17
2012-03-18,5.99775130434783,5.75400000000002,6.35399999999998,0.112830910433892,0.599999999999966,"2012",3,2025-03-18
2012-03-19,6.27414956521739,5.89499999999998,6.524,0.134373725663782,0.629000000000019,"2012",3,2025-03-19
2012-03-20,6.6107652173913,6.03300000000002,7.22800000000001,0.223468833051846,1.19499999999999,"2012",3,2025-03-20
2012-03-21,7.18952173913044,6.44400000000002,7.76999999999998,0.382866070137424,1.32599999999996,"2012",3,2025-03-21
2012-03-22,7.42344869565217,6.92399999999998,7.79700000000003,0.159753546232972,0.873000000000047,"2012",3,2025-03-22
2012-03-23,7.62519304347826,7.22300000000001,7.86000000000001,0.116051964602533,0.637,"2012",3,2025-03-23
2012-03-24,7.25126260869565,6.92000000000002,7.54700000000003,0.112736436378216,0.62700000000001,"2012",3,2025-03-24
2012-03-25,6.23094608695652,6.09399999999999,6.43900000000002,0.105809368790575,0.345000000000027,"2012",3,2025-03-25
2012-03-26,5.58123826086956,5.09300000000002,6.02600000000001,0.301545826768618,0.932999999999993,"2012",3,2025-03-26
2012-03-27,5.49823130434782,4.99799999999999,6.03399999999999,0.315894334196129,1.036,"2012",3,2025-03-27
2012-03-28,5.31784869565217,4.88499999999999,5.863,0.295345477254531,0.978000000000009,"2012",3,2025-03-28
2012-03-29,5.02288173913043,4.71499999999997,5.358,0.163307590960318,0.643000000000029,"2012",3,2025-03-29
2012-03-30,5.07157043478261,4.79899999999998,5.36399999999998,0.147183540502185,0.564999999999998,"2012",3,2025-03-30
2012-03-31,5.39420695652174,4.92700000000002,5.77300000000002,0.239433442673924,0.846000000000004,"2012",3,2025-03-31
2012-04-01,5.44403130434783,4.93599999999998,5.86500000000001,0.279948686924967,0.92900000000003,"2012",4,2025-04-01
2012-04-02,5.40122086956522,4.93799999999999,5.78699999999998,0.2466929807299,0.84899999999999,"2012",4,2025-04-02
2012-04-03,5.41294608695652,5.209,5.51600000000002,0.0591473287307685,0.307000000000016,"2012",4,2025-04-03
2012-04-04,5.48542086956522,5.28699999999998,5.61700000000002,0.0594788655927814,0.330000000000041,"2012",4,2025-04-04
2012-04-05,5.52745217391304,5.22500000000002,5.76400000000001,0.113827888559468,0.538999999999987,"2012",4,2025-04-05
2012-04-06,5.63586956521739,5.26800000000003,5.87299999999999,0.130504777285775,0.604999999999961,"2012",4,2025-04-06
2012-04-07,5.83469739130435,5.47500000000002,6.15899999999999,0.16251797727462,0.683999999999969,"2012",4,2025-04-07
2012-04-08,5.96962608695652,5.62200000000001,6.22000000000003,0.139232344158059,0.598000000000013,"2012",4,2025-04-08
2012-04-09,5.78562956521739,5.517,5.90300000000002,0.0909396179173495,0.386000000000024,"2012",4,2025-04-09
2012-04-10,5.87283652173913,5.41899999999998,6.25299999999999,0.236891206277428,0.834000000000003,"2012",4,2025-04-10
2012-04-11,5.88740347826087,5.411,6.25299999999999,0.243226520053975,0.841999999999985,"2012",4,2025-04-11
2012-04-12,5.90427304347826,5.57499999999999,6.19999999999999,0.207259739296865,0.625,"2012",4,2025-04-12
2012-04-13,6.29200347826087,5.97899999999998,6.44,0.103832433294749,0.461000000000013,"2012",4,2025-04-13
2012-04-14,6.80065043478261,5.995,7.505,0.428667855343172,1.50999999999999,"2012",4,2025-04-14
2012-04-15,6.99384869565217,6.31700000000001,7.52600000000001,0.370163058138795,1.209,"2012",4,2025-04-15
2012-04-16,6.89943304347826,6.46899999999999,7.327,0.229730220405479,0.858000000000004,"2012",4,2025-04-16
2012-04-17,6.69813391304348,6.56299999999999,6.86200000000002,0.0645571174145608,0.299000000000035,"2012",4,2025-04-17
2012-04-18,8.20705043478261,7.98899999999998,8.45400000000001,0.114414549291302,0.465000000000032,"2012",4,2025-04-18
2012-04-19,8.08825391304348,7.75599999999997,8.62099999999998,0.212805029809008,0.865000000000009,"2012",4,2025-04-19
2012-04-20,8.02616695652174,7.58499999999998,8.642,0.276623991555569,1.05700000000002,"2012",4,2025-04-20
2012-04-21,8.19543826086957,7.95499999999998,8.50700000000001,0.128052577658765,0.552000000000021,"2012",4,2025-04-21
2012-04-22,8.26013565217391,8.03800000000001,8.44200000000001,0.0993858091365085,0.403999999999996,"2012",4,2025-04-22
2012-04-23,7.70033913043478,7.44499999999999,7.85500000000002,0.0927641427703167,0.410000000000025,"2012",4,2025-04-23
2012-04-24,7.74330434782609,7.50400000000002,7.91199999999998,0.090473124767001,0.407999999999959,"2012",4,2025-04-24
2012-04-25,8.04356,7.83299999999997,8.37700000000001,0.115148924023775,0.54400000000004,"2012",4,2025-04-25
2012-04-26,8.01805043478261,7.77699999999999,8.32600000000002,0.134505880714096,0.549000000000035,"2012",4,2025-04-26
2012-04-27,7.77379826086956,7.40699999999998,7.92899999999997,0.0955218073343084,0.521999999999991,"2012",4,2025-04-27
2012-04-28,7.43385391304348,7.089,7.71699999999998,0.139601896200642,0.627999999999986,"2012",4,2025-04-28
2012-04-29,7.65576347826087,7.23599999999999,8.06099999999998,0.208130754236275,0.824999999999989,"2012",4,2025-04-29
2012-04-30,7.72109043478261,7.29899999999998,8.20699999999999,0.229291938805162,0.908000000000015,"2012",4,2025-04-30
2012-05-01,7.82179130434783,7.36900000000003,8.24000000000001,0.221996017152495,0.870999999999981,"2012",5,2025-05-01
2012-05-02,7.63314434782609,7.31700000000001,7.887,0.139676786056042,0.569999999999993,"2012",5,2025-05-02
2012-05-03,7.5891947826087,7.43000000000001,7.71300000000002,0.0631691521597215,0.283000000000015,"2012",5,2025-05-03
2012-05-04,8.63500347826087,8.28199999999998,8.83600000000001,0.108337789542398,0.55400000000003,"2012",5,2025-05-04
2012-05-05,8.55857391304348,8.37,8.79300000000001,0.104413081808651,0.423000000000002,"2012",5,2025-05-05
2012-05-06,8.65386086956522,8.40600000000001,9.05799999999999,0.178494843568175,0.651999999999987,"2012",5,2025-05-06
2012-05-07,8.81620521739131,8.55399999999997,9.19200000000001,0.169739068987299,0.638000000000034,"2012",5,2025-05-07
2012-05-08,8.84714956521739,8.572,9.05700000000002,0.092320162664934,0.485000000000014,"2012",5,2025-05-08
2012-05-09,8.79174260869565,8.49400000000003,9.05500000000001,0.13627838326674,0.560999999999979,"2012",5,2025-05-09
2012-05-10,8.97518608695652,8.66699999999997,9.26600000000002,0.144266757664633,0.599000000000046,"2012",5,2025-05-10
2012-05-11,9.21187826086956,9.00200000000001,9.38099999999997,0.0747505663836105,0.378999999999962,"2012",5,2025-05-11
2012-05-12,9.5867547826087,9.37599999999998,9.78199999999998,0.0907751215394468,0.406000000000006,"2012",5,2025-05-12
2012-05-13,9.8168852173913,9.34899999999999,9.95400000000001,0.112971230838305,0.605000000000018,"2012",5,2025-05-13
2012-05-14,9.90707130434783,9.36599999999999,10.28,0.211396295761153,0.913999999999987,"2012",5,2025-05-14
2012-05-15,10.2959269565217,9.71100000000001,10.862,0.300074778520514,1.15100000000001,"2012",5,2025-05-15
2012-05-16,11.3755913043478,10.887,11.713,0.206052101579597,0.826000000000022,"2012",5,2025-05-16
2012-05-17,11.7804643478261,11.424,11.917,0.095137558753591,0.492999999999995,"2012",5,2025-05-17
2012-05-18,11.8837269565217,11.44,12.285,0.177693047262967,0.845000000000027,"2012",5,2025-05-18
2012-05-19,11.9627773913043,11.612,12.358,0.172056780525762,0.745999999999981,"2012",5,2025-05-19
2012-05-20,12.223772173913,11.656,12.571,0.164984716612325,0.91500000000002,"2012",5,2025-05-20
2012-05-21,12.96624,12.28,13.468,0.282247126747984,1.18800000000005,"2012",5,2025-05-21
2012-05-22,13.2197217391304,12.911,13.386,0.078867390556157,0.475000000000023,"2012",5,2025-05-22
2012-05-23,13.3721686956522,12.955,13.717,0.177851475817284,0.762,"2012",5,2025-05-23
2012-05-24,13.4814713043478,13.08,13.948,0.22268105531931,0.867999999999995,"2012",5,2025-05-24
2012-05-25,13.6586939130435,13.164,14.165,0.258296341871518,1.00100000000003,"2012",5,2025-05-25
2012-05-26,13.79404,13.351,14.204,0.211277152059985,0.853000000000009,"2012",5,2025-05-26
2012-05-27,13.8937373913043,13.44,14.389,0.242844128275281,0.949000000000012,"2012",5,2025-05-27
2012-05-28,14.0134295652174,13.52,14.497,0.245034481315962,0.977000000000032,"2012",5,2025-05-28
2012-05-29,14.1641217391304,13.641,14.617,0.235866507889544,0.975999999999999,"2012",5,2025-05-29
2012-05-30,14.0748939130435,13.53,14.556,0.250160250133503,1.02600000000001,"2012",5,2025-05-30
2012-05-31,13.8977008695652,13.415,14.342,0.22538201619082,0.926999999999964,"2012",5,2025-05-31
2012-06-01,13.7694904347826,13.226,14.248,0.238993635189226,1.02199999999999,"2012",6,2025-06-01
2012-06-02,13.4086939130435,12.761,13.973,0.284481048794403,1.21199999999999,"2012",6,2025-06-02
2012-06-03,12.5978208695652,11.965,13.158,0.283636946348211,1.19300000000004,"2012",6,2025-06-03
2012-06-04,11.7819826086957,11.385,11.999,0.136788105329861,0.614000000000033,"2012",6,2025-06-04
2012-06-05,12.0051965217391,11.698,12.19,0.0990023122336128,0.492000000000019,"2012",6,2025-06-05
2012-06-06,12.0023426086957,11.666,12.237,0.123589093159093,0.571000000000026,"2012",6,2025-06-06
2012-06-07,12.2168069565217,11.956,12.428,0.128546074740979,0.47199999999998,"2012",6,2025-06-07
2012-06-08,12.4948139130435,11.849,13.005,0.268299689062506,1.15600000000001,"2012",6,2025-06-08
2012-06-09,12.7012139130435,11.894,13.339,0.314951411242626,1.44499999999999,"2012",6,2025-06-09
2012-06-10,12.8067930434783,12.012,13.281,0.275866295860769,1.26900000000001,"2012",6,2025-06-10
2012-06-11,13.3521686956522,13,13.822,0.180702629016052,0.822000000000003,"2012",6,2025-06-11
2012-06-12,13.4495843478261,13.102,13.764,0.145017634750843,0.662000000000035,"2012",6,2025-06-12
2012-06-13,14.8048086956522,14.098,15.049,0.232715102087477,0.950999999999965,"2012",6,2025-06-13
2012-06-14,14.9997060869565,14.071,15.272,0.264016442210158,1.20099999999996,"2012",6,2025-06-14
2012-06-15,14.9919286956522,14.061,15.266,0.282208364704031,1.20500000000004,"2012",6,2025-06-15
2012-06-16,14.9190104347826,13.873,15.434,0.362225977019196,1.56100000000004,"2012",6,2025-06-16
2012-06-17,14.5867426086957,13.657,15.161,0.346153703715518,1.50400000000002,"2012",6,2025-06-17
2012-06-18,14.6406086956522,13.908,15.189,0.26822063359597,1.28100000000001,"2012",6,2025-06-18
2012-06-19,14.6398052173913,14.163,15.128,0.230163130242995,0.964999999999975,"2012",6,2025-06-19
2012-06-20,17.4548347826087,16.738,18.214,0.328478175348148,1.476,"2012",6,2025-06-20
2012-06-21,18.3853582608696,17.568,19.04,0.345079509593399,1.47200000000004,"2012",6,2025-06-21
2012-06-22,18.4552017391304,17.625,19.078,0.343688373248759,1.45299999999997,"2012",6,2025-06-22
2012-06-23,18.4526173913043,17.642,19.086,0.344860669300106,1.44400000000002,"2012",6,2025-06-23
2012-06-24,18.2012591304348,17.37,18.925,0.378740394456376,1.55500000000001,"2012",6,2025-06-24
2012-06-25,17.2917443478261,16.54,17.989,0.359365709652085,1.44899999999996,"2012",6,2025-06-25
2012-06-26,16.5446086956522,15.876,17.31,0.369990693348727,1.43400000000003,"2012",6,2025-06-26
2012-06-27,16.6772486956522,15.987,17.19,0.30706701034809,1.20299999999997,"2012",6,2025-06-27
2012-06-28,16.6781773913043,16.083,17.193,0.28407549760254,1.10999999999996,"2012",6,2025-06-28
2012-06-29,16.5960452173913,15.943,17.27,0.302309388860057,1.327,"2012",6,2025-06-29
2012-06-30,16.5108817391304,16.049,16.926,0.212014076344942,0.87700000000001,"2012",6,2025-06-30
2012-07-01,16.8698486956522,16.333,17.22,0.196073360713272,0.887,"2012",7,2025-07-01
2012-07-02,17.2248313043478,16.775,17.769,0.203855283764437,0.994000000000028,"2012",7,2025-07-02
2012-07-03,17.3561669565217,16.921,18.024,0.224258382789081,1.10300000000001,"2012",7,2025-07-03
2012-07-04,17.5449373913043,17.147,18.028,0.1814508780922,0.881000000000029,"2012",7,2025-07-04
2012-07-05,17.7968939130435,17.472,18.076,0.143570367410634,0.604000000000042,"2012",7,2025-07-05
2012-07-06,18.2187217391304,18.003,18.5,0.137046518452555,0.497000000000014,"2012",7,2025-07-06
2012-07-07,18.3665634782609,17.871,18.814,0.207720125602253,0.94300000000004,"2012",7,2025-07-07
2012-07-08,18.3055026086957,17.691,18.794,0.278717020036436,1.10300000000001,"2012",7,2025-07-08
2012-07-09,18.1986104347826,17.572,18.767,0.277096571605379,1.19499999999999,"2012",7,2025-07-09
2012-07-10,18.1658104347826,17.612,18.526,0.209380171785484,0.913999999999987,"2012",7,2025-07-10
2012-07-11,17.8959252173913,17.463,18.306,0.229006031995887,0.842999999999961,"2012",7,2025-07-11
2012-07-12,18.08972,17.613,18.449,0.173566833967951,0.836000000000013,"2012",7,2025-07-12
2012-07-13,18.3075304347826,17.895,18.633,0.124278862122116,0.738,"2012",7,2025-07-13
2012-07-14,18.8035113043478,18.342,19.638,0.313131919068602,1.29599999999999,"2012",7,2025-07-14
2012-07-15,19.2217373913043,18.574,20.203,0.485684615670608,1.62899999999996,"2012",7,2025-07-15
2012-07-16,19.8868608695652,19.492,20.418,0.204219295559174,0.925999999999988,"2012",7,2025-07-16
2012-07-17,19.6137652173913,19.229,20.074,0.221405477682113,0.845000000000027,"2012",7,2025-07-17
2012-07-18,19.2456660869565,18.774,19.828,0.259949666424834,1.05399999999997,"2012",7,2025-07-18
2012-07-19,18.7580556521739,18.291,19.467,0.318496889583623,1.17599999999999,"2012",7,2025-07-19
2012-07-20,18.8990573913043,18.458,19.259,0.208038043902919,0.800999999999988,"2012",7,2025-07-20
2012-07-21,18.9112713043478,18.543,19.24,0.132705377458805,0.697000000000003,"2012",7,2025-07-21
2012-07-22,18.782427826087,18.158,19.194,0.15961985958142,1.036,"2012",7,2025-07-22
2012-07-23,18.6578330434783,18.04,19.069,0.197740829096048,1.029,"2012",7,2025-07-23
2012-07-24,18.1829965217391,17.686,18.411,0.169765004586651,0.725000000000023,"2012",7,2025-07-24
2012-07-25,17.3285217391304,16.876,17.874,0.229711527465709,0.998000000000047,"2012",7,2025-07-25
2012-07-26,17.0883234782609,16.67,17.548,0.197468022520596,0.877999999999986,"2012",7,2025-07-26
2012-07-27,17.3881913043478,16.955,18.024,0.288754115033266,1.06900000000002,"2012",7,2025-07-27
2012-07-28,17.3243513043478,16.875,18.1,0.341634983185418,1.22500000000002,"2012",7,2025-07-28
2012-07-29,17.7162260869565,17.074,18.221,0.265183430725839,1.14699999999999,"2012",7,2025-07-29
2012-07-30,18.0420208695652,17.585,18.445,0.161262742248699,0.860000000000014,"2012",7,2025-07-30
2012-07-31,18.1862504347826,17.761,18.555,0.156609847998869,0.793999999999983,"2012",7,2025-07-31
2012-08-01,18.4435895652174,17.922,18.72,0.161001683380032,0.798000000000002,"2012",8,2025-08-01
2012-08-02,19.6238156521739,18.945,20.292,0.255159519890634,1.34699999999998,"2012",8,2025-08-02
2012-08-03,20.0484608695652,19.383,20.927,0.325512929113651,1.54400000000004,"2012",8,2025-08-03
2012-08-04,20.3373965217391,19.595,21.173,0.288915126828847,1.57799999999997,"2012",8,2025-08-04
2012-08-05,20.5445686956522,19.638,21.279,0.307064972401885,1.64100000000002,"2012",8,2025-08-05
2012-08-06,20.0316695652174,19.402,20.678,0.236925109153443,1.27600000000001,"2012",8,2025-08-06
2012-08-07,19.7337269565217,19.213,20.274,0.256719020102782,1.06099999999998,"2012",8,2025-08-07
2012-08-08,19.6366156521739,19.18,20.253,0.258476634988003,1.07299999999998,"2012",8,2025-08-08
2012-08-09,19.7156504347826,19.166,20.387,0.285703840036291,1.221,"2012",8,2025-08-09
2012-08-10,19.7256104347826,19.257,20.225,0.21449526987057,0.968000000000018,"2012",8,2025-08-10
2012-08-11,19.7008956521739,19.154,19.799,0.11042333600455,0.644999999999982,"2012",8,2025-08-11
2012-08-12,19.5744347826087,18.982,19.989,0.219067294739081,1.00699999999995,"2012",8,2025-08-12
2012-08-13,19.7522086956522,19.138,20.194,0.180424021267642,1.05600000000004,"2012",8,2025-08-13
2012-08-14,19.8606886956522,19.206,20.526,0.189422040800374,1.31999999999999,"2012",8,2025-08-14
2012-08-15,19.5475739130435,19.14,19.904,0.125923090630056,0.76400000000001,"2012",8,2025-08-15
2012-08-16,19.4930034782609,18.988,19.769,0.14584915357189,0.781000000000006,"2012",8,2025-08-16
2012-08-17,19.1426817391304,18.601,20.027,0.368962852719439,1.42599999999999,"2012",8,2025-08-17
2012-08-18,19.0387373913043,18.712,19.634,0.259213932828229,0.922000000000025,"2012",8,2025-08-18
2012-08-19,18.7934852173913,18.37,19.222,0.13882916095302,0.851999999999975,"2012",8,2025-08-19
2012-08-20,18.8811095652174,18.448,19.298,0.168664347716337,0.850000000000023,"2012",8,2025-08-20
2012-08-21,19.1700104347826,18.679,19.55,0.240088057079584,0.871000000000038,"2012",8,2025-08-21
2012-08-22,19.3719443478261,18.923,20.041,0.296952847120751,1.11799999999999,"2012",8,2025-08-22
2012-08-23,19.3677026086957,18.965,20.022,0.26575112189997,1.05700000000002,"2012",8,2025-08-23
2012-08-24,19.5652365217391,19.354,20.074,0.20101557410603,0.720000000000027,"2012",8,2025-08-24
2012-08-25,19.8995217391304,19.64,20.386,0.169821927017463,0.746000000000038,"2012",8,2025-08-25
2012-08-26,19.6703147826087,19.083,20.432,0.367676440908597,1.34899999999999,"2012",8,2025-08-26
2012-08-27,19.3655391304348,18.489,20.507,0.554954580917011,2.01800000000003,"2012",8,2025-08-27
2012-08-28,19.3661756521739,18.749,20.107,0.352534697575998,1.358,"2012",8,2025-08-28
2012-08-29,18.62252,18.403,18.965,0.105616850096896,0.561999999999955,"2012",8,2025-08-29
2012-08-30,17.6946191304348,17.165,18.637,0.372905032210647,1.47199999999998,"2012",8,2025-08-30
2012-08-31,17.5860956521739,17.143,18.254,0.21737093066172,1.11100000000005,"2012",8,2025-08-31
2012-09-01,17.4401252173913,17.045,17.993,0.213080120150599,0.947999999999979,"2012",9,2025-09-01
2012-09-02,17.1244086956522,16.854,17.381,0.111146957968796,0.526999999999987,"2012",9,2025-09-02
2012-09-03,17.0068452173913,16.741,17.514,0.14618904056901,0.773000000000025,"2012",9,2025-09-03
2012-09-04,17.1642191304348,16.749,17.702,0.201618971671613,0.952999999999975,"2012",9,2025-09-04
2012-09-05,17.5701895652174,17.097,17.826,0.128034990435987,0.729000000000042,"2012",9,2025-09-05
2012-09-06,17.9879408695652,17.208,18.423,0.221941873254625,1.21499999999997,"2012",9,2025-09-06
2012-09-07,18.137812173913,17.314,18.654,0.28331845674993,1.33999999999997,"2012",9,2025-09-07
2012-09-08,17.3535843478261,16.866,17.934,0.224103749846693,1.06800000000004,"2012",9,2025-09-08
2012-09-09,16.9305791304348,16.496,17.302,0.152612420147296,0.80600000000004,"2012",9,2025-09-09
2012-09-10,16.5560226086957,16.07,17.048,0.234353327406191,0.978000000000009,"2012",9,2025-09-10
2012-09-11,16.3373704347826,15.979,16.682,0.168088650999283,0.703000000000031,"2012",9,2025-09-11
2012-09-12,16.1123860869565,15.949,16.423,0.0843734676071514,0.47399999999999,"2012",9,2025-09-12
2012-09-13,16.3791356521739,16.027,16.857,0.187793873855667,0.829999999999984,"2012",9,2025-09-13
2012-09-14,16.6570069565217,16.359,16.987,0.14260034044272,0.628000000000043,"2012",9,2025-09-14
2012-09-15,16.7620539130435,16.546,17.01,0.07880359001417,0.463999999999999,"2012",9,2025-09-15
2012-09-16,16.4839860869565,16.113,16.963,0.216829875543111,0.850000000000023,"2012",9,2025-09-16
2012-09-17,16.2452695652174,15.775,16.814,0.2493615234319,1.03900000000004,"2012",9,2025-09-17
2012-09-18,16.1618852173913,15.748,16.712,0.24355841411808,0.963999999999999,"2012",9,2025-09-18
2012-09-19,15.8371408695652,15.433,16.325,0.210516155080235,0.891999999999996,"2012",9,2025-09-19
2012-09-20,15.1554052173913,14.645,15.998,0.327648321559589,1.35300000000001,"2012",9,2025-09-20
2012-09-21,15.2013930434783,14.707,15.855,0.279536684783368,1.14800000000002,"2012",9,2025-09-21
2012-09-22,15.5872695652174,15.257,16.143,0.213602423095456,0.886000000000024,"2012",9,2025-09-22
2012-09-23,15.7834904347826,15.532,16.454,0.222536336528654,0.922000000000025,"2012",9,2025-09-23
2012-09-24,15.7186208695652,15.448,16.492,0.227153608672724,1.04400000000004,"2012",9,2025-09-24
2012-09-25,15.9513739130435,15.675,16.525,0.169834673701974,0.849999999999966,"2012",9,2025-09-25
2012-09-26,16.2235530434783,15.637,16.651,0.221922452994645,1.01400000000001,"2012",9,2025-09-26
2012-09-27,15.6588295652174,15.056,16.193,0.2823203054573,1.137,"2012",9,2025-09-27
2012-09-28,15.5964713043478,14.955,16.159,0.296663241536525,1.20400000000001,"2012",9,2025-09-28
2012-09-29,15.13844,14.527,15.75,0.272445742064981,1.22300000000001,"2012",9,2025-09-29
2012-09-30,14.3760626086957,14.027,15.113,0.233305663580394,1.08600000000001,"2012",9,2025-09-30
2012-10-01,14.3685791304348,13.999,15.317,0.261298100116855,1.31799999999998,"2012",10,2025-10-01
2012-10-02,14.5066139130435,14.116,15.076,0.217500908279154,0.960000000000036,"2012",10,2025-10-02
2012-10-03,15.0917669565217,14.63,15.445,0.203463943385904,0.814999999999998,"2012",10,2025-10-03
2012-10-04,15.3650365217391,14.95,15.715,0.158983619743562,0.764999999999986,"2012",10,2025-10-04
2012-10-05,15.204892173913,14.829,15.629,0.166385050016398,0.800000000000011,"2012",10,2025-10-05
2012-10-06,15.1952243478261,14.756,15.588,0.173346835963495,0.83200000000005,"2012",10,2025-10-06
2012-10-07,15.1777686956522,14.782,15.52,0.130570473291945,0.738,"2012",10,2025-10-07
2012-10-08,15.1781217391304,14.812,15.454,0.116545915031627,0.641999999999996,"2012",10,2025-10-08
2012-10-09,15.2489565217391,14.816,15.559,0.17120154347909,0.743000000000052,"2012",10,2025-10-09
2012-10-10,13.779427826087,13.602,14.035,0.0969247953265762,0.43300000000005,"2012",10,2025-10-10
2012-10-11,13.7161408695652,13.444,14.176,0.17174129513803,0.731999999999971,"2012",10,2025-10-11
2012-10-12,13.3375965217391,13.003,13.577,0.139536629843277,0.574000000000012,"2012",10,2025-10-12
2012-10-13,12.6945408695652,12.256,13.072,0.184194152176737,0.816000000000031,"2012",10,2025-10-13
2012-10-14,12.7219547826087,12.565,12.975,0.0870814311559816,0.410000000000025,"2012",10,2025-10-14
2012-10-15,12.6158191304348,12.522,12.866,0.074030283726664,0.343999999999994,"2012",10,2025-10-15
2012-10-16,12.4259669565217,12.209,12.667,0.0846003349654205,0.45799999999997,"2012",10,2025-10-16
2012-10-17,12.4974173913043,12.273,12.682,0.0702011275072374,0.408999999999992,"2012",10,2025-10-17
2012-10-18,12.357572173913,12.236,12.563,0.0580333430949072,0.326999999999998,"2012",10,2025-10-18
2012-10-19,12.6277826086957,12.379,12.831,0.0985711492984596,0.451999999999998,"2012",10,2025-10-19
2012-10-20,12.3685026086957,12.292,12.549,0.0558750121185271,0.257000000000005,"2012",10,2025-10-20
2012-10-21,12.4462765217391,12.334,12.635,0.0574699290106908,0.300999999999988,"2012",10,2025-10-21
2012-10-22,12.5202382608696,12.333,12.83,0.0899428424604325,0.496999999999957,"2012",10,2025-10-22
2012-10-23,12.465387826087,12.248,12.803,0.0914332119949776,0.555000000000007,"2012",10,2025-10-23
2012-10-24,12.1405252173913,11.974,12.388,0.0993891042790221,0.413999999999987,"2012",10,2025-10-24
2012-10-25,12.0330643478261,11.894,12.222,0.0897823793574473,0.327999999999975,"2012",10,2025-10-25
2012-10-26,12.1276747826087,11.931,12.303,0.0890581592099242,0.372000000000014,"2012",10,2025-10-26
2012-10-27,12.3397391304348,12.107,12.635,0.0938074875502853,0.52800000000002,"2012",10,2025-10-27
2012-10-28,12.4290643478261,12.236,12.697,0.106553569154349,0.461000000000013,"2012",10,2025-10-28
2012-10-29,12.4176782608696,12.321,12.566,0.0632745452816034,0.244999999999948,"2012",10,2025-10-29
2012-10-30,12.2227808695652,12.071,12.429,0.0926650179773028,0.357999999999947,"2012",10,2025-10-30
2012-10-31,12.2736226086957,12.156,12.416,0.0550576053427202,0.259999999999991,"2012",10,2025-10-31
2012-11-01,12.2704556521739,12.167,12.42,0.0465013322489163,0.253000000000043,"2012",11,2025-11-01
2012-11-02,12.2802173913043,12.162,12.4,0.0548781327407673,0.238,"2012",11,2025-11-02
2012-11-03,11.7226730434783,11.602,11.854,0.060417976940521,0.25200000000001,"2012",11,2025-11-03
2012-11-04,11.3397113043478,10.962,11.84,0.22370050627931,0.877999999999986,"2012",11,2025-11-04
2012-11-05,11.22564,10.924,11.677,0.178879850280116,0.753000000000043,"2012",11,2025-11-05
2012-11-06,11.2005443478261,10.681,11.59,0.180448640560184,0.908999999999992,"2012",11,2025-11-06
2012-11-07,11.0889617391304,10.666,11.534,0.16461447494927,0.867999999999995,"2012",11,2025-11-07
2012-11-08,10.9574539130435,10.798,11.172,0.0835678752347262,0.374000000000024,"2012",11,2025-11-08
2012-11-09,10.7114608695652,10.522,11.031,0.11759790101564,0.509000000000015,"2012",11,2025-11-09
2012-11-10,10.4815634782609,10.203,10.833,0.162864768474278,0.630000000000052,"2012",11,2025-11-10
2012-11-11,10.542332173913,10.232,11.009,0.217168753546735,0.777000000000044,"2012",11,2025-11-11
2012-11-12,10.6555426086957,10.383,11.262,0.239060511292402,0.879000000000019,"2012",11,2025-11-12
2012-11-13,10.7732782608696,10.47,11.357,0.227034140237118,0.886999999999944,"2012",11,2025-11-13
2012-11-14,10.6648469565217,10.346,11.406,0.270480165799446,1.06,"2012",11,2025-11-14
2012-11-15,10.6534,10.311,11.335,0.267298180078298,1.024,"2012",11,2025-11-15
2012-11-16,10.6175130434783,10.329,11.12,0.188178161060083,0.790999999999997,"2012",11,2025-11-16
2012-11-17,10.0352365217391,9.82499999999999,10.38,0.146152799576734,0.555000000000007,"2012",11,2025-11-17
2012-11-18,9.89117565217391,9.67700000000002,10.108,0.120079541430929,0.430999999999983,"2012",11,2025-11-18
2012-11-19,9.86163826086957,9.61900000000003,10.228,0.141098136939654,0.60899999999998,"2012",11,2025-11-19
2012-11-20,10.0138608695652,9.714,10.465,0.198338336162169,0.750999999999976,"2012",11,2025-11-20
2012-11-21,9.99605565217391,9.78399999999999,10.392,0.150723194027984,0.608000000000004,"2012",11,2025-11-21
2012-11-22,10.0656660869565,9.84500000000003,10.605,0.146014592182193,0.759999999999991,"2012",11,2025-11-22
2012-11-23,9.97162086956522,9.73399999999998,10.638,0.171567447701307,0.903999999999996,"2012",11,2025-11-23
2012-11-24,9.87769391304348,9.63600000000002,10.347,0.159840459051031,0.710999999999956,"2012",11,2025-11-24
2012-11-25,9.86055652173913,9.57600000000002,10.335,0.203180434705495,0.758999999999958,"2012",11,2025-11-25
2012-11-26,9.80742608695652,9.50099999999998,10.24,0.209278754008286,0.739000000000033,"2012",11,2025-11-26
2012-11-27,9.76116173913043,9.65800000000002,10.013,0.0880086901618719,0.354999999999961,"2012",11,2025-11-27
2012-11-28,9.48984173913043,9.32100000000003,9.79399999999998,0.130759351523735,0.472999999999956,"2012",11,2025-11-28
2012-11-29,9.45218956521739,9.21899999999999,9.89800000000002,0.169992991951222,0.67900000000003,"2012",11,2025-11-29
2012-11-30,9.53051130434783,9.322,9.81599999999997,0.124003186963948,0.493999999999971,"2012",11,2025-11-30
2012-12-01,9.67171652173913,9.48899999999998,9.928,0.101376594562863,0.439000000000021,"2012",12,2025-12-01
2012-12-02,9.73982260869565,9.57499999999999,9.97399999999999,0.0892382387265824,0.399000000000001,"2012",12,2025-12-02
2012-12-03,9.75346434782609,9.60399999999998,9.96899999999999,0.0871420904945899,0.365000000000009,"2012",12,2025-12-03
2012-12-04,9.73913739130435,9.60300000000001,9.94999999999999,0.0774778168329283,0.34699999999998,"2012",12,2025-12-04
2012-12-05,9.62440173913043,9.46699999999998,9.93099999999998,0.107476358297017,0.463999999999999,"2012",12,2025-12-05
2012-12-06,9.49193217391304,9.36900000000003,9.74200000000002,0.0862316622406861,0.37299999999999,"2012",12,2025-12-06
2012-12-07,8.89450260869565,8.77600000000001,9.13999999999999,0.070119630802258,0.363999999999976,"2012",12,2025-12-07
2012-12-08,9.22454782608696,9.06700000000001,9.46600000000001,0.0982502354775709,0.399000000000001,"2012",12,2025-12-08
2012-12-09,9.23356347826087,9.00999999999999,9.50799999999998,0.123225971804865,0.49799999999999,"2012",12,2025-12-09
2012-12-10,9.52928695652174,9.322,9.77499999999998,0.111408261757194,0.452999999999975,"2012",12,2025-12-10
2012-12-11,9.31326086956522,9.16699999999997,9.56799999999998,0.0817667165783788,0.40100000000001,"2012",12,2025-12-11
2012-12-12,8.96509217391304,8.81900000000002,9.31799999999998,0.0936281297517261,0.498999999999967,"2012",12,2025-12-12
2012-12-13,8.77379130434783,8.59800000000001,9.25200000000001,0.111507323524131,0.653999999999996,"2012",12,2025-12-13
2012-12-14,8.70271130434783,8.48199999999997,9.04899999999998,0.115201339251627,0.567000000000007,"2012",12,2025-12-14
2012-12-15,8.70781391304348,8.50999999999999,8.92200000000003,0.0934108892537536,0.412000000000035,"2012",12,2025-12-15
2012-12-16,8.69361913043478,8.54899999999998,8.952,0.0842123538402308,0.40300000000002,"2012",12,2025-12-16
2012-12-17,8.74893391304348,8.59899999999999,8.96600000000001,0.0823588380400226,0.367000000000019,"2012",12,2025-12-17
2012-12-18,8.54014608695652,8.404,8.78899999999999,0.0807453057793038,0.384999999999991,"2012",12,2025-12-18
2012-12-19,8.26123304347826,8.12900000000002,8.63,0.10543833156575,0.500999999999976,"2012",12,2025-12-19
2012-12-20,8.30425565217391,8.142,8.58299999999997,0.100099753548677,0.440999999999974,"2012",12,2025-12-20
2012-12-21,8.21215130434783,7.94299999999998,8.79599999999999,0.184364686679116,0.853000000000009,"2012",12,2025-12-21
2012-12-22,7.98970434782609,7.73099999999999,8.43700000000001,0.159258132777036,0.706000000000017,"2012",12,2025-12-22
2012-12-23,7.72964695652174,7.42899999999997,8.06400000000002,0.161335548207101,0.635000000000048,"2012",12,2025-12-23
2012-12-24,7.48126782608696,7.16199999999998,7.97899999999998,0.170040478654804,0.817000000000007,"2012",12,2025-12-24
2012-12-25,7.3301252173913,6.92899999999997,7.851,0.198946340288518,0.922000000000025,"2012",12,2025-12-25
2012-12-26,7.20608347826087,6.78100000000001,7.81299999999999,0.229396944565603,1.03199999999998,"2012",12,2025-12-26
2012-12-27,7.56415130434783,7.22899999999998,8.02100000000002,0.185642700526437,0.79200000000003,"2012",12,2025-12-27
2012-12-28,7.7470452173913,7.52699999999999,8.07999999999998,0.130470221844153,0.552999999999997,"2012",12,2025-12-28
2012-12-29,7.7443147826087,7.55000000000001,8.00799999999998,0.113849662656581,0.45799999999997,"2012",12,2025-12-29
2012-12-30,7.57778782608696,7.39600000000002,7.791,0.0919377735587407,0.394999999999982,"2012",12,2025-12-30
2012-12-31,7.53301565217391,7.36000000000001,7.79000000000002,0.0907110016332098,0.430000000000007,"2012",12,2025-12-31
2013-01-01,7.50098086956522,7.35300000000001,7.745,0.0830684071146583,0.391999999999996,"2013",1,2025-01-01
2013-01-02,7.36738086956522,7.19799999999998,7.61799999999999,0.0950052042363736,0.420000000000016,"2013",1,2025-01-02
2013-01-03,7.34969739130435,7.14400000000001,7.62099999999998,0.115242944005298,0.476999999999975,"2013",1,2025-01-03
2013-01-04,7.33389391304348,7.16800000000001,7.55399999999997,0.0973845472854526,0.385999999999967,"2013",1,2025-01-04
2013-01-05,7.45677391304348,7.30500000000001,7.65699999999998,0.0899888360158293,0.351999999999975,"2013",1,2025-01-05
2013-01-06,7.56762782608696,7.38600000000002,7.85599999999999,0.112610768965839,0.46999999999997,"2013",1,2025-01-06
2013-01-07,7.00653739130435,6.78199999999998,7.51999999999998,0.166551490118757,0.738,"2013",1,2025-01-07
2013-01-08,7.54650782608696,7.452,7.74799999999999,0.058969633045938,0.295999999999992,"2013",1,2025-01-08
2013-01-09,7.75205043478261,7.64400000000001,7.88799999999998,0.0519910461567438,0.243999999999971,"2013",1,2025-01-09
2013-01-10,7.71709043478261,7.541,7.97199999999998,0.090511239579561,0.430999999999983,"2013",1,2025-01-10
2013-01-11,7.80434434782609,7.57100000000003,8.09100000000001,0.12805589901971,0.519999999999982,"2013",1,2025-01-11
2013-01-12,7.91131478260869,7.72500000000002,8.18299999999999,0.109685772475434,0.45799999999997,"2013",1,2025-01-12
2013-01-13,7.88952695652174,7.69499999999999,8.12400000000002,0.11032327640791,0.42900000000003,"2013",1,2025-01-13
2013-01-14,7.81496347826087,7.65300000000002,8,0.077501604266227,0.34699999999998,"2013",1,2025-01-14
2013-01-15,7.5014,7.32799999999997,7.68900000000002,0.0894572095165883,0.361000000000047,"2013",1,2025-01-15
2013-01-16,7.3552052173913,7.21499999999997,7.67099999999999,0.0995751233954156,0.456000000000017,"2013",1,2025-01-16
2013-01-17,7.28169565217391,7.11900000000003,7.67200000000003,0.116815093613993,0.552999999999997,"2013",1,2025-01-17
2013-01-18,7.35067304347826,7.18000000000001,7.66000000000003,0.110483310516756,0.480000000000018,"2013",1,2025-01-18
2013-01-19,7.29866956521739,7.16699999999997,7.47800000000001,0.0665322904678461,0.311000000000035,"2013",1,2025-01-19
2013-01-20,6.73538782608696,6.47500000000002,7.166,0.149844730990263,0.690999999999974,"2013",1,2025-01-20
2013-01-21,6.54208347826087,6.25099999999998,7.16300000000001,0.208516462109012,0.912000000000035,"2013",1,2025-01-21
2013-01-22,6.50719826086956,6.21199999999999,7.06799999999998,0.185886441104554,0.855999999999995,"2013",1,2025-01-22
2013-01-23,6.29143652173913,5.95999999999998,6.83100000000002,0.192855072921724,0.871000000000038,"2013",1,2025-01-23
2013-01-24,5.98121739130435,5.71800000000002,6.38999999999999,0.145677928769135,0.671999999999969,"2013",1,2025-01-24
2013-01-25,5.84707478260869,5.57799999999997,6.22500000000002,0.15436860150149,0.647000000000048,"2013",1,2025-01-25
2013-01-26,5.88880869565217,5.642,6.255,0.136026469014991,0.613,"2013",1,2025-01-26
2013-01-27,6.3944452173913,6.11900000000003,6.63900000000001,0.135919311636968,0.519999999999982,"2013",1,2025-01-27
2013-01-28,6.54940521739131,6.27300000000002,6.85199999999998,0.143040493915396,0.578999999999951,"2013",1,2025-01-28
2013-01-29,6.68912695652174,6.42000000000002,6.95499999999998,0.134182813385204,0.534999999999968,"2013",1,2025-01-29
2013-01-30,6.57471130434783,6.36099999999999,6.81400000000002,0.100449825189992,0.453000000000031,"2013",1,2025-01-30
2013-01-31,6.34486434782609,6.20100000000002,6.51800000000003,0.0770110564840174,0.317000000000007,"2013",1,2025-01-31
2013-02-01,6.25387826086956,6.11599999999999,6.42700000000002,0.0814008821860274,0.311000000000035,"2013",2,2025-02-01
2013-02-02,6.29318260869565,6.12200000000001,6.52800000000002,0.0929167682897968,0.406000000000006,"2013",2,2025-02-02
2013-02-03,6.29102956521739,6.06,6.62400000000002,0.13309381104698,0.564000000000021,"2013",2,2025-02-03
2013-02-04,6.48545913043478,6.21800000000002,6.822,0.158461268141411,0.603999999999985,"2013",2,2025-02-04
2013-02-05,6.36023478260869,5.90600000000001,6.834,0.232691168660805,0.927999999999997,"2013",2,2025-02-05
2013-02-06,5.36989043478261,5.04000000000002,5.77100000000002,0.168225231141669,0.730999999999995,"2013",2,2025-02-06
2013-02-07,5.16190956521739,4.87700000000001,5.59399999999999,0.160503580872226,0.716999999999985,"2013",2,2025-02-07
2013-02-08,5.59113391304348,5.31200000000001,5.90499999999997,0.136226923620044,0.592999999999961,"2013",2,2025-02-08
2013-02-09,5.66971652173913,5.41199999999998,6.04399999999998,0.141144283266033,0.632000000000005,"2013",2,2025-02-09
2013-02-10,5.36575826086956,4.96899999999999,5.78199999999998,0.195969711617725,0.812999999999988,"2013",2,2025-02-10
2013-02-11,4.61465217391304,4.077,5.34699999999998,0.27924923750292,1.26999999999998,"2013",2,2025-02-11
2013-02-12,4.48113565217391,3.75299999999999,5.11500000000001,0.308353962574536,1.36200000000002,"2013",2,2025-02-12
2013-02-13,4.47114608695652,3.82799999999997,4.95799999999997,0.238728038115335,1.13,"2013",2,2025-02-13
2013-02-14,4.58810608695652,3.91399999999999,5.209,0.274109144722908,1.29500000000002,"2013",2,2025-02-14
2013-02-15,4.81792695652174,4.11099999999999,5.56099999999998,0.315942042859599,1.44999999999999,"2013",2,2025-02-15
2013-02-16,5.11785217391304,4.48099999999999,5.75,0.265799511941617,1.26900000000001,"2013",2,2025-02-16
2013-02-17,4.93240173913043,4.25,5.50599999999997,0.257410084427387,1.25599999999997,"2013",2,2025-02-17
2013-02-18,4.79278260869565,4.16800000000001,5.46899999999999,0.270277802065486,1.30099999999999,"2013",2,2025-02-18
2013-02-19,4.70407478260869,4.13299999999998,5.459,0.279455617465476,1.32600000000002,"2013",2,2025-02-19
2013-02-20,4.77606782608696,4.21199999999999,5.35199999999998,0.24992788630579,1.13999999999999,"2013",2,2025-02-20
2013-02-21,4.88401565217391,4.39400000000001,5.346,0.225118183669588,0.951999999999998,"2013",2,2025-02-21
2013-02-22,4.61499304347826,4.25599999999997,4.94299999999998,0.163311591473815,0.687000000000012,"2013",2,2025-02-22
2013-02-23,4.72385565217391,4.39800000000002,5.07900000000001,0.159085852280138,0.680999999999983,"2013",2,2025-02-23
2013-02-24,4.80503826086956,4.428,5.19400000000002,0.162877624260593,0.76600000000002,"2013",2,2025-02-24
2013-02-25,4.59350782608696,4.08199999999999,5.14100000000002,0.225713524898091,1.05900000000003,"2013",2,2025-02-25
2013-02-26,4.46622434782609,3.916,5.10399999999998,0.257792802504018,1.18799999999999,"2013",2,2025-02-26
2013-02-27,4.43669739130435,3.892,5.08699999999999,0.265344123898118,1.19499999999999,"2013",2,2025-02-27
2013-02-28,4.5576052173913,4.12400000000002,5.096,0.214405114058419,0.97199999999998,"2013",2,2025-02-28
2013-03-01,4.20219826086957,3.99000000000001,4.483,0.112238650344329,0.492999999999995,"2013",3,2025-03-01
2013-03-02,4.29586086956522,4.185,4.495,0.0674391824295694,0.310000000000002,"2013",3,2025-03-02
2013-03-03,4.14292695652174,4.04199999999997,4.27699999999999,0.0577613878868627,0.235000000000014,"2013",3,2025-03-03
2013-03-04,3.79010608695652,3.60399999999998,4.12400000000002,0.115121951159814,0.520000000000039,"2013",3,2025-03-04
2013-03-05,3.56270260869565,3.245,4.06299999999999,0.183972029318535,0.817999999999984,"2013",3,2025-03-05
2013-03-06,3.57638608695652,3.267,4.07100000000003,0.179863848472322,0.80400000000003,"2013",3,2025-03-06
2013-03-07,3.69048521739131,3.37900000000002,4.149,0.174468559033422,0.769999999999982,"2013",3,2025-03-07
2013-03-08,3.87364173913043,3.48700000000002,4.44099999999997,0.226681099571386,0.953999999999951,"2013",3,2025-03-08
2013-03-09,3.69041565217391,3.35399999999998,4.17399999999998,0.18398464969265,0.819999999999993,"2013",3,2025-03-09
2013-03-10,3.72109565217391,3.39100000000002,4.13,0.167138750488512,0.738999999999976,"2013",3,2025-03-10
2013-03-11,3.82970434782609,3.43099999999998,4.36200000000002,0.222276430131971,0.93100000000004,"2013",3,2025-03-11
2013-03-12,3.91196173913043,3.56400000000002,4.47000000000003,0.204721920505953,0.906000000000006,"2013",3,2025-03-12
2013-03-13,3.83186260869565,3.505,4.26800000000003,0.170696371155298,0.763000000000034,"2013",3,2025-03-13
2013-03-14,3.80181217391304,3.47500000000002,4.18700000000001,0.165313437457912,0.711999999999989,"2013",3,2025-03-14
2013-03-15,3.76598782608696,3.44999999999999,4.19299999999998,0.174740937739045,0.742999999999995,"2013",3,2025-03-15
2013-03-16,3.63845043478261,3.27699999999999,4.00200000000001,0.178987572502779,0.725000000000023,"2013",3,2025-03-16
2013-03-17,3.61516,3.22800000000001,4.00900000000001,0.200390199848001,0.781000000000006,"2013",3,2025-03-17
2013-03-18,3.51215304347826,3.18599999999998,3.887,0.171943140124411,0.701000000000022,"2013",3,2025-03-18
2013-03-19,3.25767478260869,2.95999999999998,3.62400000000002,0.146561876340421,0.664000000000044,"2013",3,2025-03-19
2013-03-20,3.06718086956522,2.66000000000003,3.48099999999999,0.216588673850592,0.82099999999997,"2013",3,2025-03-20
2013-03-21,3.02710086956522,2.56400000000002,3.49200000000002,0.251849881139349,0.927999999999997,"2013",3,2025-03-21
2013-03-22,2.98229043478261,2.64499999999998,3.45699999999999,0.221734116202578,0.812000000000012,"2013",3,2025-03-22
2013-03-23,3.25813391304348,2.88099999999997,3.70699999999999,0.227040928207562,0.826000000000022,"2013",3,2025-03-23
2013-03-24,3.68390260869565,2.904,4.358,0.339623758177514,1.45400000000001,"2013",3,2025-03-24
2013-03-25,3.9996,3.245,4.839,0.436201728257915,1.59399999999999,"2013",3,2025-03-25
2013-03-26,4.11488347826087,3.37400000000002,4.90199999999999,0.395858822881826,1.52799999999996,"2013",3,2025-03-26
2013-03-27,4.32790434782609,3.91199999999998,4.76299999999998,0.236417534071828,0.850999999999999,"2013",3,2025-03-27
2013-03-28,4.4496852173913,4.03100000000001,4.90699999999998,0.252428732221156,0.875999999999976,"2013",3,2025-03-28
2013-03-29,4.3362852173913,3.92000000000002,4.77699999999999,0.243639267617812,0.856999999999971,"2013",3,2025-03-29
2013-03-30,4.49932869565217,4.18900000000002,5.166,0.23808931242457,0.976999999999975,"2013",3,2025-03-30
2013-03-31,4.50571304347826,4.21899999999999,5.18099999999998,0.224261776372539,0.961999999999989,"2013",3,2025-03-31
2013-04-01,4.89523826086956,4.666,5.286,0.152615788899315,0.620000000000005,"2013",4,2025-04-01
2013-04-02,5.05577391304348,4.83100000000002,5.48000000000002,0.160602180227714,0.649000000000001,"2013",4,2025-04-02
2013-04-03,4.75925739130435,4.64999999999998,4.935,0.0613964370665927,0.285000000000025,"2013",4,2025-04-03
2013-04-04,4.69228869565217,4.41500000000002,4.91399999999999,0.0866777048816891,0.498999999999967,"2013",4,2025-04-04
2013-04-05,4.80379652173913,4.62400000000002,5.04899999999998,0.0942559270222367,0.424999999999955,"2013",4,2025-04-05
2013-04-06,4.91094782608696,4.613,5.07299999999998,0.124953388067377,0.45999999999998,"2013",4,2025-04-06
2013-04-07,4.94934608695652,4.74299999999999,5.274,0.150092782737156,0.531000000000006,"2013",4,2025-04-07
2013-04-08,4.9411652173913,4.63900000000001,5.33299999999997,0.153075744182583,0.69399999999996,"2013",4,2025-04-08
2013-04-09,4.94105391304348,4.733,5.19099999999997,0.11868211669629,0.45799999999997,"2013",4,2025-04-09
2013-04-10,5.02489043478261,4.88900000000001,5.072,0.0443181029188551,0.182999999999993,"2013",4,2025-04-10
2013-04-11,5.06148173913043,4.93000000000001,5.17700000000002,0.0527869552546255,0.247000000000014,"2013",4,2025-04-11
2013-04-12,5.34903304347826,5.21899999999999,5.45999999999998,0.0511160865767631,0.240999999999985,"2013",4,2025-04-12
2013-04-13,5.81913391304348,5.58299999999997,5.96800000000002,0.0762487983419976,0.385000000000048,"2013",4,2025-04-13
2013-04-14,5.87395826086956,5.64100000000002,6.17399999999998,0.0978222361860554,0.532999999999959,"2013",4,2025-04-14
2013-04-15,5.91161565217391,5.71600000000001,6.27600000000001,0.12065421305286,0.560000000000002,"2013",4,2025-04-15
2013-04-16,6.27974434782609,6.05500000000001,6.39100000000002,0.0626990130338494,0.336000000000013,"2013",4,2025-04-16
2013-04-17,6.76932869565217,6.40899999999999,6.97500000000002,0.108790362580772,0.566000000000031,"2013",4,2025-04-17
2013-04-18,6.80478434782609,6.06599999999997,7.20499999999998,0.195273012041948,1.13900000000001,"2013",4,2025-04-18
2013-04-19,6.9067252173913,6.20100000000002,7.17599999999999,0.17229822104774,0.974999999999966,"2013",4,2025-04-19
2013-04-20,7.11829739130435,6.86399999999998,7.358,0.126977131374659,0.494000000000028,"2013",4,2025-04-20
2013-04-21,7.21544869565218,6.84300000000002,7.60300000000001,0.194706892356748,0.759999999999991,"2013",4,2025-04-21
2013-04-22,7.25477391304348,6.75799999999998,7.91800000000001,0.272243040016542,1.16000000000003,"2013",4,2025-04-22
2013-04-23,7.30228695652174,6.94799999999998,7.58499999999998,0.140137921437037,0.637,"2013",4,2025-04-23
2013-04-24,7.60640695652174,7.33800000000002,7.71800000000002,0.0784903595156009,0.379999999999995,"2013",4,2025-04-24
2013-04-25,7.65111478260869,7.36000000000001,7.97500000000002,0.116316883830425,0.615000000000009,"2013",4,2025-04-25
2013-04-26,7.53542956521739,7.274,7.93099999999998,0.14207179625676,0.656999999999982,"2013",4,2025-04-26
2013-04-27,7.39677739130435,7.11200000000002,7.66399999999999,0.109507716194224,0.551999999999964,"2013",4,2025-04-27
2013-04-28,7.49701043478261,7.18099999999998,7.73599999999999,0.0981547340035201,0.555000000000007,"2013",4,2025-04-28
2013-04-29,7.82532521739131,7.18200000000002,8.18400000000003,0.188982993281764,1.00200000000001,"2013",4,2025-04-29
2013-04-30,8.82090260869565,8.50700000000001,9.137,0.130502610184471,0.629999999999995,"2013",4,2025-04-30
2013-05-01,9.23918434782609,9.08600000000001,9.49200000000002,0.0941685091575322,0.406000000000006,"2013",5,2025-05-01
2013-05-02,9.31240173913043,8.99700000000001,9.53500000000003,0.0984955489740619,0.538000000000011,"2013",5,2025-05-02
2013-05-03,9.17742608695652,8.74900000000002,9.404,0.119664343341757,0.654999999999973,"2013",5,2025-05-03
2013-05-04,9.16099652173913,8.78800000000001,9.38200000000001,0.112282868223925,0.593999999999994,"2013",5,2025-05-04
2013-05-05,9.32332347826087,9.154,9.505,0.0686654495361835,0.350999999999999,"2013",5,2025-05-05
2013-05-06,9.33805043478261,9.07900000000001,9.59699999999998,0.136066976855433,0.517999999999972,"2013",5,2025-05-06
2013-05-07,9.58381913043478,9.26299999999998,9.96199999999999,0.162489834522915,0.699000000000012,"2013",5,2025-05-07
2013-05-08,10.0084173913043,9.69799999999998,10.401,0.151317269580581,0.703000000000031,"2013",5,2025-05-08
2013-05-09,10.1807547826087,9.84500000000003,10.679,0.223126167119788,0.833999999999946,"2013",5,2025-05-09
2013-05-10,10.0049426086957,9.66699999999997,10.377,0.131642088853234,0.710000000000036,"2013",5,2025-05-10
2013-05-11,9.71336347826087,9.512,9.95600000000002,0.0968409651512959,0.444000000000017,"2013",5,2025-05-11
2013-05-12,9.89455304347826,9.54399999999998,10.388,0.217508540951989,0.843999999999994,"2013",5,2025-05-12
2013-05-13,9.81157043478261,9.40300000000002,10.265,0.19583126179571,0.861999999999966,"2013",5,2025-05-13
2013-05-14,9.31293913043478,8.91500000000002,9.589,0.115638636267679,0.673999999999978,"2013",5,2025-05-14
2013-05-15,9.0823947826087,8.67899999999997,9.589,0.188503871919992,0.910000000000025,"2013",5,2025-05-15
2013-05-16,9.10891478260869,8.76999999999998,9.56799999999998,0.17468291245295,0.798000000000002,"2013",5,2025-05-16
2013-05-17,10.1989443478261,9.50599999999997,10.765,0.283057996972445,1.25900000000001,"2013",5,2025-05-17
2013-05-18,10.4595965217391,9.827,10.907,0.268348077280638,1.07999999999998,"2013",5,2025-05-18
2013-05-19,10.3686747826087,9.92000000000002,10.752,0.18344916500213,0.831999999999994,"2013",5,2025-05-19
2013-05-20,10.2861026086957,9.84199999999998,10.431,0.115284279339681,0.588999999999999,"2013",5,2025-05-20
2013-05-21,10.8131808695652,10.255,11.172,0.210107344348235,0.91700000000003,"2013",5,2025-05-21
2013-05-22,10.7897408695652,10.195,11.222,0.234349415963233,1.02699999999999,"2013",5,2025-05-22
2013-05-23,10.229,9.73099999999999,10.67,0.227215135433435,0.939000000000021,"2013",5,2025-05-23
2013-05-24,9.12626086956522,8.79399999999998,9.44499999999999,0.164648664433061,0.65100000000001,"2013",5,2025-05-24
2013-05-25,9.51770608695652,9.245,9.80500000000001,0.120258456631772,0.560000000000002,"2013",5,2025-05-25
2013-05-26,9.68415130434783,9.36599999999999,10.037,0.190534384381326,0.670999999999992,"2013",5,2025-05-26
2013-05-27,9.86545565217391,9.39299999999997,10.24,0.211785731815378,0.847000000000037,"2013",5,2025-05-27
2013-05-28,10.0503443478261,9.56,10.355,0.197902827927296,0.795000000000016,"2013",5,2025-05-28
2013-05-29,10.0074591304348,9.48000000000002,10.372,0.210103221643284,0.891999999999996,"2013",5,2025-05-29
2013-05-30,9.9661652173913,9.37400000000002,10.425,0.26022621258223,1.05099999999999,"2013",5,2025-05-30
2013-05-31,11.2938382608696,10.651,11.771,0.269484460575639,1.12,"2013",5,2025-05-31
2013-06-01,12.0634869565217,11.438,12.597,0.271092478313604,1.15899999999999,"2013",6,2025-06-01
2013-06-02,12.2909304347826,12.051,12.706,0.11993945349286,0.65500000000003,"2013",6,2025-06-02
2013-06-03,12.2219391304348,11.861,12.871,0.174894945418786,1.00999999999999,"2013",6,2025-06-03
2013-06-04,12.0626469565217,11.643,12.393,0.176191451007046,0.75,"2013",6,2025-06-04
2013-06-05,11.9241756521739,11.759,12.097,0.0775142479780338,0.337999999999965,"2013",6,2025-06-05
2013-06-06,11.962212173913,11.695,12.126,0.0844615669848167,0.430999999999983,"2013",6,2025-06-06
2013-06-07,12.3339095652174,11.748,12.802,0.252319433133714,1.05400000000003,"2013",6,2025-06-07
2013-06-08,13.1110939130435,12.754,13.345,0.117700314304062,0.591000000000008,"2013",6,2025-06-08
2013-06-09,13.3805095652174,12.931,13.547,0.116097697785077,0.616000000000042,"2013",6,2025-06-09
2013-06-10,13.4618939130435,12.896,13.727,0.14906630735104,0.83099999999996,"2013",6,2025-06-10
2013-06-11,13.3463391304348,12.934,13.518,0.116326846913475,0.583999999999946,"2013",6,2025-06-11
2013-06-12,12.5475095652174,12.084,13.118,0.217449484291069,1.03399999999999,"2013",6,2025-06-12
2013-06-13,12.3704556521739,11.903,13.219,0.285821100388086,1.31599999999997,"2013",6,2025-06-13
2013-06-14,12.9776991304348,12.632,13.53,0.223859692515292,0.897999999999968,"2013",6,2025-06-14
2013-06-15,13.7770817391304,13.343,14.161,0.125110342644769,0.817999999999984,"2013",6,2025-06-15
2013-06-16,14.2519147826087,13.588,14.886,0.408234788511622,1.298,"2013",6,2025-06-16
2013-06-17,14.2859026086957,13.683,15.009,0.414589929103133,1.32600000000002,"2013",6,2025-06-17
2013-06-18,14.5020539130435,14.217,14.821,0.154535108877485,0.604000000000042,"2013",6,2025-06-18
2013-06-19,14.9454573913043,14.594,15.329,0.225252350574142,0.735000000000014,"2013",6,2025-06-19
2013-06-20,15.0517913043478,14.676,15.575,0.230890410059308,0.899000000000001,"2013",6,2025-06-20
2013-06-21,14.993267826087,14.819,15.373,0.115372437021847,0.553999999999974,"2013",6,2025-06-21
2013-06-22,15.4009147826087,14.771,15.916,0.238599144924693,1.14499999999998,"2013",6,2025-06-22
2013-06-23,15.8492173913043,15.317,16.249,0.194180220118242,0.932000000000016,"2013",6,2025-06-23
2013-06-24,15.6283686956522,15.318,15.89,0.137107411265422,0.572000000000003,"2013",6,2025-06-24
2013-06-25,15.5515252173913,15.12,15.901,0.182791466381204,0.781000000000006,"2013",6,2025-06-25
2013-06-26,14.9725373913043,14.484,15.468,0.212460051363165,0.984000000000037,"2013",6,2025-06-26
2013-06-27,13.8723373913043,13.419,14.358,0.21871128944129,0.939000000000021,"2013",6,2025-06-27
2013-06-28,14.1526539130435,13.574,14.607,0.243143983556839,1.03299999999996,"2013",6,2025-06-28
2013-06-29,14.2118573913043,13.525,14.702,0.316951266069201,1.17700000000002,"2013",6,2025-06-29
2013-06-30,13.9834347826087,13.258,14.566,0.356376653760531,1.30799999999999,"2013",6,2025-06-30
2013-07-01,13.9436469565217,13.171,14.518,0.341073222471966,1.34699999999998,"2013",7,2025-07-01
2013-07-02,15.764907826087,14.982,16.374,0.311305658065388,1.39200000000005,"2013",7,2025-07-02
2013-07-03,17.26856,16.489,17.935,0.325079914270354,1.44600000000003,"2013",7,2025-07-03
2013-07-04,16.2715704347826,15.514,16.889,0.29671624103814,1.375,"2013",7,2025-07-04
2013-07-05,16.8076730434783,16.085,17.399,0.288853194849077,1.31400000000002,"2013",7,2025-07-05
2013-07-06,17.6437860869565,17.177,18.171,0.208241570591624,0.993999999999971,"2013",7,2025-07-06
2013-07-07,17.8886034782609,17.614,18.321,0.134258186398663,0.70700000000005,"2013",7,2025-07-07
2013-07-08,17.83632,17.495,18.153,0.137191244222398,0.658000000000015,"2013",7,2025-07-08
2013-07-09,17.7273704347826,17.299,17.995,0.169170028159574,0.696000000000026,"2013",7,2025-07-09
2013-07-10,17.5705026086957,17.095,17.87,0.187964837258057,0.774999999999977,"2013",7,2025-07-10
2013-07-11,17.0860173913043,16.631,17.409,0.173518356106998,0.77800000000002,"2013",7,2025-07-11
2013-07-12,17.7722086956522,17.231,18.16,0.201683251834641,0.92900000000003,"2013",7,2025-07-12
2013-07-13,18.0859095652174,17.591,18.375,0.156927751954313,0.783999999999992,"2013",7,2025-07-13
2013-07-14,18.5288,18.161,19.193,0.208053053740462,1.03199999999998,"2013",7,2025-07-14
2013-07-15,19.4707304347826,18.753,20.149,0.307489115462416,1.39600000000002,"2013",7,2025-07-15
2013-07-16,19.9067060869565,19.298,20.488,0.228437608529679,1.19,"2013",7,2025-07-16
2013-07-17,19.9425756521739,19.282,20.416,0.207244988167232,1.13400000000001,"2013",7,2025-07-17
2013-07-18,20.0156417391304,19.25,20.531,0.254410558060626,1.28100000000001,"2013",7,2025-07-18
2013-07-19,19.9317773913043,19.057,20.427,0.317102313438903,1.37,"2013",7,2025-07-19
2013-07-20,19.3194556521739,18.209,20.219,0.457690526232917,2.00999999999999,"2013",7,2025-07-20
2013-07-21,18.7361547826087,17.804,19.593,0.360264104691996,1.78900000000004,"2013",7,2025-07-21
2013-07-22,18.6347147826087,17.698,19.396,0.356187651734297,1.69800000000004,"2013",7,2025-07-22
2013-07-23,18.2445513043478,17.562,18.818,0.276692713230608,1.25599999999997,"2013",7,2025-07-23
2013-07-24,18.2071739130435,17.694,18.673,0.212154948834102,0.978999999999985,"2013",7,2025-07-24
2013-07-25,18.1500226086957,17.688,18.563,0.189758982958362,0.875,"2013",7,2025-07-25
2013-07-26,17.6514052173913,17.098,18.144,0.243173682873822,1.04599999999999,"2013",7,2025-07-26
2013-07-27,17.332547826087,16.681,18.04,0.305515319605349,1.35900000000004,"2013",7,2025-07-27
2013-07-28,17.0891947826087,16.237,17.92,0.351468497664841,1.68299999999999,"2013",7,2025-07-28
2013-07-29,17.0957704347826,16.449,17.873,0.296179887239515,1.42399999999998,"2013",7,2025-07-29
2013-07-30,17.1104747826087,16.605,17.724,0.19790435774873,1.11899999999997,"2013",7,2025-07-30
2013-07-31,17.3510973913044,16.834,17.833,0.26511994703761,0.999000000000024,"2013",7,2025-07-31
2013-08-01,17.6264052173913,16.89,18.31,0.35273041641263,1.42000000000002,"2013",8,2025-08-01
2013-08-02,17.9671339130435,17.418,18.592,0.177988189565784,1.17399999999998,"2013",8,2025-08-02
2013-08-03,17.8102956521739,17.421,18.424,0.27912279758359,1.00299999999999,"2013",8,2025-08-03
2013-08-04,17.6417304347826,17.197,18.482,0.376859896927005,1.28500000000003,"2013",8,2025-08-04
2013-08-05,17.3790626086957,16.809,18.325,0.35608523268655,1.51599999999996,"2013",8,2025-08-05
2013-08-06,17.0189130434783,16.363,17.625,0.233578619568374,1.262,"2013",8,2025-08-06
2013-08-07,16.6622904347826,16.195,17.343,0.214704344554012,1.14800000000002,"2013",8,2025-08-07
2013-08-08,16.789372173913,16.42,17.323,0.161044610191544,0.902999999999963,"2013",8,2025-08-08
2013-08-09,16.9351634782609,16.473,17.352,0.155299624044293,0.878999999999962,"2013",8,2025-08-09
2013-08-10,17.0489426086957,16.529,17.558,0.21010013833663,1.029,"2013",8,2025-08-10
2013-08-11,16.9325634782609,16.431,17.645,0.332563324595376,1.214,"2013",8,2025-08-11
2013-08-12,16.6498226086957,16.25,17.332,0.322359792891919,1.08199999999999,"2013",8,2025-08-12
2013-08-13,16.4727843478261,16.199,16.81,0.179424929509518,0.61099999999999,"2013",8,2025-08-13
2013-08-14,16.5263182608696,16.2,16.918,0.17859556025644,0.718000000000018,"2013",8,2025-08-14
2013-08-15,16.6951495652174,16.283,17.381,0.326675939164342,1.09799999999996,"2013",8,2025-08-15
2013-08-16,16.6702295652174,16.235,17.028,0.221600519885612,0.793000000000006,"2013",8,2025-08-16
2013-08-17,16.715267826087,16.225,17.132,0.233304099211053,0.906999999999982,"2013",8,2025-08-17
2013-08-18,16.8291339130435,16.549,17.074,0.13611432405796,0.525000000000034,"2013",8,2025-08-18
2013-08-19,17.1231286956522,16.71,18.062,0.33750982558035,1.35200000000003,"2013",8,2025-08-19
2013-08-20,17.9103269565217,17.404,18.603,0.359904213283172,1.19900000000001,"2013",8,2025-08-20
2013-08-21,18.4849408695652,18.161,18.837,0.144819676348827,0.675999999999988,"2013",8,2025-08-21
2013-08-22,18.3996869565217,18.076,18.634,0.0975445904662204,0.557999999999993,"2013",8,2025-08-22
2013-08-23,17.8449356521739,17.492,18.385,0.214330529770065,0.892999999999972,"2013",8,2025-08-23
2013-08-24,16.7795026086957,16.505,17.212,0.229854361351285,0.706999999999994,"2013",8,2025-08-24
2013-08-25,16.6457513043478,16.36,16.873,0.115033743243158,0.512999999999977,"2013",8,2025-08-25
2013-08-26,17.0293895652174,16.552,17.582,0.219742225992086,1.02999999999997,"2013",8,2025-08-26
2013-08-27,17.1586313043478,16.606,17.811,0.283521729579528,1.20499999999998,"2013",8,2025-08-27
2013-08-28,17.1253756521739,16.613,17.695,0.236939629982671,1.08199999999999,"2013",8,2025-08-28
2013-08-29,17.6068104347826,16.985,18.024,0.231640462190176,1.03899999999999,"2013",8,2025-08-29
2013-08-30,17.8057582608696,17.233,18.221,0.205141845199907,0.988,"2013",8,2025-08-30
2013-08-31,17.8379373913043,17.237,18.25,0.209107360127245,1.01299999999998,"2013",8,2025-08-31
2013-09-01,17.9116469565217,17.35,18.24,0.181814754924667,0.889999999999986,"2013",9,2025-09-01
2013-09-02,18.0989426086957,17.637,18.399,0.138268492951244,0.762,"2013",9,2025-09-02
2013-09-03,17.453947826087,16.843,17.988,0.196214934215082,1.14499999999998,"2013",9,2025-09-03
2013-09-04,17.4625843478261,16.893,17.872,0.143871928500078,0.978999999999985,"2013",9,2025-09-04
2013-09-05,17.3777826086957,16.632,17.753,0.231423175391243,1.12099999999998,"2013",9,2025-09-05
2013-09-06,16.8547982608696,16.238,17.504,0.305462254944169,1.26600000000002,"2013",9,2025-09-06
2013-09-07,16.4315026086957,16.002,16.81,0.18872221047978,0.807999999999993,"2013",9,2025-09-07
2013-09-08,16.1351304347826,15.768,16.47,0.182496237455327,0.701999999999998,"2013",9,2025-09-08
2013-09-09,15.5194017391304,15.299,15.93,0.168422555317948,0.631000000000029,"2013",9,2025-09-09
2013-09-10,15.504652173913,15.149,15.789,0.179540210450503,0.639999999999986,"2013",9,2025-09-10
2013-09-11,16.3235373913043,15.846,16.749,0.214233293601298,0.90300000000002,"2013",9,2025-09-11
2013-09-12,16.3984556521739,15.959,16.773,0.192596139254211,0.814000000000021,"2013",9,2025-09-12
2013-09-13,15.4899130434783,15.232,15.723,0.104048933577909,0.491000000000042,"2013",9,2025-09-13
2013-09-14,14.9758347826087,14.718,15.392,0.181208819925314,0.673999999999978,"2013",9,2025-09-14
2013-09-15,14.915292173913,14.585,15.646,0.275814829929482,1.06100000000004,"2013",9,2025-09-15
2013-09-16,14.9198730434783,14.72,15.193,0.138236855088766,0.472999999999956,"2013",9,2025-09-16
2013-09-17,14.4553095652174,14.258,14.755,0.110896103692918,0.497000000000014,"2013",9,2025-09-17
2013-09-18,13.8858626086957,13.771,14.082,0.0688839116620547,0.310999999999979,"2013",9,2025-09-18
2013-09-19,14.288587826087,14.098,14.651,0.14688653395906,0.552999999999997,"2013",9,2025-09-19
2013-09-20,14.5246817391304,14.209,15.011,0.220962208280645,0.802000000000021,"2013",9,2025-09-20
2013-09-21,14.9726052173913,14.504,15.497,0.287008095723899,0.992999999999995,"2013",9,2025-09-21
2013-09-22,14.9155304347826,14.686,15.349,0.204035904204419,0.663000000000011,"2013",9,2025-09-22
2013-09-23,14.607027826087,13.946,15.213,0.392003652197091,1.267,"2013",9,2025-09-23
2013-09-24,13.6600173913043,13.27,14.183,0.215326078900134,0.913000000000011,"2013",9,2025-09-24
2013-09-25,13.2690626086957,13.069,13.949,0.154612631307192,0.879999999999995,"2013",9,2025-09-25
2013-09-26,13.5426608695652,13.299,13.776,0.0928967700046196,0.477000000000032,"2013",9,2025-09-26
2013-09-27,13.8520208695652,13.553,14.166,0.136271657803437,0.613,"2013",9,2025-09-27
2013-09-28,13.9796539130435,13.659,14.31,0.130218833027636,0.65100000000001,"2013",9,2025-09-28
2013-09-29,13.99,13.671,14.262,0.121063118849816,0.591000000000008,"2013",9,2025-09-29
2013-09-30,14.1136086956522,13.852,14.435,0.105199850926963,0.583000000000027,"2013",9,2025-09-30
2013-10-01,14.4559269565217,14.014,14.649,0.107738884016974,0.634999999999991,"2013",10,2025-10-01
2013-10-02,14.7520226086957,14.422,15.249,0.188255454669168,0.826999999999998,"2013",10,2025-10-02
2013-10-03,14.9035147826087,14.575,15.426,0.224944815626547,0.850999999999999,"2013",10,2025-10-03
2013-10-04,14.9851373913043,14.6,15.394,0.176915677792931,0.793999999999983,"2013",10,2025-10-04
2013-10-05,14.4149252173913,14.172,15.01,0.174294105363231,0.837999999999965,"2013",10,2025-10-05
2013-10-06,14.1701669565217,13.787,14.722,0.158011929886214,0.935000000000002,"2013",10,2025-10-06
2013-10-07,14.0049217391304,13.711,14.106,0.0688311001321501,0.394999999999982,"2013",10,2025-10-07
2013-10-08,13.9340104347826,13.783,14.051,0.0578747587105429,0.267999999999972,"2013",10,2025-10-08
2013-10-09,13.9025739130435,13.706,14.099,0.0864337837298174,0.392999999999972,"2013",10,2025-10-09
2013-10-10,13.9371443478261,13.802,14.037,0.0475186194779617,0.234999999999957,"2013",10,2025-10-10
2013-10-11,13.6108260869565,13.368,13.74,0.0791358225607201,0.372000000000014,"2013",10,2025-10-11
2013-10-12,13.3704226086957,13.192,13.456,0.0559858790385536,0.26400000000001,"2013",10,2025-10-12
2013-10-13,13.4652017391304,13.205,13.842,0.161874034770431,0.637,"2013",10,2025-10-13
2013-10-14,13.4728434782609,13.101,13.958,0.202330799587578,0.857000000000028,"2013",10,2025-10-14
2013-10-15,13.4353530434783,13.1,13.652,0.143430186323296,0.551999999999964,"2013",10,2025-10-15
2013-10-16,13.4551304347826,13.231,13.554,0.0702478838620266,0.322999999999979,"2013",10,2025-10-16
2013-10-17,14.1076869565217,13.729,14.21,0.102043558815702,0.480999999999995,"2013",10,2025-10-17
2013-10-18,14.25176,13.898,14.51,0.116068096076524,0.611999999999966,"2013",10,2025-10-18
2013-10-19,14.1173408695652,13.469,14.384,0.160295943582048,0.91500000000002,"2013",10,2025-10-19
2013-10-20,14.0155773913043,13.479,14.182,0.134834304729394,0.703000000000031,"2013",10,2025-10-20
2013-10-21,13.1611304347826,12.875,13.432,0.122969934977405,0.557000000000016,"2013",10,2025-10-21
2013-10-22,12.9781165217391,12.818,13.18,0.0824215094156942,0.362000000000023,"2013",10,2025-10-22
2013-10-23,12.86592,12.68,13.179,0.0973750456338538,0.498999999999967,"2013",10,2025-10-23
2013-10-24,12.1482626086957,11.919,12.383,0.096446021679033,0.463999999999999,"2013",10,2025-10-24
2013-10-25,11.914572173913,11.687,12.151,0.104358808429541,0.463999999999999,"2013",10,2025-10-25
2013-10-26,11.874532173913,11.664,12.2,0.14337177346483,0.536000000000001,"2013",10,2025-10-26
2013-10-27,11.611587826087,11.418,11.823,0.118171546853226,0.404999999999973,"2013",10,2025-10-27
2013-10-28,11.154147826087,10.914,11.366,0.114628854467908,0.451999999999998,"2013",10,2025-10-28
2013-10-29,11.2103547826087,10.921,11.481,0.131488619983917,0.560000000000002,"2013",10,2025-10-29
2013-10-30,10.7961426086957,10.522,10.953,0.115129031582149,0.430999999999983,"2013",10,2025-10-30
2013-10-31,10.5160834782609,10.271,10.803,0.137864297219442,0.531999999999982,"2013",10,2025-10-31
2013-11-01,10.9956643478261,10.722,11.162,0.0902729718187774,0.439999999999998,"2013",11,2025-11-01
2013-11-02,10.9127634782609,10.665,11.106,0.117866278635784,0.440999999999974,"2013",11,2025-11-02
2013-11-03,10.8208382608696,10.587,10.946,0.0806993383030187,0.359000000000037,"2013",11,2025-11-03
2013-11-04,10.1868852173913,9.93400000000003,10.456,0.118300129331751,0.521999999999991,"2013",11,2025-11-04
2013-11-05,10.0370226086957,9.78399999999999,10.478,0.202225013126343,0.694000000000017,"2013",11,2025-11-05
2013-11-06,9.9969652173913,9.78899999999999,10.343,0.153297252318984,0.55400000000003,"2013",11,2025-11-06
2013-11-07,10.097267826087,9.89600000000002,10.329,0.0932951253229725,0.432999999999993,"2013",11,2025-11-07
2013-11-08,9.88167652173913,9.56400000000002,10.262,0.156538469367954,0.697999999999979,"2013",11,2025-11-08
2013-11-09,9.84157217391304,9.428,10.207,0.177529664571185,0.778999999999996,"2013",11,2025-11-09
2013-11-10,9.87371304347826,9.68000000000001,10.16,0.113795997340662,0.480000000000018,"2013",11,2025-11-10
2013-11-11,9.85263130434783,9.70800000000003,10.067,0.0752753116067569,0.35899999999998,"2013",11,2025-11-11
2013-11-12,9.70345739130435,9.43299999999999,9.97399999999999,0.134478193419521,0.540999999999997,"2013",11,2025-11-12
2013-11-13,9.39763652173913,9.053,9.815,0.193239461820316,0.762,"2013",11,2025-11-13
2013-11-14,9.36978956521739,8.94999999999999,9.964,0.259111513054796,1.01400000000001,"2013",11,2025-11-14
2013-11-15,9.49379130434783,9.04300000000001,10.169,0.268179697401705,1.12599999999998,"2013",11,2025-11-15
2013-11-16,9.28308695652174,8.90199999999999,9.64999999999998,0.201775972177159,0.74799999999999,"2013",11,2025-11-16
2013-11-17,9.02664173913043,8.81400000000002,9.26900000000001,0.107951839486588,0.454999999999984,"2013",11,2025-11-17
2013-11-18,9.26881391304348,8.98099999999999,9.541,0.130004242015323,0.560000000000002,"2013",11,2025-11-18
2013-11-19,9.34705043478261,8.96199999999999,9.82400000000001,0.22488763565704,0.862000000000023,"2013",11,2025-11-19
2013-11-20,9.17583130434783,8.84199999999998,9.58800000000002,0.202098367726815,0.746000000000038,"2013",11,2025-11-20
2013-11-21,9.00019652173913,8.75299999999999,9.51600000000002,0.153742016551708,0.763000000000034,"2013",11,2025-11-21
2013-11-22,9.06577913043478,8.786,9.35199999999998,0.134906542367147,0.565999999999974,"2013",11,2025-11-22
2013-11-23,9.13151130434783,8.75599999999997,9.59699999999998,0.231647694762356,0.841000000000008,"2013",11,2025-11-23
2013-11-24,8.9762052173913,8.60399999999998,9.56400000000002,0.230335975577426,0.960000000000036,"2013",11,2025-11-24
2013-11-25,8.74494608695652,8.58100000000002,8.935,0.0680478583469179,0.353999999999985,"2013",11,2025-11-25
2013-11-26,8.51798956521739,8.41300000000001,8.70400000000001,0.06530811371269,0.290999999999997,"2013",11,2025-11-26
2013-11-27,8.67230782608696,8.541,8.83999999999997,0.0646343577361906,0.298999999999978,"2013",11,2025-11-27
2013-11-28,7.98912869565217,7.84500000000003,8.24900000000002,0.0903588131611489,0.403999999999996,"2013",11,2025-11-28
2013-11-29,7.68670434782609,7.50700000000001,8.13499999999999,0.128072930409637,0.627999999999986,"2013",11,2025-11-29
2013-11-30,7.58222086956522,7.37299999999999,8.16699999999997,0.164447893474596,0.793999999999983,"2013",11,2025-11-30
2013-12-01,7.64814782608696,7.47899999999998,8.08800000000002,0.130763960252874,0.609000000000037,"2013",12,2025-12-01
2013-12-02,7.80953217391304,7.66899999999998,8.00900000000001,0.0819010318329433,0.340000000000032,"2013",12,2025-12-02
2013-12-03,7.37620347826087,7.15499999999997,7.714,0.151074278480959,0.559000000000026,"2013",12,2025-12-03
2013-12-04,7.38934086956522,7.09399999999999,7.80900000000003,0.185317315162113,0.715000000000032,"2013",12,2025-12-04
2013-12-05,7.41145043478261,7.15300000000002,7.75400000000002,0.151386509148768,0.600999999999999,"2013",12,2025-12-05
2013-12-06,7.20673217391304,7.00400000000002,7.613,0.129914503880193,0.60899999999998,"2013",12,2025-12-06
2013-12-07,7.22610608695652,6.93200000000002,7.697,0.167412572891606,0.764999999999986,"2013",12,2025-12-07
2013-12-08,7.87493739130435,7.57499999999999,8.25400000000002,0.158430420576083,0.67900000000003,"2013",12,2025-12-08
2013-12-09,6.70760869565217,6.423,7.16199999999998,0.149369889990427,0.738999999999976,"2013",12,2025-12-09
2013-12-10,6.67830086956522,6.40600000000001,7.06999999999999,0.139345601926455,0.663999999999987,"2013",12,2025-12-10
2013-12-11,6.92040869565217,6.63,7.34800000000001,0.193927233005726,0.718000000000018,"2013",12,2025-12-11
2013-12-12,6.8472347826087,6.50299999999999,7.33100000000002,0.242117169004468,0.828000000000031,"2013",12,2025-12-12
2013-12-13,6.60641739130435,6.32400000000001,7.14800000000002,0.215012582996534,0.824000000000012,"2013",12,2025-12-13
2013-12-14,6.47089391304348,6.13600000000002,7.125,0.20721165486193,0.988999999999976,"2013",12,2025-12-14
2013-12-15,6.41000869565217,6.24700000000001,6.80099999999999,0.13613920522581,0.553999999999974,"2013",12,2025-12-15
2013-12-16,6.30538782608696,6.14600000000002,6.83699999999999,0.102008646511146,0.690999999999974,"2013",12,2025-12-16
2013-12-17,6.32886782608696,6.06599999999997,7.08199999999999,0.221271649287401,1.01600000000002,"2013",12,2025-12-17
2013-12-18,6.1122052173913,5.85899999999998,6.76900000000001,0.190497184558323,0.910000000000025,"2013",12,2025-12-18
2013-12-19,5.86229217391304,5.41699999999997,6.84399999999999,0.336032137469786,1.42700000000002,"2013",12,2025-12-19
2013-12-20,6.00994260869565,5.58800000000002,6.81299999999999,0.300271053815938,1.22499999999997,"2013",12,2025-12-20
2013-12-21,6.45818782608696,6.12599999999998,6.839,0.176691751683155,0.713000000000022,"2013",12,2025-12-21
2013-12-22,5.74279130434783,5.59100000000001,5.95699999999999,0.0813142799228764,0.365999999999985,"2013",12,2025-12-22
2013-12-23,5.84775652173913,5.45299999999997,6.22899999999998,0.180463832859826,0.77600000000001,"2013",12,2025-12-23
2013-12-24,5.50651304347826,4.97500000000002,6.11599999999999,0.252751229597446,1.14099999999996,"2013",12,2025-12-24
2013-12-25,5.51185043478261,5.16000000000003,6.04500000000002,0.191374476184334,0.884999999999991,"2013",12,2025-12-25
2013-12-26,5.51199478260869,5.096,5.96699999999998,0.184678310502192,0.870999999999981,"2013",12,2025-12-26
2013-12-27,5.43334260869565,4.93200000000002,5.92000000000002,0.18331149355439,0.988,"2013",12,2025-12-27
2013-12-28,5.49199304347826,4.88799999999998,6.11099999999999,0.211745985371294,1.22300000000001,"2013",12,2025-12-28
2013-12-29,5.52922086956522,4.84699999999998,6.096,0.234657965002921,1.24900000000002,"2013",12,2025-12-29
2013-12-30,5.33596,4.74200000000002,5.94200000000001,0.240101895036254,1.19999999999999,"2013",12,2025-12-30
2013-12-31,4.91289043478261,4.50900000000001,5.25,0.150842454775514,0.740999999999985,"2013",12,2025-12-31
2014-01-01,4.7576347826087,4.23700000000002,5.28800000000001,0.201162021929608,1.05099999999999,"2014",1,2025-01-01
2014-01-02,4.70819130434783,4.16899999999998,5.25900000000001,0.231627031681942,1.09000000000003,"2014",1,2025-01-02
2014-01-03,4.53258782608696,4.09800000000001,4.952,0.183355585088769,0.853999999999985,"2014",1,2025-01-03
2014-01-04,4.28233043478261,3.68000000000001,4.767,0.266278571015796,1.08699999999999,"2014",1,2025-01-04
2014-01-05,4.30847304347826,3.66699999999997,4.91899999999998,0.286445066007471,1.25200000000001,"2014",1,2025-01-05
2014-01-06,4.28761217391304,3.79300000000001,4.76499999999999,0.230862745302508,0.97199999999998,"2014",1,2025-01-06
2014-01-07,4.05382260869565,3.59199999999998,4.76299999999998,0.241235098314255,1.17099999999999,"2014",1,2025-01-07
2014-01-08,4.08268,3.59399999999999,4.55500000000001,0.219618227190471,0.961000000000013,"2014",1,2025-01-08
2014-01-09,4.16540347826087,3.72699999999998,4.73399999999998,0.208002556240337,1.00700000000001,"2014",1,2025-01-09
2014-01-10,4.12719304347826,3.69200000000001,4.55500000000001,0.173645818650488,0.863,"2014",1,2025-01-10
2014-01-11,4.20052695652174,3.762,4.56599999999997,0.185203924391625,0.803999999999974,"2014",1,2025-01-11
2014-01-12,4.11771478260869,3.67399999999998,4.57299999999998,0.187480643480996,0.899000000000001,"2014",1,2025-01-12
2014-01-13,4.03229739130435,3.57999999999998,4.55599999999998,0.209755665665786,0.975999999999999,"2014",1,2025-01-13
2014-01-14,4.19426434782608,3.83299999999997,4.59199999999998,0.170504947045903,0.759000000000015,"2014",1,2025-01-14
2014-01-15,4.32133391304348,4.04399999999998,4.68299999999999,0.157669613823218,0.63900000000001,"2014",1,2025-01-15
2014-01-16,4.36150260869565,4.11200000000002,4.69799999999998,0.142116381039391,0.585999999999956,"2014",1,2025-01-16
2014-01-17,4.31745913043478,4.125,4.55000000000001,0.103846180719916,0.425000000000011,"2014",1,2025-01-17
2014-01-18,4.09226260869565,3.88,4.35899999999998,0.113780516036005,0.478999999999985,"2014",1,2025-01-18
2014-01-19,3.72038086956522,3.52800000000002,3.964,0.108537390509517,0.435999999999979,"2014",1,2025-01-19
2014-01-20,3.3586747826087,3.15100000000001,3.73000000000002,0.129368785072478,0.579000000000008,"2014",1,2025-01-20
2014-01-21,3.28665391304348,3.08299999999997,3.78899999999999,0.152949811453011,0.706000000000017,"2014",1,2025-01-21
2014-01-22,3.28994434782609,3.03199999999998,3.96499999999997,0.212963616901857,0.932999999999993,"2014",1,2025-01-22
2014-01-23,3.27709391304348,3.01100000000002,3.95400000000001,0.223486746049398,0.942999999999984,"2014",1,2025-01-23
2014-01-24,3.35323652173913,3.13499999999999,3.89999999999998,0.183292362910923,0.764999999999986,"2014",1,2025-01-24
2014-01-25,3.54610608695652,3.39400000000001,3.74599999999998,0.0901714446086716,0.351999999999975,"2014",1,2025-01-25
2014-01-26,3.59487304347826,3.45699999999999,3.803,0.0797824757440067,0.346000000000004,"2014",1,2025-01-26
2014-01-27,3.99798608695652,3.822,4.17399999999998,0.0884869514258487,0.351999999999975,"2014",1,2025-01-27
2014-01-28,3.58986608695652,3.28800000000001,4.11599999999999,0.203344281134733,0.827999999999975,"2014",1,2025-01-28
2014-01-29,3.37637391304348,3.00400000000002,4.27300000000002,0.310847113368796,1.26900000000001,"2014",1,2025-01-29
2014-01-30,3.32254956521739,2.92700000000002,4.24099999999999,0.324337175444391,1.31399999999996,"2014",1,2025-01-30
2014-01-31,3.47687130434782,3.20299999999997,4.233,0.244147012876216,1.03000000000003,"2014",1,2025-01-31
2014-02-01,3.73023652173913,3.57999999999998,4.04500000000002,0.109820203337325,0.465000000000032,"2014",2,2025-02-01
2014-02-02,4.0286452173913,3.89300000000003,4.17899999999997,0.0665279751006248,0.285999999999945,"2014",2,2025-02-02
2014-02-03,3.66472869565217,3.54199999999997,4.12799999999999,0.107541983346476,0.586000000000013,"2014",2,2025-02-03
2014-02-04,3.47302086956522,3.30200000000002,4.13299999999998,0.165156950743931,0.83099999999996,"2014",2,2025-02-04
2014-02-05,3.41328695652174,3.22899999999998,3.89100000000002,0.128111365780383,0.662000000000035,"2014",2,2025-02-05
2014-02-06,3.0998052173913,2.85000000000002,3.565,0.156306632576374,0.714999999999975,"2014",2,2025-02-06
2014-02-07,3.09669739130435,2.59399999999999,3.74099999999999,0.297402235117884,1.14699999999999,"2014",2,2025-02-07
2014-02-08,3.19322086956522,2.67000000000002,3.92099999999999,0.323349141269188,1.25099999999998,"2014",2,2025-02-08
2014-02-09,3.30359652173913,2.80099999999999,3.97800000000001,0.303533810643738,1.17700000000002,"2014",2,2025-02-09
2014-02-10,2.92178086956522,2.52300000000002,3.52100000000002,0.212945963232652,0.99799999999999,"2014",2,2025-02-10
2014-02-11,2.81299826086957,2.40899999999999,3.32900000000001,0.202685029667525,0.920000000000016,"2014",2,2025-02-11
2014-02-12,2.82997739130435,2.41399999999999,3.43799999999999,0.220453178742275,1.024,"2014",2,2025-02-12
2014-02-13,2.74184,2.37200000000001,3.48099999999999,0.223154355416746,1.10899999999998,"2014",2,2025-02-13
2014-02-14,2.45501565217391,2.05700000000002,2.97899999999998,0.215564912409,0.921999999999969,"2014",2,2025-02-14
2014-02-15,2.40719304347826,1.95299999999997,2.97800000000001,0.26557089111829,1.02500000000003,"2014",2,2025-02-15
2014-02-16,2.5295652173913,2.13600000000002,3.02800000000002,0.226742564212574,0.891999999999996,"2014",2,2025-02-16
2014-02-17,2.50242086956522,2.089,2.96800000000002,0.196142939014829,0.879000000000019,"2014",2,2025-02-17
2014-02-18,2.4886452173913,2.03399999999999,3.03100000000001,0.20758565514891,0.997000000000014,"2014",2,2025-02-18
2014-02-19,2.59683130434783,2.09899999999999,3.01999999999998,0.21938633384571,0.920999999999992,"2014",2,2025-02-19
2014-02-20,2.69375130434783,2.29199999999997,3.05200000000002,0.182522192992269,0.760000000000048,"2014",2,2025-02-20
2014-02-21,2.72714260869565,2.38900000000001,3.01400000000001,0.159425439991639,0.625,"2014",2,2025-02-21
2014-02-22,2.63586434782609,2.28100000000001,2.96899999999999,0.179706668749133,0.687999999999988,"2014",2,2025-02-22
2014-02-23,2.19076173913043,1.73599999999999,2.85599999999999,0.290163459754602,1.12,"2014",2,2025-02-23
2014-02-24,1.88947304347826,1.447,2.50799999999998,0.2852350804185,1.06099999999998,"2014",2,2025-02-24
2014-02-25,1.54425913043478,1.142,2.40800000000002,0.363956257636972,1.26600000000002,"2014",2,2025-02-25
2014-02-26,1.56992347826087,0.990000000000009,2.64600000000002,0.483190832791563,1.65600000000001,"2014",2,2025-02-26
2014-02-27,1.52045217391304,0.911000000000001,2.65100000000001,0.506315997435597,1.74000000000001,"2014",2,2025-02-27
2014-02-28,1.57258086956522,1.13799999999998,2.60699999999997,0.374358806042096,1.46899999999999,"2014",2,2025-02-28
2014-03-01,1.76660347826087,1.464,2.53800000000001,0.257003374457719,1.07400000000001,"2014",3,2025-03-01
2014-03-02,1.94114782608696,1.63299999999998,2.33299999999997,0.169606556573507,0.699999999999989,"2014",3,2025-03-02
2014-03-03,1.82097565217391,1.49900000000002,2.30900000000003,0.200079294642966,0.810000000000002,"2014",3,2025-03-03
2014-03-04,1.85907826086956,1.55099999999999,2.30599999999998,0.196924929002082,0.754999999999995,"2014",3,2025-03-04
2014-03-05,1.8282852173913,1.49599999999998,2.27699999999999,0.180571109200662,0.781000000000006,"2014",3,2025-03-05
2014-03-06,1.91252,1.58499999999998,2.33499999999998,0.169626354700733,0.75,"2014",3,2025-03-06
2014-03-07,1.98194782608696,1.56400000000002,2.56999999999999,0.224712074524053,1.00599999999997,"2014",3,2025-03-07
2014-03-08,2.23932173913043,1.84100000000001,2.70400000000001,0.197578059721673,0.863,"2014",3,2025-03-08
2014-03-09,2.54877217391304,2.04899999999998,2.89300000000003,0.182518345003145,0.844000000000051,"2014",3,2025-03-09
2014-03-10,2.83714956521739,2.221,3.23000000000002,0.224781780114432,1.00900000000001,"2014",3,2025-03-10
2014-03-11,3.03782260869565,2.55399999999997,3.44,0.204046972738572,0.886000000000024,"2014",3,2025-03-11
2014-03-12,2.26227130434782,2.03300000000002,2.44999999999999,0.0984475990059563,0.416999999999973,"2014",3,2025-03-12
2014-03-13,2.07358086956522,1.82999999999998,2.26800000000003,0.104106368058457,0.438000000000045,"2014",3,2025-03-13
2014-03-14,2.09074782608696,1.673,2.39499999999998,0.19112604354333,0.72199999999998,"2014",3,2025-03-14
2014-03-15,2.25357391304348,1.65499999999997,2.74599999999998,0.320283472571729,1.09100000000001,"2014",3,2025-03-15
2014-03-16,1.92477217391304,1.17700000000002,2.49400000000003,0.341945140868726,1.31700000000001,"2014",3,2025-03-16
2014-03-17,1.53135826086956,1.12099999999998,1.88900000000001,0.195523723567771,0.768000000000029,"2014",3,2025-03-17
2014-03-18,1.44472695652174,0.819999999999993,2.19900000000001,0.385072756897749,1.37900000000002,"2014",3,2025-03-18
2014-03-19,1.52289913043478,0.946000000000026,2.31,0.351161770571258,1.36399999999998,"2014",3,2025-03-19
2014-03-20,1.63718608695652,1.18599999999998,2.11000000000001,0.228888288443463,0.924000000000035,"2014",3,2025-03-20
2014-03-21,1.74527130434783,1.02800000000002,2.21300000000002,0.315454071480228,1.185,"2014",3,2025-03-21
2014-03-22,1.69567130434783,0.896999999999991,2.21699999999998,0.354060145869166,1.31999999999999,"2014",3,2025-03-22
2014-03-23,1.5470852173913,0.886000000000024,2.17200000000003,0.357222436350188,1.286,"2014",3,2025-03-23
2014-03-24,1.41013217391304,0.790999999999997,2.01999999999998,0.367255140059766,1.22899999999998,"2014",3,2025-03-24
2014-03-25,1.20095652173913,0.690999999999974,1.72000000000003,0.308163153970801,1.02900000000005,"2014",3,2025-03-25
2014-03-26,1.42222956521739,0.856999999999971,2.00099999999998,0.323526086108474,1.14400000000001,"2014",3,2025-03-26
2014-03-27,1.63587826086957,1.15100000000001,2.262,0.326884116426422,1.11099999999999,"2014",3,2025-03-27
2014-03-28,2.3238747826087,1.94299999999998,2.71800000000002,0.209443833723808,0.775000000000034,"2014",3,2025-03-28
2014-03-29,2.5381652173913,1.87,2.976,0.299845097361547,1.10599999999999,"2014",3,2025-03-29
2014-03-30,2.50736173913044,2.09699999999998,2.88900000000001,0.227263261815864,0.79200000000003,"2014",3,2025-03-30
2014-03-31,2.38885739130435,2.02600000000001,2.76999999999998,0.206163006386309,0.743999999999971,"2014",3,2025-03-31
2014-04-01,2.25668,1.69299999999998,2.84199999999998,0.336897416949194,1.149,"2014",4,2025-04-01
2014-04-02,2.47012869565217,1.91699999999997,3.02100000000002,0.368840273250687,1.10400000000004,"2014",4,2025-04-02
2014-04-03,2.49440695652174,1.97399999999999,3.01499999999999,0.353180232468601,1.041,"2014",4,2025-04-03
2014-04-04,2.58830260869565,2.13799999999998,3.11700000000002,0.294541293834448,0.979000000000042,"2014",4,2025-04-04
2014-04-05,2.66981217391304,2.19900000000001,3.202,0.260377291632505,1.00299999999999,"2014",4,2025-04-05
2014-04-06,3.37836869565217,2.75200000000001,3.81900000000002,0.320980867786898,1.06700000000001,"2014",4,2025-04-06
2014-04-07,3.61756695652174,2.73199999999997,4.01299999999998,0.269350985262031,1.28100000000001,"2014",4,2025-04-07
2014-04-08,3.89423130434783,2.99700000000001,4.202,0.230772299183839,1.20499999999998,"2014",4,2025-04-08
2014-04-09,3.86049913043478,2.94900000000001,4.24299999999999,0.259374185694755,1.29399999999998,"2014",4,2025-04-09
2014-04-10,3.66452,2.89699999999999,4.04399999999998,0.304222117415447,1.14699999999999,"2014",4,2025-04-10
2014-04-11,3.74458608695652,3.44,3.947,0.13856824812334,0.507000000000005,"2014",4,2025-04-11
2014-04-12,3.78534260869565,3.55399999999997,3.91699999999997,0.0773455694827992,0.363,"2014",4,2025-04-12
2014-04-13,4.51446608695652,4.20100000000002,4.77499999999998,0.134849632923007,0.573999999999955,"2014",4,2025-04-13
2014-04-14,4.76924173913044,4.52300000000002,4.98599999999999,0.112822155062418,0.462999999999965,"2014",4,2025-04-14
2014-04-15,4.1071547826087,3.54300000000001,4.49299999999999,0.234239592729324,0.949999999999989,"2014",4,2025-04-15
2014-04-16,4.38746782608696,3.43599999999998,4.90899999999999,0.357661571770333,1.47300000000001,"2014",4,2025-04-16
2014-04-17,4.37404,3.36200000000002,4.95600000000002,0.377188235893124,1.59399999999999,"2014",4,2025-04-17
2014-04-18,4.46593739130435,4.13400000000001,4.673,0.145936634536374,0.538999999999987,"2014",4,2025-04-18
2014-04-19,5.35298260869565,4.745,5.79500000000002,0.205211634728702,1.05000000000001,"2014",4,2025-04-19
2014-04-20,5.56362608695652,5.00099999999998,5.839,0.158696402286797,0.838000000000022,"2014",4,2025-04-20
2014-04-21,5.48188869565217,5.06099999999998,5.93400000000003,0.190290383620586,0.873000000000047,"2014",4,2025-04-21
2014-04-22,5.35065217391304,5,5.596,0.119699481679143,0.596000000000004,"2014",4,2025-04-22
2014-04-23,5.28672,4.94900000000001,5.50400000000002,0.121826902963649,0.555000000000007,"2014",4,2025-04-23
2014-04-24,4.94518260869565,4.75900000000001,5.238,0.115354957620114,0.478999999999985,"2014",4,2025-04-24
2014-04-25,5.04134260869565,4.78899999999999,5.303,0.135318835691246,0.51400000000001,"2014",4,2025-04-25
2014-04-26,5.66513391304348,5.18700000000001,5.98500000000001,0.194067378869509,0.798000000000002,"2014",4,2025-04-26
2014-04-27,5.99624347826087,5.62799999999999,6.40600000000001,0.191091700960649,0.77800000000002,"2014",4,2025-04-27
2014-04-28,6.12176695652174,5.72399999999999,6.584,0.203589584987261,0.860000000000014,"2014",4,2025-04-28
2014-04-29,6.12602260869565,5.80200000000002,6.411,0.143859365039469,0.60899999999998,"2014",4,2025-04-29
2014-04-30,6.09710260869565,5.88299999999998,6.27600000000001,0.0890872311236615,0.393000000000029,"2014",4,2025-04-30
2014-05-01,6.37664695652174,6.27100000000002,6.52199999999999,0.0386178753941049,0.250999999999976,"2014",5,2025-05-01
2014-05-02,6.39628695652174,6.18900000000002,6.77100000000002,0.0896429974390089,0.581999999999994,"2014",5,2025-05-02
2014-05-03,6.55008347826087,6.25400000000002,6.976,0.195421682866109,0.72199999999998,"2014",5,2025-05-03
2014-05-04,6.64593913043478,6.22699999999998,7.41699999999997,0.299874389700997,1.19,"2014",5,2025-05-04
2014-05-05,7.31201043478261,6.78300000000002,7.52699999999999,0.155820822776631,0.743999999999971,"2014",5,2025-05-05
2014-05-06,7.42018608695652,7.12200000000001,7.92200000000003,0.203871112392391,0.800000000000011,"2014",5,2025-05-06
2014-05-07,7.46330434782609,7.173,8.03699999999998,0.216077462797023,0.863999999999976,"2014",5,2025-05-07
2014-05-08,7.57360347826087,7.28699999999998,7.94799999999998,0.159447596019452,0.661000000000001,"2014",5,2025-05-08
2014-05-09,7.7999147826087,7.49000000000001,8.02300000000002,0.12925216975883,0.533000000000015,"2014",5,2025-05-09
2014-05-10,9.06972173913044,8.61700000000002,9.25099999999998,0.145459691114516,0.633999999999958,"2014",5,2025-05-10
2014-05-11,9.47757565217391,9.20400000000001,9.84300000000002,0.172976748448199,0.63900000000001,"2014",5,2025-05-11
2014-05-12,9.4806,9.05700000000002,10.046,0.255578492549076,0.988999999999976,"2014",5,2025-05-12
2014-05-13,9.51188173913044,9.20699999999999,9.86700000000002,0.183568014520935,0.660000000000025,"2014",5,2025-05-13
2014-05-14,9.39654608695652,8.96499999999997,9.53100000000001,0.115250571802763,0.566000000000031,"2014",5,2025-05-14
2014-05-15,9.42526608695652,8.69499999999999,9.827,0.254816987987587,1.13200000000001,"2014",5,2025-05-15
2014-05-16,9.40154434782609,8.91800000000001,9.60599999999999,0.154006971985323,0.687999999999988,"2014",5,2025-05-16
2014-05-17,9.44651304347826,8.983,9.70699999999999,0.135424675002771,0.72399999999999,"2014",5,2025-05-17
2014-05-18,9.51135652173913,8.97300000000001,9.86099999999999,0.16056160102301,0.887999999999977,"2014",5,2025-05-18
2014-05-19,9.35213217391304,8.88499999999999,9.53500000000003,0.134471063133223,0.650000000000034,"2014",5,2025-05-19
2014-05-20,9.23033913043478,8.77999999999997,9.536,0.167237937225158,0.756000000000029,"2014",5,2025-05-20
2014-05-21,8.80800347826087,8.36399999999998,9.26999999999998,0.228719934308863,0.906000000000006,"2014",5,2025-05-21
2014-05-22,9.00911304347826,8.51499999999999,9.46899999999999,0.247800532533019,0.954000000000008,"2014",5,2025-05-22
2014-05-23,9.36516869565217,8.85199999999998,9.83800000000002,0.255241617568311,0.986000000000047,"2014",5,2025-05-23
2014-05-24,9.96326956521739,9.517,10.324,0.195761798018406,0.807000000000016,"2014",5,2025-05-24
2014-05-25,10.1141026086957,9.75200000000001,10.402,0.152245612044849,0.649999999999977,"2014",5,2025-05-25
2014-05-26,9.89117217391304,9.51600000000002,10.183,0.164381927351187,0.666999999999973,"2014",5,2025-05-26
2014-05-27,9.49830086956522,9.23500000000001,9.64800000000002,0.0853658140697204,0.413000000000011,"2014",5,2025-05-27
2014-05-28,9.59610086956522,9.108,9.755,0.116763065654275,0.646999999999991,"2014",5,2025-05-28
2014-05-29,9.70926956521739,9.10199999999998,9.88999999999999,0.140169007105518,0.788000000000011,"2014",5,2025-05-29
2014-05-30,9.89157565217391,9.62400000000002,10.149,0.132612075137797,0.524999999999977,"2014",5,2025-05-30
2014-05-31,11.2937460869565,10.695,11.642,0.188846558146713,0.947000000000003,"2014",5,2025-05-31
2014-06-01,11.3673860869565,10.906,11.728,0.211456836102106,0.822000000000003,"2014",6,2025-06-01
2014-06-02,11.6692608695652,11.439,11.858,0.0920173903194049,0.418999999999983,"2014",6,2025-06-02
2014-06-03,12.029467826087,11.775,12.194,0.0878889380209503,0.41900000000004,"2014",6,2025-06-03
2014-06-04,12.2349965217391,12,12.463,0.0990506504106146,0.463000000000022,"2014",6,2025-06-04
2014-06-05,12.297387826087,12.08,12.521,0.0955708916036732,0.441000000000031,"2014",6,2025-06-05
2014-06-06,12.365507826087,12.204,12.602,0.0872651224355873,0.397999999999968,"2014",6,2025-06-06
2014-06-07,12.3985965217391,12.259,12.618,0.0824442837205473,0.35899999999998,"2014",6,2025-06-07
2014-06-08,12.4945791304348,12.344,12.749,0.0935009190508526,0.40500000000003,"2014",6,2025-06-08
2014-06-09,12.8860904347826,12.532,13.304,0.171738585160953,0.771999999999991,"2014",6,2025-06-09
2014-06-10,13.8689982608696,13.634,14.022,0.07729394320066,0.387999999999977,"2014",6,2025-06-10
2014-06-11,13.8516782608696,13.676,14.027,0.0692643710576761,0.350999999999999,"2014",6,2025-06-11
2014-06-12,14.0698643478261,13.831,14.241,0.0881294919445318,0.409999999999968,"2014",6,2025-06-12
2014-06-13,13.7549582608696,13.438,14.013,0.141389612931975,0.574999999999989,"2014",6,2025-06-13
2014-06-14,13.4642939130435,13.183,13.705,0.11434929775334,0.521999999999991,"2014",6,2025-06-14
2014-06-15,13.3508991304348,13.073,13.608,0.123687056984328,0.535000000000025,"2014",6,2025-06-15
2014-06-16,13.1246504347826,12.761,13.49,0.192913552959133,0.728999999999985,"2014",6,2025-06-16
2014-06-17,13.8250191304348,13.337,14.176,0.217834770957867,0.838999999999999,"2014",6,2025-06-17
2014-06-18,14.321092173913,13.688,14.748,0.236041225488861,1.06,"2014",6,2025-06-18
2014-06-19,14.5969669565217,13.849,14.997,0.267529015561959,1.14800000000002,"2014",6,2025-06-19
2014-06-20,14.4197252173913,13.564,15.004,0.352660951428745,1.44,"2014",6,2025-06-20
2014-06-21,13.9794626086957,13.354,14.73,0.300740673783491,1.37600000000003,"2014",6,2025-06-21
2014-06-22,13.8875704347826,13.483,14.433,0.187470652278798,0.949999999999989,"2014",6,2025-06-22
2014-06-23,14.3669530434783,14.145,14.951,0.174237851231289,0.80600000000004,"2014",6,2025-06-23
2014-06-24,14.5916556521739,14.259,15.019,0.158689437783333,0.759999999999991,"2014",6,2025-06-24
2014-06-25,14.3597634782609,14.15,14.576,0.0796373513062336,0.426000000000045,"2014",6,2025-06-25
2014-06-26,14.5606208695652,14.402,14.764,0.0821692541239385,0.362000000000023,"2014",6,2025-06-26
2014-06-27,14.9397495652174,14.63,15.158,0.085858808998047,0.52800000000002,"2014",6,2025-06-27
2014-06-28,15.37604,15.069,15.742,0.135382771846685,0.673000000000002,"2014",6,2025-06-28
2014-06-29,15.7984434782609,15.402,16.059,0.141801770118667,0.657000000000039,"2014",6,2025-06-29
2014-06-30,16.1932991304348,15.774,16.568,0.205243887173867,0.793999999999983,"2014",6,2025-06-30
2014-07-01,16.8925026086957,16.321,17.303,0.217442938752657,0.981999999999971,"2014",7,2025-07-01
2014-07-02,16.99144,16.424,17.371,0.218414550382558,0.947000000000003,"2014",7,2025-07-02
2014-07-03,16.5722713043478,15.993,17.057,0.227248408482223,1.06400000000002,"2014",7,2025-07-03
2014-07-04,16.3411947826087,15.71,16.893,0.252534712087207,1.18300000000005,"2014",7,2025-07-04
2014-07-05,16.0816034782609,15.414,16.632,0.262235011738724,1.21800000000002,"2014",7,2025-07-05
2014-07-06,15.5684313043478,15.015,16.034,0.215413632727068,1.01900000000001,"2014",7,2025-07-06
2014-07-07,16.1084347826087,15.416,16.563,0.254733252927346,1.14699999999999,"2014",7,2025-07-07
2014-07-08,16.3323443478261,15.708,16.774,0.235548894955721,1.06599999999997,"2014",7,2025-07-08
2014-07-09,16.2453252173913,15.775,16.612,0.20643108114315,0.837000000000046,"2014",7,2025-07-09
2014-07-10,16.0465791304348,15.59,16.535,0.230395539866083,0.94500000000005,"2014",7,2025-07-10
2014-07-11,16.1834347826087,15.677,16.614,0.219376997610837,0.936999999999955,"2014",7,2025-07-11
2014-07-12,16.3941826086957,15.809,16.826,0.23480066357102,1.017,"2014",7,2025-07-12
2014-07-13,16.217587826087,15.592,16.784,0.286850193741344,1.19200000000001,"2014",7,2025-07-13
2014-07-14,16.3538626086957,15.702,17.072,0.325581832833516,1.37,"2014",7,2025-07-14
2014-07-15,14.6465704347826,14.004,15.434,0.322455179872822,1.43000000000001,"2014",7,2025-07-15
2014-07-16,14.4938486956522,13.981,15.089,0.249585753791522,1.108,"2014",7,2025-07-16
2014-07-17,14.9496765217391,14.37,15.921,0.348963152695382,1.55099999999999,"2014",7,2025-07-17
2014-07-18,15.3999773913043,14.761,16.353,0.354715876648471,1.59199999999998,"2014",7,2025-07-18
2014-07-19,16.62828,16.175,17.08,0.225402805989044,0.904999999999973,"2014",7,2025-07-19
2014-07-20,16.8546295652174,16.436,17.504,0.215828329385858,1.06800000000004,"2014",7,2025-07-20
2014-07-21,16.9199460869565,16.636,17.579,0.200720988456083,0.942999999999984,"2014",7,2025-07-21
2014-07-22,17.1943443478261,16.739,18.361,0.386672046393193,1.62200000000001,"2014",7,2025-07-22
2014-07-23,18.1636469565217,17.651,19.021,0.308414138888776,1.37,"2014",7,2025-07-23
2014-07-24,18.2757982608696,17.841,18.683,0.177754198401148,0.841999999999985,"2014",7,2025-07-24
2014-07-25,18.1493930434783,17.656,18.575,0.161302058134703,0.918999999999983,"2014",7,2025-07-25
2014-07-26,18.2254765217391,17.661,18.739,0.197248792443159,1.07799999999997,"2014",7,2025-07-26
2014-07-27,17.3959286956522,16.56,18.437,0.421455144894096,1.87700000000001,"2014",7,2025-07-27
2014-07-28,16.1470226086957,15.711,16.761,0.249693989391276,1.05000000000001,"2014",7,2025-07-28
2014-07-29,15.7591113043478,15.167,16.733,0.429075862294415,1.56600000000003,"2014",7,2025-07-29
2014-07-30,16.1673495652174,15.669,16.819,0.246291981113093,1.15000000000003,"2014",7,2025-07-30
2014-07-31,17.1543339130435,16.588,17.842,0.29218995268011,1.25399999999996,"2014",7,2025-07-31
2014-08-01,17.4676173913043,16.912,17.988,0.25120125968583,1.07600000000002,"2014",8,2025-08-01
2014-08-02,17.6157669565217,17.41,17.87,0.0958840651958984,0.45999999999998,"2014",8,2025-08-02
2014-08-03,18.4035895652174,17.7,19.017,0.3178757321275,1.31700000000001,"2014",8,2025-08-03
2014-08-04,18.9852956521739,18.611,19.226,0.145876730328886,0.615000000000009,"2014",8,2025-08-04
2014-08-05,19.2037634782609,18.848,19.402,0.115312375571774,0.553999999999974,"2014",8,2025-08-05
2014-08-06,19.0940365217391,18.659,19.488,0.182554560757561,0.829000000000008,"2014",8,2025-08-06
2014-08-07,18.6466069565217,18.246,19.347,0.211014197600904,1.101,"2014",8,2025-08-07
2014-08-08,18.2710695652174,17.873,18.734,0.189655479032805,0.86099999999999,"2014",8,2025-08-08
2014-08-09,18.2528486956522,17.774,18.428,0.139893226061068,0.653999999999996,"2014",8,2025-08-09
2014-08-10,18.1496939130435,17.576,18.438,0.169213430002462,0.861999999999966,"2014",8,2025-08-10
2014-08-11,18.1359356521739,17.629,18.518,0.170931566370172,0.888999999999953,"2014",8,2025-08-11
2014-08-12,18.2073026086957,17.658,18.475,0.11383107897328,0.817000000000007,"2014",8,2025-08-12
2014-08-13,17.7756017391304,17.219,18.293,0.223714429552503,1.07400000000001,"2014",8,2025-08-13
2014-08-14,16.6103808695652,16.373,16.935,0.154226075006096,0.562000000000012,"2014",8,2025-08-14
2014-08-15,16.3627652173913,15.739,16.927,0.331077996706282,1.18800000000005,"2014",8,2025-08-15
2014-08-16,16.3673686956522,15.934,16.966,0.265402376247806,1.03199999999998,"2014",8,2025-08-16
2014-08-17,17.0924504347826,16.325,17.323,0.173433920066408,0.99799999999999,"2014",8,2025-08-17
2014-08-18,17.2324539130435,16.483,17.561,0.186590332387787,1.07799999999997,"2014",8,2025-08-18
2014-08-19,16.9336765217391,16.383,17.3,0.138483573240897,0.91700000000003,"2014",8,2025-08-19
2014-08-20,16.8812695652174,16.343,17.471,0.202089551411943,1.12799999999999,"2014",8,2025-08-20
2014-08-21,16.6798713043478,16.09,17.09,0.163695159854511,1,"2014",8,2025-08-21
2014-08-22,16.5727147826087,15.938,16.97,0.205212982013003,1.03200000000004,"2014",8,2025-08-22
2014-08-23,16.6351008695652,16.249,16.912,0.15149610538551,0.662999999999954,"2014",8,2025-08-23
2014-08-24,16.6592226086957,16.416,16.962,0.116392938843793,0.545999999999992,"2014",8,2025-08-24
2014-08-25,16.7563669565217,16.294,17.345,0.212864966652986,1.05100000000004,"2014",8,2025-08-25
2014-08-26,17.7127947826087,16.898,18.252,0.329665836998966,1.35399999999998,"2014",8,2025-08-26
2014-08-27,17.1812313043478,16.712,17.735,0.243679139567059,1.02300000000002,"2014",8,2025-08-27
2014-08-28,16.5909286956522,16.329,17.033,0.158032216076288,0.704000000000008,"2014",8,2025-08-28
2014-08-29,16.3390139130435,15.855,16.769,0.199044021397714,0.913999999999987,"2014",8,2025-08-29
2014-08-30,16.1943113043478,15.803,16.681,0.20522972289048,0.877999999999986,"2014",8,2025-08-30
2014-08-31,16.3410817391304,15.871,16.89,0.260680004479911,1.01900000000001,"2014",8,2025-08-31
2014-09-01,16.7059843478261,16.464,16.97,0.110798345085775,0.506000000000029,"2014",9,2025-09-01
2014-09-02,17.3334,16.983,17.928,0.203194899658891,0.944999999999993,"2014",9,2025-09-02
2014-09-03,18.0434417391304,17.703,18.593,0.223581793677099,0.890000000000043,"2014",9,2025-09-03
2014-09-04,18.2203026086957,17.851,18.843,0.287322553468847,0.992000000000019,"2014",9,2025-09-04
2014-09-05,18.0772765217391,17.36,18.903,0.440078020151692,1.54300000000001,"2014",9,2025-09-05
2014-09-06,17.9699391304348,17.521,18.704,0.32518903339176,1.18299999999999,"2014",9,2025-09-06
2014-09-07,17.6766834782609,17.258,17.966,0.141820544657096,0.708000000000027,"2014",9,2025-09-07
2014-09-08,17.4511113043478,16.884,18.122,0.355029514591216,1.238,"2014",9,2025-09-08
2014-09-09,16.6216382608696,16.208,17.155,0.186281879428038,0.946999999999946,"2014",9,2025-09-09
2014-09-10,16.4064434782609,15.863,17.107,0.278985225318599,1.24400000000003,"2014",9,2025-09-10
2014-09-11,15.9437217391304,15.51,16.566,0.209158057859844,1.05599999999998,"2014",9,2025-09-11
2014-09-12,15.9160573913043,15.552,16.569,0.230620006271864,1.017,"2014",9,2025-09-12
2014-09-13,15.8015026086957,15.182,16.277,0.198597055613647,1.09499999999997,"2014",9,2025-09-13
2014-09-14,14.9652852173913,14.325,15.423,0.232643006951709,1.09800000000001,"2014",9,2025-09-14
2014-09-15,14.805692173913,14.387,15.262,0.163429430021591,0.875,"2014",9,2025-09-15
2014-09-16,14.9739356521739,14.52,15.523,0.178914733643883,1.00300000000004,"2014",9,2025-09-16
2014-09-17,15.0869617391304,14.827,15.532,0.136685306810995,0.704999999999984,"2014",9,2025-09-17
2014-09-18,15.132747826087,14.883,15.439,0.122129411248708,0.55600000000004,"2014",9,2025-09-18
2014-09-19,14.8609304347826,14.556,15.158,0.102194417582383,0.602000000000032,"2014",9,2025-09-19
2014-09-20,14.3053739130435,14.041,14.619,0.125426746175863,0.578000000000031,"2014",9,2025-09-20
2014-09-21,14.1240330434783,13.771,14.646,0.241507959962071,0.875,"2014",9,2025-09-21
2014-09-22,14.1890834782609,13.979,14.452,0.133649666806012,0.473000000000013,"2014",9,2025-09-22
2014-09-23,13.7303391304348,13.161,14.386,0.243532234519609,1.22500000000002,"2014",9,2025-09-23
2014-09-24,13.7530608695652,12.926,14.348,0.259815429226308,1.42200000000003,"2014",9,2025-09-24
2014-09-25,14.2459182608696,13.417,14.626,0.219046163011524,1.209,"2014",9,2025-09-25
2014-09-26,14.5749113043478,14.191,14.94,0.179022104004403,0.749000000000024,"2014",9,2025-09-26
2014-09-27,14.8179965217391,14.444,15.31,0.219943055637299,0.865999999999985,"2014",9,2025-09-27
2014-09-28,15.2521460869565,14.9,15.844,0.211308870026165,0.944000000000017,"2014",9,2025-09-28
2014-09-29,15.4638417391304,15.099,15.794,0.125575085457117,0.694999999999993,"2014",9,2025-09-29
2014-09-30,15.3291130434783,14.884,15.638,0.157107542409129,0.753999999999962,"2014",9,2025-09-30
2014-10-01,13.8519617391304,13.486,14.117,0.121308797362465,0.631000000000029,"2014",10,2025-10-01
2014-10-02,13.879932173913,13.594,14.109,0.0939978162951796,0.514999999999986,"2014",10,2025-10-02
2014-10-03,13.8753895652174,13.547,14.19,0.117676479799042,0.642999999999972,"2014",10,2025-10-03
2014-10-04,13.7232834782609,13.427,13.857,0.0884719959339431,0.42999999999995,"2014",10,2025-10-04
2014-10-05,13.8882417391304,13.444,14.113,0.129124507063904,0.668999999999983,"2014",10,2025-10-05
2014-10-06,13.747252173913,13.256,14.005,0.111473989050421,0.749000000000024,"2014",10,2025-10-06
2014-10-07,13.643427826087,13.196,14.021,0.170203888569827,0.824999999999989,"2014",10,2025-10-07
2014-10-08,13.6757582608696,13.253,13.928,0.112259540915623,0.675000000000011,"2014",10,2025-10-08
2014-10-09,13.7361217391304,13.466,14.029,0.11079147848227,0.562999999999988,"2014",10,2025-10-09
2014-10-10,13.4521617391304,13.174,13.583,0.0659315709862837,0.409000000000049,"2014",10,2025-10-10
2014-10-11,13.1144591304348,12.8,13.27,0.101163981739219,0.46999999999997,"2014",10,2025-10-11
2014-10-12,12.9947391304348,12.621,13.249,0.157995439827266,0.628000000000043,"2014",10,2025-10-12
2014-10-13,12.8255182608696,12.314,13.412,0.372893665327758,1.09799999999996,"2014",10,2025-10-13
2014-10-14,12.4684904347826,12.091,13.229,0.257777507504527,1.13799999999998,"2014",10,2025-10-14
2014-10-15,12.4075634782609,12.26,12.739,0.106741419887445,0.478999999999985,"2014",10,2025-10-15
2014-10-16,13.4037947826087,13.07,13.696,0.167366493595063,0.626000000000033,"2014",10,2025-10-16
2014-10-17,13.9559565217391,13.707,14.275,0.125740052585154,0.567999999999984,"2014",10,2025-10-17
2014-10-18,13.5824452173913,13.387,13.768,0.0909052999642017,0.380999999999972,"2014",10,2025-10-18
2014-10-19,13.3956330434783,13.051,13.651,0.137410988434198,0.600000000000023,"2014",10,2025-10-19
2014-10-20,13.1260730434783,12.799,13.436,0.15160770789897,0.637,"2014",10,2025-10-20
2014-10-21,12.5883739130435,12.502,12.667,0.0448544414865742,0.164999999999964,"2014",10,2025-10-21
2014-10-22,12.58152,12.508,12.663,0.0358352190844313,0.15500000000003,"2014",10,2025-10-22
2014-10-23,12.1280208695652,12.02,12.27,0.0555429292107027,0.25,"2014",10,2025-10-23
2014-10-24,11.82448,11.741,12.029,0.0665943243963921,0.288000000000011,"2014",10,2025-10-24
2014-10-25,11.779947826087,11.691,11.856,0.0446784570070095,0.16500000000002,"2014",10,2025-10-25
2014-10-26,11.7220695652174,11.579,11.885,0.0952518870233969,0.305999999999983,"2014",10,2025-10-26
2014-10-27,11.7398365217391,11.6,11.91,0.0842541847826323,0.310000000000002,"2014",10,2025-10-27
2014-10-28,11.6525547826087,11.471,11.802,0.0953725504920868,0.331000000000017,"2014",10,2025-10-28
2014-10-29,11.5663686956522,11.331,11.866,0.158294700665401,0.534999999999968,"2014",10,2025-10-29
2014-10-30,11.4691217391304,11.179,11.809,0.195063339477514,0.630000000000052,"2014",10,2025-10-30
2014-10-31,11.3270260869565,10.971,11.68,0.173313639928264,0.709000000000003,"2014",10,2025-10-31
2014-11-01,11.2044191304348,10.742,11.669,0.211237048299192,0.926999999999964,"2014",11,2025-11-01
2014-11-02,10.9466591304348,10.822,11.299,0.114227760051968,0.476999999999975,"2014",11,2025-11-02
2014-11-03,10.8000104347826,10.501,11.377,0.202898070638008,0.876000000000033,"2014",11,2025-11-03
2014-11-04,10.7641147826087,10.444,11.459,0.228843511281528,1.01499999999999,"2014",11,2025-11-04
2014-11-05,10.7429686956522,10.466,11.249,0.195670835009674,0.783000000000015,"2014",11,2025-11-05
2014-11-06,10.7229217391304,10.422,11.224,0.211003738090725,0.801999999999964,"2014",11,2025-11-06
2014-11-07,10.4235826086957,10.079,10.777,0.182166261243247,0.697999999999979,"2014",11,2025-11-07
2014-11-08,10.4396643478261,10.201,10.824,0.154191022637182,0.62299999999999,"2014",11,2025-11-08
2014-11-09,10.4798139130435,10.259,10.848,0.135770373171679,0.588999999999999,"2014",11,2025-11-09
2014-11-10,10.455452173913,10.26,10.853,0.124355596361046,0.593000000000018,"2014",11,2025-11-10
2014-11-11,10.6381165217391,10.291,11.064,0.19255412919698,0.773000000000025,"2014",11,2025-11-11
2014-11-12,10.6939773913043,10.275,11.202,0.256094776071598,0.927000000000021,"2014",11,2025-11-12
2014-11-13,10.7111686956522,10.245,11.262,0.290547712492043,1.017,"2014",11,2025-11-13
2014-11-14,10.2716730434783,9.99400000000003,10.608,0.139896206747445,0.613999999999976,"2014",11,2025-11-14
2014-11-15,9.88370260869565,9.673,10.418,0.149077267258934,0.745000000000005,"2014",11,2025-11-15
2014-11-16,9.86495826086956,9.59899999999999,10.352,0.16909344775486,0.752999999999986,"2014",11,2025-11-16
2014-11-17,9.91247130434783,9.64999999999998,10.281,0.136122314312792,0.631000000000029,"2014",11,2025-11-17
2014-11-18,9.99047652173913,9.54000000000002,10.526,0.292312954081357,0.98599999999999,"2014",11,2025-11-18
2014-11-19,9.91686956521739,9.41300000000001,10.464,0.305160982298534,1.05099999999999,"2014",11,2025-11-19
2014-11-20,9.96917913043478,9.79500000000002,10.299,0.126691486157309,0.503999999999962,"2014",11,2025-11-20
2014-11-21,9.87222608695652,9.779,10.197,0.0858716590441567,0.418000000000006,"2014",11,2025-11-21
2014-11-22,9.87982608695652,9.67599999999999,10.307,0.128096875148517,0.631000000000029,"2014",11,2025-11-22
2014-11-23,10.0013443478261,9.87400000000002,10.304,0.096935714707952,0.42999999999995,"2014",11,2025-11-23
2014-11-24,10.1348417391304,9.94900000000001,10.407,0.106863263752457,0.45799999999997,"2014",11,2025-11-24
2014-11-25,9.91360173913043,9.64800000000002,10.271,0.141744431880393,0.62299999999999,"2014",11,2025-11-25
2014-11-26,9.51585217391304,9.35199999999998,9.726,0.0845838391453663,0.374000000000024,"2014",11,2025-11-26
2014-11-27,9.2260452173913,9.09300000000002,9.387,0.0695452729533291,0.293999999999983,"2014",11,2025-11-27
2014-11-28,8.93046782608696,8.80000000000001,9.14400000000001,0.0751291936602497,0.343999999999994,"2014",11,2025-11-28
2014-11-29,8.96887304347826,8.81299999999999,9.21499999999997,0.0838976451660861,0.401999999999987,"2014",11,2025-11-29
2014-11-30,8.98356695652174,8.81799999999998,9.22300000000001,0.0870291630021024,0.40500000000003,"2014",11,2025-11-30
2014-12-01,8.94789043478261,8.78100000000001,9.20400000000001,0.0942286131095871,0.423000000000002,"2014",12,2025-12-01
2014-12-02,9.0382052173913,8.83999999999997,9.32100000000003,0.115699838314373,0.481000000000051,"2014",12,2025-12-02
2014-12-03,8.59903652173913,8.36700000000002,9.255,0.17976024602397,0.887999999999977,"2014",12,2025-12-03
2014-12-04,8.31204695652174,8.04399999999998,9.14299999999997,0.235849844942047,1.09899999999999,"2014",12,2025-12-04
2014-12-05,8.1894,7.91000000000003,8.83199999999999,0.213783561458372,0.921999999999969,"2014",12,2025-12-05
2014-12-06,8.29170086956522,8.084,8.69200000000001,0.161192920911112,0.608000000000004,"2014",12,2025-12-06
2014-12-07,8.04814608695652,7.846,8.45799999999997,0.135408967123741,0.611999999999966,"2014",12,2025-12-07
2014-12-08,7.90184347826087,7.60199999999998,8.31599999999997,0.174799426686022,0.713999999999999,"2014",12,2025-12-08
2014-12-09,8.04475826086956,7.77800000000002,8.56400000000002,0.173513062689238,0.786000000000001,"2014",12,2025-12-09
2014-12-10,8.5503652173913,8.346,8.94,0.124913846995989,0.593999999999994,"2014",12,2025-12-10
2014-12-11,7.87364869565217,7.75999999999999,7.99799999999999,0.0578264409778977,0.238,"2014",12,2025-12-11
2014-12-12,7.43705739130435,7.30099999999999,7.66199999999998,0.0755146466408627,0.36099999999999,"2014",12,2025-12-12
2014-12-13,7.32874608695652,7.13200000000001,7.65699999999998,0.117302468915857,0.524999999999977,"2014",12,2025-12-13
2014-12-14,7.11223652173913,6.85399999999998,7.42399999999998,0.141510910138509,0.569999999999993,"2014",12,2025-12-14
2014-12-15,7.14039826086957,6.81799999999998,7.46499999999997,0.159090576387253,0.646999999999991,"2014",12,2025-12-15
2014-12-16,6.87362434782609,6.50999999999999,7.29000000000002,0.184912479811729,0.78000000000003,"2014",12,2025-12-16
2014-12-17,6.7086747826087,6.43099999999998,7.03800000000001,0.149869712199471,0.607000000000028,"2014",12,2025-12-17
2014-12-18,6.07991826086957,5.74400000000003,6.49599999999998,0.190627933384688,0.751999999999953,"2014",12,2025-12-18
2014-12-19,6.14789739130435,5.76600000000002,6.55500000000001,0.198997377751737,0.788999999999987,"2014",12,2025-12-19
2014-12-20,6.10374608695652,5.63,6.55500000000001,0.228656426106546,0.925000000000011,"2014",12,2025-12-20
2014-12-21,6.21054434782609,5.86900000000003,6.49799999999999,0.163579987249205,0.628999999999962,"2014",12,2025-12-21
2014-12-22,6.36932869565217,6.05900000000003,6.80099999999999,0.162559412224119,0.741999999999962,"2014",12,2025-12-22
2014-12-23,7.1735147826087,6.79199999999997,7.52800000000002,0.176861486503624,0.736000000000047,"2014",12,2025-12-23
2014-12-24,7.28922260869565,6.94099999999997,7.69,0.172482163427121,0.749000000000024,"2014",12,2025-12-24
2014-12-25,6.34412869565217,5.90899999999999,6.84199999999998,0.225675426315585,0.932999999999993,"2014",12,2025-12-25
2014-12-26,6.11971652173913,5.57799999999997,6.72800000000001,0.285697742356989,1.15000000000003,"2014",12,2025-12-26
2014-12-27,6.00377565217391,5.39400000000001,6.584,0.318814720311009,1.19,"2014",12,2025-12-27
2014-12-28,5.91785739130435,5.41199999999998,6.41899999999998,0.245222377589271,1.00700000000001,"2014",12,2025-12-28
2014-12-29,6.21776,5.76100000000002,6.70600000000002,0.24172181032925,0.944999999999993,"2014",12,2025-12-29
2014-12-30,5.81700173913043,5.303,6.45100000000002,0.286119626666052,1.14800000000002,"2014",12,2025-12-30
2014-12-31,5.5308347826087,5.15800000000002,6.07999999999998,0.227509150194468,0.921999999999969,"2014",12,2025-12-31
2015-01-01,5.83144695652174,5.27300000000002,6.50999999999999,0.318216518809926,1.23699999999997,"2015",1,2025-01-01
2015-01-02,6.44768347826087,5.43400000000003,7.27100000000002,0.449168849918389,1.83699999999999,"2015",1,2025-01-02
2015-01-03,6.85491304347826,6.38900000000001,7.55500000000001,0.348009275508605,1.166,"2015",1,2025-01-03
2015-01-04,7.25113217391304,7.08299999999997,7.42599999999999,0.0812697786677694,0.343000000000018,"2015",1,2025-01-04
2015-01-05,6.96142782608696,6.82999999999998,7.291,0.093262683556825,0.461000000000013,"2015",1,2025-01-05
2015-01-06,6.6890347826087,6.40100000000001,7.37099999999998,0.226906707349799,0.96999999999997,"2015",1,2025-01-06
2015-01-07,6.56566086956522,6.41699999999997,6.97800000000001,0.131347431860641,0.561000000000035,"2015",1,2025-01-07
2015-01-08,6.23582434782609,5.923,6.67399999999998,0.180683069299771,0.750999999999976,"2015",1,2025-01-08
2015-01-09,6.74384,6.36099999999999,7.38799999999998,0.269615584129654,1.02699999999999,"2015",1,2025-01-09
2015-01-10,6.82984869565217,6.64800000000002,7.28300000000002,0.150533498630598,0.634999999999991,"2015",1,2025-01-10
2015-01-11,6.68399130434783,6.36500000000001,7.048,0.119241044751889,0.682999999999993,"2015",1,2025-01-11
2015-01-12,6.68109043478261,6.57100000000003,7.01100000000002,0.0838094871409438,0.439999999999998,"2015",1,2025-01-12
2015-01-13,6.62650782608696,6.50900000000001,6.81799999999998,0.0652933038755141,0.308999999999969,"2015",1,2025-01-13
2015-01-14,6.25476869565217,6.12,6.54899999999998,0.0925374416785293,0.428999999999974,"2015",1,2025-01-14
2015-01-15,6.20326260869565,6.11000000000001,6.459,0.0812903916870834,0.34899999999999,"2015",1,2025-01-15
2015-01-16,6.01348521739131,5.89699999999999,6.27499999999998,0.0788862324685345,0.377999999999986,"2015",1,2025-01-16
2015-01-17,5.84588,5.49599999999998,6.23599999999999,0.172412896354272,0.740000000000009,"2015",1,2025-01-17
2015-01-18,5.81824347826087,5.49599999999998,6.19200000000001,0.156304401891304,0.696000000000026,"2015",1,2025-01-18
2015-01-19,5.29646608695652,5.04500000000002,5.85899999999998,0.182269505481277,0.813999999999965,"2015",1,2025-01-19
2015-01-20,5.13371826086957,4.78699999999998,5.79500000000002,0.234126601291929,1.00800000000004,"2015",1,2025-01-20
2015-01-21,5.16569565217391,4.78699999999998,5.87299999999999,0.228707052628093,1.08600000000001,"2015",1,2025-01-21
2015-01-22,5.23623130434783,4.87799999999999,5.69600000000003,0.175457303126491,0.81800000000004,"2015",1,2025-01-22
2015-01-23,5.1764,4.82299999999998,5.54899999999998,0.167959054243703,0.725999999999999,"2015",1,2025-01-23
2015-01-24,4.96649739130435,4.541,5.38200000000001,0.206404839443741,0.841000000000008,"2015",1,2025-01-24
2015-01-25,4.85446260869565,4.33199999999999,5.49299999999999,0.264073414411141,1.161,"2015",1,2025-01-25
2015-01-26,4.66495652173913,4.14999999999998,5.572,0.34062728032173,1.42200000000003,"2015",1,2025-01-26
2015-01-27,4.5410747826087,4.00400000000002,5.40300000000002,0.336995512186817,1.399,"2015",1,2025-01-27
2015-01-28,4.14637391304348,3.73000000000002,4.60599999999999,0.222404294135685,0.875999999999976,"2015",1,2025-01-28
2015-01-29,4.10750956521739,3.58800000000002,4.64600000000002,0.261898561690713,1.05799999999999,"2015",1,2025-01-29
2015-01-30,4.19175304347826,3.70100000000002,4.66500000000002,0.236888059731825,0.963999999999999,"2015",1,2025-01-30
2015-01-31,4.14067478260869,3.71300000000002,4.51400000000001,0.201776380278358,0.800999999999988,"2015",1,2025-01-31
2015-02-01,3.99638956521739,3.54300000000001,4.41800000000001,0.217206130269875,0.875,"2015",2,2025-02-01
2015-02-02,3.86106434782609,3.42599999999999,4.35199999999998,0.227132628751972,0.925999999999988,"2015",2,2025-02-02
2015-02-03,3.49562434782609,3.02699999999999,3.99900000000002,0.239399826144606,0.972000000000037,"2015",2,2025-02-03
2015-02-04,3.19998260869565,2.61399999999998,3.74900000000002,0.273962375103365,1.13500000000005,"2015",2,2025-02-04
2015-02-05,3.11336869565217,2.5,4.18700000000001,0.321647511519075,1.68700000000001,"2015",2,2025-02-05
2015-02-06,2.85318956521739,2.30900000000003,4.12599999999998,0.349606240270213,1.81699999999995,"2015",2,2025-02-06
2015-02-07,2.72998608695652,2.25900000000001,3.63499999999999,0.293903471699757,1.37599999999998,"2015",2,2025-02-07
2015-02-08,2.66146608695652,2.22500000000002,3.11200000000002,0.231551685550658,0.887,"2015",2,2025-02-08
2015-02-09,2.68190608695652,2.14600000000002,3.31299999999999,0.280768553638069,1.16699999999997,"2015",2,2025-02-09
2015-02-10,2.42287304347826,2.01400000000001,3.30599999999998,0.299389971331874,1.29199999999997,"2015",2,2025-02-10
2015-02-11,2.28681391304348,1.93599999999998,3.14499999999998,0.288638589495861,1.209,"2015",2,2025-02-11
2015-02-12,2.36019130434783,2.01100000000002,2.82900000000001,0.200624959784953,0.817999999999984,"2015",2,2025-02-12
2015-02-13,2.45318260869565,2.024,3.02100000000002,0.234367574497329,0.997000000000014,"2015",2,2025-02-13
2015-02-14,2.36700695652174,1.964,2.928,0.209900009263471,0.963999999999999,"2015",2,2025-02-14
2015-02-15,2.4724452173913,2.09800000000001,2.99799999999999,0.197266591333542,0.899999999999977,"2015",2,2025-02-15
2015-02-16,2.72413043478261,2.291,3.274,0.226929800874792,0.983000000000004,"2015",2,2025-02-16
2015-02-17,2.79088869565218,2.30900000000003,3.36200000000002,0.251155187794936,1.053,"2015",2,2025-02-17
2015-02-18,2.95122608695652,2.43599999999998,3.62900000000002,0.270865442920392,1.19300000000004,"2015",2,2025-02-18
2015-02-19,2.66744,2.11000000000001,3.47800000000001,0.303244320489944,1.36799999999999,"2015",2,2025-02-19
2015-02-20,2.67815652173913,2.21899999999999,3.38499999999999,0.262650653344259,1.166,"2015",2,2025-02-20
2015-02-21,2.56158434782609,2.12299999999999,3.24299999999999,0.259962311859499,1.12,"2015",2,2025-02-21
2015-02-22,2.38661391304348,1.92099999999999,3.13200000000001,0.27608747379387,1.21100000000001,"2015",2,2025-02-22
2015-02-23,1.88568869565217,1.56999999999999,2.35199999999998,0.177824852543433,0.781999999999982,"2015",2,2025-02-23
2015-02-24,1.70329043478261,1.423,2.09300000000002,0.159916313574855,0.670000000000016,"2015",2,2025-02-24
2015-02-25,1.91052347826087,1.69499999999999,2.23500000000001,0.120403513158511,0.54000000000002,"2015",2,2025-02-25
2015-02-26,2.07447478260869,1.91000000000003,2.35500000000002,0.0919597263041265,0.444999999999993,"2015",2,2025-02-26
2015-02-27,2.62047652173913,2.52100000000002,2.78100000000001,0.0592265983578105,0.259999999999991,"2015",2,2025-02-27
2015-02-28,2.56050086956522,2.42599999999999,2.74000000000001,0.0834595579999208,0.314000000000021,"2015",2,2025-02-28
2015-03-01,2.56726956521739,2.44499999999999,2.75200000000001,0.0712544541965059,0.307000000000016,"2015",3,2025-03-01
2015-03-02,2.58423304347826,2.48599999999999,2.75200000000001,0.0614871558522404,0.26600000000002,"2015",3,2025-03-02
2015-03-03,2.23665391304348,2.11200000000002,2.43200000000002,0.0793776547329178,0.319999999999993,"2015",3,2025-03-03
2015-03-04,2.02497913043478,1.86799999999999,2.28300000000002,0.0882723627001333,0.41500000000002,"2015",3,2025-03-04
2015-03-05,1.87297043478261,1.79199999999997,2.04500000000002,0.0543348198077346,0.253000000000043,"2015",3,2025-03-05
2015-03-06,1.89530956521739,1.80599999999998,2.09199999999998,0.0647081210994554,0.286000000000001,"2015",3,2025-03-06
2015-03-07,1.85384869565217,1.73500000000001,2.096,0.0741135986116367,0.36099999999999,"2015",3,2025-03-07
2015-03-08,2.06880869565217,1.84399999999999,2.32999999999998,0.115178780563948,0.48599999999999,"2015",3,2025-03-08
2015-03-09,1.79830434782609,1.48099999999999,2.77999999999997,0.285471679304438,1.29899999999998,"2015",3,2025-03-09
2015-03-10,1.78142260869565,1.46100000000001,2.83199999999999,0.29126918685163,1.37099999999998,"2015",3,2025-03-10
2015-03-11,2.22056869565217,1.94099999999997,2.74299999999999,0.18465198944632,0.802000000000021,"2015",3,2025-03-11
2015-03-12,2.50596173913043,2.24799999999999,2.99900000000002,0.173040111149573,0.751000000000033,"2015",3,2025-03-12
2015-03-13,2.4568747826087,2.142,3.32600000000002,0.226943411050909,1.18400000000003,"2015",3,2025-03-13
2015-03-14,2.40160869565217,2.108,3.08299999999997,0.205429239394303,0.974999999999966,"2015",3,2025-03-14
2015-03-15,2.58003826086957,2.37700000000001,2.90499999999997,0.116225204603491,0.527999999999963,"2015",3,2025-03-15
2015-03-16,2.32614956521739,2.125,2.63499999999999,0.123947985166417,0.509999999999991,"2015",3,2025-03-16
2015-03-17,2.10702086956522,1.858,2.851,0.258490100328589,0.992999999999995,"2015",3,2025-03-17
2015-03-18,2.09993391304348,1.82999999999998,2.892,0.274726070374422,1.06200000000001,"2015",3,2025-03-18
2015-03-19,2.11322608695652,1.971,2.64600000000002,0.155628671170869,0.675000000000011,"2015",3,2025-03-19
2015-03-20,2.17374782608696,2.07900000000001,2.57400000000001,0.0994049055742947,0.495000000000005,"2015",3,2025-03-20
2015-03-21,2.1966,2.13299999999998,2.40100000000001,0.0579178500284353,0.268000000000029,"2015",3,2025-03-21
2015-03-22,2.02590608695652,1.86700000000002,2.36399999999998,0.116030100389226,0.496999999999957,"2015",3,2025-03-22
2015-03-23,1.86211652173913,1.64999999999998,2.34100000000001,0.168355342185022,0.691000000000031,"2015",3,2025-03-23
2015-03-24,1.76623652173913,1.536,2.21800000000002,0.167972111885146,0.682000000000016,"2015",3,2025-03-24
2015-03-25,1.81736347826087,1.60000000000002,2.26100000000002,0.160077142950508,0.661000000000001,"2015",3,2025-03-25
2015-03-26,1.96906782608696,1.798,2.22899999999998,0.105226157261847,0.430999999999983,"2015",3,2025-03-26
2015-03-27,2.27158086956522,2.16199999999998,2.43099999999998,0.0587539899981776,0.269000000000005,"2015",3,2025-03-27
2015-03-28,2.36623652173913,2.06700000000001,2.66699999999997,0.164769630296423,0.599999999999966,"2015",3,2025-03-28
2015-03-29,2.15234956521739,1.69499999999999,2.68000000000001,0.297891132328899,0.985000000000014,"2015",3,2025-03-29
2015-03-30,2.15455304347826,1.65800000000002,2.69400000000002,0.314576979749722,1.036,"2015",3,2025-03-30
2015-03-31,2.1383252173913,1.61200000000002,2.66399999999999,0.297158359992611,1.05199999999996,"2015",3,2025-03-31
2015-04-01,2.10070782608696,1.51999999999998,2.56,0.297657442059174,1.04000000000002,"2015",4,2025-04-01
2015-04-02,2.07193391304348,1.58800000000002,2.57499999999999,0.262971459775133,0.986999999999966,"2015",4,2025-04-02
2015-04-03,2.36730434782609,2.03300000000002,2.745,0.190221829696958,0.711999999999989,"2015",4,2025-04-03
2015-04-04,2.47811478260869,2.10399999999998,2.91800000000001,0.189412434717715,0.814000000000021,"2015",4,2025-04-04
2015-04-05,2.75242260869565,2.54300000000001,3.08199999999999,0.107391889613952,0.538999999999987,"2015",4,2025-04-05
2015-04-06,2.81545043478261,2.637,3.16800000000001,0.0923093037371146,0.531000000000006,"2015",4,2025-04-06
2015-04-07,2.94841391304348,2.63999999999999,3.53899999999999,0.192617878694709,0.899000000000001,"2015",4,2025-04-07
2015-04-08,2.98977043478261,2.64800000000002,3.69799999999998,0.222132512549027,1.04999999999995,"2015",4,2025-04-08
2015-04-09,3.02648695652174,2.71499999999997,3.666,0.194277835696231,0.951000000000022,"2015",4,2025-04-09
2015-04-10,3.31563478260869,3.024,3.56900000000002,0.132487231022016,0.545000000000016,"2015",4,2025-04-10
2015-04-11,3.29842956521739,2.85699999999997,3.64800000000002,0.200560064675133,0.791000000000054,"2015",4,2025-04-11
2015-04-12,3.23994956521739,2.714,3.57100000000003,0.206736435825654,0.857000000000028,"2015",4,2025-04-12
2015-04-13,3.5241652173913,3.185,3.89999999999998,0.147792073691055,0.714999999999975,"2015",4,2025-04-13
2015-04-14,3.97121565217391,3.584,4.52699999999999,0.265019923184836,0.942999999999984,"2015",4,2025-04-14
2015-04-15,4.94162608695652,4.21699999999998,5.46800000000002,0.37459484875264,1.25100000000003,"2015",4,2025-04-15
2015-04-16,5.39470086956522,4.84100000000001,5.91500000000002,0.292900104712693,1.07400000000001,"2015",4,2025-04-16
2015-04-17,5.49018956521739,5.05700000000002,5.67500000000001,0.122248891727312,0.617999999999995,"2015",4,2025-04-17
2015-04-18,5.31142434782609,4.87099999999998,5.74799999999999,0.223253322698781,0.87700000000001,"2015",4,2025-04-18
2015-04-19,5.33003826086957,4.64100000000002,5.89699999999999,0.272695498258568,1.25599999999997,"2015",4,2025-04-19
2015-04-20,5.29035652173913,4.87099999999998,5.60300000000001,0.182756096448995,0.732000000000028,"2015",4,2025-04-20
2015-04-21,5.3012347826087,4.63299999999998,5.589,0.221470588983228,0.956000000000017,"2015",4,2025-04-21
2015-04-22,5.13560347826087,4.31200000000001,5.48700000000002,0.26444511491652,1.17500000000001,"2015",4,2025-04-22
2015-04-23,5.1558852173913,4.59699999999998,5.411,0.199505470589232,0.814000000000021,"2015",4,2025-04-23
2015-04-24,5.53593391304348,5.137,5.71899999999999,0.137256502728584,0.581999999999994,"2015",4,2025-04-24
2015-04-25,5.81930434782609,5.22399999999999,6.31599999999997,0.298043608515402,1.09199999999998,"2015",4,2025-04-25
2015-04-26,5.83117217391304,5.15300000000002,6.42099999999999,0.336100884853451,1.26799999999997,"2015",4,2025-04-26
2015-04-27,5.82700173913043,5.21899999999999,6.24900000000002,0.290945577841051,1.03000000000003,"2015",4,2025-04-27
2015-04-28,5.86580347826087,5.37700000000001,6.14999999999998,0.19732062728726,0.772999999999968,"2015",4,2025-04-28
2015-04-29,5.99199304347826,5.58999999999997,6.54500000000002,0.232781918443658,0.955000000000041,"2015",4,2025-04-29
2015-04-30,6.24672,6.00799999999998,6.68700000000001,0.161837283963975,0.67900000000003,"2015",4,2025-04-30
2015-05-01,6.15202434782609,5.863,6.35599999999999,0.0787726147953124,0.492999999999995,"2015",5,2025-05-01
2015-05-02,6.15202434782609,5.863,6.35599999999999,0.0787726147953124,0.492999999999995,"2015",5,2025-05-02
2015-05-03,6.65724173913043,6.25400000000002,6.88299999999998,0.140199965444215,0.628999999999962,"2015",5,2025-05-03
2015-05-04,7.12813391304348,6.61700000000002,7.529,0.239871803336814,0.911999999999978,"2015",5,2025-05-04
2015-05-05,7.69764,7.26900000000001,7.988,0.215704649022121,0.718999999999994,"2015",5,2025-05-05
2015-05-06,8.0140747826087,7.21600000000001,8.58699999999999,0.435165989765618,1.37099999999998,"2015",5,2025-05-06
2015-05-07,8.14058434782609,7.411,8.77699999999999,0.395516787283266,1.36599999999999,"2015",5,2025-05-07
2015-05-08,8.21908173913043,7.88900000000001,8.56599999999997,0.172952296288298,0.676999999999964,"2015",5,2025-05-08
2015-05-09,7.7571147826087,7.46300000000002,7.86799999999999,0.0834260341758282,0.404999999999973,"2015",5,2025-05-09
2015-05-10,7.15067304347826,7.01299999999998,7.27600000000001,0.0629187924732826,0.263000000000034,"2015",5,2025-05-10
2015-05-11,7.90594260869565,7.60699999999997,8.178,0.132516445012526,0.571000000000026,"2015",5,2025-05-11
2015-05-12,7.96658956521739,7.57499999999999,8.29500000000002,0.168661657156445,0.720000000000027,"2015",5,2025-05-12
2015-05-13,8.05538782608695,7.59500000000003,8.392,0.164572567023469,0.796999999999969,"2015",5,2025-05-13
2015-05-14,8.0835252173913,7.63400000000001,8.57499999999999,0.201386195217794,0.940999999999974,"2015",5,2025-05-14
2015-05-15,8.16199130434783,7.79899999999998,8.488,0.163730971214084,0.689000000000021,"2015",5,2025-05-15
2015-05-16,8.1190347826087,7.83999999999997,8.50099999999998,0.145613883161075,0.661000000000001,"2015",5,2025-05-16
2015-05-17,8.1192,7.89499999999998,8.34199999999998,0.0989477389952133,0.447000000000003,"2015",5,2025-05-17
2015-05-18,8.46980173913044,8.19400000000002,8.76400000000001,0.128880487803014,0.569999999999993,"2015",5,2025-05-18
2015-05-19,8.54103304347826,8.28899999999999,8.68700000000001,0.0754766315010287,0.398000000000025,"2015",5,2025-05-19
2015-05-20,8.88041391304348,8.50099999999998,9.20999999999998,0.143175615762417,0.709000000000003,"2015",5,2025-05-20
2015-05-21,8.8828052173913,8.45100000000002,9.21100000000001,0.149484795728248,0.759999999999991,"2015",5,2025-05-21
2015-05-22,8.87171304347826,8.55900000000003,9.17399999999998,0.123443942984401,0.614999999999952,"2015",5,2025-05-22
2015-05-23,8.91417913043478,8.58999999999997,9.19299999999998,0.161073741144703,0.603000000000009,"2015",5,2025-05-23
2015-05-24,8.84654956521739,8.47500000000002,9.33999999999997,0.1874206932738,0.864999999999952,"2015",5,2025-05-24
2015-05-25,8.74638086956522,8.44499999999999,8.94499999999999,0.0771955026307899,0.5,"2015",5,2025-05-25
2015-05-26,8.62541043478261,8.322,8.80000000000001,0.101879678447042,0.478000000000009,"2015",5,2025-05-26
2015-05-27,8.88278608695652,8.60699999999997,9.10899999999998,0.106946913535645,0.50200000000001,"2015",5,2025-05-27
2015-05-28,9.74393391304348,9.572,9.90899999999999,0.0727343202291125,0.336999999999989,"2015",5,2025-05-28
2015-05-29,10.038252173913,9.87299999999999,10.234,0.0841442725156152,0.36099999999999,"2015",5,2025-05-29
2015-05-30,10.18892,9.95999999999998,10.492,0.0992880081954949,0.532000000000039,"2015",5,2025-05-30
2015-05-31,10.334787826087,10.215,10.68,0.106508887221268,0.465000000000032,"2015",5,2025-05-31
2015-06-01,10.4905234782609,10.347,10.62,0.0635012611063503,0.273000000000025,"2015",6,2025-06-01
2015-06-02,9.93499304347826,9.85599999999999,10.049,0.0383698754009195,0.192999999999984,"2015",6,2025-06-02
2015-06-03,9.95657739130435,9.73500000000001,10.328,0.106592064099871,0.592999999999961,"2015",6,2025-06-03
2015-06-04,10.1071165217391,9.92599999999999,10.544,0.107908249136861,0.617999999999995,"2015",6,2025-06-04
2015-06-05,10.6053043478261,10.431,10.864,0.105329611561307,0.432999999999993,"2015",6,2025-06-05
2015-06-06,11.1502782608696,10.754,11.384,0.125618202856738,0.629999999999995,"2015",6,2025-06-06
2015-06-07,11.1108069565217,10.727,11.294,0.120201598748795,0.567000000000007,"2015",6,2025-06-07
2015-06-08,10.7505686956522,10.406,11.092,0.158851688529408,0.685999999999979,"2015",6,2025-06-08
2015-06-09,10.9201843478261,10.621,11.189,0.131737983399862,0.56800000000004,"2015",6,2025-06-09
2015-06-10,11.0014765217391,10.768,11.234,0.0995497129766541,0.466000000000008,"2015",6,2025-06-10
2015-06-11,10.1362991304348,9.75099999999998,10.535,0.188826804064043,0.784000000000049,"2015",6,2025-06-11
2015-06-12,10.2946747826087,9.815,10.747,0.228032434670881,0.932000000000016,"2015",6,2025-06-12
2015-06-13,10.6082956521739,10.147,11.053,0.225374886060488,0.906000000000006,"2015",6,2025-06-13
2015-06-14,11.0065391304348,10.532,11.483,0.238823243392698,0.951000000000022,"2015",6,2025-06-14
2015-06-15,12.8970834782609,12.374,13.447,0.253032933613606,1.07299999999998,"2015",6,2025-06-15
2015-06-16,12.9698347826087,12.637,13.482,0.182164240823364,0.84499999999997,"2015",6,2025-06-16
2015-06-17,12.8909113043478,12.458,13.398,0.225681123427043,0.939999999999998,"2015",6,2025-06-17
2015-06-18,13.079532173913,12.772,13.498,0.140055857167057,0.725999999999999,"2015",6,2025-06-18
2015-06-19,13.440492173913,12.919,14.309,0.282592471112707,1.39000000000004,"2015",6,2025-06-19
2015-06-20,13.8363304347826,13.36,14.754,0.399287695955931,1.39400000000001,"2015",6,2025-06-20
2015-06-21,12.9979739130435,11.865,13.49,0.343188006825831,1.625,"2015",6,2025-06-21
2015-06-22,14.2385565217391,13.232,15.203,0.421218160250085,1.971,"2015",6,2025-06-22
2015-06-23,13.9813547826087,13.087,14.919,0.477706475461104,1.83199999999999,"2015",6,2025-06-23
2015-06-24,13.9653339130435,13.085,14.737,0.453134249301145,1.65200000000004,"2015",6,2025-06-24
2015-06-25,14.0257773913043,13.405,14.462,0.296060620693781,1.05700000000002,"2015",6,2025-06-25
2015-06-26,14.7476434782609,13.792,15.384,0.343707871445802,1.59200000000004,"2015",6,2025-06-26
2015-06-27,14.6175739130435,13.409,15.335,0.403270312955611,1.92599999999999,"2015",6,2025-06-27
2015-06-28,14.7779982608696,14.001,15.252,0.245930498518382,1.25100000000003,"2015",6,2025-06-28
2015-06-29,13.5225773913043,13.17,13.793,0.145430948604477,0.62299999999999,"2015",6,2025-06-29
2015-06-30,13.4854869565217,13.159,13.759,0.135755196075977,0.600000000000023,"2015",6,2025-06-30
2015-07-01,13.7663582608696,13.395,13.971,0.102369915739626,0.576000000000022,"2015",7,2025-07-01
2015-07-02,13.9110765217391,13.498,14.428,0.212344054822694,0.930000000000007,"2015",7,2025-07-02
2015-07-03,13.9660747826087,13.473,14.291,0.13646825634613,0.817999999999984,"2015",7,2025-07-03
2015-07-04,14.564387826087,14.177,14.809,0.0952754169658594,0.632000000000005,"2015",7,2025-07-04
2015-07-05,14.6634313043478,14.362,15.135,0.161477666099659,0.772999999999968,"2015",7,2025-07-05
2015-07-06,14.9345913043478,14.498,15.3,0.155627385763289,0.802000000000021,"2015",7,2025-07-06
2015-07-07,15.0334973913043,14.684,15.303,0.135446003140372,0.618999999999971,"2015",7,2025-07-07
2015-07-08,15.2568973913043,14.831,15.601,0.175687732493146,0.769999999999982,"2015",7,2025-07-08
2015-07-09,15.641892173913,15.042,16.158,0.249082774939174,1.11600000000004,"2015",7,2025-07-09
2015-07-10,16.0599791304348,15.236,16.785,0.341992923673061,1.54900000000004,"2015",7,2025-07-10
2015-07-11,16.3617930434783,15.362,17.148,0.389659532375425,1.786,"2015",7,2025-07-11
2015-07-12,16.4786834782609,15.452,17.277,0.400407854770728,1.82499999999999,"2015",7,2025-07-12
2015-07-13,16.4891356521739,15.447,17.34,0.416116656910973,1.89299999999997,"2015",7,2025-07-13
2015-07-14,17.147467826087,16.411,17.789,0.301230169890459,1.37799999999999,"2015",7,2025-07-14
2015-07-15,16.7242313043478,15.945,17.417,0.320423707500606,1.47199999999998,"2015",7,2025-07-15
2015-07-16,16.2321513043478,15.511,16.858,0.295336853199955,1.34699999999998,"2015",7,2025-07-16
2015-07-17,15.8480556521739,15.218,16.358,0.24523229483602,1.13999999999999,"2015",7,2025-07-17
2015-07-18,15.8969443478261,15.291,16.389,0.235646113853157,1.09800000000001,"2015",7,2025-07-18
2015-07-19,16.0256991304348,15.418,16.52,0.23602991361519,1.10199999999998,"2015",7,2025-07-19
2015-07-20,15.9091669565217,15.275,16.468,0.255163273452059,1.19300000000004,"2015",7,2025-07-20
2015-07-21,16.001492173913,15.497,16.489,0.211726887202428,0.991999999999962,"2015",7,2025-07-21
2015-07-22,16.6118226086957,16.057,17.309,0.267467917598358,1.25200000000001,"2015",7,2025-07-22
2015-07-23,16.9710226086957,16.384,17.521,0.239117281685889,1.137,"2015",7,2025-07-23
2015-07-24,16.9782660869565,16.184,17.609,0.320835837538911,1.42499999999995,"2015",7,2025-07-24
2015-07-25,16.8140643478261,16.413,17.343,0.184645732078464,0.930000000000007,"2015",7,2025-07-25
2015-07-26,16.1380956521739,15.131,16.765,0.426072947204994,1.63400000000001,"2015",7,2025-07-26
2015-07-27,15.8596886956522,15.08,16.388,0.34473068637176,1.30799999999999,"2015",7,2025-07-27
2015-07-28,16.7634573913043,16.429,17.227,0.125409105486114,0.798000000000002,"2015",7,2025-07-28
2015-07-29,17.0124660869565,16.657,17.406,0.188819120941889,0.749000000000024,"2015",7,2025-07-29
2015-07-30,18.1367617391304,17.596,18.803,0.289785058992158,1.20699999999999,"2015",7,2025-07-30
2015-07-31,18.6702208695652,17.86,19.235,0.285951662996862,1.375,"2015",7,2025-07-31
2015-08-01,18.8537217391304,17.974,19.141,0.263822693726663,1.16700000000003,"2015",8,2025-08-01
2015-08-02,18.6972330434783,17.973,19,0.222655953926947,1.02699999999999,"2015",8,2025-08-02
2015-08-03,18.1673043478261,17.519,18.681,0.206886466445934,1.16199999999998,"2015",8,2025-08-03
2015-08-04,17.1077913043478,16.581,17.467,0.205596332264538,0.885999999999967,"2015",8,2025-08-04
2015-08-05,16.7166052173913,16.264,17.153,0.194941362506618,0.88900000000001,"2015",8,2025-08-05
2015-08-06,17.563652173913,17.104,18.219,0.334836224033047,1.11500000000001,"2015",8,2025-08-06
2015-08-07,18.1580973913043,17.526,18.639,0.243871498071383,1.113,"2015",8,2025-08-07
2015-08-08,17.91872,17.493,18.41,0.23143857757867,0.91700000000003,"2015",8,2025-08-08
2015-08-09,16.8299356521739,16.543,17.28,0.179652406444617,0.736999999999966,"2015",8,2025-08-09
2015-08-10,16.822107826087,16.267,17.64,0.295146645517526,1.37299999999999,"2015",8,2025-08-10
2015-08-11,17.2142,16.551,17.916,0.283956283134759,1.36500000000001,"2015",8,2025-08-11
2015-08-12,16.9954434782609,16.422,17.266,0.164686799740558,0.843999999999994,"2015",8,2025-08-12
2015-08-13,16.8672730434783,16.279,17.276,0.206508692193628,0.997000000000014,"2015",8,2025-08-13
2015-08-14,17.1503547826087,16.586,17.652,0.251795211657898,1.06599999999997,"2015",8,2025-08-14
2015-08-15,17.4294330434783,16.874,17.785,0.151687701665428,0.911000000000001,"2015",8,2025-08-15
2015-08-16,17.6568382608696,17.085,18.376,0.293667752836779,1.291,"2015",8,2025-08-16
2015-08-17,18.3981895652174,18.052,18.665,0.140707646212891,0.613,"2015",8,2025-08-17
2015-08-18,19.1884243478261,18.778,19.919,0.246032151588384,1.14099999999996,"2015",8,2025-08-18
2015-08-19,19.6199826086957,19.153,20.378,0.313631949420042,1.22499999999997,"2015",8,2025-08-19
2015-08-20,19.3691965217391,18.873,20.011,0.323774733474774,1.13800000000003,"2015",8,2025-08-20
2015-08-21,19.2631513043478,18.958,19.586,0.183260176792781,0.627999999999986,"2015",8,2025-08-21
2015-08-22,18.8314956521739,18.478,19.152,0.155903937965176,0.673999999999978,"2015",8,2025-08-22
2015-08-23,18.7757495652174,18.538,18.916,0.081484099231144,0.377999999999986,"2015",8,2025-08-23
2015-08-24,18.8102904347826,18.555,19.077,0.128624297571527,0.521999999999991,"2015",8,2025-08-24
2015-08-25,18.7932104347826,18.471,19.098,0.144486604863573,0.62700000000001,"2015",8,2025-08-25
2015-08-26,18.6484956521739,18.172,19.122,0.224468725226381,0.949999999999989,"2015",8,2025-08-26
2015-08-27,18.4139582608696,17.559,19.24,0.370141189273729,1.68099999999998,"2015",8,2025-08-27
2015-08-28,18.331387826087,17.585,19.179,0.364797018913714,1.59399999999999,"2015",8,2025-08-28
2015-08-29,18.4210956521739,17.799,19.197,0.402748868543994,1.39800000000002,"2015",8,2025-08-29
2015-08-30,18.5544434782609,18.07,18.887,0.180591671360791,0.817000000000007,"2015",8,2025-08-30
2015-08-31,18.6719304347826,18.171,19.04,0.185016701465675,0.869000000000028,"2015",8,2025-08-31
2015-09-01,19.0725130434783,18.612,19.401,0.159395939710276,0.788999999999987,"2015",9,2025-09-01
2015-09-02,18.9983808695652,18.55,19.29,0.122643783139613,0.740000000000009,"2015",9,2025-09-02
2015-09-03,18.8642260869565,18.223,19.209,0.161857804246929,0.98599999999999,"2015",9,2025-09-03
2015-09-04,17.6950434782609,17.042,18.06,0.147143438474635,1.01800000000003,"2015",9,2025-09-04
2015-09-05,17.2534852173913,16.583,17.786,0.192419753962247,1.20299999999997,"2015",9,2025-09-05
2015-09-06,17.3109930434783,16.606,17.799,0.230960039879648,1.19299999999998,"2015",9,2025-09-06
2015-09-07,17.5043860869565,16.765,17.784,0.186821983354813,1.01900000000001,"2015",9,2025-09-07
2015-09-08,17.5682504347826,16.861,18.104,0.280538996951915,1.24299999999999,"2015",9,2025-09-08
2015-09-09,17.7851165217391,16.918,18.504,0.344325420365433,1.58600000000001,"2015",9,2025-09-09
2015-09-10,16.0665113043478,15.628,16.417,0.181841364013842,0.788999999999987,"2015",9,2025-09-10
2015-09-11,15.9496660869565,15.389,16.392,0.292954991395931,1.00299999999999,"2015",9,2025-09-11
2015-09-12,15.7703808695652,14.996,16.434,0.359163225123999,1.43800000000005,"2015",9,2025-09-12
2015-09-13,15.7826591304348,15.277,16.338,0.319005366216934,1.06100000000004,"2015",9,2025-09-13
2015-09-14,15.8844695652174,15.427,16.392,0.295584583534611,0.964999999999975,"2015",9,2025-09-14
2015-09-15,15.9594452173913,15.308,16.68,0.420711915355222,1.37200000000001,"2015",9,2025-09-15
2015-09-16,15.880747826087,15.41,16.352,0.268418235575597,0.94199999999995,"2015",9,2025-09-16
2015-09-17,16.2842226086957,15.817,16.542,0.162268594313563,0.724999999999966,"2015",9,2025-09-17
2015-09-18,16.7411617391304,16.489,17.051,0.113723777145589,0.562000000000012,"2015",9,2025-09-18
2015-09-19,16.883972173913,16.618,17.265,0.151131836411039,0.646999999999991,"2015",9,2025-09-19
2015-09-20,16.4393130434783,15.859,16.828,0.247414581227111,0.968999999999994,"2015",9,2025-09-20
2015-09-21,15.9445982608696,15.527,16.678,0.276101191488231,1.15100000000001,"2015",9,2025-09-21
2015-09-22,15.8183634782609,15.436,16.133,0.113026985099591,0.697000000000003,"2015",9,2025-09-22
2015-09-23,15.6141373913043,14.998,15.951,0.156787890996779,0.953000000000031,"2015",9,2025-09-23
2015-09-24,15.6089669565217,15.035,16.122,0.193936402396556,1.08699999999999,"2015",9,2025-09-24
2015-09-25,15.4588886956522,14.902,15.733,0.147681813041918,0.831000000000017,"2015",9,2025-09-25
2015-09-26,15.3079373913043,14.833,15.482,0.135994848655303,0.648999999999944,"2015",9,2025-09-26
2015-09-27,15.2374869565217,14.675,15.496,0.1505566885502,0.82099999999997,"2015",9,2025-09-27
2015-09-28,15.1991043478261,14.633,15.474,0.139351132831713,0.841000000000008,"2015",9,2025-09-28
2015-09-29,15.1547147826087,14.762,15.42,0.122200934264435,0.658000000000015,"2015",9,2025-09-29
2015-09-30,15.2821791304348,15.096,15.456,0.0907653726583375,0.360000000000014,"2015",9,2025-09-30
2015-10-01,14.9343252173913,14.623,15.172,0.12833171157484,0.549000000000035,"2015",10,2025-10-01
2015-10-02,13.6280608695652,13.363,13.759,0.0997215711810851,0.396000000000015,"2015",10,2025-10-02
2015-10-03,13.629467826087,13.304,13.858,0.146842891433089,0.55400000000003,"2015",10,2025-10-03
2015-10-04,13.4631617391304,13.095,13.717,0.14011468646371,0.621999999999957,"2015",10,2025-10-04
2015-10-05,13.36476,12.988,13.643,0.170709611820612,0.654999999999973,"2015",10,2025-10-05
2015-10-06,13.2780191304348,12.993,13.536,0.163620145147829,0.543000000000006,"2015",10,2025-10-06
2015-10-07,13.4476660869565,13.107,13.616,0.124800453189058,0.509000000000015,"2015",10,2025-10-07
2015-10-08,13.4940295652174,13.125,13.689,0.126775738903583,0.564000000000021,"2015",10,2025-10-08
2015-10-09,13.2671947826087,13.01,13.417,0.0958578559334599,0.406999999999982,"2015",10,2025-10-09
2015-10-10,13.2071686956522,12.932,13.392,0.0899389130330355,0.45999999999998,"2015",10,2025-10-10
2015-10-11,12.9819791304348,12.741,13.307,0.129727869485295,0.566000000000031,"2015",10,2025-10-11
2015-10-12,12.9175182608696,12.744,13.275,0.111196764722607,0.530999999999949,"2015",10,2025-10-12
2015-10-13,13.2323165217391,13.002,13.551,0.0994728649379353,0.548999999999978,"2015",10,2025-10-13
2015-10-14,13.2438382608696,12.913,13.701,0.170668647922604,0.788000000000011,"2015",10,2025-10-14
2015-10-15,13.005972173913,12.54,13.45,0.171996847647468,0.909999999999968,"2015",10,2025-10-15
2015-10-16,12.3012365217391,12.074,12.504,0.110568312031575,0.430000000000007,"2015",10,2025-10-16
2015-10-17,11.9186086956522,11.642,12.176,0.0826901457430056,0.533999999999992,"2015",10,2025-10-17
2015-10-18,11.5120173913043,11.283,11.892,0.128382769815569,0.60899999999998,"2015",10,2025-10-18
2015-10-19,11.2584452173913,10.991,11.638,0.105705461740258,0.646999999999991,"2015",10,2025-10-19
2015-10-20,11.2387547826087,10.873,11.634,0.13664870411058,0.761000000000024,"2015",10,2025-10-20
2015-10-21,11.6432434782609,11.477,11.843,0.0893327365952819,0.366000000000042,"2015",10,2025-10-21
2015-10-22,11.6792,11.408,12.018,0.134082947960573,0.609999999999957,"2015",10,2025-10-22
2015-10-23,11.4898886956522,11.159,11.999,0.183465150525529,0.840000000000032,"2015",10,2025-10-23
2015-10-24,11.069292173913,10.744,11.412,0.157368909633172,0.66799999999995,"2015",10,2025-10-24
2015-10-25,10.7635443478261,10.626,11.009,0.0743353900073469,0.383000000000038,"2015",10,2025-10-25
2015-10-26,10.692947826087,10.446,10.985,0.117318429915674,0.538999999999987,"2015",10,2025-10-26
2015-10-27,10.6588156521739,10.476,10.946,0.084356804623516,0.470000000000027,"2015",10,2025-10-27
2015-10-28,10.4787895652174,10.343,10.891,0.104652948416086,0.548000000000002,"2015",10,2025-10-28
2015-10-29,10.6096139130435,10.435,11.014,0.123687888989767,0.579000000000008,"2015",10,2025-10-29
2015-10-30,10.5728747826087,10.17,10.94,0.149278701209357,0.769999999999982,"2015",10,2025-10-30
2015-10-31,10.4864747826087,10.062,10.824,0.15734611632056,0.762,"2015",10,2025-10-31
2015-11-01,10.4990173913043,9.988,10.754,0.173785471029423,0.76600000000002,"2015",11,2025-11-01
2015-11-02,10.5550069565217,10.021,10.782,0.181179516980053,0.760999999999967,"2015",11,2025-11-02
2015-11-03,10.4301339130435,10.118,10.683,0.12249164579844,0.564999999999998,"2015",11,2025-11-03
2015-11-04,10.4493269565217,10.266,10.7,0.0935817901612296,0.433999999999969,"2015",11,2025-11-04
2015-11-05,10.5548973913043,10.33,10.77,0.107848995495645,0.439999999999998,"2015",11,2025-11-05
2015-11-06,10.6187530434783,10.414,10.871,0.116378789003493,0.456999999999994,"2015",11,2025-11-06
2015-11-07,10.429467826087,10.197,10.715,0.147632578784076,0.517999999999972,"2015",11,2025-11-07
2015-11-08,10.5008782608696,10.237,10.835,0.171726199494395,0.597999999999956,"2015",11,2025-11-08
2015-11-09,10.4738243478261,10.236,10.819,0.153076517833644,0.583000000000027,"2015",11,2025-11-09
2015-11-10,10.7506243478261,10.523,11.006,0.126365674637964,0.482999999999947,"2015",11,2025-11-10
2015-11-11,10.708547826087,10.505,11.068,0.125276978391691,0.562999999999988,"2015",11,2025-11-11
2015-11-12,10.3457408695652,10.145,10.645,0.1057234442861,0.5,"2015",11,2025-11-12
2015-11-13,9.82932695652174,9.56099999999998,10.106,0.13939308800253,0.545000000000016,"2015",11,2025-11-13
2015-11-14,9.70372,9.40499999999997,10.214,0.196659958388712,0.809000000000026,"2015",11,2025-11-14
2015-11-15,9.55717391304348,9.25099999999998,10.132,0.232565627501762,0.881000000000029,"2015",11,2025-11-15
2015-11-16,9.52022086956522,9.125,10.028,0.228031345076114,0.90300000000002,"2015",11,2025-11-16
2015-11-17,9.59416695652174,9.20299999999997,10.36,0.318427002700907,1.15700000000004,"2015",11,2025-11-17
2015-11-18,9.42021043478261,8.98700000000002,10.299,0.338941418106946,1.31199999999995,"2015",11,2025-11-18
2015-11-19,9.41288347826087,9.01299999999998,10.066,0.258190720343516,1.053,"2015",11,2025-11-19
2015-11-20,9.79278608695652,9.37900000000002,10.37,0.249897730610501,0.990999999999985,"2015",11,2025-11-20
2015-11-21,9.8228052173913,9.45299999999997,10.414,0.238336548656921,0.961000000000013,"2015",11,2025-11-21
2015-11-22,9.69185391304348,9.28399999999999,10.127,0.219406690177378,0.843000000000018,"2015",11,2025-11-22
2015-11-23,9.07705913043478,8.72500000000002,9.43200000000002,0.181601259366294,0.706999999999994,"2015",11,2025-11-23
2015-11-24,8.85414260869565,8.42399999999998,9.36099999999999,0.243981464945772,0.937000000000012,"2015",11,2025-11-24
2015-11-25,8.60573739130435,8.32900000000001,9.10300000000001,0.162504051657273,0.774000000000001,"2015",11,2025-11-25
2015-11-26,8.62516695652174,8.42000000000002,8.84199999999998,0.109062843279803,0.421999999999969,"2015",11,2025-11-26
2015-11-27,8.85448695652174,8.709,9.12799999999999,0.0923281306785125,0.418999999999983,"2015",11,2025-11-27
2015-11-28,8.87523304347826,8.51299999999998,9.346,0.224620534725817,0.833000000000027,"2015",11,2025-11-28
2015-11-29,8.60185913043478,8.25400000000002,9.23899999999998,0.248232032868643,0.984999999999957,"2015",11,2025-11-29
2015-11-30,8.42770434782609,8.09399999999999,8.97199999999998,0.201452892355028,0.877999999999986,"2015",11,2025-11-30
2015-12-01,8.36043826086957,8.08499999999998,8.82100000000003,0.185756526225319,0.736000000000047,"2015",12,2025-12-01
2015-12-02,8.40685391304348,8.11000000000001,8.83699999999999,0.180151406167338,0.726999999999975,"2015",12,2025-12-02
2015-12-03,8.12784695652174,7.89100000000002,8.52499999999998,0.17120066130818,0.633999999999958,"2015",12,2025-12-03
2015-12-04,7.9703547826087,7.60199999999998,8.57400000000001,0.274153844321043,0.972000000000037,"2015",12,2025-12-04
2015-12-05,8.22748869565217,7.70999999999998,8.82799999999997,0.309866161050178,1.11799999999999,"2015",12,2025-12-05
2015-12-06,8.291,7.73700000000002,8.85199999999998,0.30127153876476,1.11499999999995,"2015",12,2025-12-06
2015-12-07,8.2336052173913,7.73500000000001,8.81900000000002,0.282794262223,1.084,"2015",12,2025-12-07
2015-12-08,7.91958956521739,7.642,8.435,0.187035972324016,0.793000000000006,"2015",12,2025-12-08
2015-12-09,7.93721913043478,7.63799999999998,8.36099999999999,0.204946897131529,0.723000000000013,"2015",12,2025-12-09
2015-12-10,8.03210608695652,7.76800000000003,8.536,0.171323483833098,0.767999999999972,"2015",12,2025-12-10
2015-12-11,8.23038782608696,7.95799999999997,8.65800000000002,0.158762365508051,0.700000000000045,"2015",12,2025-12-11
2015-12-12,8.20209043478261,7.93299999999999,8.73000000000002,0.175939436133838,0.797000000000025,"2015",12,2025-12-12
2015-12-13,8.25606434782609,8.01100000000002,8.61000000000001,0.137721798425489,0.59899999999999,"2015",12,2025-12-13
2015-12-14,8.60144347826087,8.35199999999998,8.90300000000002,0.139328753639255,0.551000000000045,"2015",12,2025-12-14
2015-12-15,8.44128869565217,8.19299999999998,8.86099999999999,0.175226305025913,0.668000000000006,"2015",12,2025-12-15
2015-12-16,8.33714782608696,8.09199999999998,8.803,0.189799970052752,0.711000000000013,"2015",12,2025-12-16
2015-12-17,8.20155652173913,7.803,8.62200000000001,0.212096954988529,0.819000000000017,"2015",12,2025-12-17
2015-12-18,7.86869043478261,7.55799999999999,8.24200000000002,0.172790052550091,0.684000000000026,"2015",12,2025-12-18
2015-12-19,7.86467652173913,7.41199999999998,8.40899999999999,0.274737435100716,0.997000000000014,"2015",12,2025-12-19
2015-12-20,7.85236869565217,7.36099999999999,8.435,0.299013493678139,1.07400000000001,"2015",12,2025-12-20
2015-12-21,7.92160173913043,7.60300000000001,8.31799999999998,0.210027108745799,0.714999999999975,"2015",12,2025-12-21
2015-12-22,7.98163652173913,7.80799999999999,8.16399999999999,0.0840359869097436,0.355999999999995,"2015",12,2025-12-22
2015-12-23,8.48493739130435,8.26800000000003,8.65100000000001,0.0807554676209235,0.382999999999981,"2015",12,2025-12-23
2015-12-24,8.13242434782609,8.04500000000002,8.20299999999997,0.0452912075662107,0.157999999999959,"2015",12,2025-12-24
2015-12-25,8.04282434782609,7.95999999999998,8.12099999999998,0.0361188335617015,0.161000000000001,"2015",12,2025-12-25
2015-12-26,8.17377217391304,8.05000000000001,8.32100000000003,0.0618838852386835,0.271000000000015,"2015",12,2025-12-26
2015-12-27,8.11930608695652,7.983,8.27600000000001,0.0678903877866762,0.293000000000006,"2015",12,2025-12-27
2015-12-28,7.78281565217391,7.63900000000001,7.97000000000003,0.0740706704068009,0.331000000000017,"2015",12,2025-12-28
2015-12-29,7.7570747826087,7.59899999999999,7.964,0.0815929578709162,0.365000000000009,"2015",12,2025-12-29
2015-12-30,7.42593217391304,7.19600000000003,7.60300000000001,0.105316234878055,0.406999999999982,"2015",12,2025-12-30
2015-12-31,6.92432173913044,6.60599999999999,7.16800000000001,0.134112721572423,0.562000000000012,"2015",12,2025-12-31
2016-01-01,7.2423252173913,6.846,7.76299999999998,0.234015545600047,0.916999999999973,"2016",1,2025-01-01
2016-01-02,7.3084052173913,6.93799999999999,7.77199999999999,0.185720944728135,0.834000000000003,"2016",1,2025-01-02
2016-01-03,7.1922852173913,6.71100000000001,7.51600000000002,0.196941453053743,0.805000000000007,"2016",1,2025-01-03
2016-01-04,7.06854608695652,6.709,7.43200000000002,0.160762645221995,0.723000000000013,"2016",1,2025-01-04
2016-01-05,6.94714260869565,6.61200000000002,7.56900000000002,0.225558294210742,0.956999999999994,"2016",1,2025-01-05
2016-01-06,6.76838782608696,6.52499999999998,7.15800000000002,0.167262299562759,0.633000000000038,"2016",1,2025-01-06
2016-01-07,6.70640869565217,6.44999999999999,7.21300000000002,0.220303026010089,0.763000000000034,"2016",1,2025-01-07
2016-01-08,6.81269217391304,6.59199999999998,7.20999999999998,0.147180543534436,0.617999999999995,"2016",1,2025-01-08
2016-01-09,6.83469565217391,6.54899999999998,7.233,0.140361713780323,0.684000000000026,"2016",1,2025-01-09
2016-01-10,6.31616,6.03100000000001,6.60399999999998,0.147707624378878,0.572999999999979,"2016",1,2025-01-10
2016-01-11,6.15562434782609,5.76400000000001,6.64999999999998,0.219970448043417,0.885999999999967,"2016",1,2025-01-11
2016-01-12,6.16623130434783,5.77499999999998,6.65699999999998,0.223249747792491,0.882000000000005,"2016",1,2025-01-12
2016-01-13,6.2252052173913,5.87599999999998,6.67700000000002,0.196417965181148,0.801000000000045,"2016",1,2025-01-13
2016-01-14,6.36004347826087,6.04300000000001,6.69,0.153515868234287,0.646999999999991,"2016",1,2025-01-14
2016-01-15,6.39294086956522,6.10300000000001,6.65199999999999,0.133310462546378,0.548999999999978,"2016",1,2025-01-15
2016-01-16,6.35495826086956,6.16899999999998,6.50400000000002,0.0867237092099405,0.335000000000036,"2016",1,2025-01-16
2016-01-17,6.29065913043478,6.142,6.49099999999999,0.0792030336496797,0.34899999999999,"2016",1,2025-01-17
2016-01-18,5.71816869565217,5.50700000000001,6.10000000000002,0.138216858825639,0.593000000000018,"2016",1,2025-01-18
2016-01-19,5.55773739130435,5.21600000000001,6.39999999999998,0.314003909699818,1.18399999999997,"2016",1,2025-01-19
2016-01-20,5.42626086956522,5.00200000000001,6.37900000000002,0.384523599701586,1.37700000000001,"2016",1,2025-01-20
2016-01-21,5.4493252173913,5.07400000000001,6.30700000000002,0.317749808949925,1.233,"2016",1,2025-01-21
2016-01-22,5.54526260869565,5.221,5.95400000000001,0.176456987810599,0.733000000000004,"2016",1,2025-01-22
2016-01-23,5.42106260869565,5.11099999999999,5.76299999999998,0.154233587644334,0.651999999999987,"2016",1,2025-01-23
2016-01-24,5.49878956521739,5.16399999999999,5.91399999999999,0.161122345886245,0.75,"2016",1,2025-01-24
2016-01-25,5.5576,5.28199999999998,5.81299999999999,0.132120536772047,0.531000000000006,"2016",1,2025-01-25
2016-01-26,4.94952695652174,4.57799999999997,5.43799999999999,0.217152571374733,0.860000000000014,"2016",1,2025-01-26
2016-01-27,4.80104869565217,4.38400000000001,5.666,0.276207260198342,1.28199999999998,"2016",1,2025-01-27
2016-01-28,4.67053043478261,4.22399999999999,5.61599999999999,0.304080453139491,1.392,"2016",1,2025-01-28
2016-01-29,4.81144869565217,4.387,5.541,0.259273207699666,1.154,"2016",1,2025-01-29
2016-01-30,5.08260173913043,4.78899999999999,5.45799999999997,0.16746898302586,0.668999999999983,"2016",1,2025-01-30
2016-01-31,5.48958608695652,5.267,5.71800000000002,0.117637838853541,0.451000000000022,"2016",1,2025-01-31
2016-02-01,5.38293565217391,5.06700000000001,5.97500000000002,0.22489264422621,0.908000000000015,"2016",2,2025-02-01
2016-02-02,5.16689565217391,4.81599999999997,5.98099999999999,0.301193363230724,1.16500000000002,"2016",2,2025-02-02
2016-02-03,5.10189565217391,4.73700000000002,5.87900000000002,0.31224976528707,1.142,"2016",2,2025-02-03
2016-02-04,4.97901391304348,4.64999999999998,5.48199999999997,0.211744174949172,0.831999999999994,"2016",2,2025-02-04
2016-02-05,4.65461391304348,4.26800000000003,5.18299999999999,0.222892297113898,0.914999999999964,"2016",2,2025-02-05
2016-02-06,4.57216695652174,4.11799999999999,5.149,0.248266379265245,1.03100000000001,"2016",2,2025-02-06
2016-02-07,4.49496695652174,4.113,5.01499999999999,0.225411525989875,0.901999999999987,"2016",2,2025-02-07
2016-02-08,4.48305913043478,4.23500000000001,5.04199999999997,0.175974578410148,0.80699999999996,"2016",2,2025-02-08
2016-02-09,4.06822434782609,3.726,4.57100000000003,0.19972514240124,0.845000000000027,"2016",2,2025-02-09
2016-02-10,3.83843478260869,3.50099999999998,4.39999999999998,0.183813310951182,0.899000000000001,"2016",2,2025-02-10
2016-02-11,4.04018086956522,3.58600000000001,4.541,0.272261451989924,0.954999999999984,"2016",2,2025-02-11
2016-02-12,4.00366956521739,3.517,4.61099999999999,0.309779119964833,1.09399999999999,"2016",2,2025-02-12
2016-02-13,3.71430260869565,3.23099999999999,4.38200000000001,0.295326652392554,1.15100000000001,"2016",2,2025-02-13
2016-02-14,3.49152173913043,3.14100000000002,4.11399999999998,0.247313958791246,0.972999999999956,"2016",2,2025-02-14
2016-02-15,3.44776,3.10599999999999,4.262,0.289464749588539,1.15600000000001,"2016",2,2025-02-15
2016-02-16,3.54326260869565,3.24200000000002,4.05099999999999,0.192286341658227,0.808999999999969,"2016",2,2025-02-16
2016-02-17,3.57601043478261,3.25900000000001,3.94200000000001,0.16222751444021,0.682999999999993,"2016",2,2025-02-17
2016-02-18,3.50723304347826,3.11399999999998,3.89600000000002,0.191311413915584,0.782000000000039,"2016",2,2025-02-18
2016-02-19,3.50917565217391,3.08699999999999,3.92500000000001,0.200129954552752,0.838000000000022,"2016",2,2025-02-19
2016-02-20,3.48945043478261,3.08499999999998,3.97500000000002,0.20147217036354,0.890000000000043,"2016",2,2025-02-20
2016-02-21,3.73661043478261,3.35699999999997,4.185,0.203587274376711,0.828000000000031,"2016",2,2025-02-21
2016-02-22,3.87095652173913,3.54700000000003,4.28199999999998,0.17238446574356,0.734999999999957,"2016",2,2025-02-22
2016-02-23,3.81623826086957,3.51800000000003,4.245,0.156682074281494,0.726999999999975,"2016",2,2025-02-23
2016-02-24,3.62691304347826,3.19999999999999,4.238,0.239636722928505,1.03800000000001,"2016",2,2025-02-24
2016-02-25,3.42896695652174,3.11900000000003,3.83299999999997,0.194390857620505,0.713999999999942,"2016",2,2025-02-25
2016-02-26,3.55587130434783,3.16699999999997,4.06900000000002,0.251960882964921,0.902000000000044,"2016",2,2025-02-26
2016-02-27,3.67774956521739,3.346,4.13,0.212100519926156,0.783999999999992,"2016",2,2025-02-27
2016-02-28,3.7388747826087,3.39300000000003,4.15499999999997,0.199809748292722,0.761999999999944,"2016",2,2025-02-28
2016-02-29,3.88901217391304,3.56700000000001,4.245,0.187222756305733,0.677999999999997,"2016",2,NA
2016-03-01,3.96724,3.61900000000003,4.24299999999999,0.16453039963539,0.623999999999967,"2016",3,2025-03-01
2016-03-02,3.78103304347826,3.55000000000001,4.05700000000002,0.122554349545977,0.507000000000005,"2016",3,2025-03-02
2016-03-03,3.42812695652174,3.26499999999999,3.80900000000003,0.138694119438618,0.54400000000004,"2016",3,2025-03-03
2016-03-04,3.31627826086957,3.09500000000003,3.74200000000002,0.173686687149987,0.646999999999991,"2016",3,2025-03-04
2016-03-05,3.47351826086956,3.154,3.84699999999998,0.166423369471892,0.692999999999984,"2016",3,2025-03-05
2016-03-06,3.52830782608696,3.28300000000002,3.82299999999998,0.126751798087588,0.539999999999964,"2016",3,2025-03-06
2016-03-07,3.62288173913043,3.37799999999999,3.89699999999999,0.129003511001169,0.519000000000005,"2016",3,2025-03-07
2016-03-08,3.73272347826087,3.512,3.983,0.115412297071874,0.471000000000004,"2016",3,2025-03-08
2016-03-09,4.02066434782609,3.83600000000001,4.26400000000001,0.0914600712476848,0.427999999999997,"2016",3,2025-03-09
2016-03-10,4.76200695652174,4.41300000000001,4.98599999999999,0.138259728644183,0.572999999999979,"2016",3,2025-03-10
2016-03-11,4.79476,4.399,5.08999999999997,0.185292277264697,0.690999999999974,"2016",3,2025-03-11
2016-03-12,4.66402086956522,4.255,5.00999999999999,0.198938138221317,0.754999999999995,"2016",3,2025-03-12
2016-03-13,4.59524869565217,4.27499999999998,4.89100000000002,0.170376583493741,0.616000000000042,"2016",3,2025-03-13
2016-03-14,4.21489043478261,4.05599999999998,4.38900000000001,0.0858691178256313,0.333000000000027,"2016",3,2025-03-14
2016-03-15,4.02274434782609,3.935,4.18299999999999,0.0495096411110509,0.24799999999999,"2016",3,2025-03-15
2016-03-16,4.12697391304348,3.97699999999998,4.29300000000001,0.0704566316889138,0.316000000000031,"2016",3,2025-03-16
2016-03-17,4.29999826086957,4.07600000000002,4.50299999999999,0.108685517935081,0.426999999999964,"2016",3,2025-03-17
2016-03-18,4.21781739130435,3.76400000000001,4.517,0.177862560111313,0.752999999999986,"2016",3,2025-03-18
2016-03-19,4.38025043478261,3.83199999999999,4.68299999999999,0.190605270726979,0.850999999999999,"2016",3,2025-03-19
2016-03-20,4.33185043478261,3.78500000000003,4.62599999999998,0.199068558994445,0.840999999999951,"2016",3,2025-03-20
2016-03-21,3.96127304347826,3.44499999999999,4.30599999999998,0.22048285676156,0.86099999999999,"2016",3,2025-03-21
2016-03-22,3.78197739130435,3.27199999999999,4.13299999999998,0.205693840291706,0.86099999999999,"2016",3,2025-03-22
2016-03-23,3.83416,3.39100000000002,4.166,0.19158876946566,0.774999999999977,"2016",3,2025-03-23
2016-03-24,3.70529217391304,3.41199999999998,3.99400000000003,0.135013929561285,0.58200000000005,"2016",3,2025-03-24
2016-03-25,4.19849217391304,3.96199999999999,4.404,0.116698692661739,0.442000000000007,"2016",3,2025-03-25
2016-03-26,4.07091130434782,3.84800000000001,4.267,0.110403965840828,0.418999999999983,"2016",3,2025-03-26
2016-03-27,3.88668173913043,3.55399999999997,4.13499999999999,0.148148943077395,0.581000000000017,"2016",3,2025-03-27
2016-03-28,3.85697913043478,3.44499999999999,4.09800000000001,0.157197858799314,0.65300000000002,"2016",3,2025-03-28
2016-03-29,3.98917739130435,3.58600000000001,4.31599999999997,0.171436785040317,0.729999999999961,"2016",3,2025-03-29
2016-03-30,4.04552347826087,3.58600000000001,4.38600000000002,0.181203561553264,0.800000000000011,"2016",3,2025-03-30
2016-03-31,4.03615130434783,3.61900000000003,4.36900000000003,0.191592272856529,0.75,"2016",3,2025-03-31
2016-04-01,3.99828695652174,3.779,4.18900000000002,0.109571334950395,0.410000000000025,"2016",4,2025-04-01
2016-04-02,4.59994260869565,4.47500000000002,4.702,0.0602231492945437,0.226999999999975,"2016",4,2025-04-02
2016-04-03,3.98841391304348,3.86399999999998,4.23099999999999,0.0891844728042119,0.367000000000019,"2016",4,2025-04-03
2016-04-04,3.8382452173913,3.54700000000003,4.15300000000002,0.192835256836897,0.605999999999995,"2016",4,2025-04-04
2016-04-05,3.76354956521739,3.38799999999998,4.11799999999999,0.196470327118279,0.730000000000018,"2016",4,2025-04-05
2016-04-06,3.79573565217391,3.44799999999998,4.05700000000002,0.137313013936751,0.609000000000037,"2016",4,2025-04-06
2016-04-07,3.86780695652174,3.66199999999998,4.084,0.0709828655304175,0.422000000000025,"2016",4,2025-04-07
2016-04-08,4.50087304347826,4.17200000000003,4.803,0.120576877988814,0.630999999999972,"2016",4,2025-04-08
2016-04-09,4.43107652173913,4.04300000000001,4.68599999999998,0.132241534332126,0.642999999999972,"2016",4,2025-04-09
2016-04-10,4.36562434782609,3.94400000000002,4.58800000000002,0.152490639794598,0.644000000000005,"2016",4,2025-04-10
2016-04-11,4.52897913043478,4.30099999999999,4.67599999999999,0.106940829560636,0.375,"2016",4,2025-04-11
2016-04-12,5.0298452173913,4.822,5.24400000000003,0.0998544517819601,0.422000000000025,"2016",4,2025-04-12
2016-04-13,4.95742434782609,4.70499999999998,5.16800000000001,0.0830884090996339,0.463000000000022,"2016",4,2025-04-13
2016-04-14,5.19666260869565,4.53100000000001,5.64600000000002,0.250832073655597,1.11500000000001,"2016",4,2025-04-14
2016-04-15,5.66339478260869,5.31999999999999,5.86599999999999,0.0949844603496957,0.545999999999992,"2016",4,2025-04-15
2016-04-16,5.73388869565217,5.36500000000001,5.899,0.0899535195163749,0.533999999999992,"2016",4,2025-04-16
2016-04-17,5.73890434782609,5.34399999999999,5.90800000000002,0.116764673992445,0.564000000000021,"2016",4,2025-04-17
2016-04-18,5.73726956521739,5.399,5.89999999999998,0.130928453594365,0.500999999999976,"2016",4,2025-04-18
2016-04-19,6.34932869565217,6.14999999999998,6.41199999999998,0.0561356445253355,0.262,"2016",4,2025-04-19
2016-04-20,6.77675478260869,6.35199999999998,7.142,0.190946598625737,0.79000000000002,"2016",4,2025-04-20
2016-04-21,6.89621391304348,6.45799999999997,7.29599999999999,0.219173752087242,0.838000000000022,"2016",4,2025-04-21
2016-04-22,6.99912173913043,6.81,7.19799999999998,0.121733110986942,0.387999999999977,"2016",4,2025-04-22
2016-04-23,7.56820695652174,7.15199999999999,8.07400000000001,0.26006429241335,0.922000000000025,"2016",4,2025-04-23
2016-04-24,7.53284,7.04500000000002,8.04700000000003,0.284375265149013,1.00200000000001,"2016",4,2025-04-24
2016-04-25,7.47164347826087,7.13400000000001,7.98500000000001,0.232334358638383,0.850999999999999,"2016",4,2025-04-25
2016-04-26,7.02394956521739,6.798,7.20400000000001,0.0819258347509283,0.406000000000006,"2016",4,2025-04-26
2016-04-27,7.09242434782609,6.96699999999998,7.22000000000003,0.0770671735042516,0.253000000000043,"2016",4,2025-04-27
2016-04-28,7.11176347826087,6.89600000000002,7.27999999999997,0.0929797084850827,0.383999999999958,"2016",4,2025-04-28
2016-04-29,7.04810608695652,6.92000000000002,7.14800000000002,0.0635806235781935,0.228000000000009,"2016",4,2025-04-29
2016-04-30,7.04646956521739,6.87799999999999,7.197,0.0738290380512092,0.319000000000017,"2016",4,2025-04-30
2016-05-01,7.01590086956522,6.80399999999997,7.11099999999999,0.0607314209207003,0.307000000000016,"2016",5,2025-05-01
2016-05-02,6.76218608695652,6.55599999999998,6.88,0.0735246893598528,0.324000000000012,"2016",5,2025-05-02
2016-05-03,6.63515652173913,6.447,6.83699999999999,0.0973336507573931,0.389999999999986,"2016",5,2025-05-03
2016-05-04,6.75036869565217,6.608,6.92700000000002,0.0814832001722848,0.319000000000017,"2016",5,2025-05-04
2016-05-05,7.23187130434783,7.17000000000002,7.30000000000001,0.0341932527046738,0.129999999999995,"2016",5,2025-05-05
2016-05-06,7.62679652173913,7.423,7.74700000000001,0.0801521331457308,0.324000000000012,"2016",5,2025-05-06
2016-05-07,7.50074434782609,7.29399999999998,7.65199999999999,0.0762698928084186,0.358000000000004,"2016",5,2025-05-07
2016-05-08,7.37222086956522,7.08999999999997,7.601,0.123421919833592,0.511000000000024,"2016",5,2025-05-08
2016-05-09,7.42360869565217,7.125,7.72800000000001,0.160442392304202,0.603000000000009,"2016",5,2025-05-09
2016-05-10,7.49564695652174,7.09800000000001,7.98399999999998,0.246301221108355,0.885999999999967,"2016",5,2025-05-10
2016-05-11,7.90245913043478,7.471,8.70400000000001,0.333487690482086,1.233,"2016",5,2025-05-11
2016-05-12,8.14742086956522,7.661,8.73700000000002,0.300425505876455,1.07600000000002,"2016",5,2025-05-12
2016-05-13,8.2346,7.947,8.488,0.16810763724575,0.540999999999997,"2016",5,2025-05-13
2016-05-14,8.4394,8.35500000000002,8.548,0.0506869190528101,0.192999999999984,"2016",5,2025-05-14
2016-05-15,7.80535130434783,7.71499999999997,7.88900000000001,0.0481353173296703,0.174000000000035,"2016",5,2025-05-15
2016-05-16,7.87228869565217,7.517,8.36700000000002,0.244211852097193,0.850000000000023,"2016",5,2025-05-16
2016-05-17,7.91674434782609,7.45699999999999,8.601,0.312431610409628,1.14400000000001,"2016",5,2025-05-17
2016-05-18,8.17173913043478,7.86099999999999,8.69400000000002,0.219875078841168,0.833000000000027,"2016",5,2025-05-18
2016-05-19,9.12242086956522,8.928,9.20600000000002,0.0625937923356934,0.27800000000002,"2016",5,2025-05-19
2016-05-20,9.24239826086957,8.77999999999997,9.483,0.138887213900789,0.703000000000031,"2016",5,2025-05-20
2016-05-21,9.23771826086956,8.61399999999998,9.666,0.213892334920484,1.05200000000002,"2016",5,2025-05-21
2016-05-22,9.45544,9.00799999999998,9.92700000000002,0.249883002867243,0.91900000000004,"2016",5,2025-05-22
2016-05-23,9.86974782608696,9.23599999999999,10.499,0.362370520994305,1.26300000000003,"2016",5,2025-05-23
2016-05-24,9.92665391304348,9.45100000000002,10.492,0.30551584905225,1.041,"2016",5,2025-05-24
2016-05-25,10.8143304347826,10.53,11.003,0.125605926654702,0.473000000000013,"2016",5,2025-05-25
2016-05-26,12.151787826087,11.736,12.365,0.135056899318873,0.629000000000019,"2016",5,2025-05-26
2016-05-27,12.0144886956522,11.678,12.128,0.0977394645001172,0.449999999999989,"2016",5,2025-05-27
2016-05-28,12.0884156521739,11.932,12.12,0.0297993773503931,0.187999999999988,"2016",5,2025-05-28
2016-05-29,11.9220434782609,11.642,12.048,0.0876863065150428,0.406000000000006,"2016",5,2025-05-29
2016-05-30,12.3177704347826,12.069,12.434,0.0817525127467218,0.365000000000009,"2016",5,2025-05-30
2016-05-31,12.8657391304348,12.642,13.073,0.0711265357888258,0.430999999999983,"2016",5,2025-05-31
2016-06-01,12.8435582608696,12.427,13.326,0.240317247486482,0.899000000000001,"2016",6,2025-06-01
