"date","mean.sst","min.sst","max.sst","sd","ten","nine","month","year","doy"
2002-06-01,10.2120695652174,9.87299999999999,10.501,0.129940305360299,10.0604,10.402,6,2002,152
2002-06-02,10.2337617391304,9.72800000000001,10.537,0.150066561064027,10.046,10.4404,6,2002,153
2002-06-03,9.95943304347826,9.416,10.321,0.192028984692352,9.68080000000001,10.1894,6,2002,154
2002-06-04,9.52562086956522,8.88600000000002,9.80700000000002,0.182043028902689,9.2798,9.73700000000002,6,2002,155
2002-06-05,9.55521913043478,9.214,9.73099999999999,0.115539715101748,9.38720000000002,9.69099999999997,6,2002,156
2002-06-06,9.36013565217391,9.19200000000001,9.50700000000001,0.078268694476595,9.24700000000001,9.45959999999999,6,2002,157
2002-06-07,9.20677043478261,9.01900000000001,9.33800000000002,0.0802430508393024,9.08800000000002,9.30700000000002,6,2002,158
2002-06-08,9.59361739130435,9.38400000000001,9.76900000000001,0.0965765734545457,9.4544,9.71659999999999,6,2002,159
2002-06-09,9.69309739130435,9.49200000000002,9.87900000000002,0.0946185128411814,9.55940000000002,9.815,6,2002,160
2002-06-10,9.77024869565217,9.55799999999999,9.96699999999998,0.099415043804783,9.6284,9.89800000000002,6,2002,161
2002-06-11,9.83684347826087,9.637,9.98599999999999,0.0905632963727657,9.7044,9.94999999999999,6,2002,162
2002-06-12,9.95818782608696,9.75200000000001,10.109,0.0874086453396289,9.83100000000002,10.0666,6,2002,163
2002-06-13,9.75990782608696,9.577,9.88999999999999,0.0794929720425083,9.64239999999999,9.86000000000001,6,2002,164
2002-06-14,9.91684,9.71600000000001,10.07,0.0851017149153472,9.79540000000001,10.023,6,2002,165
2002-06-15,9.85609739130435,9.68299999999999,9.97800000000001,0.0762677813400585,9.74299999999999,9.95259999999998,6,2002,166
2002-06-16,9.86896695652174,9.66199999999998,10.056,0.088477465901937,9.74299999999999,9.98259999999999,6,2002,167
2002-06-17,10.4895182608696,10.196,10.747,0.119448570116572,10.3212,10.6406,6,2002,168
2002-06-18,11.172412173913,10.903,11.491,0.150086637667187,11.0014,11.395,6,2002,169
2002-06-19,11.6967965217391,11.544,11.969,0.0742497808282121,11.6094,11.7826,6,2002,170
2002-06-20,12.1235756521739,11.835,12.515,0.132341170725017,11.9534,12.2938,6,2002,171
2002-06-21,12.3650626086957,11.909,12.623,0.17263189042725,12.1186,12.5852,6,2002,172
2002-06-22,12.3499965217391,11.935,12.659,0.163035277562989,12.1224,12.563,6,2002,173
2002-06-23,12.2561808695652,11.963,12.54,0.133587625326441,12.0764,12.4356,6,2002,174
2002-06-24,12.3504747826087,12.031,12.61,0.158508671458172,12.1376,12.5706,6,2002,175
2002-06-25,12.5575547826087,12.102,12.883,0.193345802503064,12.2824,12.804,6,2002,176
2002-06-26,12.4474695652174,12.101,12.724,0.157244960907008,12.2178,12.647,6,2002,177
2002-06-27,12.5550330434783,12.208,12.813,0.136237049841193,12.3632,12.732,6,2002,178
2002-06-28,15.24632,15.079,15.468,0.0915208618475043,15.134,15.3756,6,2002,179
2002-06-29,15.3212695652174,15.085,15.652,0.138362103942162,15.146,15.525,6,2002,180
2002-06-30,15.6300052173913,15.286,16.027,0.188106968717399,15.3854,15.9056,6,2002,181
2002-07-01,16.1467617391304,15.742,16.642,0.217010670903919,15.8624,16.4594,7,2002,182
2002-07-02,17.4374991304348,17.063,17.797,0.188539461343144,17.1854,17.7022,7,2002,183
2002-07-03,17.5813634782609,17.269,17.899,0.194000624271793,17.2994,17.83,7,2002,184
2002-07-04,17.8131895652174,17.469,18.325,0.196120680055115,17.6064,18.099,7,2002,185
2002-07-05,17.8754886956522,17.603,18.358,0.18267590766526,17.686,18.144,7,2002,186
2002-07-06,17.7448052173913,17.388,18.092,0.171044924434553,17.5054,17.963,7,2002,187
2002-07-07,17.4355426086957,17.115,18.037,0.235477225816426,17.197,17.8404,7,2002,188
2002-07-08,17.3039565217391,16.926,18.096,0.273866698394717,17.0364,17.749,7,2002,189
2002-07-09,17.175252173913,16.753,17.665,0.166247246891263,16.961,17.3962,7,2002,190
2002-07-10,16.7825495652174,16.461,17.109,0.144300211747723,16.606,16.9976,7,2002,191
2002-07-11,15.9153947826087,15.437,16.579,0.321841411875195,15.5308,16.3792,7,2002,192
2002-07-12,15.7347704347826,15.097,16.423,0.366224649970925,15.236,16.2198,7,2002,193
2002-07-13,15.497,15.07,15.967,0.245105545067827,15.1854,15.8396,7,2002,194
2002-07-14,15.7997634782609,15.381,16.191,0.252374106446372,15.4464,16.112,7,2002,195
2002-07-15,15.800907826087,15.27,16.231,0.285336289506571,15.3804,16.1176,7,2002,196
2002-07-16,15.6750347826087,15.287,16.041,0.208040431377444,15.3904,15.902,7,2002,197
2002-07-17,15.7394330434783,15.608,15.975,0.0771449738469729,15.649,15.848,7,2002,198
2002-07-18,15.2355930434783,14.914,15.547,0.148781431090163,15.0614,15.4626,7,2002,199
2002-07-19,15.629747826087,15.445,15.843,0.0626823810718265,15.56,15.709,7,2002,200
2002-07-20,15.9525582608696,15.857,16.089,0.0677413069401503,15.8684,16.0526,7,2002,201
2002-07-21,15.8484904347826,15.592,16.256,0.138670364015107,15.6588,16.0456,7,2002,202
2002-07-22,15.8384834782609,15.454,16.395,0.187845679457945,15.5964,16.0814,7,2002,203
2002-07-23,15.8087669565217,15.626,16.095,0.104311871338048,15.6704,15.9542,7,2002,204
2002-07-24,15.9838904347826,15.373,16.495,0.277030910920083,15.566,16.3122,7,2002,205
2002-07-25,16.236692173913,14.973,16.876,0.534882729201345,15.3288,16.767,7,2002,206
2002-07-26,16.2298660869565,15.331,16.714,0.385296312708255,15.5796,16.6048,7,2002,207
2002-07-27,16.05208,15.512,16.439,0.247640637971463,15.6734,16.354,7,2002,208
2002-07-28,16.4648556521739,16.304,16.552,0.0437279963409066,16.4174,16.521,7,2002,209
2002-07-29,17.7647443478261,17.491,17.872,0.0741094564248469,17.6604,17.851,7,2002,210
2002-07-30,17.7560782608696,17.402,17.965,0.100102208031188,17.6414,17.907,7,2002,211
2002-07-31,17.6828782608696,17.338,18.146,0.173271812601665,17.4724,17.9576,7,2002,212
2002-08-01,17.6181843478261,17.302,18.043,0.12969569354961,17.4734,17.814,8,2002,213
2002-08-02,17.7006782608696,17.389,18.25,0.162590384824528,17.5158,17.946,8,2002,214
2002-08-03,18.2609582608696,17.762,18.741,0.220524789816928,17.9588,18.556,8,2002,215
2002-08-04,18.64892,18.038,19.11,0.238352812601953,18.3204,18.9526,8,2002,216
2002-08-05,17.203307826087,16.976,17.479,0.139213686016088,17.0314,17.4196,8,2002,217
2002-08-06,17.5249704347826,17.053,18.255,0.317543315099053,17.1788,18.0742,8,2002,218
2002-08-07,17.4653843478261,17.03,18.255,0.332570555399966,17.122,18.0502,8,2002,219
2002-08-08,17.4392208695652,17.012,18.221,0.317008586891595,17.1284,18.015,8,2002,220
2002-08-09,17.1606260869565,16.659,17.631,0.209540872783965,16.8534,17.3914,8,2002,221
2002-08-10,17.414227826087,17.045,17.596,0.0801823613461831,17.3412,17.489,8,2002,222
2002-08-11,17.8229669565217,17.552,18.279,0.199137208542469,17.6114,18.1802,8,2002,223
2002-08-12,17.9365826086957,17.67,18.41,0.200262953558804,17.72,18.244,8,2002,224
2002-08-13,18.4863217391304,17.908,19.412,0.380850468334252,18.0868,19.1238,8,2002,225
2002-08-14,18.5437513043478,17.9,19.469,0.411829282474362,18.014,19.1848,8,2002,226
2002-08-15,18.4167773913044,17.969,19.177,0.299239755372299,18.0734,18.8742,8,2002,227
2002-08-16,18.3500573913043,17.994,19.111,0.288493652084123,18.048,18.8148,8,2002,228
2002-08-17,18.3470173913043,17.991,18.684,0.148035355898414,18.1608,18.553,8,2002,229
2002-08-18,18.4517582608696,17.989,19.055,0.271259173156155,18.1454,18.9102,8,2002,230
2002-08-19,18.5557791304348,17.998,19.175,0.276554532271305,18.1928,18.956,8,2002,231
2002-08-20,18.2606295652174,17.757,18.634,0.203030112669298,17.9788,18.5086,8,2002,232
2002-08-21,17.9366695652174,17.206,18.695,0.379761834445455,17.377,18.427,8,2002,233
2002-08-22,17.7634330434783,17.228,18.559,0.349404060028022,17.2918,18.2276,8,2002,234
2002-08-23,17.6677530434783,17.388,18.212,0.210209497841752,17.4184,17.9902,8,2002,235
2002-08-24,17.5155130434783,16.81,17.934,0.302892397184347,17.0676,17.879,8,2002,236
2002-08-25,17.3013373913043,16.588,18.113,0.277054267524364,16.9828,17.6442,8,2002,237
2002-08-26,17.3322156521739,16.565,18.076,0.281940208092516,17.0392,17.693,8,2002,238
2002-08-27,17.4475252173913,16.885,17.936,0.247270688421661,17.1104,17.7138,8,2002,239
2002-08-28,17.5695147826087,17.09,17.898,0.195779241853358,17.2818,17.8026,8,2002,240
2002-08-29,17.026307826087,16.625,17.437,0.196231608316317,16.7504,17.2836,8,2002,241
2002-08-30,16.9064626086957,16.499,17.345,0.206227568502865,16.6404,17.2076,8,2002,242
2002-08-31,16.8872591304348,16.465,17.557,0.187525163884303,16.6878,17.124,8,2002,243
2002-09-01,16.7234643478261,16.29,17.326,0.155158652193172,16.551,16.8956,9,2002,244
2002-09-02,16.5928904347826,16.254,17.007,0.120210428865381,16.4556,16.747,9,2002,245
2002-09-03,16.6486330434783,16.031,17.106,0.271897044373378,16.2618,17.0118,9,2002,246
2002-09-04,16.7772504347826,16.35,17.008,0.107688186610811,16.6182,16.873,9,2002,247
2002-09-05,16.7607252173913,16.291,17.133,0.197193587934693,16.4964,17.0376,9,2002,248
2002-09-06,16.813107826087,16.318,17.36,0.228990791907374,16.511,17.1134,9,2002,249
2002-09-07,17.0533426086957,16.42,17.845,0.334070241070337,16.591,17.495,9,2002,250
2002-09-08,17.2063513043478,16.446,17.939,0.374705684821892,16.6636,17.695,9,2002,251
2002-09-09,17.2188991304348,16.547,17.826,0.279560637583961,16.8188,17.5372,9,2002,252
2002-09-10,17.0998504347826,16.494,17.504,0.235358023432519,16.7254,17.3636,9,2002,253
2002-09-11,17.0347843478261,16.645,17.505,0.216388697476779,16.777,17.3466,9,2002,254
2002-09-12,16.682867826087,16.093,17.219,0.274333306376433,16.3204,17.0544,9,2002,255
2002-09-13,15.6193339130435,15.236,16.181,0.269031499161867,15.286,15.993,9,2002,256
2002-09-14,14.4960260869565,13.966,14.935,0.187496232755165,14.294,14.7934,9,2002,257
2002-09-15,14.0730469565217,13.682,14.393,0.17261660065765,13.8224,14.2996,9,2002,258
2002-09-16,14.1646017391304,13.625,14.52,0.189254892361293,13.867,14.3872,9,2002,259
2002-09-17,14.2894608695652,13.442,14.723,0.25354419056091,13.9614,14.6242,9,2002,260
2002-09-18,15.3007373913043,14.686,16.272,0.412758573473357,14.8666,15.9656,9,2002,261
2002-09-19,15.137827826087,14.622,16.024,0.43856108946134,14.7074,15.8846,9,2002,262
2002-09-20,14.9901739130435,14.432,15.995,0.463478633346951,14.5406,15.76,9,2002,263
2002-09-21,15.3171547826087,14.802,15.668,0.213322567517955,14.9738,15.587,9,2002,264
2002-09-22,15.4721426086957,15.033,15.751,0.122115929283696,15.346,15.6446,9,2002,265
2002-09-23,15.2804104347826,14.919,15.663,0.161302867990424,15.054,15.4784,9,2002,266
2002-09-24,14.6331686956522,14.298,15.221,0.206271887811348,14.3708,14.912,9,2002,267
2002-09-25,14.5767704347826,14.064,15.583,0.32216529966625,14.1952,15.009,9,2002,268
2002-09-26,14.5416504347826,14.191,15.034,0.197218050575517,14.2852,14.8106,9,2002,269
2002-09-27,15.134132173913,14.943,15.341,0.0773181575194317,15.024,15.2346,9,2002,270
2002-09-28,15.2338869565217,14.907,15.602,0.13266397816042,15.0552,15.402,9,2002,271
2002-09-29,15.1965565217391,14.755,15.57,0.151887806527886,14.9988,15.3792,9,2002,272
2002-09-30,15.0385513043478,14.736,15.394,0.148662259201901,14.8624,15.2746,9,2002,273
2002-10-01,15.1644504347826,14.747,15.506,0.204820250665219,14.9034,15.429,10,2002,274
2002-10-02,15.2548591304348,14.863,15.504,0.12428986849455,15.082,15.4256,10,2002,275
2002-10-03,14.9087217391304,14.666,15.259,0.107741799030341,14.77,15.0322,10,2002,276
2002-10-04,14.537707826087,14.229,15.026,0.146669512321305,14.3424,14.7106,10,2002,277
2002-10-05,14.5836869565217,13.962,15.08,0.325183024455508,14.078,14.977,10,2002,278
2002-10-06,14.4447495652174,13.849,14.941,0.313534586885013,13.9524,14.8146,10,2002,279
2002-10-07,14.0502713043478,13.589,14.371,0.218205388959449,13.678,14.3026,10,2002,280
2002-10-08,13.749652173913,13.406,14.242,0.209765251383003,13.4598,14.0462,10,2002,281
2002-10-09,13.6403739130435,13.332,14.083,0.166170856872335,13.427,13.8932,10,2002,282
2002-10-10,13.7245391304348,13.583,14.058,0.104390689953983,13.607,13.8846,10,2002,283
2002-10-11,14.0651565217391,13.916,14.249,0.0810774773892057,13.963,14.182,10,2002,284
2002-10-12,12.9429217391304,12.632,13.247,0.155875092260482,12.725,13.157,10,2002,285
2002-10-13,13.1534243478261,12.874,13.359,0.113357106316684,12.9754,13.2856,10,2002,286
2002-10-14,13.0914486956522,12.566,13.319,0.157081650778701,12.8392,13.2506,10,2002,287
2002-10-15,13.0621513043478,12.527,13.339,0.161561532039825,12.8156,13.2438,10,2002,288
2002-10-16,13.0219426086957,12.519,13.26,0.161273563257362,12.7728,13.2152,10,2002,289
2002-10-17,12.6303095652174,12.475,12.875,0.100657497867711,12.5114,12.7828,10,2002,290
2002-10-18,12.5909356521739,12.375,12.904,0.157572120643407,12.388,12.7966,10,2002,291
2002-10-19,12.3937982608696,12.128,12.729,0.183877347955225,12.1722,12.6526,10,2002,292
2002-10-20,12.302292173913,12.009,12.54,0.150550817440575,12.102,12.496,10,2002,293
2002-10-21,12.1237982608696,11.764,12.324,0.141295096086717,11.881,12.2682,10,2002,294
2002-10-22,11.9414313043478,11.514,12.185,0.15752082455395,11.699,12.1046,10,2002,295
2002-10-23,11.7561982608696,11.263,12.006,0.175238053111457,11.495,11.9536,10,2002,296
2002-10-24,11.6618469565217,11.095,11.909,0.182679344993929,11.365,11.859,10,2002,297
2002-10-25,11.6780991304348,11.206,11.912,0.156277010763961,11.4234,11.835,10,2002,298
2002-10-26,11.616892173913,11.357,11.863,0.13959534173252,11.4444,11.8036,10,2002,299
2002-10-27,11.3721165217391,11.237,11.636,0.0911987452638823,11.277,11.5222,10,2002,300
2002-10-28,11.2630052173913,10.978,11.515,0.119347872234395,11.0878,11.4412,10,2002,301
2002-10-29,11.1626156521739,10.821,11.536,0.136576050333203,10.9644,11.302,10,2002,302
2002-10-30,10.95628,10.741,11.207,0.101344927281608,10.812,11.088,10,2002,303
2002-10-31,10.8625773913043,10.549,11.08,0.115664843119892,10.714,11.0196,10,2002,304
2002-11-01,10.7072608695652,10.541,10.919,0.0929488907327083,10.596,10.844,11,2002,305
2002-11-02,10.1611269565217,9.67000000000002,10.587,0.218540549232492,9.8654,10.462,11,2002,306
2002-11-03,10.0830434782609,9.79300000000001,10.54,0.175035346918294,9.85880000000001,10.3416,11,2002,307
2002-11-04,9.86727826086956,9.45299999999997,10.225,0.204440297710555,9.5922,10.1476,11,2002,308
2002-11-05,9.66576869565217,9.34800000000001,10.057,0.184822347305802,9.43539999999999,9.9292,11,2002,309
2002-11-06,9.42422434782609,9.31700000000001,9.64499999999998,0.0770711248858342,9.33539999999999,9.53899999999999,11,2002,310
2002-11-07,9.48567826086957,9.29199999999997,9.67200000000003,0.0903492399180233,9.35699999999997,9.60500000000002,11,2002,311
2002-11-08,9.32018260869565,9.05799999999999,9.60699999999997,0.141948399529798,9.12599999999998,9.51299999999998,11,2002,312
2002-11-09,9.34451652173913,9.02699999999999,9.69900000000001,0.161706866858752,9.1234,9.5602,11,2002,313
2002-11-10,9.37486608695652,9.00299999999999,9.892,0.204219328911011,9.12139999999999,9.67819999999999,11,2002,314
2002-11-11,9.44024869565217,9.096,9.87200000000001,0.181041525240857,9.20800000000002,9.6986,11,2002,315
2002-11-12,9.4370052173913,9.339,9.49799999999999,0.0365435872711042,9.38039999999999,9.47899999999998,11,2002,316
2002-11-13,9.24626608695652,9.13600000000002,9.44099999999997,0.0604211452114922,9.18539999999999,9.33760000000001,11,2002,317
2002-11-14,9.35522434782609,9.26400000000001,9.47800000000001,0.0423702376298812,9.29740000000002,9.41199999999998,11,2002,318
2002-11-15,9.61769913043478,9.46699999999998,9.726,0.0634964531584431,9.52300000000002,9.69600000000003,11,2002,319
2002-11-16,9.48662782608696,9.34399999999999,9.61099999999999,0.0629112858426921,9.39499999999998,9.56360000000001,11,2002,320
2002-11-17,8.97885739130435,8.67599999999999,9.39699999999999,0.187437191831517,8.7524,9.25820000000001,11,2002,321
2002-11-18,8.78181217391304,8.28100000000001,9.48000000000002,0.31272583676514,8.37940000000001,9.24360000000001,11,2002,322
2002-11-19,8.73832347826087,8.30399999999997,9.536,0.320355415193233,8.38400000000001,9.27159999999999,11,2002,323
2002-11-20,8.74423652173913,8.274,9.34800000000001,0.287446264734528,8.38520000000001,9.17620000000002,11,2002,324
2002-11-21,8.32894086956522,8.048,8.85699999999997,0.206955086062958,8.12539999999999,8.67260000000001,11,2002,325
2002-11-22,8.29506434782609,8.03899999999999,8.68599999999998,0.167457481311722,8.10000000000002,8.5678,11,2002,326
2002-11-23,8.64712347826087,8.38600000000002,8.91699999999997,0.135815040200543,8.46039999999999,8.83640000000002,11,2002,327
2002-11-24,8.59897739130435,8.29199999999997,9.05799999999999,0.206059067282202,8.35040000000001,8.89260000000002,11,2002,328
2002-11-25,8.52862434782609,8.21899999999999,9.041,0.208309910754015,8.27199999999999,8.82160000000001,11,2002,329
2002-11-26,8.4350852173913,8.11799999999999,8.767,0.162856849264998,8.21340000000001,8.65960000000001,11,2002,330
2002-11-27,7.86738608695652,7.66800000000001,8.30200000000002,0.143954879985345,7.714,8.08440000000001,11,2002,331
2002-11-28,7.89246608695652,7.60500000000002,8.40300000000002,0.184179464293427,7.67380000000001,8.1626,11,2002,332
2002-11-29,7.88944869565217,7.64699999999999,8.32999999999998,0.160434331201544,7.6994,8.1218,11,2002,333
2002-11-30,8.25435478260869,8.04700000000003,8.51299999999998,0.102488170680943,8.11399999999998,8.39300000000003,11,2002,334
2002-12-01,8.21522086956522,7.94999999999999,8.69900000000001,0.216390572121511,7.98399999999998,8.56299999999999,12,2002,335
2002-12-02,7.99373565217391,7.57799999999997,8.666,0.318226514714716,7.64920000000002,8.49859999999999,12,2002,336
2002-12-03,7.92186608695652,7.66500000000002,8.50400000000002,0.200716437562627,7.71439999999999,8.2116,12,2002,337
2002-12-04,7.70794608695652,7.38,8.387,0.20999073867373,7.50299999999998,7.9976,12,2002,338
2002-12-05,7.50680347826087,7.214,8.25700000000001,0.255821689020394,7.2414,7.9006,12,2002,339
2002-12-06,7.42454434782609,7.19200000000001,7.97699999999998,0.173064440975587,7.2484,7.6946,12,2002,340
2002-12-07,7.35018782608696,7.04300000000001,8.08499999999998,0.21097906709077,7.12200000000001,7.65459999999999,12,2002,341
2002-12-08,7.0721252173913,6.77999999999997,7.77499999999998,0.215897918291393,6.83600000000001,7.38059999999999,12,2002,342
2002-12-09,6.86796,6.64999999999998,7.59300000000002,0.206460338126991,6.66739999999999,7.18599999999998,12,2002,343
2002-12-10,6.73997217391304,6.53699999999998,7.31599999999997,0.166375868256032,6.55700000000002,6.96659999999999,12,2002,344
2002-12-11,6.72424347826087,6.56400000000002,7.05799999999999,0.109047203226101,6.61399999999998,6.89060000000001,12,2002,345
2002-12-12,6.28788869565217,6.05900000000003,6.81999999999999,0.16641577625416,6.09739999999999,6.54680000000001,12,2002,346
2002-12-13,6.1166852173913,5.81799999999998,6.86599999999999,0.221550577925229,5.858,6.4308,12,2002,347
2002-12-14,6.20171652173913,5.83199999999999,6.88400000000001,0.232480836545086,5.92240000000002,6.53399999999999,12,2002,348
2002-12-15,6.42183304347826,6.04399999999998,6.97899999999998,0.218830156930402,6.16500000000002,6.74280000000001,12,2002,349
2002-12-16,6.27625565217391,5.81200000000001,6.887,0.263418809828204,5.96079999999998,6.67540000000001,12,2002,350
2002-12-17,6.03263826086956,5.48000000000002,6.80900000000003,0.288066033486314,5.666,6.42099999999999,12,2002,351
2002-12-18,5.95992695652174,5.37900000000002,6.79599999999999,0.310349777190824,5.5634,6.37820000000002,12,2002,352
2002-12-19,6.13164869565217,5.55099999999999,6.88600000000002,0.308560632334543,5.73939999999999,6.55979999999998,12,2002,353
2002-12-20,6.40471826086956,5.89300000000003,6.79599999999999,0.205793807527055,6.11479999999998,6.6576,12,2002,354
2002-12-21,6.53129739130435,5.99400000000003,7.09500000000003,0.23250063933855,6.22760000000001,6.84059999999999,12,2002,355
2002-12-22,6.51018608695652,6.02499999999998,7.09300000000002,0.236766910358972,6.21779999999999,6.84659999999999,12,2002,356
2002-12-23,6.53222608695652,5.99799999999999,7.041,0.232721486457636,6.22019999999999,6.8358,12,2002,357
2002-12-24,6.37498956521739,5.95400000000001,6.697,0.173337659329404,6.12940000000001,6.58919999999999,12,2002,358
2002-12-25,5.77768173913043,5.43599999999998,6.108,0.15290363136556,5.565,5.97680000000001,12,2002,359
2002-12-26,5.39975130434783,4.98399999999998,5.89800000000002,0.212663544103017,5.11500000000001,5.6896,12,2002,360
2002-12-27,5.40698956521739,4.92599999999999,6.00900000000001,0.251461851199532,5.08499999999998,5.7406,12,2002,361
2002-12-28,5.44800347826087,5.01800000000003,6.029,0.228172553725452,5.1574,5.76060000000001,12,2002,362
2002-12-29,5.44403652173913,5.02199999999999,5.916,0.187706263936454,5.1874,5.6816,12,2002,363
2002-12-30,5.32928,4.88400000000001,5.95499999999998,0.209783503468519,5.04500000000002,5.58760000000001,12,2002,364
2002-12-31,5.29022782608696,4.84300000000002,5.79599999999999,0.207704716842385,5.0104,5.57700000000001,12,2002,365
2003-01-01,5.18408,4.86200000000002,5.60199999999998,0.163296359132478,4.99160000000002,5.43899999999998,1,2003,1
2003-01-02,5.0319652173913,4.81200000000001,5.57299999999998,0.184883706287979,4.87400000000002,5.33800000000002,1,2003,2
2003-01-03,5.14364347826087,4.73099999999999,5.48199999999997,0.165196524886483,4.91899999999999,5.36719999999999,1,2003,3
2003-01-04,4.99050782608696,4.69499999999999,5.291,0.13091376603418,4.81599999999997,5.16800000000001,1,2003,4
2003-01-05,4.94092347826087,4.654,5.22199999999998,0.127619825725448,4.76740000000001,5.10399999999998,1,2003,5
2003-01-06,3.70740173913043,3.286,4.24700000000001,0.228638875821764,3.40439999999999,4.02800000000002,1,2003,6
2003-01-07,3.50421565217391,2.95100000000002,4.00299999999999,0.263125429673085,3.13839999999999,3.85759999999999,1,2003,7
2003-01-08,3.61188173913043,2.99900000000002,4.08699999999999,0.274867234211289,3.2138,3.9606,1,2003,8
2003-01-09,3.51948869565218,2.93400000000003,3.95499999999998,0.252642975964195,3.1564,3.8236,1,2003,9
2003-01-10,3.6278347826087,3.15800000000002,4.08800000000002,0.242605842070792,3.2918,3.94600000000003,1,2003,10
2003-01-11,3.55007130434783,3.05799999999999,3.95100000000002,0.23937307809482,3.2064,3.85519999999999,1,2003,11
2003-01-12,3.65642260869565,3.17399999999998,4.14300000000003,0.229022556844748,3.32600000000002,3.93700000000001,1,2003,12
2003-01-13,3.64706608695652,3.19400000000002,4.06099999999998,0.217635982116959,3.33480000000001,3.92359999999999,1,2003,13
2003-01-14,3.49901391304348,3.072,4.08699999999999,0.23017632193367,3.2028,3.8284,1,2003,14
2003-01-15,3.52446782608696,3.09399999999999,4.23000000000002,0.237126435183189,3.22139999999999,3.85819999999999,1,2003,15
2003-01-16,3.51802608695652,3.05099999999999,4.113,0.245915400769669,3.1934,3.85840000000001,1,2003,16
2003-01-17,3.37237391304348,2.89400000000001,4.029,0.250713284223692,3.03540000000002,3.6946,1,2003,17
2003-01-18,3.06093043478261,2.70100000000002,3.56400000000002,0.189264232902264,2.80419999999999,3.30900000000003,1,2003,18
2003-01-19,2.82362260869565,2.423,3.27499999999998,0.211426007460798,2.53540000000002,3.10939999999998,1,2003,19
2003-01-20,2.84149913043478,2.36900000000003,3.60500000000002,0.288368212611131,2.49639999999999,3.279,1,2003,20
2003-01-21,3.27136347826087,2.88200000000001,3.86900000000003,0.227242794196017,2.99440000000002,3.6002,1,2003,21
2003-01-22,3.43825565217391,3.06900000000002,3.93400000000003,0.19807970723071,3.18639999999999,3.71999999999998,1,2003,22
2003-01-23,3.6758347826087,3.31599999999997,4.14499999999998,0.198458972951231,3.42919999999999,3.96419999999999,1,2003,23
2003-01-24,3.58070956521739,3.25,4.09500000000003,0.190384346711612,3.34639999999999,3.86260000000001,1,2003,24
2003-01-25,3.60468173913043,3.22300000000001,4.19299999999998,0.2127656968102,3.33579999999998,3.9138,1,2003,25
2003-01-26,3.82749043478261,3.36000000000001,4.36799999999999,0.246823681575322,3.5034,4.1732,1,2003,26
2003-01-27,2.88429043478261,2.53500000000003,3.44,0.196126818894133,2.63039999999999,3.14160000000001,1,2003,27
2003-01-28,2.63188695652174,2.255,3.17500000000001,0.218594248293643,2.34899999999999,2.93559999999999,1,2003,28
2003-01-29,2.47826434782609,2.06900000000002,3.10500000000002,0.23198087982581,2.1778,2.8006,1,2003,29
2003-01-30,2.38740347826087,1.96899999999999,2.99400000000003,0.225874916793922,2.08680000000002,2.69560000000001,1,2003,30
2003-01-31,2.22721565217391,1.815,2.86900000000003,0.224304147589077,1.93900000000001,2.54899999999999,1,2003,31
2003-02-01,2.66428695652174,2.27499999999998,3.21199999999999,0.199855416607459,2.3944,2.91480000000001,2,2003,32
2003-02-02,2.7872747826087,2.45600000000002,3.125,0.160017369398815,2.56400000000002,2.99219999999999,2,2003,33
2003-02-03,2.51950782608696,2.09699999999998,3.04399999999998,0.226605029124156,2.21840000000001,2.8356,2,2003,34
2003-02-04,2.30141739130435,1.85399999999998,3.017,0.2614922528552,1.97199999999998,2.67160000000001,2,2003,35
2003-02-05,2.25191652173913,1.714,2.99000000000001,0.304039849284657,1.85939999999998,2.6746,2,2003,36
2003-02-06,2.27742608695652,1.76600000000002,3.21699999999998,0.306854919835083,1.90840000000001,2.67620000000002,2,2003,37
2003-02-07,2.38307826086957,1.81099999999998,3.25400000000002,0.302080836604476,2.00039999999999,2.7826,2,2003,38
2003-02-08,2.10805391304348,1.45600000000002,2.94299999999998,0.322582742886503,1.6884,2.54199999999997,2,2003,39
2003-02-09,1.91308347826087,1.22699999999998,2.90699999999998,0.354158555195052,1.4682,2.392,2,2003,40
2003-02-10,2.07355130434782,1.517,2.76100000000002,0.263995394574055,1.7258,2.42160000000001,2,2003,41
2003-02-11,2.06513043478261,1.54500000000002,2.55599999999998,0.242827210966356,1.73839999999999,2.39200000000001,2,2003,42
2003-02-12,1.87481913043478,1.36900000000003,2.56200000000001,0.260929086410716,1.53180000000001,2.21999999999998,2,2003,43
2003-02-13,1.39317739130435,0.802000000000021,2.47199999999998,0.353462647307976,0.999400000000014,1.88099999999998,2,2003,44
2003-02-14,1.38410782608696,0.896999999999991,2.363,0.302182610050106,1.0314,1.75719999999999,2,2003,45
2003-02-15,1.27143826086956,0.740000000000009,2.35000000000002,0.31184382973423,0.923800000000006,1.66640000000001,2,2003,46
2003-02-16,1.27984869565217,0.793999999999983,2.22399999999999,0.27238154679102,0.965000000000021,1.61620000000001,2,2003,47
2003-02-17,1.49231304347826,1.08100000000002,1.98700000000002,0.197825881859286,1.23040000000001,1.76259999999999,2,2003,48
2003-02-18,1.8621652173913,1.50999999999999,2.16399999999999,0.149200396681592,1.65199999999999,2.05459999999999,2,2003,49
2003-02-19,1.92290086956522,1.47500000000002,2.56,0.242591565921789,1.62,2.26419999999998,2,2003,50
2003-02-20,1.6362747826087,1.13200000000001,2.58100000000002,0.321480922601053,1.2548,2.07339999999999,2,2003,51
2003-02-21,1.5762747826087,1.096,2.51800000000003,0.331123161461646,1.19499999999999,2.03999999999998,2,2003,52
2003-02-22,1.97442956521739,1.53300000000002,2.52699999999999,0.234439129404954,1.66199999999998,2.30459999999999,2,2003,53
2003-02-23,2.52656173913043,2.24599999999998,2.97399999999999,0.152927788966182,2.32600000000002,2.73519999999999,2,2003,54
2003-02-24,2.45534260869565,2.19600000000003,2.69499999999999,0.128625875562666,2.27340000000002,2.62479999999998,2,2003,55
2003-02-25,2.43739652173913,2.11599999999999,2.93000000000001,0.186868218267136,2.20939999999999,2.71800000000001,2,2003,56
2003-02-26,1.98193913043478,1.62200000000001,2.815,0.256482446606704,1.7234,2.3554,2,2003,57
2003-02-27,1.89539478260869,1.46699999999998,2.73099999999999,0.289774751475936,1.56999999999999,2.3154,2,2003,58
2003-02-28,1.66349913043478,1.20600000000002,2.55900000000003,0.324046415970112,1.32339999999999,2.1904,2,2003,59
2003-03-01,1.6325252173913,1.21699999999998,2.70699999999999,0.363708309114699,1.291,2.25179999999999,3,2003,60
2003-03-02,1.90077913043478,1.49200000000002,2.51800000000003,0.236292129144012,1.60739999999998,2.2386,3,2003,61
2003-03-03,1.96041217391304,1.625,2.48700000000002,0.188066057575035,1.71699999999998,2.22420000000002,3,2003,62
2003-03-04,1.76157043478261,1.33600000000001,2.49000000000001,0.247652282709739,1.45020000000001,2.08459999999999,3,2003,63
2003-03-05,1.94158260869565,1.50599999999997,2.46100000000001,0.245362150836002,1.62099999999998,2.3044,3,2003,64
2003-03-06,1.61263652173913,1.31700000000001,1.98700000000002,0.164207085585615,1.39699999999999,1.8348,3,2003,65
2003-03-07,1.61793391304348,1.33499999999998,1.976,0.149858617973751,1.41800000000001,1.82100000000003,3,2003,66
2003-03-08,1.71978608695652,1.40100000000001,2.10399999999998,0.172271616671522,1.4922,1.9566,3,2003,67
2003-03-09,1.74436173913043,1.40199999999999,2.18599999999998,0.195253497152496,1.48939999999999,2.01179999999998,3,2003,68
2003-03-10,1.79277913043478,1.38099999999997,2.25200000000001,0.22365568574439,1.48899999999998,2.10319999999998,3,2003,69
2003-03-11,1.76373391304348,1.32900000000001,2.25099999999998,0.228889130262736,1.4504,2.07600000000002,3,2003,70
2003-03-12,1.87473913043478,1.42000000000002,2.39400000000001,0.232449308360835,1.5624,2.185,3,2003,71
2003-03-13,1.79569217391304,1.42000000000002,2.32400000000001,0.186327025626224,1.54120000000001,2.04420000000001,3,2003,72
2003-03-14,1.89763826086956,1.48199999999997,2.38,0.217735225672633,1.5994,2.1866,3,2003,73
2003-03-15,1.80272695652174,1.38,2.20699999999999,0.217969590517913,1.49679999999998,2.10060000000001,3,2003,74
2003-03-16,1.59477913043478,1.19400000000002,2.02499999999998,0.207702476459635,1.32140000000002,1.8828,3,2003,75
2003-03-17,2.08174434782609,1.43799999999999,2.84500000000003,0.374462279793349,1.60479999999999,2.62679999999999,3,2003,76
2003-03-18,1.97726086956522,1.166,2.94600000000003,0.50603276406706,1.3746,2.80620000000001,3,2003,77
2003-03-19,1.97111478260869,1.16500000000002,2.92500000000001,0.487701250203527,1.38579999999999,2.77180000000001,3,2003,78
2003-03-20,1.85827652173913,1.23899999999998,2.71899999999999,0.416615760257816,1.37799999999997,2.5326,3,2003,79
2003-03-21,1.87065043478261,1.36200000000002,2.57799999999997,0.313420231801924,1.48040000000001,2.35659999999998,3,2003,80
2003-03-22,2.24366608695652,1.45299999999997,3.25799999999998,0.471092879959196,1.6212,2.89520000000001,3,2003,81
2003-03-23,2.32064869565217,1.339,3.47300000000001,0.615523944736891,1.55200000000002,3.21920000000002,3,2003,82
2003-03-24,2.42244,1.59699999999998,3.56900000000002,0.558438286653056,1.74440000000001,3.22180000000002,3,2003,83
2003-03-25,2.64040347826087,1.95299999999997,3.63299999999998,0.454423857754619,2.0802,3.2886,3,2003,84
2003-03-26,2.91150956521739,2.12,3.68000000000001,0.337617626159703,2.48820000000002,3.33680000000001,3,2003,85
2003-03-27,2.95568347826087,2.20799999999997,3.56200000000001,0.314840782705767,2.49099999999999,3.33199999999999,3,2003,86
2003-03-28,2.97557217391304,2.26499999999999,3.62900000000002,0.300563850941281,2.58459999999998,3.33959999999998,3,2003,87
2003-03-29,2.99152173913043,2.50999999999999,3.72399999999999,0.292393163663669,2.64939999999999,3.4008,3,2003,88
2003-03-30,2.91997391304348,2.57999999999998,3.13499999999999,0.148112730213801,2.70419999999999,3.10199999999998,3,2003,89
2003-03-31,3.03167826086956,2.74099999999999,3.26999999999998,0.135637913911819,2.839,3.20699999999999,3,2003,90
2003-04-01,2.98422086956522,2.755,3.30500000000001,0.122847154045514,2.8268,3.15220000000002,4,2003,91
2003-04-02,3.20139130434783,2.96600000000001,3.36599999999999,0.109316764389176,3.02939999999999,3.33020000000001,4,2003,92
2003-04-03,2.96385217391304,2.75200000000001,3.18799999999999,0.101239069481683,2.82400000000001,3.09560000000001,4,2003,93
2003-04-04,2.69996173913043,2.47300000000001,2.86099999999999,0.0914382291662935,2.56999999999999,2.81360000000001,4,2003,94
2003-04-05,2.84461739130435,2.387,3.017,0.12531229161069,2.67839999999999,2.983,4,2003,95
2003-04-06,3.02961391304348,2.42599999999999,3.30900000000003,0.181311224376307,2.77779999999998,3.209,4,2003,96
2003-04-07,3.02607826086957,2.471,3.32499999999999,0.172604073933477,2.79479999999999,3.19999999999999,4,2003,97
2003-04-08,2.86111130434783,2.37599999999998,3.04300000000001,0.144748278901034,2.66420000000001,3.029,4,2003,98
2003-04-09,2.69884869565217,2.34399999999999,3.226,0.210742803748835,2.44379999999999,3.0338,4,2003,99
2003-04-10,2.75302434782609,2.24000000000001,3.38999999999999,0.281353645738971,2.3724,3.12339999999999,4,2003,100
2003-04-11,3.13904869565217,2.49299999999999,3.82799999999997,0.3477727607145,2.64400000000001,3.57999999999998,4,2003,101
2003-04-12,3.37090086956522,3.00200000000001,3.65499999999997,0.164336398367832,3.12379999999999,3.5816,4,2003,102
2003-04-13,4.02421565217391,3.52100000000002,4.28100000000001,0.145334045467689,3.84899999999999,4.20859999999999,4,2003,103
2003-04-14,4.23961739130435,3.59500000000003,4.60199999999998,0.210804927520802,3.93499999999999,4.50759999999999,4,2003,104
2003-04-15,4.09510086956522,3.50200000000001,4.31999999999999,0.164097362902144,3.85899999999998,4.26520000000002,4,2003,105
2003-04-16,3.87826956521739,3.62,3.94900000000001,0.0643894024840256,3.7774,3.94,4,2003,106
2003-04-17,3.8442052173913,3.52600000000001,4.04500000000002,0.122570763066868,3.67719999999998,4.01259999999999,4,2003,107
2003-04-18,3.86518782608696,3.60599999999999,4.05200000000002,0.102391505551138,3.73380000000001,3.9966,4,2003,108
2003-04-19,4.21028869565217,3.89100000000002,4.71499999999997,0.197160929671836,4.0066,4.55000000000002,4,2003,109
2003-04-20,4.6089652173913,3.97699999999998,5.24299999999999,0.322351695377582,4.1668,5.0418,4,2003,110
2003-04-21,4.79682608695652,4.40199999999999,5.125,0.166224380325068,4.601,5.04359999999999,4,2003,111
2003-04-22,4.38662260869565,4.113,4.54399999999998,0.109473582848169,4.2244,4.51100000000002,4,2003,112
2003-04-23,4.31277043478261,4.041,4.55099999999999,0.121413923980002,4.13640000000001,4.46659999999999,4,2003,113
2003-04-24,4.64203652173913,4.322,4.79500000000002,0.107475337362535,4.4682,4.76860000000002,4,2003,114
2003-04-25,4.67363652173913,4.392,4.94299999999998,0.0828562315690974,4.57100000000003,4.77459999999999,4,2003,115
2003-04-26,4.60352869565217,4.339,5.05900000000003,0.159008586079186,4.41639999999999,4.83259999999998,4,2003,116
2003-04-27,4.51586434782609,3.91399999999999,4.928,0.237235866029757,4.20379999999998,4.83459999999999,4,2003,117
2003-04-28,4.48639304347826,3.67899999999997,5.20400000000001,0.351705974692568,4.02539999999999,4.98660000000001,4,2003,118
2003-04-29,5.29569913043478,4.67599999999999,5.69900000000001,0.261854452449324,4.86900000000003,5.58520000000001,4,2003,119
2003-04-30,5.67762434782609,5.27800000000002,6.04700000000003,0.176630960678647,5.42299999999999,5.9058,4,2003,120
2003-05-01,5.7978052173913,5.41399999999999,6.17599999999999,0.190946652273727,5.54599999999999,6.0616,5,2003,121
2003-05-02,6.10733739130435,5.76999999999998,6.22300000000001,0.0738569875496397,6.02779999999999,6.18599999999998,5,2003,122
2003-05-03,6.33606956521739,5.95100000000002,6.93000000000001,0.196129025020229,6.12200000000001,6.60500000000002,5,2003,123
2003-05-04,6.36469565217391,5.93099999999998,7.113,0.248571275468491,6.10399999999998,6.67739999999999,5,2003,124
2003-05-05,6.44107304347826,6.10699999999997,6.97699999999998,0.20306619529793,6.18879999999999,6.72539999999999,5,2003,125
2003-05-06,6.56114434782609,6.32799999999997,6.90800000000002,0.13611710357992,6.37139999999999,6.7322,5,2003,126
2003-05-07,6.82621391304348,6.60399999999998,6.98199999999997,0.0898973154895209,6.68240000000001,6.93599999999998,5,2003,127
2003-05-08,7.40678782608696,6.83999999999997,7.584,0.118584010082964,7.2704,7.5336,5,2003,128
2003-05-09,7.65766608695652,6.85899999999998,7.87700000000001,0.209972844970261,7.34199999999998,7.85759999999999,5,2003,129
2003-05-10,7.82199826086956,7.16899999999998,8.08600000000001,0.181380819656132,7.53080000000002,7.9976,5,2003,130
2003-05-11,7.79346956521739,7.06700000000001,8.10399999999998,0.205172533910886,7.5114,8.02140000000002,5,2003,131
2003-05-12,7.70259304347826,7.13499999999999,7.971,0.167068737403874,7.44799999999998,7.8646,5,2003,132
2003-05-13,7.54794434782609,7.13299999999998,7.85199999999998,0.186226016715229,7.27539999999999,7.77959999999998,5,2003,133
2003-05-14,7.00069565217391,6.786,7.21699999999998,0.100856210296041,6.8664,7.14060000000001,5,2003,134
2003-05-15,6.96723304347826,6.858,7.09399999999999,0.0483780620252652,6.90199999999999,7.03199999999998,5,2003,135
2003-05-16,7.73900695652174,7.11500000000001,8.02499999999998,0.213810166755392,7.41040000000002,7.95859999999999,5,2003,136
2003-05-17,7.9994747826087,7.572,8.30099999999999,0.140680522391684,7.79160000000001,8.18559999999999,5,2003,137
2003-05-18,8.12831826086956,7.54599999999999,8.62599999999998,0.228521268073952,7.79939999999999,8.42200000000003,5,2003,138
2003-05-19,8.57882434782609,8.09199999999998,8.916,0.118510950545432,8.43940000000001,8.72159999999999,5,2003,139
2003-05-20,8.85196,8.28100000000001,9.42899999999997,0.231697771422666,8.59700000000001,9.1972,5,2003,140
2003-05-21,8.85394782608696,8.25599999999997,9.303,0.204814339462469,8.57339999999999,9.12460000000001,5,2003,141
2003-05-22,8.5556347826087,7.95799999999997,9.10500000000002,0.266435515285565,8.1966,8.91399999999999,5,2003,142
2003-05-23,7.64802608695652,7.29599999999999,8.03800000000001,0.169339651106148,7.43340000000001,7.88820000000001,5,2003,143
2003-05-24,6.98899652173913,6.70499999999998,7.33800000000002,0.140167731733233,6.81520000000002,7.18460000000001,5,2003,144
2003-05-25,6.6796452173913,6.48099999999999,6.93200000000002,0.10003573947014,6.54640000000001,6.81759999999999,5,2003,145
2003-05-26,6.47162956521739,6.33800000000002,6.64999999999998,0.0683424725149902,6.38139999999999,6.56200000000001,5,2003,146
2003-05-27,6.85433043478261,6.73099999999999,6.99599999999998,0.0611756939929985,6.76800000000003,6.935,5,2003,147
2003-05-28,8.23237043478261,7.935,8.55200000000002,0.164292412135652,8.0314,8.47460000000001,5,2003,148
2003-05-29,8.92198782608696,8.18799999999999,9.089,0.16401058495406,8.7256,9.0696,5,2003,149
2003-05-30,9.26526434782609,8.154,9.91199999999998,0.359219895722391,8.8194,9.75240000000001,5,2003,150
2003-05-31,9.34432347826087,8.76800000000003,9.976,0.325357273024336,8.94259999999998,9.84960000000001,5,2003,151
2003-06-01,9.97314956521739,9.52100000000002,10.287,0.176120173660963,9.7222,10.2066,6,2003,152
2003-06-02,9.9738,9.30599999999998,10.505,0.298531778872059,9.5794,10.3632,6,2003,153
2003-06-03,9.92795652173913,9.13999999999999,10.543,0.329376731429822,9.4924,10.3532,6,2003,154
2003-06-04,10.0689408695652,9.654,10.509,0.218461248405733,9.79820000000002,10.3808,6,2003,155
2003-06-05,10.4354643478261,10.063,10.762,0.161795527491508,10.1884,10.62,6,2003,156
2003-06-06,11.154147826087,10.457,11.509,0.216479201448776,10.8164,11.391,6,2003,157
2003-06-07,11.1152747826087,10.543,11.501,0.183486257231818,10.8568,11.346,6,2003,158
2003-06-08,11.0619286956522,10.691,11.291,0.124913238715853,10.885,11.211,6,2003,159
2003-06-09,10.9106713043478,10.455,11.294,0.171455090962434,10.6844,11.1406,6,2003,160
2003-06-10,10.6045808695652,10.036,11.225,0.262423275628473,10.276,10.9818,6,2003,161
2003-06-11,10.7050086956522,10.37,11.254,0.159877931203548,10.501,10.9204,6,2003,162
2003-06-12,11.0160730434783,10.387,11.913,0.366102694347727,10.5394,11.5434,6,2003,163
2003-06-13,11.0087547826087,10.585,11.594,0.220301466020814,10.7124,11.3062,6,2003,164
2003-06-14,10.9927739130435,10.707,11.434,0.133982269152321,10.8124,11.168,6,2003,165
2003-06-15,11.0600782608696,10.716,11.917,0.230250505446337,10.7688,11.2938,6,2003,166
2003-06-16,11.0798730434783,10.686,11.471,0.156122861764253,10.8978,11.304,6,2003,167
2003-06-17,11.3156869565217,10.783,11.834,0.228501860909989,11.0334,11.633,6,2003,168
2003-06-18,11.3334991304348,10.896,11.784,0.190846581531266,11.12,11.625,6,2003,169
2003-06-19,11.6068434782609,11.508,11.929,0.096643692669663,11.519,11.7714,6,2003,170
2003-06-20,12.2994713043478,11.883,12.708,0.186240044405821,12.0358,12.5626,6,2003,171
2003-06-21,12.5852434782609,11.887,13.145,0.298851587958826,12.1634,12.9742,6,2003,172
2003-06-22,13.11016,12.748,13.584,0.23908254985381,12.827,13.466,6,2003,173
2003-06-23,13.9017686956522,13.428,14.428,0.220897907254641,13.59,14.2058,6,2003,174
2003-06-24,14.8009373913043,14.229,15.471,0.232300867276543,14.486,15.0448,6,2003,175
2003-06-25,15.5497408695652,15.214,15.8,0.142019581939587,15.3508,15.727,6,2003,176
2003-06-26,15.7105739130435,15.407,15.95,0.126801709508637,15.5214,15.8652,6,2003,177
2003-06-27,15.9357286956522,15.53,16.317,0.201662772967419,15.6502,16.2022,6,2003,178
2003-06-28,16.2361843478261,15.905,16.768,0.212975201232323,15.9828,16.553,6,2003,179
2003-06-29,16.6666295652174,16.366,16.9,0.119575935500651,16.4994,16.824,6,2003,180
2003-06-30,16.9367182608696,16.572,17.374,0.18559853435617,16.6828,17.1946,6,2003,181
2003-07-01,16.5410765217391,16.037,17.425,0.310928996435067,16.2284,17.0656,7,2003,182
2003-07-02,15.8881565217391,15.483,16.373,0.248542314462696,15.5734,16.2456,7,2003,183
2003-07-03,15.7860573913043,15.194,16.474,0.341717936708689,15.3338,16.2482,7,2003,184
2003-07-04,15.6927947826087,15.332,16.215,0.257105435958115,15.36,16.048,7,2003,185
2003-07-05,15.9121460869565,15.622,16.36,0.170727393036147,15.7,16.1336,7,2003,186
2003-07-06,15.9635530434783,15.709,16.351,0.126380117218563,15.7874,16.1212,7,2003,187
2003-07-07,16.2004852173913,16.066,16.518,0.100018949636158,16.096,16.358,7,2003,188
2003-07-08,16.7988991304348,16.51,17.284,0.188168849547445,16.5544,17.071,7,2003,189
2003-07-09,16.6321391304348,16.22,17.311,0.250868070848739,16.3184,17.0006,7,2003,190
2003-07-10,16.3258434782609,15.579,17.215,0.338645853046793,15.9854,16.8076,7,2003,191
2003-07-11,16.215852173913,15.656,16.963,0.284956297262922,15.8734,16.6348,7,2003,192
2003-07-12,16.2666973913043,15.85,16.6,0.0940412777825814,16.1836,16.3744,7,2003,193
2003-07-13,15.9554591304348,15.26,16.497,0.308472071340587,15.4628,16.2968,7,2003,194
2003-07-14,15.8425756521739,15.152,16.486,0.347643446589567,15.3578,16.3078,7,2003,195
2003-07-15,15.6897495652174,15.125,16.431,0.249274053800019,15.3688,16.0318,7,2003,196
2003-07-16,15.6566643478261,15.156,16.493,0.275341151139237,15.3604,16.0966,7,2003,197
2003-07-17,16.0829130434783,15.427,16.613,0.244895525090522,15.726,16.3802,7,2003,198
2003-07-18,16.5313269565217,15.761,16.958,0.249872059709162,16.1448,16.8146,7,2003,199
2003-07-19,16.8703704347826,16.257,17.283,0.170905581944261,16.663,17.0952,7,2003,200
2003-07-20,16.5215234782609,15.747,17.075,0.294330970620875,16.1202,16.9188,7,2003,201
2003-07-21,15.7642869565217,14.808,16.607,0.408279882934081,15.2306,16.3272,7,2003,202
2003-07-22,15.8044156521739,14.952,16.515,0.339214258242488,15.359,16.254,7,2003,203
2003-07-23,15.6502973913043,14.931,16.431,0.313437372240811,15.2378,16.0788,7,2003,204
2003-07-24,15.2397634782609,14.541,15.691,0.228573274617603,14.9024,15.4826,7,2003,205
2003-07-25,15.1429634782609,14.557,15.663,0.228565920900164,14.8912,15.4816,7,2003,206
2003-07-26,15.1195513043478,14.596,15.74,0.244244295068244,14.8164,15.4648,7,2003,207
2003-07-27,14.9631565217391,14.534,15.442,0.222476385283443,14.7028,15.2896,7,2003,208
2003-07-28,14.8741286956522,14.634,15.142,0.141550427333374,14.7044,15.096,7,2003,209
2003-07-29,15.2654886956522,14.47,15.999,0.434141464597819,14.6824,15.8072,7,2003,210
2003-07-30,15.4485095652174,14.669,16.422,0.452001930435487,14.8964,16.0752,7,2003,211
2003-07-31,15.7005826086957,15.102,16.516,0.451195546631173,15.1284,16.3854,7,2003,212
2003-08-01,15.6422956521739,15.417,16.054,0.170426129885103,15.445,15.916,8,2003,213
2003-08-02,15.70336,15.453,16.133,0.134556106453674,15.5284,15.8696,8,2003,214
2003-08-03,16.7854382608696,16.552,17.065,0.115204072516974,16.6282,16.9336,8,2003,215
2003-08-04,17.8923669565217,17.631,18.083,0.115387376438752,17.724,18.038,8,2003,216
2003-08-05,18.5596713043478,18.389,18.768,0.0907377896731924,18.445,18.6902,8,2003,217
2003-08-06,18.5538017391304,18.384,18.786,0.0876088014274971,18.4514,18.682,8,2003,218
2003-08-07,18.7239234782609,18.668,18.838,0.042371976330171,18.6744,18.787,8,2003,219
2003-08-08,18.7178973913043,18.498,18.906,0.106169945829149,18.575,18.8606,8,2003,220
2003-08-09,18.2981652173913,18.07,18.509,0.10394278867569,18.164,18.4428,8,2003,221
2003-08-10,17.5116382608696,17.227,17.799,0.119376054701076,17.338,17.667,8,2003,222
2003-08-11,17.2856069565217,17.003,17.681,0.153039023809828,17.1104,17.5212,8,2003,223
2003-08-12,17.3419304347826,16.955,17.851,0.194179535524116,17.097,17.6272,8,2003,224
2003-08-13,17.8306017391304,17.351,17.948,0.108649837114391,17.6528,17.912,8,2003,225
2003-08-14,17.7341773913043,17.347,18.072,0.157661713374754,17.5,17.9488,8,2003,226
2003-08-15,17.7235304347826,17.368,18.196,0.184535235096094,17.467,17.9698,8,2003,227
2003-08-16,17.7427947826087,17.355,18.014,0.0937865634562138,17.6454,17.8804,8,2003,228
2003-08-17,17.55892,16.974,17.996,0.205497663626859,17.2536,17.8122,8,2003,229
2003-08-18,17.418692173913,17.063,17.946,0.207559497849905,17.1574,17.7376,8,2003,230
2003-08-19,17.4713373913043,17.018,18.121,0.28474150679177,17.1054,17.9224,8,2003,231
2003-08-20,17.8832886956522,17.296,18.516,0.282737661975137,17.4504,18.213,8,2003,232
2003-08-21,18.569067826087,18.248,18.905,0.157989791243774,18.3504,18.7796,8,2003,233
2003-08-22,17.9287843478261,17.414,18.662,0.286522929192742,17.603,18.3794,8,2003,234
2003-08-23,17.9080852173913,17.49,18.511,0.22557874010347,17.627,18.2142,8,2003,235
2003-08-24,17.0241095652174,16.027,17.721,0.468266240451599,16.3166,17.5806,8,2003,236
2003-08-25,16.1586939130435,15.782,16.536,0.188246891635084,15.9404,16.4416,8,2003,237
2003-08-26,15.71696,15.443,16.172,0.153262079288176,15.5,15.9098,8,2003,238
2003-08-27,15.7613930434783,15.299,16.297,0.267724555433723,15.3874,16.107,8,2003,239
2003-08-28,15.5596869565217,15.169,16.079,0.246897853203869,15.2474,15.896,8,2003,240
2003-08-29,15.1769652173913,14.686,15.892,0.314622209445812,14.7824,15.6042,8,2003,241
2003-08-30,14.9385947826087,14.303,15.603,0.2414868165162,14.5918,15.2044,8,2003,242
2003-08-31,14.6728226086957,14.188,15.217,0.221389262186089,14.4414,15.012,8,2003,243
2003-09-01,14.6042434782609,14.121,15.007,0.211209244106983,14.3484,14.8886,9,2003,244
2003-09-02,14.385307826087,14.167,14.827,0.12532788018588,14.242,14.5646,9,2003,245
2003-09-03,14.3591791304348,14.011,15.213,0.208651179115482,14.1164,14.5784,9,2003,246
2003-09-04,14.8049026086957,14.495,15.177,0.166833851638138,14.571,15.0304,9,2003,247
2003-09-05,15.3306834782609,15.097,15.701,0.116144932235755,15.223,15.513,9,2003,248
2003-09-06,15.5408347826087,15.073,16.301,0.239149776317689,15.2908,15.8776,9,2003,249
2003-09-07,15.5645513043478,15.066,16.304,0.236970029406983,15.2734,15.8878,9,2003,250
2003-09-08,15.5612469565217,15.115,16.096,0.199251425449999,15.2996,15.8334,9,2003,251
2003-09-09,15.5420956521739,15.023,16.127,0.219427484942773,15.2378,15.7978,9,2003,252
2003-09-10,15.4685808695652,14.809,16.145,0.272010170918049,15.1792,15.8756,9,2003,253
2003-09-11,15.2750991304348,14.883,15.983,0.222264820506491,15.0008,15.5906,9,2003,254
2003-09-12,15.3167669565217,14.862,15.897,0.228310911752788,15.026,15.635,9,2003,255
2003-09-13,15.8412573913043,15.278,16.309,0.22465559357579,15.5278,16.146,9,2003,256
2003-09-14,15.9854852173913,15.376,16.487,0.267892314239287,15.578,16.3126,9,2003,257
2003-09-15,16.1132973913044,15.613,16.474,0.152901907397736,15.9378,16.3276,9,2003,258
2003-09-16,16.0411860869565,15.432,16.241,0.129946015919984,15.8764,16.1704,9,2003,259
2003-09-17,15.805292173913,15.438,16.283,0.219320684317071,15.5514,16.1444,9,2003,260
2003-09-18,15.6406,15.279,16.105,0.201678064776136,15.4204,15.959,9,2003,261
2003-09-19,15.8252104347826,15.486,16.092,0.126777491279434,15.6564,15.9866,9,2003,262
2003-09-20,16.0313147826087,15.426,16.558,0.268598770834838,15.646,16.4462,9,2003,263
2003-09-21,16.1312626086957,15.458,16.786,0.324122007145196,15.6964,16.615,9,2003,264
2003-09-22,16.0781634782609,15.399,16.573,0.223020384035176,15.7972,16.4316,9,2003,265
2003-09-23,15.8971965217391,15.327,16.047,0.107021138237699,15.7726,16.0016,9,2003,266
2003-09-24,15.7705930434783,15.074,16.115,0.191034943864484,15.5208,16.0156,9,2003,267
2003-09-25,15.7177060869565,15.023,16.189,0.205587402374632,15.4724,15.952,9,2003,268
2003-09-26,15.6922817391304,15.08,15.993,0.159406599734082,15.4848,15.8846,9,2003,269
2003-09-27,15.6909582608696,15.161,16.012,0.155584169486743,15.482,15.8856,9,2003,270
2003-09-28,15.2645165217391,14.934,15.385,0.0735055473628141,15.1788,15.356,9,2003,271
2003-09-29,15.3410747826087,14.881,15.673,0.220993968512883,14.976,15.589,9,2003,272
2003-09-30,15.3088713043478,14.8,15.663,0.235597396493167,14.95,15.565,9,2003,273
2003-10-01,15.1915895652174,14.821,15.455,0.171921256271075,14.9244,15.3926,10,2003,274
2003-10-02,14.1357130434783,13.97,14.447,0.103621393168854,14.008,14.2804,10,2003,275
2003-10-03,13.7084556521739,13.226,14.261,0.227562499050469,13.379,14.0032,10,2003,276
2003-10-04,13.083252173913,12.465,13.76,0.304987765890415,12.7468,13.525,10,2003,277
2003-10-05,12.8247043478261,12.347,13.26,0.220090287693848,12.5844,13.1938,10,2003,278
2003-10-06,12.4802817391304,12.184,12.684,0.0801247107031457,12.3804,12.566,10,2003,279
2003-10-07,12.5012156521739,12.147,13.037,0.262630134522794,12.2194,12.9196,10,2003,280
2003-10-08,12.9058869565217,12.465,13.555,0.314925304047201,12.5754,13.4422,10,2003,281
2003-10-09,12.8946834782609,12.399,13.593,0.316533401733479,12.552,13.4452,10,2003,282
2003-10-10,12.7595269565217,12.428,13.283,0.229185451025965,12.5112,13.1358,10,2003,283
2003-10-11,12.5494086956522,12.439,12.808,0.0766725804524891,12.463,12.633,10,2003,284
2003-10-12,12.49456,12.272,12.733,0.110994865059995,12.3404,12.6492,10,2003,285
2003-10-13,12.8141252173913,12.461,13.074,0.126417034149888,12.637,12.978,10,2003,286
2003-10-14,12.8755982608696,12.488,13.197,0.149214354840109,12.6714,13.0726,10,2003,287
2003-10-15,12.6397008695652,12.284,12.918,0.123524818349883,12.4954,12.817,10,2003,288
2003-10-16,12.4739304347826,12.131,12.786,0.150443636738735,12.265,12.6758,10,2003,289
2003-10-17,12.2918695652174,11.837,12.507,0.105102879890652,12.177,12.428,10,2003,290
2003-10-18,11.459372173913,11.242,11.755,0.154766961799921,11.268,11.687,10,2003,291
2003-10-19,11.1671060869565,11.021,11.298,0.0649087610614757,11.0714,11.2496,10,2003,292
2003-10-20,11.1682834782609,10.957,11.382,0.0869712675635393,11.037,11.2646,10,2003,293
2003-10-21,11.1201113043478,10.925,11.272,0.0822667209370296,10.9934,11.216,10,2003,294
2003-10-22,11.025667826087,10.952,11.12,0.0426209603679628,10.968,11.088,10,2003,295
2003-10-23,10.256547826087,10.212,10.431,0.0430434598216637,10.217,10.323,10,2003,296
2003-10-24,10.0549582608696,9.84199999999998,10.263,0.0902310526044825,9.94200000000001,10.178,10,2003,297
2003-10-25,10.0853860869565,9.80900000000003,10.354,0.11385454600415,9.9394,10.2406,10,2003,298
2003-10-26,10.1260869565217,9.94600000000003,10.23,0.0501053881002765,10.058,10.1926,10,2003,299
2003-10-27,10.1268695652174,10.081,10.252,0.0335659218618789,10.0894,10.174,10,2003,300
2003-10-28,10.2708713043478,10.164,10.385,0.0503418362969139,10.204,10.3426,10,2003,301
2003-10-29,10.54672,10.336,10.811,0.128065136954348,10.379,10.7268,10,2003,302
2003-10-30,10.5533304347826,10.156,10.927,0.176847417537075,10.3048,10.7712,10,2003,303
2003-10-31,10.443307826087,10.029,10.763,0.158957758039941,10.2238,10.6456,10,2003,304
2003-11-01,10.2466486956522,10.11,10.467,0.105042060901337,10.13,10.4056,11,2003,305
2003-11-02,8.96391826086957,8.84500000000003,9.08499999999998,0.0542035323922663,8.88799999999998,9.0336,11,2003,306
2003-11-03,8.68048,8.55700000000002,8.81099999999998,0.0567303592315139,8.60139999999999,8.75360000000001,11,2003,307
2003-11-04,9.49891304347826,9.38200000000001,9.61799999999999,0.0538276973018418,9.423,9.56659999999999,11,2003,308
2003-11-05,9.91358782608696,9.774,10.058,0.0653164544686863,9.82299999999998,9.99599999999998,11,2003,309
2003-11-06,9.47502782608696,9.27499999999998,9.72199999999998,0.103235662500012,9.33999999999997,9.61660000000001,11,2003,310
2003-11-07,9.59284869565217,9.18299999999999,9.97699999999998,0.200788931062312,9.33480000000001,9.87559999999999,11,2003,311
2003-11-08,9.45450260869565,8.87200000000001,10.307,0.392675153990072,8.97979999999999,10.0294,11,2003,312
2003-11-09,8.85804869565217,8.44799999999998,9.822,0.286744561618235,8.54500000000002,9.28720000000001,11,2003,313
2003-11-10,8.55762260869565,8.197,8.95799999999997,0.205418952820454,8.31039999999999,8.84800000000001,11,2003,314
2003-11-11,8.54509391304348,8.286,8.85699999999997,0.142685889077996,8.38680000000001,8.75559999999998,11,2003,315
2003-11-12,8.51092869565217,8.36500000000001,8.65699999999998,0.0746789420398023,8.41399999999999,8.6146,11,2003,316
2003-11-13,8.54515652173913,8.32799999999997,9.00099999999998,0.154682466212994,8.37599999999998,8.7622,11,2003,317
2003-11-14,8.29055304347826,8.05599999999998,8.81900000000002,0.179733766196296,8.10500000000002,8.53220000000001,11,2003,318
2003-11-15,8.15877217391304,7.84800000000001,8.62099999999998,0.194771854184705,7.93900000000002,8.4598,11,2003,319
2003-11-16,8.02090260869565,7.61500000000001,8.589,0.244913554208408,7.7484,8.4114,11,2003,320
2003-11-17,7.88592695652174,7.19799999999998,8.52300000000002,0.315747994528998,7.43940000000001,8.3196,11,2003,321
2003-11-18,7.83898608695652,7.32900000000001,8.363,0.269632560304063,7.4518,8.20359999999999,11,2003,322
2003-11-19,8.02093391304348,7.84899999999999,8.28899999999999,0.110735547492951,7.88879999999998,8.19059999999998,11,2003,323
2003-11-20,7.87074434782609,7.63499999999999,8.35000000000002,0.1755293408826,7.67620000000001,8.14299999999998,11,2003,324
2003-11-21,7.65087130434782,7.24799999999999,8.44499999999999,0.263572826703587,7.33539999999998,8.0448,11,2003,325
2003-11-22,7.60832695652174,7.18200000000002,8.387,0.247738582195663,7.30339999999999,7.9616,11,2003,326
2003-11-23,7.57517217391304,7.17200000000003,8.411,0.235845398907912,7.29880000000001,7.9126,11,2003,327
2003-11-24,7.61916695652174,7.27999999999997,8.22699999999998,0.207184182952774,7.37440000000001,7.9352,11,2003,328
2003-11-25,7.33899478260869,7.05000000000001,7.69499999999999,0.155058913072594,7.10699999999997,7.54859999999999,11,2003,329
2003-11-26,7.15524695652174,6.85300000000001,7.702,0.167271134048937,6.91699999999997,7.33959999999998,11,2003,330
2003-11-27,7.20529043478261,6.96899999999999,7.56799999999998,0.124893979410603,7.03639999999999,7.35399999999998,11,2003,331
2003-11-28,7.56536347826087,7.29500000000002,7.82100000000003,0.126206767414393,7.387,7.72800000000001,11,2003,332
2003-11-29,7.58277043478261,7.35899999999998,8.024,0.137555903728294,7.42240000000002,7.77520000000001,11,2003,333
2003-11-30,7.50603130434783,7.24700000000001,7.95100000000002,0.170418921409649,7.30580000000001,7.76720000000002,11,2003,334
2003-12-01,7.47172173913043,7.01299999999998,8.02300000000002,0.274422388253348,7.10739999999998,7.86479999999999,12,2003,335
2003-12-02,6.93922086956522,6.38900000000001,7.673,0.341061958438663,6.52519999999999,7.4968,12,2003,336
2003-12-03,6.64088869565217,6.32999999999998,7.01100000000002,0.182238198819355,6.41540000000001,6.9076,12,2003,337
2003-12-04,6.19408173913043,5.87599999999998,6.54599999999999,0.17647686999029,5.9854,6.47180000000002,12,2003,338
2003-12-05,6.0035547826087,5.642,6.45499999999998,0.222262118949158,5.7678,6.36900000000003,12,2003,339
2003-12-06,5.99765391304348,5.53300000000002,6.48899999999998,0.256088794380941,5.64180000000001,6.38259999999999,12,2003,340
2003-12-07,5.68190956521739,5.43099999999998,5.96800000000002,0.127259764090741,5.5094,5.85859999999999,12,2003,341
2003-12-08,4.92100695652174,4.49299999999999,5.83299999999997,0.293392537628671,4.60300000000001,5.35659999999999,12,2003,342
2003-12-09,4.95433391304348,4.59800000000001,5.81400000000002,0.267537642304766,4.67599999999999,5.33339999999999,12,2003,343
2003-12-10,5.06722260869565,4.822,5.54899999999998,0.181561603496617,4.88339999999999,5.35359999999999,12,2003,344
2003-12-11,5.11036869565218,4.80200000000002,5.447,0.156320796290273,4.90279999999999,5.32560000000001,12,2003,345
2003-12-12,5.36330086956522,5.04899999999998,5.79199999999997,0.174350836527529,5.1356,5.60300000000001,12,2003,346
2003-12-13,5.2067947826087,4.87400000000002,5.56,0.171599920528375,4.97399999999999,5.45259999999998,12,2003,347
2003-12-14,5.0832452173913,4.78199999999998,5.68900000000002,0.195218757061456,4.84540000000002,5.3282,12,2003,348
2003-12-15,5.08224695652174,4.72000000000003,5.51600000000002,0.187912125156391,4.82799999999997,5.31820000000001,12,2003,349
2003-12-16,4.76492869565217,4.46699999999998,5.21499999999997,0.156029692500099,4.55940000000002,4.97939999999999,12,2003,350
2003-12-17,4.6726052173913,4.28199999999998,5.14400000000001,0.203550759810473,4.38879999999998,4.94200000000001,12,2003,351
2003-12-18,4.63622434782609,4.23000000000002,5.06200000000001,0.206958344119235,4.34899999999999,4.9206,12,2003,352
2003-12-19,4.57833565217391,4.20999999999998,5.19,0.217889289645085,4.31039999999999,4.88400000000001,12,2003,353
2003-12-20,4.56995304347826,4.22500000000002,5.07999999999998,0.205402976630491,4.31440000000001,4.86799999999999,12,2003,354
2003-12-21,4.63130434782609,4.29000000000002,5.00299999999999,0.174589921417321,4.38959999999998,4.86599999999999,12,2003,355
2003-12-22,4.43398608695652,4.11799999999999,4.72399999999999,0.156403190486138,4.21539999999999,4.63759999999999,12,2003,356
2003-12-23,4.23520347826087,3.91800000000001,4.58100000000002,0.155355157864129,4.01999999999998,4.43919999999999,12,2003,357
2003-12-24,4.42439826086957,4.04199999999997,4.92899999999997,0.196946090884639,4.16540000000001,4.69219999999998,12,2003,358
2003-12-25,4.88071826086956,4.37900000000002,5.27800000000002,0.221078487167475,4.57180000000001,5.16800000000001,12,2003,359
2003-12-26,4.89022434782609,4.53100000000001,5.34199999999998,0.175636513208399,4.65940000000001,5.12360000000001,12,2003,360
2003-12-27,4.91364695652174,4.51999999999998,5.24299999999999,0.19516944899015,4.64220000000001,5.1722,12,2003,361
2003-12-28,4.93378782608695,4.54399999999998,5.38400000000001,0.204453661868742,4.649,5.19940000000001,12,2003,362
2003-12-29,4.88010086956522,4.50999999999999,5.36799999999999,0.205901578893607,4.6404,5.20879999999998,12,2003,363
2003-12-30,4.87880173913043,4.30700000000002,5.721,0.369549088171515,4.41000000000003,5.41000000000001,12,2003,364
2003-12-31,5.05043826086956,4.34399999999999,6.05799999999999,0.463164666119104,4.4554,5.70939999999998,12,2003,365
2004-01-01,5.11770434782609,4.61700000000002,5.721,0.260104775655969,4.73000000000002,5.45100000000002,1,2004,1
2004-01-02,4.59556869565217,4.322,5.36900000000003,0.211344357260506,4.37799999999999,4.8992,1,2004,2
2004-01-03,4.50056,4.28199999999998,4.87299999999999,0.137371211018629,4.34699999999998,4.70459999999999,1,2004,3
2004-01-04,4.71534608695652,4.56299999999999,5.03500000000003,0.0954520341142244,4.60939999999999,4.8658,1,2004,4
2004-01-05,4.7674347826087,4.44400000000002,5.03500000000003,0.134115578271508,4.59100000000001,4.9462,1,2004,5
2004-01-06,5.06470608695652,4.59899999999999,5.48099999999999,0.181436656038744,4.8664,5.34380000000001,1,2004,6
2004-01-07,5.37252869565217,4.95400000000001,6.00599999999997,0.257715564777207,5.10260000000001,5.798,1,2004,7
2004-01-08,5.48047652173913,4.81299999999999,6.21199999999999,0.332789093712225,5.09540000000002,6.0064,1,2004,8
2004-01-09,5.27607826086957,4.81700000000001,6.13299999999998,0.30297852259486,4.964,5.72940000000001,1,2004,9
2004-01-10,4.81572,4.411,5.55000000000001,0.249223525603594,4.5876,5.2038,1,2004,10
2004-01-11,4.69109739130435,4.30799999999999,5.34699999999998,0.21206124019369,4.47300000000001,4.9952,1,2004,11
2004-01-12,4.76188,4.50900000000001,5.13,0.13710646388491,4.60000000000002,4.95759999999998,1,2004,12
2004-01-13,4.81350434782609,4.44600000000003,5.03199999999998,0.129861368987391,4.62560000000001,4.97159999999999,1,2004,13
2004-01-14,4.60760173913043,4.10000000000002,4.93200000000002,0.183451755747568,4.3472,4.84199999999998,1,2004,14
2004-01-15,4.89225217391304,4.40199999999999,5.15600000000001,0.16053290193649,4.66000000000001,5.07259999999999,1,2004,15
2004-01-16,4.67269565217391,4.16399999999999,5.10399999999998,0.218701185650094,4.4024,4.96720000000001,1,2004,16
2004-01-17,4.20162956521739,3.45699999999999,4.92599999999999,0.334002477867958,3.77499999999998,4.62460000000001,1,2004,17
2004-01-18,4.41232347826087,3.97000000000003,4.88099999999997,0.203198311302292,4.15039999999999,4.6852,1,2004,18
2004-01-19,4.22712869565217,3.79599999999999,4.50700000000001,0.169033687736377,3.98000000000002,4.42500000000001,1,2004,19
2004-01-20,4.08584,3.60399999999998,4.47199999999998,0.196262886702667,3.80479999999998,4.31900000000002,1,2004,20
2004-01-21,3.63185565217391,3.08600000000001,4.10699999999997,0.244246387778275,3.291,3.94820000000001,1,2004,21
2004-01-22,3.19476869565217,2.584,3.78699999999998,0.310716257615454,2.7644,3.59960000000001,1,2004,22
2004-01-23,3.15419304347826,2.44600000000003,3.99700000000001,0.364667610507997,2.64420000000002,3.623,1,2004,23
2004-01-24,3.0776052173913,2.38200000000001,3.86900000000003,0.343639298638195,2.60279999999998,3.52100000000002,1,2004,24
2004-01-25,2.87102782608696,2.19400000000002,3.697,0.361392958294014,2.41420000000001,3.3996,1,2004,25
2004-01-26,2.72597739130435,2.13600000000002,3.63099999999997,0.305820877141543,2.34420000000001,3.154,1,2004,26
2004-01-27,2.51745391304348,1.858,3.40600000000001,0.295815981646915,2.09979999999998,2.85659999999998,1,2004,27
2004-01-28,2.67946782608696,2.01499999999999,3.589,0.330908608588983,2.2484,3.1266,1,2004,28
2004-01-29,2.91789391304348,2.39300000000003,3.50400000000002,0.243416222481299,2.59199999999998,3.2492,1,2004,29
2004-01-30,2.36499130434783,1.83999999999997,2.85300000000001,0.262906519324546,1.99400000000003,2.7226,1,2004,30
2004-01-31,2.13470086956522,1.54399999999998,2.71899999999999,0.287762455721011,1.74639999999999,2.52900000000001,1,2004,31
2004-02-01,2.16369043478261,1.61200000000002,2.666,0.256246869267495,1.7944,2.49240000000002,2,2004,32
2004-02-02,1.95670782608696,1.48599999999999,2.66699999999997,0.242017208313438,1.63680000000001,2.2742,2,2004,33
2004-02-03,1.6113147826087,1.27699999999999,1.98099999999999,0.173051240243273,1.37639999999999,1.84159999999999,2,2004,34
2004-02-04,1.56959130434782,1.20400000000001,2.26999999999998,0.248214793169036,1.28440000000001,1.95519999999999,2,2004,35
2004-02-05,1.79081739130435,1.37299999999999,2.822,0.293228145548164,1.4624,2.22159999999999,2,2004,36
2004-02-06,2.06292173913044,1.68599999999998,2.78300000000002,0.247857268547612,1.76999999999998,2.42760000000001,2,2004,37
2004-02-07,2.09279478260869,1.697,2.68700000000001,0.221998421786885,1.80240000000001,2.3992,2,2004,38
2004-02-08,1.79465739130435,1.30000000000001,2.67500000000001,0.32397460192665,1.41819999999999,2.29199999999997,2,2004,39
2004-02-09,1.73921043478261,1.18900000000002,2.952,0.393282358021998,1.31900000000002,2.3548,2,2004,40
2004-02-10,1.68151304347826,1.29500000000002,2.49299999999999,0.253947166074161,1.39180000000002,2.04559999999999,2,2004,41
2004-02-11,1.67241739130435,1.26800000000003,2.48599999999999,0.241742649128814,1.37280000000002,1.99559999999999,2,2004,42
2004-02-12,1.7141652173913,1.25400000000002,2.66699999999997,0.276237870606838,1.38879999999998,2.1072,2,2004,43
2004-02-13,1.85499478260869,1.41300000000001,2.483,0.237025884678392,1.53639999999999,2.16439999999999,2,2004,44
2004-02-14,2.10777043478261,1.625,2.892,0.281483649203599,1.74480000000001,2.50839999999998,2,2004,45
2004-02-15,2.05059826086956,1.61700000000002,2.89100000000002,0.225993687272158,1.7704,2.32520000000002,2,2004,46
2004-02-16,2.09749739130435,1.60300000000001,2.714,0.233557153194917,1.77399999999999,2.392,2,2004,47
2004-02-17,2.09389043478261,1.59300000000002,2.58699999999999,0.232826751763879,1.7724,2.4016,2,2004,48
2004-02-18,2.18282434782609,1.786,2.62200000000001,0.182579490869841,1.94,2.4316,2,2004,49
2004-02-19,2.08724,1.71199999999999,2.79199999999997,0.215979612859019,1.82839999999999,2.38,2,2004,50
2004-02-20,2.02093739130435,1.55900000000003,2.86399999999998,0.279850936385731,1.6838,2.43360000000001,2,2004,51
2004-02-21,2.08696869565217,1.64699999999999,2.75900000000001,0.22702619012879,1.79839999999999,2.40119999999998,2,2004,52
2004-02-22,2.06349391304348,1.47699999999998,2.56400000000002,0.226076217177609,1.7628,2.37860000000001,2,2004,53
2004-02-23,2.00281043478261,1.43700000000001,2.90899999999999,0.338833226368993,1.6404,2.56179999999999,2,2004,54
2004-02-24,2.00450782608696,1.33699999999999,3.07799999999997,0.414927913882801,1.57100000000003,2.69920000000002,2,2004,55
2004-02-25,1.93493043478261,1.31700000000001,2.57400000000001,0.286694951389539,1.55820000000001,2.34659999999999,2,2004,56
2004-02-26,1.92244,1.24900000000002,2.78100000000001,0.365469912964433,1.48399999999998,2.45759999999998,2,2004,57
2004-02-27,1.91705217391304,1.173,2.863,0.403600654809106,1.42580000000002,2.52020000000001,2,2004,58
2004-02-28,1.86979652173913,1.16199999999998,2.80200000000002,0.372926680057464,1.43580000000001,2.44219999999998,2,2004,59
2004-02-29,1.74389739130435,1.15100000000001,2.37299999999999,0.280453375313777,1.3864,2.125,2,2004,60
2004-03-01,1.87254434782609,1.45299999999997,2.596,0.306407435872674,1.54740000000002,2.37099999999999,3,2004,61
2004-03-02,2.38296,1.50599999999997,2.80399999999997,0.35109936868342,1.76119999999999,2.74599999999998,3,2004,62
2004-03-03,2.29932173913044,1.37900000000002,2.78300000000002,0.355069800956061,1.68220000000001,2.67599999999999,3,2004,63
2004-03-04,1.97314608695652,1.40499999999997,2.47399999999999,0.293454582281209,1.54019999999999,2.32759999999998,3,2004,64
2004-03-05,1.92701739130435,1.512,2.20299999999997,0.184515685036644,1.66739999999999,2.13660000000001,3,2004,65
2004-03-06,1.86881739130435,1.36200000000002,2.28300000000002,0.206346912934271,1.60639999999999,2.15220000000002,3,2004,66
2004-03-07,1.73374608695652,1.09399999999999,2.35599999999999,0.275684188253117,1.36139999999999,2.1506,3,2004,67
2004-03-08,1.74292869565217,1.22399999999999,2.19799999999998,0.237929366427464,1.44160000000001,2.09059999999999,3,2004,68
2004-03-09,1.53557391304348,1.04199999999997,1.827,0.192232748593662,1.25200000000001,1.7646,3,2004,69
2004-03-10,1.26511130434783,0.870999999999981,1.56799999999998,0.180516163128775,1.01339999999999,1.50400000000002,3,2004,70
2004-03-11,1.76807304347826,1.30500000000001,2.01100000000002,0.146736204868186,1.548,1.9352,3,2004,71
2004-03-12,1.79326434782609,1.27300000000002,2.01499999999999,0.163880628239196,1.5372,1.95400000000001,3,2004,72
2004-03-13,1.74778434782609,1.25599999999997,2.07100000000003,0.174263613734066,1.48200000000002,1.93360000000001,3,2004,73
2004-03-14,1.64003304347826,1.291,2.05799999999999,0.188257359486954,1.3824,1.93019999999998,3,2004,74
2004-03-15,2.09361739130435,1.60300000000001,2.39300000000003,0.169190941276144,1.8318,2.2996,3,2004,75
2004-03-16,2.37644347826087,1.46300000000002,2.77300000000002,0.252890943129247,2.113,2.64879999999998,3,2004,76
2004-03-17,2.48611304347826,1.87900000000002,2.79500000000002,0.191208806691534,2.20980000000001,2.71659999999999,3,2004,77
2004-03-18,1.69598956521739,1.38,1.97500000000002,0.123945516982763,1.54300000000001,1.86599999999999,3,2004,78
2004-03-19,1.57334782608696,1.30799999999999,1.82600000000002,0.120221213312307,1.39499999999998,1.73859999999999,3,2004,79
2004-03-20,1.52649739130435,1.23199999999997,1.84399999999999,0.146013815787576,1.31099999999998,1.7274,3,2004,80
2004-03-21,1.61931478260869,1.36399999999998,1.81200000000001,0.101308306000631,1.46600000000001,1.75,3,2004,81
2004-03-22,1.73505565217391,1.49000000000001,1.935,0.109935681379144,1.57339999999999,1.87960000000001,3,2004,82
2004-03-23,1.85617391304348,1.58699999999999,2.13499999999999,0.134859706485175,1.6764,2.04279999999999,3,2004,83
2004-03-24,1.87194086956522,1.69,2.041,0.081385198313139,1.76140000000001,1.98159999999998,3,2004,84
2004-03-25,1.88760695652174,1.75400000000002,2.02499999999998,0.0631399249741276,1.79780000000001,1.97000000000003,3,2004,85
2004-03-26,1.78137217391304,1.65300000000002,1.95400000000001,0.0692812572356394,1.69039999999999,1.87460000000001,3,2004,86
2004-03-27,2.54341043478261,2.11900000000003,2.76600000000002,0.155922360389145,2.3128,2.72300000000001,3,2004,87
2004-03-28,2.60114086956522,2.08299999999997,2.91199999999998,0.22284030308426,2.22639999999999,2.84920000000002,3,2004,88
2004-03-29,2.54282782608696,1.97399999999999,2.89600000000002,0.247898076570226,2.1282,2.81799999999998,3,2004,89
2004-03-30,2.57332173913043,2.08199999999999,2.86099999999999,0.205470232668016,2.2442,2.82060000000001,3,2004,90
2004-03-31,2.57139304347826,2.27499999999998,2.77499999999998,0.122651010329298,2.39140000000001,2.72460000000001,3,2004,91
2004-04-01,2.69918086956522,2.52199999999999,2.83100000000002,0.0651149504817903,2.60979999999998,2.78399999999999,4,2004,92
2004-04-02,3.27199304347826,3.18400000000003,3.34300000000002,0.0387070200480468,3.21899999999999,3.32400000000001,4,2004,93
2004-04-03,3.38532347826087,3.28399999999999,3.46899999999999,0.0459285885827629,3.31999999999999,3.447,4,2004,94
2004-04-04,3.00829217391304,2.85300000000001,3.14100000000002,0.0654831536010952,2.91540000000001,3.09199999999998,4,2004,95
2004-04-05,3.28346956521739,3.07900000000001,3.41899999999998,0.0916555741958417,3.15519999999999,3.39999999999998,4,2004,96
2004-04-06,3.27929739130435,2.97699999999998,3.45699999999999,0.109076293873458,3.11399999999998,3.41000000000003,4,2004,97
2004-04-07,3.3586347826087,2.93900000000002,3.77800000000002,0.157899161269229,3.1204,3.53460000000001,4,2004,98
2004-04-08,3.48770434782609,2.98500000000001,3.83800000000002,0.137594932316498,3.32520000000001,3.67660000000001,4,2004,99
2004-04-09,3.62936869565217,3.37900000000002,3.96600000000001,0.125444490802451,3.45999999999998,3.7898,4,2004,100
2004-04-10,3.88380173913044,3.65499999999997,4.13499999999999,0.0970362139937378,3.75200000000001,4.02199999999999,4,2004,101
2004-04-11,4.01362608695652,3.79399999999998,4.46199999999999,0.122453707449433,3.87599999999998,4.20519999999999,4,2004,102
2004-04-12,4.05334608695652,3.80799999999999,4.48099999999999,0.111364487179246,3.94739999999999,4.2216,4,2004,103
2004-04-13,4.11365739130435,3.88200000000001,4.38600000000002,0.0987536397784388,3.98339999999999,4.245,4,2004,104
2004-04-14,4.43885913043478,4.16199999999998,4.65499999999997,0.110949258496464,4.28800000000001,4.60319999999998,4,2004,105
2004-04-15,4.82996695652174,4.51800000000003,4.95100000000002,0.0871737658745387,4.71940000000001,4.92899999999997,4,2004,106
2004-04-16,4.96905043478261,4.66800000000001,5.24299999999999,0.125210968571078,4.80200000000002,5.1336,4,2004,107
2004-04-17,4.99946782608696,4.84100000000001,5.24900000000002,0.0968296679236969,4.87639999999999,5.1312,4,2004,108
2004-04-18,5.10039826086957,4.95499999999998,5.22399999999999,0.0536613753322185,5.03540000000002,5.1746,4,2004,109
2004-04-19,5.78000173913043,5.404,5.99900000000002,0.1170682147123,5.61460000000001,5.92160000000001,4,2004,110
2004-04-20,6.23781391304348,5.58800000000002,6.67099999999999,0.2608422203509,5.88680000000001,6.5976,4,2004,111
2004-04-21,6.10211652173913,5.43900000000002,6.53399999999999,0.269061458184862,5.67320000000002,6.4324,4,2004,112
2004-04-22,6.0838852173913,5.476,6.50900000000001,0.25051315426647,5.72660000000001,6.4172,4,2004,113
2004-04-23,6.06976347826087,5.65800000000002,6.33199999999999,0.127344342593882,5.91660000000001,6.24719999999999,4,2004,114
2004-04-24,6.08108695652174,5.726,6.59699999999998,0.227100093253401,5.8398,6.45699999999999,4,2004,115
2004-04-25,6.04502956521739,5.48199999999997,6.86799999999999,0.390593121968697,5.5634,6.66060000000001,4,2004,116
2004-04-26,5.96915304347826,5.58299999999997,6.48399999999998,0.263284343489003,5.67700000000002,6.3896,4,2004,117
2004-04-27,6.0226852173913,5.61399999999998,6.31799999999998,0.167207428316536,5.75999999999998,6.2396,4,2004,118
2004-04-28,5.94395130434783,5.40899999999999,6.78300000000002,0.344199755218099,5.54500000000002,6.5006,4,2004,119
2004-04-29,5.95073391304348,5.26499999999999,6.88299999999998,0.377841532258524,5.49199999999998,6.54359999999999,4,2004,120
2004-04-30,6.26498086956522,5.50900000000001,6.62900000000002,0.301934098739809,5.71800000000001,6.54119999999999,4,2004,121
2004-05-01,6.48107652173913,6.20699999999999,6.66399999999999,0.0946801201133333,6.35199999999998,6.601,5,2004,122
2004-05-02,6.45574956521739,6.31799999999998,6.57600000000002,0.0580184690255484,6.3734,6.53199999999998,5,2004,123
2004-05-03,6.37903304347826,6.06900000000002,6.54199999999997,0.112192097985897,6.21340000000001,6.517,5,2004,124
2004-05-04,6.31560173913044,5.87299999999999,6.55700000000002,0.172751345937166,6.0514,6.51299999999998,5,2004,125
2004-05-05,6.46646782608696,5.91399999999999,7.32400000000001,0.350451503588181,6.08920000000002,7.07679999999998,5,2004,126
2004-05-06,6.5631547826087,6.089,7.50400000000002,0.352318669164324,6.19139999999999,7.19200000000002,5,2004,127
2004-05-07,6.95398260869565,6.33800000000002,7.66199999999998,0.356254621159798,6.3998,7.40300000000002,5,2004,128
2004-05-08,7.14445217391304,6.36099999999999,7.84100000000001,0.424786104065257,6.48839999999999,7.64060000000001,5,2004,129
2004-05-09,7.24430956521739,6.42000000000002,7.779,0.359848411990632,6.6796,7.71619999999998,5,2004,130
2004-05-10,7.31867130434782,7.02800000000002,7.53100000000001,0.117682994699009,7.16040000000002,7.48099999999999,5,2004,131
2004-05-11,7.31622608695652,6.69499999999999,7.863,0.289673553523562,6.9304,7.7174,5,2004,132
2004-05-12,7.92942260869565,7.30900000000003,8.35599999999999,0.264501899593657,7.53939999999999,8.2586,5,2004,133
2004-05-13,7.98886956521739,7.27800000000002,8.53399999999999,0.304622783862956,7.5514,8.375,5,2004,134
2004-05-14,8.12405391304348,7.476,8.59399999999999,0.259667890707778,7.77680000000001,8.4726,5,2004,135
2004-05-15,8.68999304347826,8.08100000000002,8.92700000000002,0.173028556847198,8.42080000000002,8.84300000000002,5,2004,136
2004-05-16,9.01730956521739,8.35399999999998,9.25,0.168950918059729,8.75100000000002,9.1866,5,2004,137
2004-05-17,9.35433913043478,8.50799999999998,9.58300000000003,0.231777155040237,8.97679999999999,9.53500000000003,5,2004,138
2004-05-18,9.25531130434782,8.76499999999999,9.43200000000002,0.14184198449461,9.04139999999999,9.39400000000001,5,2004,139
2004-05-19,9.27986260869565,8.685,9.815,0.225173452871781,8.97279999999999,9.589,5,2004,140
2004-05-20,9.37966782608696,8.90300000000002,10.018,0.241602798237822,9.04499999999999,9.72220000000001,5,2004,141
2004-05-21,9.40424347826087,8.97500000000002,9.87799999999999,0.211038629128405,9.10439999999999,9.69480000000001,5,2004,142
2004-05-22,9.31264869565217,8.91000000000003,9.50599999999997,0.112199991277721,9.13499999999999,9.41300000000001,5,2004,143
2004-05-23,8.90246782608696,8.459,9.33600000000001,0.215901049872063,8.60279999999998,9.19159999999999,5,2004,144
2004-05-24,8.87400347826087,8.44099999999997,9.30200000000002,0.212018579461002,8.5802,9.15619999999998,5,2004,145
2004-05-25,8.84008695652174,8.35500000000002,9.31299999999999,0.234993845468277,8.51319999999999,9.154,5,2004,146
2004-05-26,8.70280695652174,8.15899999999999,9.21699999999998,0.261371915094762,8.3374,9.0566,5,2004,147
2004-05-27,8.99969217391304,8.53500000000003,9.41699999999997,0.170255968980499,8.76900000000001,9.2226,5,2004,148
2004-05-28,9.12798782608696,8.70499999999998,9.33699999999999,0.112876894142816,8.97340000000001,9.262,5,2004,149
2004-05-29,9.30701739130435,8.846,9.673,0.162721710591159,9.09639999999999,9.52100000000002,5,2004,150
2004-05-30,9.1330852173913,8.32799999999997,10.068,0.521133267954798,8.44400000000001,9.90480000000001,5,2004,151
2004-05-31,9.01527130434783,8.11099999999999,10.165,0.616473956310622,8.25780000000001,9.9466,5,2004,152
2004-06-01,9.09552173913043,8.33999999999997,9.976,0.508940683479034,8.45239999999999,9.8354,6,2004,153
2004-06-02,9.35825913043478,8.84199999999998,9.779,0.220252604383964,9.0646,9.67099999999999,6,2004,154
2004-06-03,9.39330608695652,8.96600000000001,9.83699999999999,0.2618493932661,9.04500000000002,9.73779999999998,6,2004,155
2004-06-04,9.49661913043478,8.964,9.95299999999997,0.306975692751086,9.06020000000002,9.86799999999999,6,2004,156
2004-06-05,9.56951304347826,8.97000000000003,9.95800000000003,0.32664867180922,9.084,9.92760000000001,6,2004,157
2004-06-06,9.53647130434783,9.084,9.92200000000003,0.253754927438887,9.15859999999999,9.858,6,2004,158
2004-06-07,9.78809043478261,9.33699999999999,10.198,0.165377328545506,9.577,10.018,6,2004,159
2004-06-08,10.5539773913043,9.90800000000002,11.028,0.269313531471407,10.1828,10.9146,6,2004,160
2004-06-09,11.0949704347826,10.358,11.64,0.311207635677799,10.6638,11.4882,6,2004,161
2004-06-10,11.1620417391304,10.458,11.858,0.263013834237771,10.8054,11.503,6,2004,162
2004-06-11,11.2135408695652,10.668,11.606,0.218994880015743,10.9034,11.488,6,2004,163
2004-06-12,11.1797286956522,10.503,11.782,0.341544406070399,10.6744,11.6562,6,2004,164
2004-06-13,11.0676886956522,10.432,11.739,0.29295032720577,10.6718,11.5308,6,2004,165
2004-06-14,10.9541565217391,10.288,11.907,0.420233056943594,10.4212,11.6078,6,2004,166
2004-06-15,11.3166939130435,10.909,11.739,0.181860076246059,11.1104,11.5948,6,2004,167
2004-06-16,11.6695286956522,11.059,12.303,0.269552685587678,11.2956,12.0092,6,2004,168
2004-06-17,12.1446347826087,11.649,12.373,0.124593382581838,11.966,12.2942,6,2004,169
2004-06-18,11.8666539130435,11.113,12.564,0.362996885524058,11.3506,12.329,6,2004,170
2004-06-19,11.9815739130435,11.342,12.41,0.265457158130282,11.6344,12.331,6,2004,171
2004-06-20,12.3248382608696,11.57,13.269,0.526791365518102,11.6884,13.0842,6,2004,172
2004-06-21,12.293947826087,11.636,13.173,0.4500826955274,11.7238,12.873,6,2004,173
2004-06-22,12.174572173913,11.719,12.669,0.25588429289387,11.812,12.4946,6,2004,174
2004-06-23,12.0978191304348,11.694,12.438,0.185386887992815,11.8442,12.345,6,2004,175
2004-06-24,12.0179530434783,11.566,12.33,0.213934975516936,11.6774,12.2626,6,2004,176
2004-06-25,12.1546869565217,11.671,12.443,0.205541867570441,11.8264,12.388,6,2004,177
2004-06-26,12.1937130434783,11.904,12.476,0.136536702651831,12.0018,12.388,6,2004,178
2004-06-27,12.3156869565217,11.806,12.896,0.239410147876457,12.0154,12.6566,6,2004,179
2004-06-28,12.4515513043478,12.044,13.15,0.262462979757278,12.145,12.8442,6,2004,180
2004-06-29,12.8943808695652,12.328,13.368,0.278620505427253,12.4554,13.228,6,2004,181
2004-06-30,13.1703182608696,12.453,13.881,0.401532944045396,12.6374,13.7204,6,2004,182
2004-07-01,13.7423234782609,13.262,14.083,0.197223205380336,13.4544,13.9966,7,2004,183
2004-07-02,14.0073182608696,13.511,14.279,0.127851508750007,13.8358,14.143,7,2004,184
2004-07-03,14.5039060869565,13.889,15.059,0.235445958825681,14.212,14.8726,7,2004,185
2004-07-04,14.6994173913043,14.084,15.101,0.159110998367634,14.55,14.9222,7,2004,186
2004-07-05,14.7448017391304,14.151,15.04,0.166310566491088,14.4954,14.948,7,2004,187
2004-07-06,14.7719304347826,13.952,15.438,0.347575553206915,14.2906,15.222,7,2004,188
2004-07-07,14.7188382608696,13.713,15.395,0.353000246661829,14.2108,15.1242,7,2004,189
2004-07-08,13.9922156521739,13.184,14.799,0.374224990690121,13.515,14.5272,7,2004,190
2004-07-09,13.9855913043478,13.256,14.85,0.310727405985017,13.6504,14.4092,7,2004,191
2004-07-10,13.9650991304348,13.243,14.864,0.313682525955518,13.6426,14.4462,7,2004,192
2004-07-11,13.6647165217391,12.89,14.165,0.219493703103681,13.3464,13.9072,7,2004,193
2004-07-12,13.5314660869565,12.764,14.155,0.28364560225862,13.15,13.897,7,2004,194
2004-07-13,13.600627826087,12.769,14.303,0.340650060960984,13.1488,14.0536,7,2004,195
2004-07-14,13.4903947826087,12.997,14.037,0.247079877421027,13.175,13.853,7,2004,196
2004-07-15,13.6917495652174,13.382,14.336,0.28642134704703,13.434,14.1738,7,2004,197
2004-07-16,14.0436765217391,13.548,14.557,0.201152627375522,13.8174,14.327,7,2004,198
2004-07-17,14.2602295652174,13.909,14.973,0.264393374757509,13.9964,14.6702,7,2004,199
2004-07-18,14.5027565217391,14.176,15.734,0.347065683550941,14.206,15.003,7,2004,200
2004-07-19,15.1690973913043,14.554,15.762,0.223351235659297,14.8492,15.4066,7,2004,201
2004-07-20,15.6144452173913,14.875,16.094,0.263045789075649,15.2394,15.9738,7,2004,202
2004-07-21,15.8025565217391,15.008,16.199,0.25766647780763,15.4224,16.1276,7,2004,203
2004-07-22,15.9317860869565,15.264,16.229,0.189139462808414,15.6684,16.1652,7,2004,204
2004-07-23,15.8742191304348,14.936,16.256,0.268626809994875,15.4898,16.1806,7,2004,205
2004-07-24,15.035947826087,14.251,15.305,0.192132949917166,14.7674,15.255,7,2004,206
2004-07-25,14.7287339130435,13.784,15.125,0.253243992360564,14.3424,14.982,7,2004,207
2004-07-26,14.7813513043478,14.011,15.055,0.221100411690456,14.4328,14.9822,7,2004,208
2004-07-27,14.6318591304348,14.103,15.07,0.228494137153512,14.315,14.9336,7,2004,209
2004-07-28,15.7370156521739,15.126,16.411,0.298516502964307,15.3698,16.1646,7,2004,210
2004-07-29,16.1172034782609,15.776,16.772,0.24497087643528,15.8644,16.492,7,2004,211
2004-07-30,15.9715043478261,15.422,16.812,0.292139219529551,15.6644,16.3976,7,2004,212
2004-07-31,15.34308,14.571,16.331,0.490914566962267,14.6594,15.9916,7,2004,213
2004-08-01,14.9664243478261,14.435,15.68,0.308722478520968,14.56,15.3778,8,2004,214
2004-08-02,14.9523217391304,14.403,15.68,0.242499705370922,14.6356,15.2682,8,2004,215
2004-08-03,15.0714486956522,14.488,15.868,0.25051795208028,14.7682,15.416,8,2004,216
2004-08-04,15.8229860869565,15.269,16.189,0.204751697540732,15.4972,16.0432,8,2004,217
2004-08-05,15.9514643478261,15.548,16.163,0.114689635873877,15.7744,16.078,8,2004,218
2004-08-06,16.1027026086957,15.754,16.309,0.106204852232759,15.941,16.224,8,2004,219
2004-08-07,16.091707826087,15.629,16.394,0.179706530581858,15.8058,16.28,8,2004,220
2004-08-08,16.1843756521739,15.73,16.41,0.144989443681163,15.9724,16.3566,8,2004,221
2004-08-09,16.1363113043478,15.53,16.784,0.268137768415945,15.7762,16.5176,8,2004,222
2004-08-10,16.1549652173913,15.576,16.931,0.290302387416946,15.847,16.6296,8,2004,223
2004-08-11,15.7821756521739,15.489,16.331,0.187342255405731,15.5934,16.0826,8,2004,224
2004-08-12,15.7083147826087,15.323,16.099,0.124747605985896,15.5418,15.8596,8,2004,225
2004-08-13,15.6654817391304,15.279,15.952,0.107707320207302,15.526,15.7916,8,2004,226
2004-08-14,15.5369791304348,14.988,15.93,0.193283663242899,15.2684,15.776,8,2004,227
2004-08-15,15.8444139130435,15.304,16.259,0.202017479013564,15.5716,16.1036,8,2004,228
2004-08-16,16.4127339130435,15.701,16.838,0.226320970499031,16.1086,16.7008,8,2004,229
2004-08-17,16.3578434782609,15.901,16.739,0.233066610960634,16.0134,16.64,8,2004,230
2004-08-18,16.3311495652174,15.521,16.956,0.424057867692902,15.7088,16.81,8,2004,231
2004-08-19,16.1802869565217,15.354,16.799,0.457643238657368,15.4898,16.723,8,2004,232
2004-08-20,15.9735060869565,15.339,16.79,0.410689569958006,15.4468,16.6026,8,2004,233
2004-08-21,15.887172173913,15.372,16.65,0.309033651615211,15.5894,16.403,8,2004,234
2004-08-22,15.7294104347826,15.084,16.76,0.432420883858365,15.3292,16.486,8,2004,235
2004-08-23,15.7110452173913,14.889,16.701,0.3741601532118,15.377,16.3532,8,2004,236
2004-08-24,15.6228452173913,14.895,15.955,0.217557550655674,15.268,15.8412,8,2004,237
2004-08-25,15.6318747826087,14.927,16.244,0.329799799330195,15.191,16.102,8,2004,238
2004-08-26,15.8542034782609,15.118,16.599,0.355735664090137,15.4136,16.433,8,2004,239
2004-08-27,16.0314017391304,15.613,16.628,0.223989337563013,15.771,16.3972,8,2004,240
2004-08-28,16.5385304347826,16.039,17.023,0.240299933146099,16.2078,16.8556,8,2004,241
2004-08-29,16.6597652173913,16.293,17.138,0.180297843517089,16.4344,16.9276,8,2004,242
2004-08-30,16.8851356521739,16.423,17.267,0.158376263372637,16.6728,17.082,8,2004,243
2004-08-31,16.6817043478261,16.048,16.947,0.171530625962492,16.4158,16.8612,8,2004,244
2004-09-01,16.5300817391304,15.795,17.203,0.324134180818176,16.1024,16.9512,9,2004,245
2004-09-02,16.3406052173913,15.66,17.065,0.314762211516115,15.918,16.7798,9,2004,246
2004-09-03,16.0999652173913,15.428,16.831,0.212466407692648,15.8834,16.3334,9,2004,247
2004-09-04,15.7511808695652,15.034,16.279,0.314736262550727,15.3092,16.1512,9,2004,248
2004-09-05,14.8857808695652,14.03,15.668,0.406238816816465,14.298,15.4696,9,2004,249
2004-09-06,14.66672,13.861,15.291,0.358252922744605,14.1558,15.1612,9,2004,250
2004-09-07,14.6145982608696,13.844,15.346,0.349623356820738,14.1148,15.0786,9,2004,251
2004-09-08,14.8306156521739,14.184,15.316,0.29980561663938,14.3748,15.1938,9,2004,252
2004-09-09,15.2643460869565,14.813,15.584,0.171820281932728,15.065,15.5212,9,2004,253
2004-09-10,15.4999356521739,14.862,16.139,0.398390202806075,14.953,15.9962,9,2004,254
2004-09-11,15.4489060869565,14.804,16.151,0.38705512155656,14.904,15.9146,9,2004,255
2004-09-12,15.5769234782609,15.019,16.119,0.334514611778181,15.147,16.0436,9,2004,256
2004-09-13,15.6614226086957,15.044,16.181,0.291285024829714,15.2958,16.0756,9,2004,257
2004-09-14,15.6093565217391,15.139,16.018,0.213309004863425,15.3184,15.898,9,2004,258
2004-09-15,15.3776504347826,14.921,15.74,0.164641002855422,15.1446,15.5864,9,2004,259
2004-09-16,15.3333617391304,14.859,15.515,0.116786328896746,15.1538,15.442,9,2004,260
2004-09-17,15.2352660869565,14.796,15.581,0.186940721234212,14.9684,15.4766,9,2004,261
2004-09-18,15.1787234782609,14.71,15.627,0.257034918901925,14.8204,15.513,9,2004,262
2004-09-19,14.8088939130435,14.062,15.469,0.34474823548324,14.3256,15.197,9,2004,263
2004-09-20,14.020867826087,13.581,14.626,0.171201401226309,13.7888,14.2186,9,2004,264
2004-09-21,13.9422243478261,13.726,14.415,0.139676069117795,13.793,14.1402,9,2004,265
2004-09-22,14.8215930434783,14.217,15.514,0.339163689556962,14.3984,15.3674,9,2004,266
2004-09-23,14.8805565217391,14.163,15.753,0.418370844600308,14.3704,15.564,9,2004,267
2004-09-24,14.8439252173913,14.177,15.573,0.354818233351072,14.3844,15.3412,9,2004,268
2004-09-25,14.9455026086957,14.34,15.583,0.337655319135093,14.475,15.365,9,2004,269
2004-09-26,14.897867826087,14.447,15.559,0.272427076694565,14.513,15.2446,9,2004,270
2004-09-27,14.6420817391304,14.208,15.228,0.279320969689833,14.275,14.9806,9,2004,271
2004-09-28,14.4439008695652,14.045,14.793,0.230697817907747,14.1094,14.7286,9,2004,272
2004-09-29,13.6453443478261,13.072,13.907,0.188105870456578,13.3432,13.837,9,2004,273
2004-09-30,13.6466347826087,13.029,14.018,0.219926790576203,13.285,13.893,9,2004,274
2004-10-01,13.6004852173913,13.053,13.845,0.176754005441547,13.317,13.7936,10,2004,275
2004-10-02,13.3435130434783,13.04,13.491,0.101534495367002,13.2008,13.476,10,2004,276
2004-10-03,13.4406608695652,13.143,13.746,0.178469445503529,13.1824,13.6656,10,2004,277
2004-10-04,13.36768,12.964,13.655,0.135423681015512,13.179,13.547,10,2004,278
2004-10-05,13.2541443478261,12.928,13.552,0.138005460044046,13.072,13.4406,10,2004,279
2004-10-06,12.7437304347826,12.294,12.972,0.130715940776768,12.5824,12.911,10,2004,280
2004-10-07,12.7210782608696,12.368,13.067,0.14025086706062,12.5678,12.9304,10,2004,281
2004-10-08,12.7262747826087,12.367,13.095,0.147157164226497,12.561,12.9176,10,2004,282
2004-10-09,12.6538660869565,12.372,12.92,0.121807229669746,12.5184,12.8312,10,2004,283
2004-10-10,12.5647182608696,12.299,12.884,0.141431693651372,12.3994,12.761,10,2004,284
2004-10-11,12.1386295652174,11.436,12.694,0.291372883028082,11.7438,12.5564,10,2004,285
2004-10-12,11.805332173913,11.242,12.155,0.229342119085723,11.4194,12.0556,10,2004,286
2004-10-13,11.6205652173913,10.799,12.091,0.320520219848322,11.058,11.9484,10,2004,287
2004-10-14,11.7145060869565,11.12,11.976,0.212664987103868,11.3394,11.943,10,2004,288
2004-10-15,11.7579356521739,11.397,12.015,0.12835487214773,11.5442,11.9016,10,2004,289
2004-10-16,11.4992260869565,11.105,11.844,0.158627566624462,11.2828,11.704,10,2004,290
2004-10-17,11.4704295652174,11.107,11.761,0.132763031259922,11.287,11.6406,10,2004,291
2004-10-18,11.2305843478261,10.742,11.601,0.151161309753619,11.0244,11.4216,10,2004,292
2004-10-19,10.7394295652174,10.383,11.164,0.16772900460267,10.5134,10.958,10,2004,293
2004-10-20,10.5884869565217,10.315,11.011,0.1699919635945,10.362,10.8186,10,2004,294
2004-10-21,10.6338886956522,10.491,10.85,0.0981940310259846,10.5044,10.7596,10,2004,295
2004-10-22,10.6577043478261,10.597,10.802,0.0356122590550065,10.613,10.7056,10,2004,296
2004-10-23,10.3630017391304,10.282,10.417,0.0293796190900438,10.316,10.393,10,2004,297
2004-10-24,10.1338295652174,9.96100000000001,10.297,0.0740861314518717,10.0344,10.2326,10,2004,298
2004-10-25,9.98561217391304,9.80900000000003,10.119,0.0672716231416264,9.875,10.0546,10,2004,299
2004-10-26,9.90123478260869,9.73700000000002,10.075,0.0739197382836482,9.81,10.016,10,2004,300
2004-10-27,9.90580173913043,9.75799999999998,10.076,0.0697329075414387,9.8124,10.009,10,2004,301
2004-10-28,9.86866260869565,9.70299999999997,10.007,0.0626234884033382,9.79199999999997,9.96100000000001,10,2004,302
2004-10-29,9.81030782608696,9.60899999999998,9.94900000000001,0.0788260170661958,9.70100000000002,9.916,10,2004,303
2004-10-30,10.1122886956522,9.93799999999999,10.257,0.0624920911584418,10.0238,10.1936,10,2004,304
2004-10-31,9.94332695652174,9.70999999999998,10.118,0.0875526574473152,9.8088,10.0436,10,2004,305
2004-11-01,9.8854052173913,9.452,10.1,0.137546701504189,9.68940000000001,10.052,11,2004,306
2004-11-02,9.47494956521739,8.89800000000002,9.72000000000003,0.19717387194917,9.1472,9.66460000000001,11,2004,307
2004-11-03,9.79268,9.48399999999998,10.005,0.141684829115164,9.5646,9.96100000000001,11,2004,308
2004-11-04,9.70383478260869,9.49299999999999,9.82999999999998,0.0877084903294273,9.56539999999999,9.7996,11,2004,309
2004-11-05,9.12644173913043,8.678,9.49599999999998,0.225538348594791,8.7814,9.3956,11,2004,310
2004-11-06,9.04292695652174,8.26600000000002,9.495,0.32531918641938,8.5476,9.416,11,2004,311
2004-11-07,8.94109217391304,7.97800000000001,9.36200000000002,0.323150007007951,8.45579999999998,9.2906,11,2004,312
2004-11-08,8.9130347826087,8.238,9.22399999999999,0.234186036802706,8.56280000000002,9.16859999999999,11,2004,313
2004-11-09,8.7364852173913,8.35899999999998,9.05799999999999,0.171119218096624,8.51140000000002,8.97560000000001,11,2004,314
2004-11-10,8.67556173913043,8.30000000000001,8.97300000000001,0.171396851673304,8.42099999999998,8.91060000000001,11,2004,315
2004-11-11,8.83869739130435,8.47899999999998,9.22300000000001,0.180030027238426,8.6034,9.1014,11,2004,316
2004-11-12,8.47954260869565,8.12,8.94299999999998,0.205162605291285,8.21340000000001,8.7706,11,2004,317
2004-11-13,7.93269043478261,7.63999999999999,8.39400000000001,0.182606681612891,7.7114,8.2026,11,2004,318
2004-11-14,7.73847304347826,7.39100000000002,8.24099999999999,0.215571929240013,7.45239999999999,8.034,11,2004,319
2004-11-15,7.81414956521739,7.49700000000001,8.28199999999998,0.20736032676818,7.55439999999999,8.13,11,2004,320
2004-11-16,7.48562782608696,7.32799999999997,7.947,0.12364509141905,7.38739999999999,7.6936,11,2004,321
2004-11-17,7.32097565217391,7.08199999999999,7.92099999999999,0.218850248941827,7.12299999999999,7.70919999999998,11,2004,322
2004-11-18,7.3453947826087,7.029,7.96800000000002,0.233177503323873,7.10839999999999,7.72159999999999,11,2004,323
2004-11-19,7.49451130434783,7.23500000000001,7.89699999999999,0.153887701014593,7.31039999999999,7.72659999999999,11,2004,324
2004-11-20,7.82731652173913,7.53199999999998,8.13999999999999,0.14700417397333,7.63339999999999,8.0266,11,2004,325
2004-11-21,6.8854347826087,6.64400000000001,7.24000000000001,0.142673717722743,6.70699999999999,7.0978,11,2004,326
2004-11-22,6.97426608695652,6.80700000000002,7.18299999999999,0.0957331538177245,6.86339999999999,7.11960000000001,11,2004,327
2004-11-23,6.8734,6.589,7.14999999999998,0.157608554482278,6.68639999999999,7.12400000000002,11,2004,328
2004-11-24,6.89417565217391,6.69799999999998,7.19200000000001,0.126758730321705,6.73199999999997,7.08259999999998,11,2004,329
2004-11-25,7.33337391304348,7.108,7.76900000000001,0.176841405201233,7.13299999999998,7.601,11,2004,330
2004-11-26,7.24786086956522,6.86799999999999,7.81200000000001,0.276420357532645,6.91040000000002,7.68099999999998,11,2004,331
2004-11-27,6.85204347826087,6.39499999999998,7.87700000000001,0.394394167591749,6.49679999999998,7.5096,11,2004,332
2004-11-28,6.40834086956522,6.13299999999998,7.08800000000002,0.214782132501174,6.18599999999998,6.73399999999999,11,2004,333
2004-11-29,6.52473043478261,6.31999999999999,7.01600000000002,0.184218450924331,6.35139999999999,6.8358,11,2004,334
2004-11-30,7.17563826086956,6.97199999999998,7.41199999999998,0.114236099103714,7.01499999999999,7.32160000000001,11,2004,335
2004-12-01,6.98795130434783,6.62900000000002,7.60300000000001,0.23776712700421,6.7068,7.31000000000001,12,2004,336
2004-12-02,7.00215826086956,6.62700000000001,7.67099999999999,0.27342263681798,6.68900000000002,7.38200000000001,12,2004,337
2004-12-03,6.91045391304348,6.279,7.59199999999998,0.334828591356924,6.42339999999999,7.3474,12,2004,338
2004-12-04,6.30138608695652,5.959,6.87799999999999,0.240330529831639,6.0368,6.67500000000001,12,2004,339
2004-12-05,6.06255130434783,5.87599999999998,6.38799999999998,0.119609208597819,5.9024,6.22859999999999,12,2004,340
2004-12-06,6.04455652173913,5.79700000000003,6.411,0.156102998657846,5.84739999999999,6.27260000000001,12,2004,341
2004-12-07,6.01828347826087,5.80900000000003,6.33999999999997,0.118605668150798,5.87400000000002,6.18400000000003,12,2004,342
2004-12-08,5.95515826086956,5.61700000000002,6.41300000000001,0.215205892008463,5.69099999999997,6.28920000000002,12,2004,343
2004-12-09,5.84023478260869,5.39800000000002,6.34899999999999,0.259616090540445,5.51180000000001,6.23319999999998,12,2004,344
2004-12-10,5.72636173913043,5.428,6.23500000000001,0.207191611052064,5.488,6.06319999999999,12,2004,345
2004-12-11,5.9775947826087,5.75200000000001,6.27699999999999,0.120615210038336,5.822,6.14999999999998,12,2004,346
2004-12-12,5.88926956521739,5.63299999999998,6.15499999999997,0.129818952041078,5.714,6.06679999999999,12,2004,347
2004-12-13,5.89325739130435,5.553,6.39100000000002,0.245168213270115,5.6068,6.28960000000001,12,2004,348
2004-12-14,5.7428052173913,5.31099999999998,6.346,0.295696850674579,5.40340000000001,6.2152,12,2004,349
2004-12-15,5.63794956521739,5.202,6.20999999999998,0.245932228906599,5.38400000000001,6.0414,12,2004,350
2004-12-16,5.57644695652174,5.22300000000001,6.15699999999998,0.244997269885143,5.32280000000001,5.98119999999999,12,2004,351
2004-12-17,5.67305565217391,5.334,6.44799999999998,0.281917149402808,5.39380000000001,6.14160000000001,12,2004,352
2004-12-18,5.74004869565217,5.38999999999999,6.464,0.261517591351471,5.47239999999999,6.15100000000001,12,2004,353
2004-12-19,5.90204695652174,5.541,6.44200000000001,0.213363399625976,5.64300000000003,6.21119999999999,12,2004,354
2004-12-20,5.34758782608696,5.15899999999999,5.73500000000001,0.119320866530196,5.22000000000003,5.52959999999998,12,2004,355
2004-12-21,5.04942086956522,4.70299999999997,5.52499999999998,0.190367003651845,4.80580000000001,5.3092,12,2004,356
2004-12-22,5.15242608695652,4.81,5.51299999999998,0.168197881059333,4.94600000000003,5.40100000000001,12,2004,357
2004-12-23,5.24007130434783,4.89600000000002,5.57600000000002,0.143460432188448,5.02180000000002,5.40459999999998,12,2004,358
2004-12-24,5.14524695652174,4.77699999999999,5.68799999999999,0.202529521795981,4.89499999999998,5.44820000000001,12,2004,359
2004-12-25,5.13257913043478,4.798,5.79300000000001,0.226099505358336,4.89400000000001,5.48420000000001,12,2004,360
2004-12-26,5.34838434782609,5.02999999999997,5.78100000000001,0.169361868824495,5.13039999999999,5.5858,12,2004,361
2004-12-27,5.33023304347826,5.08800000000002,5.65499999999997,0.113748643765502,5.17519999999999,5.45499999999998,12,2004,362
2004-12-28,4.92909391304348,4.61599999999999,5.63400000000001,0.218902484648265,4.69400000000002,5.25599999999999,12,2004,363
2004-12-29,4.81308869565217,4.39699999999999,5.52300000000002,0.263509437832297,4.50719999999999,5.21480000000001,12,2004,364
2004-12-30,4.72171304347826,4.38999999999999,5.45799999999997,0.243568761450046,4.464,5.065,12,2004,365
2004-12-31,5.01530434782609,4.38400000000001,5.94999999999999,0.450951560203591,4.46940000000001,5.6758,12,2004,366
2005-01-01,4.96810260869565,4.26100000000002,5.99599999999998,0.507861559893611,4.35739999999998,5.69400000000002,1,2005,1
2005-01-02,4.84157043478261,4.25299999999999,5.64100000000002,0.37483530622112,4.37139999999999,5.36,1,2005,2
2005-01-03,4.91527304347826,4.47899999999998,5.48500000000001,0.250724122485496,4.5972,5.29519999999999,1,2005,3
2005-01-04,5.08882956521739,4.74099999999999,5.50900000000001,0.174673290338919,4.85279999999998,5.32780000000001,1,2005,4
2005-01-05,5.41561565217391,5.16199999999998,5.61000000000001,0.114903611014925,5.24700000000001,5.55960000000001,1,2005,5
2005-01-06,4.60514782608696,4.36799999999999,4.75900000000001,0.0990821328501968,4.46039999999999,4.72800000000001,1,2005,6
2005-01-07,4.69346956521739,4.23700000000002,5.08299999999997,0.220738265626582,4.37959999999999,4.98519999999999,1,2005,7
2005-01-08,4.47259652173913,3.92599999999999,5.05700000000002,0.279158792350816,4.10799999999999,4.8808,1,2005,8
2005-01-09,4.30270086956522,3.82299999999998,5.005,0.284228605020914,3.93639999999999,4.68900000000002,1,2005,9
2005-01-10,4.07902608695652,3.42599999999999,4.94299999999998,0.390520211901574,3.58720000000001,4.68460000000001,1,2005,10
2005-01-11,4.19302956521739,3.55700000000002,5.13799999999998,0.393303051177005,3.702,4.81260000000001,1,2005,11
2005-01-12,4.23187304347826,3.61900000000003,5.12599999999998,0.379199059021343,3.7644,4.78319999999999,1,2005,12
2005-01-13,4.30212521739131,3.87,4.83999999999997,0.249250643425434,3.98500000000001,4.67000000000001,1,2005,13
2005-01-14,4.49751826086957,4.23500000000001,4.67399999999998,0.112191734513453,4.334,4.63900000000001,1,2005,14
2005-01-15,4.6535252173913,4.38400000000001,4.839,0.117197125283951,4.48040000000001,4.80200000000002,1,2005,15
2005-01-16,4.01354086956522,3.71499999999997,4.31400000000002,0.133349941696507,3.82839999999999,4.1816,1,2005,16
2005-01-17,3.62779130434783,3.28899999999999,3.94999999999999,0.164503216645218,3.40039999999999,3.8522,1,2005,17
2005-01-18,3.28025043478261,2.84300000000002,4.05799999999999,0.284215798470079,2.9424,3.69019999999998,1,2005,18
2005-01-19,3.24586782608696,2.774,4.178,0.308251350997213,2.89640000000001,3.66579999999998,1,2005,19
2005-01-20,3.17853565217391,2.69,4.02100000000002,0.315706963484986,2.80599999999998,3.6638,1,2005,20
2005-01-21,2.99749739130435,2.476,4.18200000000002,0.380100614192558,2.5972,3.58799999999999,1,2005,21
2005-01-22,2.57961739130435,2.06099999999998,3.916,0.477633659397035,2.1454,3.31759999999999,1,2005,22
2005-01-23,2.45589913043478,1.89100000000002,3.45100000000002,0.392147087506283,2.024,3.07060000000001,1,2005,23
2005-01-24,2.59368695652174,2.06299999999999,3.59399999999999,0.34211637294121,2.20119999999998,3.08900000000001,1,2005,24
2005-01-25,2.68597217391304,2.17200000000003,3.55200000000002,0.323407951443857,2.28979999999999,3.14360000000001,1,2005,25
2005-01-26,2.41406434782609,1.88,3.041,0.280602321978151,2.04740000000002,2.80900000000003,1,2005,26
2005-01-27,2.27886434782609,1.65100000000001,3.113,0.329691005741403,1.85599999999999,2.73259999999999,1,2005,27
2005-01-28,2.23475304347826,1.52999999999997,3.02499999999998,0.359166876019451,1.77779999999999,2.74460000000001,1,2005,28
2005-01-29,2.39972695652174,1.77199999999999,2.97699999999998,0.283182954282426,2.0128,2.77919999999999,1,2005,29
2005-01-30,2.51361913043479,1.834,3.05500000000001,0.263412474437218,2.1306,2.83280000000001,1,2005,30
2005-01-31,2.40956,1.74200000000002,2.99000000000001,0.272092746792602,2.04479999999999,2.7826,1,2005,31
2005-02-01,2.31275130434783,1.59199999999998,2.83800000000002,0.266824367179554,1.94319999999999,2.64999999999998,2,2005,32
2005-02-02,1.95667478260869,1.18599999999998,2.74900000000002,0.381905091061907,1.45459999999998,2.486,2,2005,33
2005-02-03,1.96777913043478,1.24400000000003,2.77100000000002,0.344826389054105,1.5164,2.43719999999998,2,2005,34
2005-02-04,2.11465043478261,1.35199999999998,2.85500000000002,0.351452567508049,1.63199999999999,2.60399999999998,2,2005,35
2005-02-05,2.03346608695652,1.26600000000002,2.74299999999999,0.369171478169556,1.541,2.55620000000001,2,2005,36
2005-02-06,2.02566434782609,1.27999999999997,2.738,0.370137737379792,1.5224,2.54680000000001,2,2005,37
2005-02-07,1.88308695652174,1.04300000000001,2.536,0.397449621316494,1.30240000000001,2.37320000000002,2,2005,38
2005-02-08,1.89091304347826,1.07799999999997,2.36399999999998,0.30621819795676,1.44459999999999,2.2692,2,2005,39
2005-02-09,1.7693947826087,0.949999999999989,2.495,0.362446260306768,1.3042,2.28600000000001,2,2005,40
2005-02-10,1.78185565217391,1.09800000000001,2.334,0.290683134533667,1.40180000000001,2.1842,2,2005,41
2005-02-11,1.70107130434783,1.108,2.226,0.265299173955098,1.40939999999999,2.11260000000001,2,2005,42
2005-02-12,1.57746086956522,1.06799999999998,2.089,0.267742995462911,1.2774,1.98399999999998,2,2005,43
2005-02-13,1.58552869565217,1.12200000000001,2.02300000000002,0.243495370089996,1.2884,1.9256,2,2005,44
2005-02-14,1.42993565217391,0.875999999999976,2.089,0.402522950671512,0.930800000000011,1.99200000000002,2,2005,45
2005-02-15,1.19230782608696,0.699999999999989,1.87299999999999,0.338550915153377,0.786399999999992,1.71020000000001,2,2005,46
2005-02-16,1.00675304347826,0.661000000000001,1.76299999999998,0.227867002793243,0.75200000000001,1.32560000000001,2,2005,47
2005-02-17,1.28913913043478,0.687000000000012,2.10199999999998,0.37016856238898,0.832399999999984,1.8526,2,2005,48
2005-02-18,1.37192347826087,0.749000000000024,2.06999999999999,0.34690807665204,0.924199999999996,1.88080000000001,2,2005,49
2005-02-19,1.32981739130435,0.911000000000001,1.83499999999998,0.241362659694754,1.00999999999999,1.65480000000001,2,2005,50
2005-02-20,1.18166956521739,0.817999999999984,1.60300000000001,0.206718652820753,0.910400000000016,1.47159999999999,2,2005,51
2005-02-21,1.02417565217391,0.557000000000016,1.464,0.247495268877917,0.671400000000006,1.34880000000001,2,2005,52
2005-02-22,0.85354260869565,0.428999999999974,1.19400000000002,0.201764268505223,0.558400000000006,1.11120000000002,2,2005,53
2005-02-23,0.797862608695652,0.423000000000002,1.25700000000001,0.198096834036296,0.533000000000015,1.06719999999998,2,2005,54
2005-02-24,0.640728695652173,0.187000000000012,1.072,0.221271238774773,0.326800000000003,0.928199999999993,2,2005,55
2005-02-25,0.602822608695652,0.122000000000014,1.00400000000002,0.233478579795125,0.2654,0.893000000000029,2,2005,56
2005-02-26,0.669387826086956,0.189999999999998,1.245,0.252826290763076,0.317599999999982,0.967600000000004,2,2005,57
2005-02-27,0.641351304347827,0.16500000000002,1.30599999999998,0.260198995934323,0.288199999999995,0.948400000000004,2,2005,58
2005-02-28,0.530420869565218,0.0380000000000109,1.09699999999998,0.251443082931199,0.170000000000005,0.825600000000009,2,2005,59
2005-03-01,0.774281739130434,0.331999999999994,1.24799999999999,0.234445391806132,0.45999999999998,1.1038,3,2005,60
2005-03-02,1.07935130434783,0.58299999999997,1.767,0.311625565534963,0.725800000000004,1.5936,3,2005,61
2005-03-03,1.10344347826087,0.550000000000011,1.79899999999998,0.33252149838294,0.718000000000018,1.645,3,2005,62
2005-03-04,1.20155826086956,0.75,1.69299999999998,0.23897990161677,0.882199999999989,1.5456,3,2005,63
2005-03-05,1.31623652173913,0.968000000000018,1.75700000000001,0.190448616869022,1.072,1.589,3,2005,64
2005-03-06,1.58373391304348,1.036,2.18000000000001,0.327140797743495,1.14319999999999,2.04660000000001,3,2005,65
2005-03-07,1.56161739130435,0.939000000000021,2.30200000000002,0.379087368750916,1.08379999999997,2.12559999999999,3,2005,66
2005-03-08,1.52104173913043,1.02300000000002,2.06999999999999,0.311370363845519,1.11479999999998,1.97159999999999,3,2005,67
2005-03-09,1.36774956521739,0.999000000000024,2.17599999999999,0.313061598333071,1.0348,1.86220000000001,3,2005,68
2005-03-10,1.51538260869565,1.15100000000001,2.25,0.278013128014818,1.209,1.9412,3,2005,69
2005-03-11,1.63997565217391,1.38900000000001,2.11599999999999,0.167464665049964,1.45640000000001,1.89039999999999,3,2005,70
2005-03-12,1.83537043478261,1.56,2.13799999999998,0.142990387931327,1.6394,2.03199999999998,3,2005,71
2005-03-13,1.82118956521739,1.55900000000003,2.358,0.173850682544645,1.62299999999999,2.06679999999999,3,2005,72
2005-03-14,1.73982782608696,1.41500000000002,2.351,0.195865371680814,1.50900000000001,1.98279999999999,3,2005,73
2005-03-15,1.84482260869565,1.55200000000002,2.31900000000002,0.16761205574217,1.63640000000001,2.07400000000001,3,2005,74
2005-03-16,1.94485043478261,1.59100000000001,2.50400000000002,0.262685843082063,1.6514,2.36500000000001,3,2005,75
2005-03-17,1.95694260869565,1.584,2.58499999999998,0.281865713900477,1.66040000000002,2.4196,3,2005,76
2005-03-18,2.07308,1.75900000000001,2.59500000000003,0.20661431321447,1.88999999999999,2.4342,3,2005,77
2005-03-19,2.36153739130435,1.77999999999997,2.858,0.255870417668361,2.0004,2.72460000000001,3,2005,78
2005-03-20,2.48613565217391,1.90100000000001,3.03100000000001,0.280297997904277,2.09779999999998,2.89260000000002,3,2005,79
2005-03-21,2.45777217391304,2.05500000000001,2.92599999999999,0.211735944104335,2.1924,2.7682,3,2005,80
2005-03-22,2.5513547826087,2.01999999999998,3.12900000000002,0.230232981621639,2.31400000000002,2.8966,3,2005,81
2005-03-23,2.69179478260869,1.90100000000001,3.536,0.320591297623789,2.3466,3.15839999999999,3,2005,82
2005-03-24,2.68183478260869,1.72199999999998,3.29899999999998,0.354635380557923,2.27180000000002,3.17760000000001,3,2005,83
2005-03-25,2.72832869565217,1.726,3.40699999999998,0.403961970121007,2.18160000000001,3.24979999999998,3,2005,84
2005-03-26,2.7656452173913,1.87799999999999,3.428,0.423046808442057,2.1576,3.3042,3,2005,85
2005-03-27,2.79483652173913,2.10000000000002,3.274,0.274258825823141,2.401,3.13820000000001,3,2005,86
2005-03-28,2.72814260869565,2.12299999999999,3.10599999999999,0.20855932864442,2.47500000000002,2.97000000000003,3,2005,87
2005-03-29,3.37201913043478,2.69200000000001,3.51499999999999,0.120638969480971,3.25940000000001,3.476,3,2005,88
2005-03-30,3.40585739130435,2.858,3.66199999999998,0.11021570793409,3.27939999999999,3.52699999999999,3,2005,89
2005-03-31,3.35477565217391,2.85399999999998,3.60199999999998,0.140750378658679,3.1284,3.5078,3,2005,90
2005-04-01,3.2390852173913,2.84699999999998,3.45100000000002,0.13728028263595,3.02999999999997,3.40659999999999,4,2005,91
2005-04-02,3.32154434782609,3.18799999999999,3.39800000000002,0.0447313042551479,3.25799999999998,3.37460000000001,4,2005,92
2005-04-03,3.23960347826087,2.99000000000001,3.52999999999997,0.126058553350805,3.084,3.4256,4,2005,93
2005-04-04,3.30404869565217,3.19,3.48000000000002,0.0591720846657997,3.23040000000001,3.39060000000001,4,2005,94
2005-04-05,4.06671304347826,3.49599999999998,4.33199999999999,0.198063075742119,3.74020000000002,4.2636,4,2005,95
2005-04-06,4.39622260869565,4.06,4.70100000000002,0.151169076638904,4.17740000000001,4.58919999999999,4,2005,96
2005-04-07,4.61185391304348,4.05900000000003,5.02300000000002,0.256897421632897,4.22139999999999,4.91659999999998,4,2005,97
2005-04-08,5.0693547826087,4.19299999999998,5.36599999999999,0.191089830674911,4.82919999999999,5.27480000000002,4,2005,98
2005-04-09,5.0533947826087,4.214,5.38400000000001,0.214623572035041,4.77859999999999,5.2744,4,2005,99
2005-04-10,5.22652695652174,4.45999999999998,5.70299999999997,0.230902657334353,4.9636,5.5626,4,2005,100
2005-04-11,4.96361739130435,4.28100000000001,5.41199999999998,0.237012157416487,4.71600000000001,5.286,4,2005,101
2005-04-12,4.97726086956522,4.32299999999998,5.47500000000002,0.228166754188713,4.70739999999998,5.22699999999998,4,2005,102
2005-04-13,4.80083478260869,4.33999999999997,5.00299999999999,0.145517598971265,4.61600000000002,4.97000000000003,4,2005,103
2005-04-14,5.22491130434783,4.76400000000001,5.77699999999999,0.277885672216486,4.8962,5.62059999999999,4,2005,104
2005-04-15,5.22411826086957,4.71699999999998,5.75299999999999,0.194719981017417,4.94640000000001,5.4376,4,2005,105
2005-04-16,5.23638608695652,4.97899999999998,5.43900000000002,0.0942271357741205,5.10239999999999,5.34960000000001,4,2005,106
2005-04-17,5.60407130434783,5.33299999999997,5.77999999999997,0.0787669131942429,5.50400000000002,5.70859999999999,4,2005,107
2005-04-18,6.17323652173913,5.68299999999999,6.78500000000003,0.25229209826117,5.8758,6.5928,4,2005,108
2005-04-19,6.45937391304348,6.01800000000003,7.18900000000002,0.246352501646347,6.1138,6.79960000000001,4,2005,109
2005-04-20,6.8558747826087,6.55900000000003,7.47399999999999,0.242190227392661,6.61840000000001,7.262,4,2005,110
2005-04-21,7.07444,6.82600000000002,7.27699999999999,0.0711179723630484,7.0144,7.19200000000001,4,2005,111
2005-04-22,6.99378260869565,6.70400000000001,7.21699999999998,0.121122492682411,6.81999999999999,7.15499999999997,4,2005,112
2005-04-23,6.77084695652174,6.55700000000002,6.94099999999997,0.0917940860689666,6.6404,6.8896,4,2005,113
2005-04-24,6.38704173913043,6.18700000000001,6.56299999999999,0.114726405332834,6.21539999999999,6.529,4,2005,114
2005-04-25,6.35602782608696,5.95299999999997,6.77600000000001,0.243919767306581,6.04199999999997,6.70600000000002,4,2005,115
2005-04-26,6.48300869565217,6.04300000000001,7.02699999999999,0.275812650890334,6.14600000000002,6.90299999999999,4,2005,116
2005-04-27,6.86481565217391,6.44499999999999,7.44200000000001,0.261158610072902,6.517,7.24279999999999,4,2005,117
2005-04-28,6.93000869565217,6.69900000000001,7.13200000000001,0.126008177908673,6.74900000000002,7.08959999999998,4,2005,118
2005-04-29,6.85262086956522,6.39100000000002,7.08999999999997,0.115923224544478,6.7138,7.00820000000001,4,2005,119
2005-04-30,6.95111130434783,6.47500000000002,7.404,0.17881152787964,6.73740000000001,7.18820000000002,4,2005,120
2005-05-01,7.1666,6.49299999999999,7.59399999999999,0.209057800053158,6.95499999999998,7.49120000000002,5,2005,121
2005-05-02,7.24060347826087,6.53399999999999,7.76600000000002,0.235700592544565,6.99000000000001,7.59199999999998,5,2005,122
2005-05-03,7.27750608695652,6.82799999999997,7.62200000000001,0.220374252974421,6.9504,7.55639999999999,5,2005,123
2005-05-04,7.43272695652174,7.01299999999998,8.084,0.301544422196456,7.07640000000001,7.8956,5,2005,124
2005-05-05,7.64388869565217,7.15199999999999,8.584,0.378444710280888,7.245,8.18559999999999,5,2005,125
2005-05-06,7.59013043478261,7.17000000000002,8.19600000000003,0.305296649068964,7.20640000000001,8.01900000000001,5,2005,126
2005-05-07,7.41227652173913,7.27100000000002,7.53500000000003,0.0847768646642807,7.28739999999999,7.52100000000002,5,2005,127
2005-05-08,6.78390434782609,6.63299999999998,7.02699999999999,0.0719946007839404,6.6994,6.89119999999999,5,2005,128
2005-05-09,6.60177043478261,6.29500000000002,6.86500000000001,0.13022150585748,6.43799999999998,6.78339999999999,5,2005,129
2005-05-10,6.64763652173913,6.40600000000001,7.03399999999999,0.152485419609402,6.46499999999997,6.87200000000001,5,2005,130
2005-05-11,6.89227304347826,6.56799999999998,7.35000000000002,0.197681835898511,6.64340000000002,7.14260000000002,5,2005,131
2005-05-12,7.84782434782609,7.45999999999998,8.44499999999999,0.223320184113822,7.5754,8.19759999999999,5,2005,132
2005-05-13,7.88898608695652,7.35699999999997,8.57999999999998,0.278047879868683,7.5338,8.29199999999997,5,2005,133
2005-05-14,7.62941739130435,7.23599999999999,8.12099999999998,0.22451740667286,7.31940000000001,7.93240000000002,5,2005,134
2005-05-15,8.17614260869565,7.92500000000001,8.41899999999998,0.123632240321209,8.00799999999998,8.3486,5,2005,135
2005-05-16,8.20209565217391,7.90899999999999,8.48000000000002,0.132654129270153,8.01740000000001,8.38560000000001,5,2005,136
2005-05-17,8.02590782608696,7.55500000000001,8.40300000000002,0.198312462928034,7.73679999999999,8.27800000000002,5,2005,137
2005-05-18,8.84295130434783,8.44499999999999,9.06700000000001,0.0863325213625272,8.7414,8.93700000000001,5,2005,138
2005-05-19,9.05805913043478,8.55900000000003,9.47899999999998,0.242266662729982,8.72540000000001,9.3766,5,2005,139
2005-05-20,9.0698,8.49900000000002,9.553,0.266340734322751,8.71840000000001,9.42880000000001,5,2005,140
2005-05-21,8.90631304347826,8.21100000000001,9.226,0.158815177858015,8.73599999999999,9.12559999999999,5,2005,141
2005-05-22,8.67254260869565,8.048,8.86500000000001,0.157817688593211,8.43240000000001,8.81299999999999,5,2005,142
2005-05-23,8.36897043478261,7.96300000000002,8.61200000000002,0.165713789709803,8.1138,8.55900000000003,5,2005,143
2005-05-24,7.18565739130435,6.88200000000001,7.39100000000002,0.114940808172845,7.024,7.33359999999999,5,2005,144
2005-05-25,6.69493565217391,6.49900000000002,6.82100000000003,0.0715093207921702,6.59380000000002,6.786,5,2005,145
2005-05-26,6.53194956521739,6.37200000000001,6.63799999999998,0.0643054765631413,6.43340000000001,6.60899999999998,5,2005,146
2005-05-27,6.78954782608696,6.50200000000001,6.99900000000002,0.116181631461982,6.6154,6.935,5,2005,147
2005-05-28,7.26862434782609,6.899,7.52999999999997,0.144178538535022,7.06440000000001,7.452,5,2005,148
2005-05-29,10.1578208695652,9.53100000000001,10.475,0.212073176795924,9.81759999999998,10.4066,5,2005,149
2005-05-30,10.6316765217391,10.128,11.096,0.219752996566772,10.3508,10.945,5,2005,150
2005-05-31,10.2457339130435,9.93799999999999,10.659,0.141095997967081,10.0994,10.4594,5,2005,151
2005-06-01,10.1699513043478,9.81200000000001,10.572,0.165140752111276,9.93799999999999,10.3816,6,2005,152
2005-06-02,10.4036260869565,9.78300000000002,11.253,0.356160430047367,9.99000000000001,10.9122,6,2005,153
2005-06-03,10.7616260869565,9.959,11.447,0.331679247182673,10.2984,11.1758,6,2005,154
2005-06-04,10.8160817391304,10.074,11.119,0.236311866365452,10.439,11.071,6,2005,155
2005-06-05,11.0484156521739,10.636,11.373,0.169017583869317,10.815,11.268,6,2005,156
2005-06-06,11.2814208695652,10.917,11.656,0.164187897744605,11.085,11.52,6,2005,157
2005-06-07,11.7369617391304,11.378,12.102,0.163108454322684,11.5174,11.966,6,2005,158
2005-06-08,11.90568,11.408,12.389,0.223164300655611,11.5774,12.2126,6,2005,159
2005-06-09,12.7449930434783,12.417,13.113,0.200159143878943,12.474,13.0042,6,2005,160
2005-06-10,13.1881147826087,12.758,13.49,0.153960708279696,12.976,13.3966,6,2005,161
2005-06-11,12.9609008695652,12.447,13.399,0.212638867720473,12.664,13.249,6,2005,162
2005-06-12,13.5147460869565,12.918,14.047,0.255004689882047,13.158,13.8506,6,2005,163
2005-06-13,12.8444313043478,12.396,13.324,0.21340410471759,12.5452,13.1282,6,2005,164
2005-06-14,12.1794765217391,11.9,12.483,0.13879926493346,11.989,12.365,6,2005,165
2005-06-15,10.9697826086957,10.693,11.28,0.146486040207801,10.7734,11.178,6,2005,166
2005-06-16,9.69154608695652,9.49599999999998,9.976,0.112981270446013,9.55000000000001,9.85779999999999,6,2005,167
2005-06-17,9.93510086956522,9.59500000000003,10.346,0.184865899931357,9.6884,10.197,6,2005,168
2005-06-18,11.229172173913,10.967,11.436,0.103179893940432,11.085,11.358,6,2005,169
2005-06-19,11.7332591304348,11.323,12.145,0.201664529752305,11.4694,12.0228,6,2005,170
2005-06-20,12.1020713043478,11.602,12.4,0.171594145168072,11.8678,12.308,6,2005,171
2005-06-21,12.6635269565217,12.238,12.945,0.166025392311806,12.4194,12.8436,6,2005,172
2005-06-22,12.7126260869565,12.315,13.184,0.256633290240663,12.377,13.0694,6,2005,173
2005-06-23,12.9230991304348,12.277,13.853,0.42810819839015,12.3832,13.4882,6,2005,174
2005-06-24,13.3459026086957,12.572,14.281,0.517997461663037,12.696,13.9974,6,2005,175
2005-06-25,13.589947826087,12.816,14.037,0.317906299704186,13.0992,13.9496,6,2005,176
2005-06-26,14.3254643478261,13.419,14.739,0.342196056593748,13.7904,14.673,6,2005,177
2005-06-27,14.8496886956522,14.685,15.058,0.0748037534288306,14.742,14.9366,6,2005,178
2005-06-28,15.1445373913043,14.772,15.485,0.151103138427567,14.946,15.352,6,2005,179
2005-06-29,15.251787826087,14.636,15.788,0.280182531702192,14.8488,15.6122,6,2005,180
2005-06-30,15.0447130434783,14.476,15.608,0.277497413906944,14.6566,15.4116,6,2005,181
2005-07-01,15.0406713043478,14.205,15.645,0.343517257290894,14.5664,15.4996,7,2005,182
2005-07-02,15.3885373913043,14.4,16.183,0.442034780637038,14.7492,15.9172,7,2005,183
2005-07-03,15.3864347826087,14.474,16.259,0.425971076099164,14.7992,15.8996,7,2005,184
2005-07-04,15.2096504347826,14.484,15.761,0.321762044267723,14.7196,15.5826,7,2005,185
2005-07-05,15.1042208695652,14.392,15.8,0.307029879005335,14.6422,15.487,7,2005,186
2005-07-06,14.9136034782609,14.594,15.472,0.183156211735471,14.7078,15.1976,7,2005,187
2005-07-07,14.6582956521739,14.171,15.256,0.283245075976064,14.2916,15.0694,7,2005,188
2005-07-08,13.9470313043478,13.599,14.342,0.126752161782703,13.782,14.1154,7,2005,189
2005-07-09,13.7081634782609,13.271,14.318,0.254120553002436,13.3668,14.0626,7,2005,190
2005-07-10,13.8510956521739,13.34,14.546,0.30412452674607,13.4452,14.245,7,2005,191
2005-07-11,14.4412747826087,13.828,15.23,0.364567703964744,13.9674,15.0148,7,2005,192
2005-07-12,14.8148573913043,14.203,15.703,0.290580928132897,14.5154,15.255,7,2005,193
2005-07-13,15.3320852173913,14.794,15.816,0.270391659486328,14.972,15.6826,7,2005,194
2005-07-14,15.6151443478261,14.979,16.127,0.267162333753998,15.2114,15.884,7,2005,195
2005-07-15,16.22512,15.832,16.757,0.180228159308321,16.018,16.5058,7,2005,196
2005-07-16,16.5638434782609,16.21,16.915,0.126250842016327,16.416,16.7384,7,2005,197
2005-07-17,16.6504086956522,16.316,17.113,0.197850412277912,16.441,16.978,7,2005,198
2005-07-18,16.7616539130435,16.455,17.055,0.118371220610449,16.6294,16.9476,7,2005,199
2005-07-19,16.95592,16.716,17.26,0.108870062243766,16.8178,17.1076,7,2005,200
2005-07-20,17.2122382608696,16.583,17.859,0.340326304677594,16.7758,17.7048,7,2005,201
2005-07-21,17.969307826087,17.363,18.364,0.164171515833653,17.757,18.144,7,2005,202
2005-07-22,18.0647147826087,17.153,18.518,0.270452141825551,17.631,18.332,7,2005,203
2005-07-23,17.7865756521739,16.612,18.595,0.460224945868734,17.0948,18.3432,7,2005,204
2005-07-24,17.5632191304348,16.253,18.353,0.497695764347475,16.8448,18.1644,7,2005,205
2005-07-25,16.9842817391304,15.713,17.448,0.443970638053257,16.1984,17.3946,7,2005,206
2005-07-26,16.2370208695652,15.699,17.07,0.340663218054328,15.874,16.8354,7,2005,207
2005-07-27,16.200867826087,15.944,16.632,0.171466425614058,16.0188,16.4646,7,2005,208
2005-07-28,15.993732173913,15.763,16.38,0.140212585951487,15.857,16.245,7,2005,209
2005-07-29,16.0505391304348,15.799,16.566,0.186341051777755,15.8994,16.3966,7,2005,210
2005-07-30,16.3394765217391,15.543,16.785,0.236194382805172,16.044,16.641,7,2005,211
2005-07-31,16.7175739130435,16.372,16.97,0.111346718194924,16.5948,16.8838,7,2005,212
2005-08-01,16.9153669565217,16.631,17.307,0.149012893603989,16.7134,17.1188,8,2005,213
2005-08-02,17.2969965217391,16.657,17.778,0.280395707173133,16.9018,17.6748,8,2005,214
2005-08-03,18.0972156521739,16.849,18.659,0.42261723784027,17.4342,18.499,8,2005,215
2005-08-04,18.4042330434783,17.381,19.052,0.279542834762764,18.011,18.7106,8,2005,216
2005-08-05,18.5443095652174,17.792,19.094,0.196485979752648,18.3174,18.8216,8,2005,217
2005-08-06,19.0022556521739,18.252,19.475,0.228233289701792,18.698,19.3034,8,2005,218
2005-08-07,19.2273965217391,18.431,19.712,0.279232121519408,18.8418,19.5686,8,2005,219
2005-08-08,19.1832452173913,18.409,19.551,0.246198902706705,18.8254,19.4672,8,2005,220
2005-08-09,18.7498713043478,18.101,19.035,0.191759178950345,18.4608,18.9566,8,2005,221
2005-08-10,18.3083495652174,17.931,18.949,0.240579457045379,18.03,18.6994,8,2005,222
2005-08-11,18.1568139130435,17.702,18.991,0.318978501041445,17.8448,18.7212,8,2005,223
2005-08-12,18.0526573913043,17.69,18.65,0.24611981695166,17.794,18.4728,8,2005,224
2005-08-13,17.791427826087,17.514,17.994,0.097351877611755,17.6544,17.91,8,2005,225
2005-08-14,17.7275808695652,17.441,18.179,0.161049638448952,17.5324,17.9678,8,2005,226
2005-08-15,17.753212173913,17.525,18.191,0.142370205665701,17.6084,17.9796,8,2005,227
2005-08-16,17.7747947826087,17.512,18.273,0.145591439377864,17.6224,17.9832,8,2005,228
2005-08-17,17.9496104347826,17.616,18.498,0.168799051394114,17.785,18.2094,8,2005,229
2005-08-18,17.941787826087,17.474,18.895,0.308972265465927,17.589,18.3452,8,2005,230
2005-08-19,18.113812173913,17.657,18.726,0.273138373231732,17.7914,18.5428,8,2005,231
2005-08-20,18.6319443478261,17.919,19.128,0.268077522133149,18.2522,18.9638,8,2005,232
2005-08-21,18.6077808695652,17.709,19.249,0.295608456515883,18.1088,18.8492,8,2005,233
2005-08-22,18.5429234782609,17.602,19.257,0.341150739244158,17.9634,18.9064,8,2005,234
2005-08-23,18.5376295652174,17.496,19.207,0.415479912463841,17.9068,18.9836,8,2005,235
2005-08-24,18.1327356521739,17.439,18.669,0.318013832394603,17.737,18.5292,8,2005,236
2005-08-25,18.1892834782609,17.488,18.738,0.307664583849243,17.7624,18.5846,8,2005,237
2005-08-26,17.9878469565217,17.345,18.615,0.318050246211641,17.546,18.422,8,2005,238
2005-08-27,17.6482643478261,17.031,18.29,0.297780540929016,17.3116,18.0812,8,2005,239
2005-08-28,17.6131547826087,17.065,18.228,0.284311513970531,17.2768,18.0262,8,2005,240
2005-08-29,17.5279426086957,16.856,18.204,0.31118552984149,17.1334,17.9762,8,2005,241
2005-08-30,17.6045530434783,16.983,18.181,0.271690276789666,17.2558,17.9878,8,2005,242
2005-08-31,17.7001234782609,17.402,18.005,0.139935227879965,17.5074,17.886,8,2005,243
2005-09-01,17.213027826087,16.797,17.666,0.223991186186349,16.8694,17.5008,9,2005,244
2005-09-02,17.126812173913,16.413,17.876,0.472749257144084,16.4804,17.692,9,2005,245
2005-09-03,17.3334017391304,16.557,18.123,0.513486559063072,16.644,18.0232,9,2005,246
2005-09-04,17.3663113043478,16.654,17.974,0.417503095768784,16.772,17.897,9,2005,247
2005-09-05,17.5548782608696,17.01,18.342,0.370358220692616,17.1074,18.0876,9,2005,248
2005-09-06,17.0226817391304,16.648,17.782,0.277901458854046,16.7048,17.4486,9,2005,249
2005-09-07,17.0678417391304,16.742,18.047,0.316040746827852,16.7654,17.528,9,2005,250
2005-09-08,17.1372365217391,16.796,17.683,0.251376689705417,16.8552,17.5578,9,2005,251
2005-09-09,17.2241982608696,16.732,17.677,0.159247191313446,17.0784,17.4696,9,2005,252
2005-09-10,16.8001547826087,16.119,17.473,0.293608462007277,16.3718,17.1796,9,2005,253
2005-09-11,16.3269043478261,15.456,17.182,0.329811776484547,15.9764,16.773,9,2005,254
2005-09-12,15.9792434782609,15.48,16.603,0.202725256110906,15.7904,16.3012,9,2005,255
2005-09-13,15.8951304347826,15.452,16.391,0.237165525406726,15.5722,16.2312,9,2005,256
2005-09-14,15.8649026086957,15.285,16.288,0.266496185674854,15.4794,16.1922,9,2005,257
2005-09-15,15.9275756521739,15.511,16.599,0.217936851365607,15.621,16.1624,9,2005,258
2005-09-16,16.2293756521739,15.783,16.911,0.247330538399458,15.9524,16.5812,9,2005,259
2005-09-17,15.6897808695652,14.813,16.443,0.373192653700801,15.2124,16.2262,9,2005,260
2005-09-18,15.618467826087,14.917,16.193,0.218893977624758,15.3828,15.9138,9,2005,261
2005-09-19,15.5295391304348,15.043,16.203,0.184901380953971,15.3224,15.8012,9,2005,262
2005-09-20,15.3838626086957,14.953,15.771,0.22490586550406,15.0694,15.7096,9,2005,263
2005-09-21,15.1844765217391,14.648,15.749,0.327429247172969,14.7604,15.6278,9,2005,264
2005-09-22,14.9670260869565,14.343,15.53,0.315603676314067,14.5332,15.3546,9,2005,265
2005-09-23,14.6390069565217,14.067,15.124,0.308159728176783,14.1768,15.015,9,2005,266
2005-09-24,14.2660869565217,13.521,14.895,0.30229198697131,13.8172,14.6378,9,2005,267
2005-09-25,13.8724469565217,13.156,14.309,0.236364605453322,13.563,14.1786,9,2005,268
2005-09-26,13.4862226086957,13.044,13.931,0.193976342472931,13.269,13.7924,9,2005,269
2005-09-27,13.2263113043478,12.49,13.822,0.346019372875407,12.679,13.6402,9,2005,270
2005-09-28,12.9420452173913,12.029,13.607,0.325174176924589,12.5096,13.4206,9,2005,271
2005-09-29,12.33064,11.857,12.657,0.180074831909148,12.0684,12.5606,9,2005,272
2005-09-30,12.2991426086957,11.793,12.692,0.229254815801316,11.941,12.5856,9,2005,273
2005-10-01,12.8423756521739,12.149,13.436,0.360195240463891,12.3136,13.2982,10,2005,274
2005-10-02,12.8107286956522,12.3,13.375,0.247177585995029,12.4804,13.13,10,2005,275
2005-10-03,12.947027826087,12.533,13.324,0.173768727488382,12.678,13.136,10,2005,276
2005-10-04,13.087987826087,12.701,13.374,0.181694813019025,12.775,13.273,10,2005,277
2005-10-05,13.4091147826087,12.885,13.88,0.234709719243209,13.094,13.7286,10,2005,278
2005-10-06,13.7695130434783,13.363,14.176,0.192513494038892,13.513,14.0212,10,2005,279
2005-10-07,13.7884260869565,13.443,14.204,0.178130626856272,13.5624,14.0256,10,2005,280
2005-10-08,13.7116191304348,13.044,14.084,0.214709063300444,13.407,13.9688,10,2005,281
2005-10-09,12.924172173913,12.02,13.728,0.49124673213936,12.1906,13.5436,10,2005,282
2005-10-10,12.1499495652174,11.875,12.462,0.142632819313372,11.9484,12.3362,10,2005,283
2005-10-11,12.4970643478261,11.893,13.143,0.358733371378585,12.0284,12.9976,10,2005,284
2005-10-12,12.9020573913043,12.305,13.353,0.243244801148689,12.565,13.2164,10,2005,285
2005-10-13,12.9768973913043,12.469,13.384,0.197653353976427,12.7302,13.2484,10,2005,286
2005-10-14,12.7753356521739,12.368,13.065,0.149066340603518,12.5732,12.971,10,2005,287
2005-10-15,12.536507826087,12.361,12.694,0.0818387949158584,12.4324,12.6472,10,2005,288
2005-10-16,11.7204382608696,11.637,11.953,0.0659755730092888,11.651,11.8212,10,2005,289
2005-10-17,11.6600973913043,11.456,11.921,0.0826194262415693,11.559,11.7656,10,2005,290
2005-10-18,11.689267826087,11.497,11.918,0.0949144741992149,11.556,11.8096,10,2005,291
2005-10-19,11.6918139130435,11.489,12.012,0.116821561186309,11.5504,11.88,10,2005,292
2005-10-20,11.7881304347826,11.545,12.073,0.110292367379049,11.655,11.9506,10,2005,293
2005-10-21,11.5831756521739,11.23,11.934,0.188782737701925,11.3152,11.8316,10,2005,294
2005-10-22,11.2641895652174,11.14,11.396,0.0749803730113328,11.163,11.363,10,2005,295
2005-10-23,11.0439582608696,11.009,11.125,0.0274447496378543,11.014,11.088,10,2005,296
2005-10-24,11.3758243478261,11.319,11.455,0.0363422863272041,11.331,11.431,10,2005,297
2005-10-25,10.537107826087,10.372,10.699,0.0713224912699031,10.4454,10.637,10,2005,298
2005-10-26,10.6004452173913,10.392,10.988,0.142410324031825,10.468,10.8368,10,2005,299
2005-10-27,10.6257669565217,10.367,11.052,0.165358151956356,10.4754,10.8974,10,2005,300
2005-10-28,10.4887808695652,10.264,10.928,0.173772701821079,10.3134,10.7676,10,2005,301
2005-10-29,10.0143947826087,9.85000000000002,10.235,0.116706915621638,9.87400000000002,10.1876,10,2005,302
2005-10-30,9.81342086956522,9.63999999999999,9.98399999999998,0.0962559573210922,9.69540000000001,9.95400000000001,10,2005,303
2005-10-31,9.87731304347826,9.41000000000003,10.306,0.212923067898968,9.61439999999999,10.1902,10,2005,304
2005-11-01,9.89197565217391,9.25599999999997,10.386,0.246389212437262,9.59920000000001,10.2466,11,2005,305
2005-11-02,9.70467130434783,9.26900000000001,9.98599999999999,0.16942400306993,9.47380000000002,9.92160000000001,11,2005,306
2005-11-03,9.68296,9.05200000000002,10.059,0.266831649283277,9.29839999999999,9.98359999999999,11,2005,307
2005-11-04,9.68893565217391,8.935,10.117,0.3286019817388,9.1872,10.05,11,2005,308
2005-11-05,9.72836173913043,9.21100000000001,10.125,0.275255651703793,9.33319999999999,10.0566,11,2005,309
2005-11-06,10.014627826087,9.92200000000003,10.149,0.0529913271909749,9.947,10.087,11,2005,310
2005-11-07,9.88812869565217,9.69099999999997,10.089,0.108537285269127,9.75900000000001,10.057,11,2005,311
2005-11-08,9.90198956521739,9.66899999999998,10.23,0.171459628111432,9.71300000000002,10.172,11,2005,312
2005-11-09,10.1903443478261,9.81900000000002,10.666,0.249127822931851,9.90039999999999,10.57,11,2005,313
2005-11-10,9.59045913043478,9.32400000000001,9.88200000000001,0.132693884112178,9.41800000000001,9.7766,11,2005,314
2005-11-11,9.51913565217391,9.05599999999998,9.92399999999998,0.214400003165509,9.22420000000001,9.82160000000001,11,2005,315
2005-11-12,9.20299130434783,8.851,9.69,0.223888298728471,8.952,9.55200000000002,11,2005,316
2005-11-13,9.10378086956522,8.85300000000001,9.59500000000003,0.187150084127125,8.9194,9.42760000000001,11,2005,317
2005-11-14,9.33390260869565,9.00799999999998,9.65699999999998,0.144738515555359,9.13179999999998,9.5158,11,2005,318
2005-11-15,9.35418434782609,8.90600000000001,9.60500000000002,0.181846847817615,9.07900000000001,9.5696,11,2005,319
2005-11-16,9.09034260869565,8.80599999999998,9.24200000000002,0.104875913953956,8.9278,9.20959999999999,11,2005,320
2005-11-17,9.0979547826087,8.73399999999998,9.38400000000001,0.172734982729167,8.85779999999997,9.32060000000001,11,2005,321
2005-11-18,8.81795130434783,8.41800000000001,9.19200000000001,0.19593375398876,8.54120000000002,9.06419999999999,11,2005,322
2005-11-19,8.3592,7.928,8.95999999999998,0.211528064216594,8.053,8.63299999999998,11,2005,323
2005-11-20,8.35516,7.94400000000002,8.858,0.229129101353599,8.048,8.7152,11,2005,324
2005-11-21,8.55294956521739,8.37099999999998,8.76800000000003,0.109086925807884,8.42000000000002,8.70839999999999,11,2005,325
2005-11-22,8.75119304347826,8.59500000000003,8.80099999999999,0.0410585451849821,8.68799999999999,8.79000000000002,11,2005,326
2005-11-23,8.55940695652174,8.38900000000001,8.71600000000001,0.0717152078130006,8.46340000000001,8.65699999999998,11,2005,327
2005-11-24,8.49431130434783,8.24900000000002,8.976,0.172036628445925,8.29839999999999,8.74399999999998,11,2005,328
2005-11-25,8.29288695652174,8.02999999999997,8.73500000000001,0.163693995408222,8.1164,8.54500000000002,11,2005,329
2005-11-26,8.19457913043478,7.96800000000002,8.73099999999999,0.146341923073056,8.04899999999998,8.40079999999999,11,2005,330
2005-11-27,8.19203652173913,8.06299999999999,8.43799999999999,0.0967020842015619,8.09199999999998,8.33959999999998,11,2005,331
2005-11-28,8.2308,8.13499999999999,8.32499999999999,0.0474616294682032,8.16500000000002,8.29300000000001,11,2005,332
2005-11-29,8.05614956521739,7.62700000000001,8.47000000000003,0.217105279369134,7.74940000000001,8.34560000000001,11,2005,333
2005-11-30,7.87873739130435,7.26100000000002,8.43099999999998,0.332573136087149,7.41380000000001,8.32539999999999,11,2005,334
2005-12-01,7.80673565217391,7.15199999999999,8.363,0.351955061816924,7.30900000000003,8.27300000000002,12,2005,335
2005-12-02,7.73119130434783,7.14600000000002,8.28399999999999,0.319953184065951,7.286,8.16420000000002,12,2005,336
2005-12-03,8.22708347826087,7.75299999999999,8.79000000000002,0.27264002889109,7.86799999999999,8.6146,12,2005,337
2005-12-04,8.2099652173913,7.90300000000002,8.67000000000002,0.210850969151777,7.9698,8.54519999999999,12,2005,338
2005-12-05,7.96826956521739,7.63600000000002,8.34199999999998,0.170296560438539,7.73399999999998,8.2252,12,2005,339
2005-12-06,7.82174260869565,7.38299999999998,8.11799999999999,0.157178718859051,7.56520000000002,7.97659999999999,12,2005,340
2005-12-07,7.83205217391304,7.44299999999998,8.315,0.181495320270549,7.60839999999999,8.11359999999999,12,2005,341
2005-12-08,7.87950260869565,7.35699999999997,8.61399999999998,0.256553014082848,7.58819999999998,8.27220000000002,12,2005,342
2005-12-09,7.56275304347826,7.01299999999998,7.88099999999997,0.182566196920852,7.24599999999998,7.76060000000001,12,2005,343
2005-12-10,7.38806260869565,6.75999999999999,7.81,0.222998756836611,7.00280000000001,7.63159999999999,12,2005,344
2005-12-11,7.19384347826087,6.86000000000001,7.59199999999998,0.178450590049252,6.98479999999997,7.4976,12,2005,345
2005-12-12,7.21607826086956,6.74900000000002,7.81099999999998,0.272015446752995,6.9038,7.62320000000002,12,2005,346
2005-12-13,6.80252173913044,6.63600000000002,7.15300000000002,0.12585678132161,6.66399999999999,7.00799999999998,12,2005,347
2005-12-14,6.5525652173913,6.334,6.92599999999999,0.147073195791982,6.37299999999999,6.74160000000002,12,2005,348
2005-12-15,6.56308347826087,6.25700000000001,7.18400000000003,0.210675295483959,6.30200000000002,6.82099999999998,12,2005,349
2005-12-16,6.36706434782609,6.10699999999997,6.904,0.195635071543927,6.17500000000001,6.67099999999999,12,2005,350
2005-12-17,6.26636,5.988,7.09300000000002,0.241394808970511,6.04500000000002,6.62899999999997,12,2005,351
2005-12-18,6.2121147826087,5.98199999999997,6.726,0.163769950107147,6.06200000000001,6.46720000000001,12,2005,352
2005-12-19,6.08630260869565,5.81299999999999,6.76400000000001,0.178255216489522,5.94039999999999,6.3538,12,2005,353
2005-12-20,6.06778608695652,5.77499999999998,6.53899999999999,0.156694084263012,5.91139999999999,6.2996,12,2005,354
2005-12-21,6.09429739130435,5.79599999999999,6.59300000000002,0.162881608455265,5.95299999999997,6.34220000000001,12,2005,355
2005-12-22,5.92638260869565,5.53899999999999,6.65199999999999,0.237109370029007,5.6982,6.3022,12,2005,356
2005-12-23,5.91771826086956,5.654,6.49799999999999,0.18691152185046,5.74179999999999,6.21180000000001,12,2005,357
2005-12-24,5.89011826086956,5.601,6.03699999999998,0.0915794238246258,5.7574,5.9926,12,2005,358
2005-12-25,5.95073391304348,5.65800000000002,6.18599999999998,0.122282632923899,5.77779999999999,6.11380000000001,12,2005,359
2005-12-26,5.52806434782608,5.35500000000002,5.80799999999999,0.105903813922647,5.39640000000001,5.68559999999999,12,2005,360
2005-12-27,5.38227304347826,5.14800000000002,5.745,0.146574653846186,5.20239999999999,5.60060000000001,12,2005,361
2005-12-28,5.31588173913043,5.048,5.64300000000003,0.16735663664678,5.11000000000001,5.55719999999999,12,2005,362
2005-12-29,5.42401913043478,5.27800000000002,5.60300000000001,0.083567669481193,5.31299999999999,5.54000000000002,12,2005,363
2005-12-30,5.33462434782609,5.15199999999999,5.81299999999999,0.14596647065671,5.18340000000001,5.55620000000001,12,2005,364
2005-12-31,5.07971304347826,4.666,5.86200000000002,0.288574502159269,4.73399999999998,5.49399999999999,12,2005,365
2006-01-01,4.97375652173913,4.50400000000002,5.58499999999998,0.285386259167604,4.60219999999999,5.37919999999999,1,2006,1
2006-01-02,4.58052869565217,4.21800000000002,5.04399999999998,0.20847467144729,4.30900000000003,4.87059999999999,1,2006,2
2006-01-03,4.22963130434783,3.80799999999999,5.21699999999998,0.286148404019419,3.91859999999998,4.6442,1,2006,3
2006-01-04,4.09092347826087,3.65800000000002,5.166,0.322264831019338,3.76499999999999,4.5692,1,2006,4
2006-01-05,4.20153043478261,3.76600000000002,5.08800000000002,0.319893632194828,3.83339999999998,4.6698,1,2006,5
2006-01-06,3.92726086956522,3.61200000000002,4.36500000000001,0.170277529506954,3.70239999999999,4.16159999999999,1,2006,6
2006-01-07,3.49419652173913,3.06799999999998,3.97899999999998,0.208591179409039,3.22000000000003,3.74960000000001,1,2006,7
2006-01-08,3.35537043478261,2.93200000000002,3.88499999999999,0.257844712259248,3.04139999999999,3.71819999999999,1,2006,8
2006-01-09,3.2829652173913,2.85000000000002,4.01999999999998,0.235838297612613,2.97939999999999,3.57560000000001,1,2006,9
2006-01-10,3.48289043478261,3.08999999999997,4.07400000000001,0.195785766519841,3.22500000000002,3.74019999999998,1,2006,10
2006-01-11,4.22067130434783,3.56900000000002,4.83800000000002,0.345054701709222,3.73500000000001,4.68059999999999,1,2006,11
2006-01-12,4.55458260869565,3.87099999999998,5.59899999999999,0.430933153716765,4.02819999999999,5.2426,1,2006,12
2006-01-13,4.61195304347826,4.04599999999999,5.59699999999998,0.35554609254448,4.27999999999997,5.185,1,2006,13
2006-01-14,4.82774956521739,4.49400000000003,5.40300000000002,0.246244276671286,4.54500000000002,5.2194,1,2006,14
2006-01-15,4.99094434782609,4.72199999999998,5.27199999999999,0.141316780452676,4.81539999999999,5.1912,1,2006,15
2006-01-16,5.05423130434783,4.77600000000001,5.52699999999999,0.177308881437024,4.84699999999998,5.31799999999998,1,2006,16
2006-01-17,5.17493391304348,4.84800000000001,5.733,0.194049454384331,4.9424,5.452,1,2006,17
2006-01-18,5.16310956521739,4.73199999999997,5.63299999999998,0.226130347294608,4.84880000000002,5.4632,1,2006,18
2006-01-19,5.01062956521739,4.66199999999998,5.34100000000001,0.171751887823874,4.76100000000002,5.24139999999999,1,2006,19
2006-01-20,4.97718608695652,4.68799999999999,5.34100000000001,0.170628818006552,4.7524,5.221,1,2006,20
2006-01-21,4.75426086956522,4.21499999999997,5.64600000000002,0.315521919451398,4.37940000000001,5.21499999999997,1,2006,21
2006-01-22,4.78468347826087,4.46100000000001,5.63799999999998,0.260573731742652,4.51800000000003,5.16279999999999,1,2006,22
2006-01-23,4.91391826086956,4.661,5.63900000000001,0.201955609528348,4.70100000000002,5.21819999999999,1,2006,23
2006-01-24,5.03946608695652,4.71199999999999,5.38499999999999,0.15640965760067,4.8304,5.25360000000001,1,2006,24
2006-01-25,4.41772,4.14800000000002,4.733,0.16009438592337,4.22540000000001,4.66899999999998,1,2006,25
2006-01-26,4.47972,4.024,5.09199999999998,0.331723684183213,4.05900000000003,4.98019999999999,1,2006,26
2006-01-27,4.49921739130435,4.01100000000002,5.19,0.355505533523749,4.09639999999999,5.0506,1,2006,27
2006-01-28,4.80936869565217,3.94499999999999,5.59199999999998,0.430015978628089,4.20239999999999,5.4098,1,2006,28
2006-01-29,4.93175478260869,4.19099999999997,5.74799999999999,0.427979151419069,4.38299999999998,5.58259999999998,1,2006,29
2006-01-30,4.81377565217391,4.18400000000003,5.553,0.380435551916811,4.3158,5.38940000000001,1,2006,30
2006-01-31,4.18813043478261,3.61500000000001,4.58199999999999,0.256519606933076,3.79399999999998,4.4966,1,2006,31
2006-02-01,3.97099652173913,3.41800000000001,4.49099999999999,0.276537104242314,3.57339999999999,4.33100000000002,2,2006,32
2006-02-02,4.01822434782609,3.488,4.46899999999999,0.255373314423687,3.6548,4.35300000000001,2,2006,33
2006-02-03,4.31883478260869,3.81200000000001,4.80500000000001,0.253847972639432,3.97000000000003,4.6544,2,2006,34
2006-02-04,4.06789391304348,3.637,4.43900000000002,0.211217214550486,3.76600000000002,4.33999999999997,2,2006,35
2006-02-05,4.23962956521739,3.767,4.65899999999999,0.230407622798246,3.90940000000001,4.52860000000001,2,2006,36
2006-02-06,4.09418434782609,3.62299999999999,4.56700000000001,0.252066823931092,3.74780000000002,4.4326,2,2006,37
2006-02-07,3.87193391304348,3.447,4.37099999999998,0.232370294601222,3.5514,4.19320000000001,2,2006,38
2006-02-08,3.76826956521739,3.25999999999999,4.34199999999998,0.290650811295881,3.37539999999999,4.16899999999998,2,2006,39
2006-02-09,3.59305217391304,2.70100000000002,4.375,0.454378770366257,2.9638,4.2124,2,2006,40
2006-02-10,3.45227130434782,2.85899999999998,4.10599999999999,0.315943285599164,3.0296,3.9052,2,2006,41
2006-02-11,3.19496695652174,2.78699999999998,3.63099999999997,0.209655202139786,2.91420000000001,3.48819999999999,2,2006,42
2006-02-12,3.16095652173913,2.81700000000001,3.65600000000001,0.209049007779004,2.9144,3.4838,2,2006,43
2006-02-13,3.18684,2.69299999999998,3.964,0.35857649570944,2.80799999999999,3.77400000000002,2,2006,44
2006-02-14,3.10518782608696,2.44400000000002,4.09800000000001,0.511466681955425,2.49200000000002,3.90659999999999,2,2006,45
2006-02-15,3.38655826086957,2.80599999999998,4.19799999999998,0.398428266156195,2.89499999999998,3.93720000000001,2,2006,46
2006-02-16,4.02073565217391,3.77499999999998,4.34899999999999,0.130529261802243,3.85699999999997,4.21100000000001,2,2006,47
2006-02-17,4.35815826086956,3.649,5.21699999999998,0.421817001700736,3.78540000000002,4.96739999999999,2,2006,48
2006-02-18,4.24333391304348,3.91699999999997,4.94499999999999,0.254666188179563,3.98099999999999,4.63099999999997,2,2006,49
2006-02-19,3.89785217391304,3.72699999999998,4.32400000000001,0.144009753557982,3.76100000000002,4.12219999999999,2,2006,50
2006-02-20,3.83167652173913,3.66199999999998,4.41800000000001,0.152342189055683,3.68400000000003,4.07320000000002,2,2006,51
2006-02-21,3.80022956521739,3.584,4.27800000000002,0.171880700145662,3.637,4.0746,2,2006,52
2006-02-22,3.68562608695652,3.43799999999999,4.19799999999998,0.159095618087337,3.52939999999999,3.9388,2,2006,53
2006-02-23,3.62153391304348,3.40100000000001,4.15800000000002,0.159418712635921,3.43240000000001,3.84199999999998,2,2006,54
2006-02-24,3.87500347826087,3.62400000000002,4.49000000000001,0.186158834026587,3.68940000000001,4.1442,2,2006,55
2006-02-25,3.85112347826087,3.62900000000002,4.60899999999998,0.204708376892011,3.67599999999999,4.14739999999999,2,2006,56
2006-02-26,3.92554608695652,3.69999999999999,4.435,0.156280807575797,3.75799999999998,4.15379999999998,2,2006,57
2006-02-27,3.4931947826087,3.358,3.83999999999997,0.112870359666292,3.38999999999999,3.67660000000001,2,2006,58
2006-02-28,3.28701739130435,3.07299999999998,3.92899999999997,0.209973168296172,3.09039999999999,3.61120000000002,2,2006,59
2006-03-01,3.16457043478261,2.82999999999998,3.88200000000001,0.262950138015865,2.85899999999998,3.5376,3,2006,60
2006-03-02,3.21481217391304,2.89499999999998,3.89800000000002,0.233482645703206,2.97000000000003,3.56819999999998,3,2006,61
2006-03-03,3.11207304347826,2.96199999999999,3.49900000000002,0.128320787951572,2.98599999999999,3.31759999999999,3,2006,62
2006-03-04,3.19895304347826,3.048,3.5,0.1124993978472,3.0794,3.38400000000001,3,2006,63
2006-03-05,3.45704869565217,3.12099999999998,4.29700000000003,0.291407884443596,3.14939999999999,3.911,3,2006,64
2006-03-06,3.46982608695652,3.17700000000002,4.26400000000001,0.262241605389058,3.20239999999999,3.87059999999999,3,2006,65
2006-03-07,3.42593739130435,3.17599999999999,4.06900000000002,0.226577865587897,3.19039999999999,3.74780000000001,3,2006,66
2006-03-08,3.51634260869565,3.32100000000003,3.827,0.137669069360871,3.36000000000001,3.7132,3,2006,67
2006-03-09,4.13585913043478,3.84100000000001,4.529,0.185123518373522,3.92399999999998,4.42080000000001,3,2006,68
2006-03-10,4.10174260869565,3.64600000000002,4.78100000000001,0.294319808477398,3.76400000000001,4.54159999999998,3,2006,69
2006-03-11,3.98019826086956,3.58800000000002,4.64699999999999,0.272329713434413,3.69139999999999,4.37200000000001,3,2006,70
2006-03-12,3.92484173913043,3.649,4.60300000000001,0.235592960111529,3.678,4.28560000000001,3,2006,71
2006-03-13,3.88757565217391,3.63600000000002,4.45699999999999,0.187281200836171,3.69640000000002,4.1746,3,2006,72
2006-03-14,3.83867652173913,3.524,4.125,0.128746664197126,3.6718,4.009,3,2006,73
2006-03-15,3.55843826086957,3.39800000000002,3.96800000000002,0.133465152626487,3.428,3.77459999999999,3,2006,74
2006-03-16,3.66410086956522,3.32799999999997,4.21199999999999,0.235145400009406,3.39100000000002,4.04480000000001,3,2006,75
2006-03-17,3.72756347826087,3.27300000000002,4.43299999999999,0.357198188756045,3.35199999999998,4.30500000000002,3,2006,76
2006-03-18,3.36069739130435,2.80500000000001,4.07400000000001,0.407493347343329,2.86200000000002,4.00059999999999,3,2006,77
2006-03-19,3.20925913043478,2.74200000000002,3.87099999999998,0.329803664510686,2.79139999999999,3.7106,3,2006,78
2006-03-20,3.23970608695652,2.68900000000002,4,0.409578149019845,2.7412,3.8426,3,2006,79
2006-03-21,3.31479130434783,2.709,4.04899999999998,0.415635781317863,2.83299999999997,3.91779999999999,3,2006,80
2006-03-22,3.31732173913044,2.82499999999999,3.94799999999998,0.312610341434642,2.952,3.767,3,2006,81
2006-03-23,3.23188347826087,2.86399999999998,3.53699999999998,0.174869663724204,2.9734,3.45160000000001,3,2006,82
2006-03-24,3.26777217391304,2.87299999999999,3.78300000000002,0.238978973441197,2.976,3.63560000000001,3,2006,83
2006-03-25,3.41591826086956,3.02800000000002,3.83299999999997,0.216466681772339,3.11080000000002,3.70619999999999,3,2006,84
2006-03-26,3.98815652173913,3.62,4.26100000000002,0.189149867360185,3.71499999999997,4.2296,3,2006,85
2006-03-27,4.17761043478261,3.80900000000003,4.529,0.211036461409482,3.88980000000001,4.46960000000001,3,2006,86
2006-03-28,4.2654052173913,3.84199999999998,4.64100000000002,0.217306382179165,3.96600000000001,4.54199999999997,3,2006,87
2006-03-29,4.29564347826087,3.858,4.69099999999997,0.213310834332504,3.99080000000001,4.55019999999998,3,2006,88
2006-03-30,4.27469043478261,4.12,4.41199999999998,0.0728791766261053,4.16739999999999,4.37099999999998,3,2006,89
2006-03-31,5.22788,5.07600000000002,5.36500000000001,0.0773028876950459,5.11399999999998,5.33359999999999,3,2006,90
2006-04-01,5.53362086956522,5.06700000000001,5.98599999999999,0.282740352409725,5.12,5.89619999999999,4,2006,91
2006-04-02,5.60736695652174,5.06799999999998,6.13099999999997,0.291896518738868,5.20980000000001,5.983,4,2006,92
2006-04-03,5.55521391304348,5.11200000000002,5.91699999999997,0.23215448527343,5.23899999999998,5.84079999999999,4,2006,93
2006-04-04,5.34272695652174,4.93799999999999,5.68000000000001,0.17439408360812,5.14800000000002,5.60819999999998,4,2006,94
2006-04-05,5.0522052173913,4.584,5.21600000000001,0.153677576548131,4.7906,5.202,4,2006,95
2006-04-06,5.27008173913043,5.012,5.464,0.106582852546273,5.14840000000001,5.416,4,2006,96
2006-04-07,5.56545217391304,5.30799999999999,5.72000000000003,0.0862712725348252,5.4494,5.67000000000002,4,2006,97
2006-04-08,5.39552,5.18599999999998,5.46199999999999,0.0518758152616343,5.32140000000002,5.44259999999999,4,2006,98
2006-04-09,5.1620852173913,4.89100000000002,5.44400000000002,0.171681623458537,4.93099999999998,5.40400000000001,4,2006,99
2006-04-10,5.13830086956522,4.71499999999997,5.524,0.205580511240802,4.88,5.41920000000001,4,2006,100
2006-04-11,5.33750956521739,4.85599999999999,5.91000000000003,0.253601657854469,5.0248,5.7226,4,2006,101
2006-04-12,5.60258434782609,5.21600000000001,6.12400000000002,0.248922646070437,5.3014,6.01379999999999,4,2006,102
2006-04-13,5.68542782608696,5.25299999999999,6.16899999999998,0.215078483182749,5.46840000000001,6.0376,4,2006,103
2006-04-14,5.91835826086957,5.45100000000002,6.351,0.188289578846511,5.69200000000001,6.15300000000002,4,2006,104
2006-04-15,6.28950956521739,5.81900000000002,6.92500000000001,0.267261840633618,5.983,6.7152,4,2006,105
2006-04-16,6.29886086956521,5.77100000000002,6.786,0.20573703179933,6.0528,6.58379999999998,4,2006,106
2006-04-17,6.30970608695652,5.78300000000002,6.88900000000001,0.229514763588413,6.04899999999998,6.63259999999999,4,2006,107
2006-04-18,6.13980173913043,5.76299999999998,6.55200000000002,0.18626155880818,5.92240000000002,6.42779999999998,4,2006,108
2006-04-19,6.20863304347826,5.70999999999998,6.47300000000001,0.182839286887614,5.94739999999999,6.4246,4,2006,109
2006-04-20,6.53944,6.02499999999998,6.96899999999999,0.202549790325677,6.33720000000001,6.86860000000001,4,2006,110
2006-04-21,6.62013217391304,6.12700000000001,7.00200000000001,0.190651806756406,6.4354,6.94759999999999,4,2006,111
2006-04-22,6.55413913043478,5.85300000000001,7.06099999999998,0.229178493761361,6.25020000000002,6.87799999999999,4,2006,112
2006-04-23,6.36676173913043,5.85199999999998,6.69799999999998,0.164765509430876,6.14800000000001,6.59159999999999,4,2006,113
2006-04-24,6.42304695652174,6.221,6.59100000000001,0.0945226382943724,6.29399999999998,6.55359999999998,4,2006,114
2006-04-25,6.95443130434783,6.42099999999999,7.36099999999999,0.22535688705798,6.60219999999999,7.21220000000002,4,2006,115
2006-04-26,6.99788695652174,6.43400000000003,7.52300000000002,0.283523265187784,6.5794,7.32979999999998,4,2006,116
2006-04-27,7.04296869565217,6.59500000000003,7.62799999999999,0.254318079242275,6.71100000000001,7.39540000000002,4,2006,117
2006-04-28,7.24254086956522,6.76999999999998,7.77100000000002,0.270601558506491,6.87539999999999,7.60859999999999,4,2006,118
2006-04-29,7.18809739130435,6.654,7.81900000000002,0.282836215844404,6.82900000000001,7.61120000000002,4,2006,119
2006-04-30,7.40393913043478,7.17000000000002,7.56299999999999,0.0949517837440458,7.27140000000001,7.51999999999998,4,2006,120
2006-05-01,7.42733217391304,7.20100000000002,7.69099999999997,0.117990222493861,7.29500000000002,7.61019999999999,5,2006,121
2006-05-02,7.37034956521739,7.22000000000003,7.66800000000001,0.109641391518583,7.25539999999999,7.5446,5,2006,122
2006-05-03,7.67362782608696,7.12299999999999,7.83199999999999,0.155466166226241,7.41899999999998,7.82299999999998,5,2006,123
2006-05-04,8.44164347826087,8.15199999999999,8.64100000000002,0.122290423107042,8.2934,8.5926,5,2006,124
2006-05-05,9.00819826086956,8.69200000000001,9.29399999999998,0.14663588433725,8.80200000000002,9.19059999999998,5,2006,125
2006-05-06,8.75635304347826,8.41699999999997,9.22000000000003,0.153319559542421,8.56639999999999,8.94560000000001,5,2006,126
2006-05-07,8.51253391304348,8.09199999999998,8.90899999999999,0.184543240113517,8.2278,8.69900000000001,5,2006,127
2006-05-08,8.46004173913044,8.142,8.66800000000001,0.140178588173572,8.23719999999998,8.61160000000001,5,2006,128
2006-05-09,8.27166956521739,8.048,8.38799999999998,0.0766465849532913,8.1574,8.36000000000001,5,2006,129
2006-05-10,8.20967652173913,7.90199999999999,8.58499999999998,0.155407791280451,8.00639999999999,8.42399999999998,5,2006,130
2006-05-11,8.31213739130435,8.14600000000002,8.56299999999999,0.0902267000247928,8.19900000000001,8.44,5,2006,131
2006-05-12,7.60365913043478,7.46100000000001,7.73099999999999,0.0633324724956573,7.51999999999998,7.69059999999998,5,2006,132
2006-05-13,7.28307652173913,7.13499999999999,7.44400000000002,0.0709038293693618,7.1934,7.38520000000002,5,2006,133
2006-05-14,7.11643652173913,6.85199999999998,7.33600000000001,0.107031382231127,6.97500000000002,7.26259999999999,5,2006,134
2006-05-15,7.97333217391304,7.78199999999998,8.15199999999999,0.0786457628787789,7.86900000000003,8.07660000000001,5,2006,135
2006-05-16,8.29350782608696,8.06200000000001,8.52800000000002,0.101685805240585,8.16199999999998,8.4376,5,2006,136
2006-05-17,8.35214260869565,8.09899999999999,8.67700000000002,0.141913628257362,8.17939999999999,8.56419999999999,5,2006,137
2006-05-18,8.36825913043478,8.04199999999997,8.78899999999999,0.186389295078338,8.13619999999999,8.63219999999998,5,2006,138
2006-05-19,8.98705913043478,8.685,9.238,0.133171263220241,8.80820000000001,9.16619999999999,5,2006,139
2006-05-20,9.04636173913044,8.64999999999998,9.48099999999999,0.210096471777649,8.75619999999999,9.33440000000001,5,2006,140
2006-05-21,9.13567304347826,8.63400000000001,9.71199999999999,0.246931011159149,8.7788,9.46119999999999,5,2006,141
2006-05-22,9.16816347826087,8.83199999999999,9.53800000000001,0.180214045368721,8.9254,9.43019999999998,5,2006,142
2006-05-23,9.47852347826087,9.26799999999997,9.654,0.0860182039829486,9.36339999999999,9.59300000000002,5,2006,143
2006-05-24,9.93658782608695,9.74599999999998,10.129,0.0942015160998477,9.81139999999999,10.0716,5,2006,144
2006-05-25,9.93082608695652,9.66000000000003,10.634,0.242981361069107,9.69600000000003,10.3426,5,2006,145
2006-05-26,10.308652173913,9.89600000000002,11.063,0.225020751790928,10.0368,10.5472,5,2006,146
2006-05-27,10.9394956521739,10.459,11.561,0.245451520718197,10.623,11.318,5,2006,147
2006-05-28,11.8650486956522,11.018,12.675,0.476484733708601,11.1408,12.42,5,2006,148
2006-05-29,12.4476260869565,12.001,12.793,0.151962851965599,12.231,12.6552,5,2006,149
2006-05-30,12.7175513043478,12.373,13.431,0.188542161739814,12.5174,12.9572,5,2006,150
2006-05-31,12.8394086956522,12.582,13.273,0.118203516668605,12.6994,12.9946,5,2006,151
2006-06-01,13.122427826087,12.717,13.418,0.164320301830595,12.8718,13.32,6,2006,152
2006-06-02,13.0406556521739,12.376,13.612,0.313434075278237,12.5918,13.4546,6,2006,153
2006-06-03,13.1355582608696,12.589,13.627,0.260947776018148,12.7684,13.4866,6,2006,154
2006-06-04,11.7751286956522,11.085,12.399,0.33260954936447,11.3004,12.2098,6,2006,155
2006-06-05,11.6034434782609,10.915,12.352,0.393154334656202,11.1284,12.1978,6,2006,156
2006-06-06,11.6382382608696,10.733,12.413,0.439323256804253,11.0234,12.2116,6,2006,157
2006-06-07,11.4154556521739,10.284,12.03,0.467128000683833,10.7068,11.9742,6,2006,158
2006-06-08,10.8424626086957,10.055,11.353,0.334301447939173,10.3298,11.2406,6,2006,159
2006-06-09,9.96060347826087,9.863,10.098,0.0510819453885131,9.89100000000002,10.0306,6,2006,160
2006-06-10,10.3752643478261,10.279,10.507,0.059634131586308,10.301,10.465,6,2006,161
2006-06-11,11.6657008695652,11.599,11.761,0.039697649759843,11.618,11.726,6,2006,162
2006-06-12,12.9136817391304,12.593,13.092,0.107764056685642,12.77,13.0516,6,2006,163
2006-06-13,13.1686330434783,12.7,13.62,0.213567766510514,12.8848,13.4628,6,2006,164
2006-06-14,14.4688226086957,14.008,14.871,0.193126503945689,14.2084,14.736,6,2006,165
2006-06-15,15.4747791304348,14.699,15.932,0.270494143732665,15.0608,15.8008,6,2006,166
2006-06-16,16.0856173913043,15.1,16.67,0.302580463644376,15.6624,16.4668,6,2006,167
2006-06-17,16.2135373913043,15.54,16.734,0.330226162987437,15.7072,16.6226,6,2006,168
2006-06-18,16.2574139130435,15.505,16.732,0.326370953225353,15.7458,16.627,6,2006,169
2006-06-19,16.3611930434783,15.991,16.733,0.139766165920767,16.165,16.5472,6,2006,170
2006-06-20,16.5757860869565,16.05,17.067,0.210863442644098,16.2734,16.8466,6,2006,171
2006-06-21,16.5089652173913,15.871,16.891,0.168320641958485,16.3084,16.7082,6,2006,172
2006-06-22,16.4911165217391,15.849,16.873,0.172859891669987,16.2542,16.6896,6,2006,173
2006-06-23,16.4327808695652,15.844,16.823,0.164498320790203,16.2246,16.6272,6,2006,174
2006-06-24,16.5009443478261,16.027,16.98,0.208672526649477,16.2044,16.7722,6,2006,175
2006-06-25,16.1394417391304,15.557,16.733,0.270992509887429,15.764,16.5008,6,2006,176
2006-06-26,16.2795252173913,15.741,16.75,0.212031584099299,15.9982,16.568,6,2006,177
2006-06-27,16.3381530434783,15.777,16.77,0.209663462428853,16.063,16.6126,6,2006,178
2006-06-28,16.2659026086957,15.712,16.703,0.227140605374529,15.941,16.5632,6,2006,179
2006-06-29,16.2332104347826,15.707,16.462,0.18785375704858,15.9302,16.4176,6,2006,180
2006-06-30,16.2693113043478,15.664,16.645,0.1876371752638,16.0334,16.521,6,2006,181
2006-07-01,16.1978382608696,15.426,16.824,0.374297427705847,15.642,16.6786,7,2006,182
2006-07-02,16.3234,15.908,16.664,0.191997586366942,16.0646,16.5946,7,2006,183
2006-07-03,16.3368052173913,15.832,16.823,0.270436729590135,15.9554,16.679,7,2006,184
2006-07-04,16.2959791304348,15.424,16.929,0.38497207408011,15.7612,16.7716,7,2006,185
2006-07-05,16.5258886956522,16.028,17.014,0.262810264214545,16.1448,16.8616,7,2006,186
2006-07-06,16.3331008695652,16.039,16.569,0.121769847380005,16.1114,16.459,7,2006,187
2006-07-07,16.5380173913043,16.194,17.242,0.303412777064292,16.248,17.0552,7,2006,188
2006-07-08,16.9283947826087,16.403,17.644,0.276691816461516,16.6528,17.363,7,2006,189
2006-07-09,17.026132173913,16.645,17.653,0.244679702295979,16.771,17.419,7,2006,190
2006-07-10,17.3614782608696,16.979,17.836,0.165386999846495,17.16,17.6076,7,2006,191
2006-07-11,17.1907930434783,16.976,17.758,0.16890352674012,17.025,17.4646,7,2006,192
2006-07-12,17.2689252173913,17.063,17.737,0.170279355348054,17.116,17.5626,7,2006,193
2006-07-13,17.2935269565217,17.069,17.596,0.138737132260612,17.1184,17.4946,7,2006,194
2006-07-14,18.4998034782609,18.136,19.007,0.217045567531552,18.236,18.8392,7,2006,195
2006-07-15,18.9922243478261,18.701,19.195,0.109686217480162,18.854,19.1256,7,2006,196
2006-07-16,19.1682991304348,18.645,19.634,0.254213580501588,18.8256,19.5106,7,2006,197
2006-07-17,19.2615130434783,18.748,19.902,0.285763966745632,18.9684,19.711,7,2006,198
2006-07-18,19.61572,19.306,20.122,0.200501713565887,19.3478,19.8996,7,2006,199
2006-07-19,19.6622939130435,19.344,20.046,0.110109822661323,19.544,19.8272,7,2006,200
2006-07-20,19.8896156521739,19.471,20.262,0.154551064253533,19.6914,20.1194,7,2006,201
2006-07-21,19.8350104347826,19.343,20.294,0.180766804257827,19.6508,20.1206,7,2006,202
2006-07-22,19.5946573913043,18.925,20.194,0.278398998963439,19.2404,19.9866,7,2006,203
2006-07-23,18.8914104347826,18.481,19.214,0.165315299724439,18.6458,19.093,7,2006,204
2006-07-24,18.609652173913,18.034,19.085,0.297913786943203,18.1858,18.993,7,2006,205
2006-07-25,18.5293130434783,17.973,19.252,0.380410468874834,18.0498,19.0206,7,2006,206
2006-07-26,18.149947826087,17.657,18.652,0.254617696732118,17.7724,18.4578,7,2006,207
2006-07-27,18.0808452173913,17.647,18.583,0.220386164190178,17.7524,18.364,7,2006,208
2006-07-28,18.1893895652174,17.726,18.559,0.218854018523825,17.8374,18.4666,7,2006,209
2006-07-29,18.2649530434783,17.566,18.721,0.230067471288861,17.9374,18.5418,7,2006,210
2006-07-30,18.2617513043478,17.451,19.051,0.333725009991147,17.9074,18.7936,7,2006,211
2006-07-31,18.6952469565217,18.059,19.585,0.426590667317993,18.2456,19.4312,7,2006,212
2006-08-01,19.1124660869565,18.727,19.535,0.252760167441618,18.8234,19.4696,8,2006,213
2006-08-02,19.7700365217391,19.334,20.181,0.165092309903503,19.54,19.9986,8,2006,214
2006-08-03,19.9229756521739,19.498,20.317,0.145711923201038,19.7844,20.1386,8,2006,215
2006-08-04,20.1136243478261,19.629,20.362,0.108377428470919,19.973,20.226,8,2006,216
2006-08-05,20.0792191304348,19.672,20.339,0.0910869362037057,19.9654,20.184,8,2006,217
2006-08-06,19.92732,19.255,20.468,0.284846762153631,19.5894,20.2444,8,2006,218
2006-08-07,19.8155060869565,19.057,20.575,0.284699828870168,19.4904,20.1686,8,2006,219
2006-08-08,19.603467826087,18.895,20.101,0.268698901324126,19.1956,19.9076,8,2006,220
2006-08-09,19.1279443478261,18.707,19.671,0.203546021725205,18.9078,19.449,8,2006,221
2006-08-10,18.79628,18.389,19.124,0.131169597374015,18.634,18.9752,8,2006,222
2006-08-11,17.9287113043478,17.173,18.497,0.306555126248902,17.4518,18.2676,8,2006,223
2006-08-12,17.3112034782609,16.7,18.137,0.332020588319489,16.9158,17.7528,8,2006,224
2006-08-13,16.9834382608696,16.405,17.893,0.296713084111039,16.6146,17.4114,8,2006,225
2006-08-14,16.8742817391304,16.121,17.723,0.358242001494242,16.424,17.3806,8,2006,226
2006-08-15,16.7123895652174,16.085,17.456,0.352168540229197,16.2102,17.1694,8,2006,227
2006-08-16,16.7227217391304,16.221,17.339,0.30451934903098,16.3098,17.1188,8,2006,228
2006-08-17,16.831347826087,16.303,17.239,0.202285996675105,16.5478,17.095,8,2006,229
2006-08-18,17.0507286956522,16.62,17.628,0.235554633788355,16.7746,17.403,8,2006,230
2006-08-19,17.3496173913043,16.917,18.068,0.281932578449338,17.021,17.7686,8,2006,231
2006-08-20,17.7817739130435,17.497,18.145,0.138193336572314,17.6084,17.9832,8,2006,232
2006-08-21,17.8341113043478,17.583,18.055,0.101442100652939,17.71,17.9826,8,2006,233
2006-08-22,17.5646226086957,17.145,17.957,0.184876006597617,17.3104,17.8112,8,2006,234
2006-08-23,17.5045582608696,17.131,17.895,0.174131862598098,17.2714,17.754,8,2006,235
2006-08-24,17.071307826087,16.745,17.591,0.141164843682681,16.932,17.2564,8,2006,236
2006-08-25,16.7914139130435,16.468,17.27,0.187022364873522,16.5522,17.07,8,2006,237
2006-08-26,16.5332365217391,16.183,17.057,0.167502123513729,16.379,16.7922,8,2006,238
2006-08-27,16.4779913043478,16.027,17.139,0.244287397703744,16.2104,16.8416,8,2006,239
2006-08-28,16.6373773913043,16.081,17.235,0.240010021226928,16.338,16.9698,8,2006,240
2006-08-29,16.2336991304348,15.854,16.716,0.187616003369906,16.013,16.5126,8,2006,241
2006-08-30,15.9682608695652,15.744,16.238,0.115325481450183,15.8264,16.1432,8,2006,242
2006-08-31,16.0039739130435,15.411,16.818,0.33313657360038,15.6388,16.5644,8,2006,243
2006-09-01,16.0470486956522,15.441,16.841,0.332227873595731,15.6634,16.5746,9,2006,244
2006-09-02,15.9782817391304,15.597,16.599,0.244646037268084,15.722,16.3712,9,2006,245
2006-09-03,15.7980313043478,15.362,16.06,0.126906996568008,15.6194,15.9552,9,2006,246
2006-09-04,15.8145930434783,15.45,16.191,0.180359082271434,15.5944,16.081,9,2006,247
2006-09-05,15.7765165217391,15.373,16.214,0.199208213141434,15.5348,16.0764,9,2006,248
2006-09-06,15.7424,15.4,16.066,0.160803318737746,15.5398,15.9758,9,2006,249
2006-09-07,15.8991739130435,15.563,16.21,0.103367233844052,15.7702,16.026,9,2006,250
2006-09-08,16.5506765217391,16.159,17.012,0.139859186482797,16.396,16.7442,9,2006,251
2006-09-09,16.2717443478261,15.584,16.885,0.33783440632364,15.7188,16.6538,9,2006,252
2006-09-10,16.1416417391304,15.627,16.576,0.210803210072239,15.8668,16.457,9,2006,253
2006-09-11,15.7709026086957,15.246,16.345,0.269647920354248,15.3636,16.1466,9,2006,254
2006-09-12,15.2174156521739,14.905,15.555,0.135281946249541,15.0454,15.401,9,2006,255
2006-09-13,15.2599617391304,15.018,15.583,0.139988010675409,15.0714,15.4728,9,2006,256
2006-09-14,15.2614869565217,14.987,15.541,0.0904996934579486,15.1644,15.3876,9,2006,257
2006-09-15,16.2859843478261,15.963,16.519,0.0968325079598174,16.1574,16.413,9,2006,258
2006-09-16,16.5055791304348,15.881,17.124,0.367122339428231,16.0098,17.0008,9,2006,259
2006-09-17,16.5694191304348,15.901,17.238,0.417489552101876,16.0274,17.1492,9,2006,260
2006-09-18,16.5715269565217,16.007,17.128,0.341346660142657,16.1082,17.0192,9,2006,261
2006-09-19,16.2234782608696,16.03,16.433,0.0988902664842826,16.086,16.3612,9,2006,262
2006-09-20,15.4051895652174,15.09,15.866,0.170630396750131,15.218,15.6666,9,2006,263
2006-09-21,15.18636,14.669,15.808,0.207776667827212,14.9484,15.4756,9,2006,264
2006-09-22,14.9125269565217,14.496,15.421,0.207461710216315,14.6368,15.1722,9,2006,265
2006-09-23,14.5333739130435,13.731,14.889,0.222075585151488,14.2268,14.8056,9,2006,266
2006-09-24,14.0776991304348,13.629,14.671,0.278293571177677,13.7254,14.5166,9,2006,267
2006-09-25,14.0243356521739,13.582,14.62,0.302885473632952,13.6512,14.5086,9,2006,268
2006-09-26,13.9280034782609,13.44,14.474,0.294774744192348,13.5184,14.3508,9,2006,269
2006-09-27,13.8282086956522,13.331,14.44,0.30629920626245,13.414,14.3072,9,2006,270
2006-09-28,13.8655756521739,13.384,14.372,0.23573899839513,13.5566,14.2116,9,2006,271
2006-09-29,14.1420017391304,13.644,14.591,0.244974004872296,13.7676,14.4672,9,2006,272
2006-09-30,14.2859739130435,13.981,14.633,0.139746763307314,14.1012,14.4816,9,2006,273
2006-10-01,13.5113617391304,13.289,13.679,0.0953101736205353,13.369,13.638,10,2006,274
2006-10-02,13.4302017391304,13.144,13.745,0.156602542900693,13.233,13.6586,10,2006,275
2006-10-03,13.4945617391304,13.037,13.94,0.20556449668321,13.25,13.8112,10,2006,276
2006-10-04,13.5306626086957,13.211,14.035,0.224772221313087,13.271,13.8802,10,2006,277
2006-10-05,13.4928069565217,13.258,13.852,0.167372810788503,13.297,13.7576,10,2006,278
2006-10-06,13.2579373913043,13.136,13.465,0.0627385447168071,13.1824,13.342,10,2006,279
2006-10-07,13.162707826087,12.96,13.454,0.114764999359642,13.005,13.3126,10,2006,280
2006-10-08,13.2018834782609,12.95,13.485,0.115237938918908,13.0334,13.3442,10,2006,281
2006-10-09,13.329812173913,13.01,13.614,0.123677982703248,13.1554,13.479,10,2006,282
2006-10-10,13.3222730434783,12.869,13.686,0.155384608429819,13.1164,13.5036,10,2006,283
2006-10-11,13.335052173913,13.023,13.557,0.116390461092906,13.1694,13.484,10,2006,284
2006-10-12,13.1915060869565,13.09,13.348,0.0545831802770439,13.1284,13.2752,10,2006,285
2006-10-13,12.7709026086957,12.542,12.98,0.103974187245643,12.6074,12.906,10,2006,286
2006-10-14,12.6746295652174,12.451,12.917,0.126606251926254,12.493,12.852,10,2006,287
2006-10-15,12.5016208695652,12.243,12.727,0.0899467840111384,12.4174,12.6276,10,2006,288
2006-10-16,12.0935739130435,11.719,12.341,0.129359468693192,11.9196,12.234,10,2006,289
2006-10-17,12.145412173913,11.705,12.518,0.170210135113746,11.944,12.3666,10,2006,290
2006-10-18,12.3439008695652,12.024,12.619,0.108410830983366,12.223,12.497,10,2006,291
2006-10-19,12.4147930434783,11.951,12.707,0.124825260248564,12.3004,12.5822,10,2006,292
2006-10-20,12.430252173913,12.24,12.592,0.0955721668949025,12.303,12.551,10,2006,293
2006-10-21,12.2607408695652,11.967,12.463,0.111374125364182,12.1134,12.4136,10,2006,294
2006-10-22,12.0925234782609,11.761,12.309,0.114505689898973,11.9328,12.2324,10,2006,295
2006-10-23,11.96864,11.512,12.181,0.147960151429869,11.7612,12.1326,10,2006,296
2006-10-24,11.4887513043478,11.368,11.573,0.0472275136199303,11.416,11.542,10,2006,297
2006-10-25,11.0404434782609,10.576,11.232,0.132871266147619,10.8432,11.1936,10,2006,298
2006-10-26,11.0184295652174,10.526,11.283,0.141317820185833,10.8378,11.2106,10,2006,299
2006-10-27,11.0516486956522,10.671,11.392,0.142644028542936,10.858,11.2418,10,2006,300
2006-10-28,11.1059808695652,10.911,11.394,0.104643885817394,10.9874,11.2666,10,2006,301
2006-10-29,11.0469669565217,10.889,11.225,0.0847083371962098,10.936,11.17,10,2006,302
2006-10-30,10.6365843478261,10.275,11.19,0.215563759936099,10.3348,10.9402,10,2006,303
2006-10-31,10.4169060869565,10.136,10.746,0.151970626452444,10.2174,10.635,10,2006,304
2006-11-01,10.3131408695652,10.004,10.589,0.146092088217196,10.108,10.5096,11,2006,305
2006-11-02,10.0964330434783,9.81099999999998,10.548,0.142419518027853,9.92099999999999,10.3158,11,2006,306
2006-11-03,9.69505913043478,9.44499999999999,9.99799999999999,0.119780388399918,9.52779999999999,9.8486,11,2006,307
2006-11-04,8.82844,8.51400000000001,9.09899999999999,0.135410845221068,8.65340000000001,9.02499999999998,11,2006,308
2006-11-05,8.98395130434783,8.76100000000002,9.31400000000002,0.147353131489608,8.80900000000003,9.22500000000002,11,2006,309
2006-11-06,8.90044,8.60599999999999,9.28500000000003,0.195829245821873,8.65439999999999,9.18900000000002,11,2006,310
2006-11-07,8.98429913043478,8.613,9.36900000000003,0.243127375706763,8.67320000000002,9.31200000000001,11,2006,311
2006-11-08,9.25493739130435,9.108,9.43799999999999,0.0846044469849473,9.1634,9.39020000000002,11,2006,312
2006-11-09,9.82213043478261,9.57600000000002,10.084,0.123798414436769,9.64939999999999,9.98399999999998,11,2006,313
2006-11-10,9.89790782608696,9.64499999999998,10.305,0.161206611615471,9.69600000000003,10.1262,11,2006,314
2006-11-11,9.87469913043478,9.642,10.267,0.151128144102973,9.68200000000002,10.0854,11,2006,315
2006-11-12,9.84562260869565,9.65899999999999,10.17,0.116850951147706,9.70299999999997,10.0138,11,2006,316
2006-11-13,9.98611478260869,9.93200000000002,10.085,0.0368857456285094,9.93900000000002,10.0406,11,2006,317
2006-11-14,9.98551304347826,9.89499999999998,10.051,0.0331891331280922,9.9288,10.0216,11,2006,318
2006-11-15,10.0216904347826,9.91800000000001,10.107,0.0381895806747117,9.95699999999999,10.063,11,2006,319
2006-11-16,10.3491686956522,10.156,10.527,0.0912883458308482,10.2214,10.4772,11,2006,320
2006-11-17,10.5332730434783,10.322,10.77,0.113834497904612,10.3898,10.702,11,2006,321
2006-11-18,10.4211043478261,10.098,10.713,0.124570773435439,10.2624,10.6,11,2006,322
2006-11-19,10.1997913043478,9.976,10.369,0.0857331667585069,10.099,10.323,11,2006,323
2006-11-20,9.49923304347826,9.11700000000002,9.75400000000002,0.142334473654653,9.31,9.7106,11,2006,324
2006-11-21,9.22187304347826,8.892,9.601,0.157188039216656,9.01739999999999,9.41899999999998,11,2006,325
2006-11-22,8.9398452173913,8.654,9.209,0.144431055037143,8.74639999999999,9.11599999999999,11,2006,326
2006-11-23,8.80057217391304,8.55399999999997,9.10399999999998,0.130739565807623,8.63339999999999,8.99719999999999,11,2006,327
2006-11-24,8.77023130434782,8.45799999999997,9.31200000000001,0.198658130155468,8.55099999999999,9.0842,11,2006,328
2006-11-25,8.80968869565217,8.48000000000002,9.39699999999999,0.20814243680929,8.58220000000001,9.14099999999997,11,2006,329
2006-11-26,8.84029043478261,8.49000000000001,9.44299999999998,0.211694986754666,8.58939999999999,9.14800000000002,11,2006,330
2006-11-27,9.08401739130435,8.77199999999999,9.41800000000001,0.168740042039843,8.85399999999998,9.31659999999999,11,2006,331
2006-11-28,8.50211130434782,8.399,8.61200000000002,0.0487629706951242,8.435,8.57100000000003,11,2006,332
2006-11-29,8.51330260869565,8.39600000000002,8.67399999999998,0.064386779678472,8.43000000000001,8.6096,11,2006,333
2006-11-30,9.06768695652174,8.87599999999998,9.28800000000001,0.105066045697415,8.93099999999998,9.2176,11,2006,334
2006-12-01,8.87600869565217,8.64600000000002,9.37200000000001,0.196342421840389,8.68900000000002,9.1938,12,2006,335
2006-12-02,8.72095130434783,8.36900000000003,9.33300000000003,0.252882485814203,8.46940000000001,9.11599999999999,12,2006,336
2006-12-03,8.75113391304348,8.47800000000001,9.37400000000002,0.211170632529771,8.541,9.06919999999999,12,2006,337
2006-12-04,8.58207652173913,8.37700000000001,9.291,0.215040287259562,8.387,8.91180000000002,12,2006,338
2006-12-05,8.30052521739131,8.08600000000001,8.60500000000002,0.118752820500874,8.15840000000001,8.47060000000001,12,2006,339
2006-12-06,8.26776869565218,7.99000000000001,8.67399999999998,0.138290233080174,8.09540000000002,8.43040000000001,12,2006,340
2006-12-07,8.38027130434782,8.17500000000001,8.67399999999998,0.098204540835086,8.25299999999999,8.4918,12,2006,341
2006-12-08,8.43256869565217,8.36200000000002,8.65499999999997,0.0571839905430547,8.38,8.5136,12,2006,342
2006-12-09,8.52196869565217,8.38799999999998,8.77199999999999,0.0701090419559071,8.44540000000001,8.6098,12,2006,343
2006-12-10,8.49323652173913,8.42200000000003,8.71899999999999,0.0594559221421723,8.43599999999998,8.57999999999998,12,2006,344
2006-12-11,8.54287130434783,8.40899999999999,8.666,0.0582069849329576,8.459,8.61599999999999,12,2006,345
2006-12-12,8.43794434782609,8.27199999999999,8.61799999999999,0.0744653442198072,8.3318,8.52640000000001,12,2006,346
2006-12-13,8.25843826086956,8.154,8.43200000000002,0.0509975670366743,8.19440000000001,8.33219999999999,12,2006,347
2006-12-14,8.25866086956522,8.16699999999997,8.43900000000002,0.0515481046192281,8.20239999999999,8.33959999999998,12,2006,348
2006-12-15,8.27985739130435,8.16199999999998,8.41500000000002,0.0481695666729688,8.20999999999998,8.33100000000002,12,2006,349
2006-12-16,8.21086782608696,8.029,8.31900000000002,0.0709812994313237,8.10839999999999,8.2956,12,2006,350
2006-12-17,8.42458260869565,8.12299999999999,8.673,0.129299060645371,8.24280000000002,8.59500000000003,12,2006,351
2006-12-18,8.31330782608696,8.19099999999997,8.44999999999999,0.0633071231189706,8.23939999999999,8.4076,12,2006,352
2006-12-19,8.30625739130435,8.00400000000002,8.608,0.131061306412224,8.1404,8.50759999999999,12,2006,353
2006-12-20,8.34340173913044,8.01499999999999,8.69799999999998,0.153899364139961,8.13739999999999,8.57280000000002,12,2006,354
2006-12-21,8.34521739130435,8.13499999999999,8.548,0.0945364615064392,8.24599999999998,8.4976,12,2006,355
2006-12-22,8.41585391304348,8.31200000000001,8.63099999999997,0.0637476204201057,8.34300000000002,8.50900000000001,12,2006,356
2006-12-23,8.27501739130435,8.142,8.79500000000002,0.154382708238129,8.16040000000002,8.536,12,2006,357
2006-12-24,8.19481739130435,7.995,8.85500000000002,0.200679376719606,8.01999999999998,8.52239999999999,12,2006,358
2006-12-25,8.14641391304348,7.93900000000002,8.94400000000002,0.224607522534113,7.96899999999999,8.50839999999998,12,2006,359
2006-12-26,8.20807130434783,8.02600000000001,8.81099999999998,0.17661357686772,8.04500000000002,8.48859999999999,12,2006,360
2006-12-27,8.11952695652174,7.94,8.33199999999999,0.101901104378086,7.98700000000002,8.26800000000003,12,2006,361
2006-12-28,7.19987826086956,6.98399999999998,7.52100000000002,0.112047413109034,7.04899999999998,7.3478,12,2006,362
2006-12-29,7.15010260869565,6.971,7.435,0.10244312560016,7.02199999999999,7.28699999999998,12,2006,363
2006-12-30,7.1795252173913,6.88600000000002,7.63099999999997,0.200521616760046,6.94,7.50860000000001,12,2006,364
2006-12-31,7.17114086956522,6.76100000000002,7.76800000000003,0.272817949246927,6.79839999999999,7.5932,12,2006,365
2007-01-01,7.24786608695652,6.85399999999998,7.791,0.250139287639354,6.92700000000002,7.613,1,2007,1
2007-01-02,7.36486434782609,6.97699999999998,8.238,0.305717843255667,7.05099999999999,7.85459999999999,1,2007,2
2007-01-03,7.36634782608696,6.99000000000001,8.37400000000002,0.326095047266188,7.06,7.88820000000001,1,2007,3
2007-01-04,7.54774782608696,7.20100000000002,8.24700000000001,0.25121468127574,7.279,7.94320000000001,1,2007,4
2007-01-05,8.0121947826087,7.678,8.43400000000003,0.196417142075112,7.7462,8.27860000000001,1,2007,5
2007-01-06,7.67697217391304,7.11500000000001,8.62400000000002,0.38941512373967,7.19480000000002,8.2526,1,2007,6
2007-01-07,7.69281043478261,7.13099999999997,8.65499999999997,0.380826389925576,7.22779999999998,8.27239999999999,1,2007,7
2007-01-08,7.72526086956522,7.39300000000003,8.26800000000003,0.220440100144815,7.4528,8.06460000000001,1,2007,8
2007-01-09,7.52317043478261,7.334,7.96600000000001,0.12438704976309,7.39300000000003,7.70160000000001,1,2007,9
2007-01-10,7.48885739130435,7.255,7.94200000000001,0.160567592473588,7.31940000000001,7.73140000000001,1,2007,10
2007-01-11,7.55381391304348,7.37400000000002,8.01600000000002,0.143972819061063,7.4264,7.7802,1,2007,11
2007-01-12,7.59823130434783,7.41699999999997,7.93299999999999,0.102575766477783,7.48500000000001,7.74320000000002,1,2007,12
2007-01-13,7.5888347826087,7.36799999999999,7.74299999999999,0.0814208247590176,7.47399999999999,7.68799999999999,1,2007,13
2007-01-14,7.30937391304348,6.976,7.50299999999999,0.115812706306253,7.1404,7.4496,1,2007,14
2007-01-15,6.89761739130435,6.666,7.05200000000002,0.0915947922580351,6.7704,7.01060000000001,1,2007,15
2007-01-16,6.20566956521739,6.00999999999999,6.70499999999998,0.147072863601682,6.0624,6.42859999999999,1,2007,16
2007-01-17,6.13278608695652,5.87599999999998,7.05700000000002,0.251420357810917,5.90699999999998,6.5076,1,2007,17
2007-01-18,6.07023826086956,5.77999999999997,6.928,0.249700469895351,5.81799999999998,6.44879999999999,1,2007,18
2007-01-19,6.19686434782608,6.01100000000002,6.52699999999999,0.133364420571768,6.053,6.404,1,2007,19
2007-01-20,6.05944869565217,5.84300000000002,6.69900000000001,0.190650400799345,5.85599999999999,6.33860000000001,1,2007,20
2007-01-21,6.01268,5.75099999999998,6.68099999999998,0.213675725200757,5.77800000000002,6.32320000000001,1,2007,21
2007-01-22,6.12607130434782,5.90199999999999,6.649,0.189644046162307,5.91899999999998,6.41399999999999,1,2007,22
2007-01-23,6.40411478260869,6.18599999999998,6.74700000000001,0.120637811549775,6.25,6.56659999999999,1,2007,23
2007-01-24,5.57076869565217,5.29300000000001,5.96300000000002,0.149316352869866,5.3724,5.77400000000001,1,2007,24
2007-01-25,5.14096869565217,4.86099999999999,5.62599999999998,0.170763174414453,4.92500000000001,5.36900000000003,1,2007,25
2007-01-26,5.1448,4.84199999999998,5.63400000000001,0.186048352712509,4.91699999999997,5.41800000000001,1,2007,26
2007-01-27,5.22099652173913,4.887,5.88600000000002,0.224003600927081,4.96840000000001,5.55820000000002,1,2007,27
2007-01-28,5.15416173913043,4.85199999999998,5.66000000000003,0.180660045920763,4.93679999999998,5.42359999999999,1,2007,28
2007-01-29,5.15295826086956,4.78699999999998,5.73500000000001,0.203972161958718,4.89240000000001,5.43200000000001,1,2007,29
2007-01-30,4.8688452173913,4.46699999999998,5.61000000000001,0.240055391489516,4.57999999999998,5.21459999999998,1,2007,30
2007-01-31,4.42018608695652,4.01999999999998,4.90699999999998,0.229203031767137,4.12299999999999,4.7442,1,2007,31
2007-02-01,4.38630260869565,4.05399999999997,4.92000000000002,0.211543709481179,4.137,4.6996,2,2007,32
2007-02-02,4.43837739130435,4.07799999999997,4.90899999999999,0.213152205135576,4.16880000000001,4.7466,2,2007,33
2007-02-03,4.80201217391304,4.31099999999998,5.72399999999999,0.363472952170518,4.40199999999999,5.35459999999998,2,2007,34
2007-02-04,4.856,4.43099999999998,5.73700000000002,0.312183782867904,4.51640000000001,5.325,2,2007,35
2007-02-05,5.00753043478261,4.63999999999999,5.68200000000002,0.248512295482353,4.738,5.39499999999998,2,2007,36
2007-02-06,5.2147547826087,4.791,5.81099999999998,0.232315913501662,4.92360000000001,5.55639999999999,2,2007,37
2007-02-07,4.95845043478261,4.45699999999999,5.56999999999999,0.257969072564206,4.6282,5.32060000000001,2,2007,38
2007-02-08,4.75610260869565,4.38,5.17700000000002,0.168371679786593,4.536,4.97579999999998,2,2007,39
2007-02-09,4.56713739130435,4.28899999999999,4.86799999999999,0.127928988264893,4.39380000000001,4.73159999999998,2,2007,40
2007-02-10,4.43670608695652,4.161,4.75,0.132689449918518,4.2574,4.61900000000003,2,2007,41
2007-02-11,4.39505565217391,4.13200000000001,4.69099999999997,0.127541946499777,4.22040000000002,4.55820000000002,2,2007,42
2007-02-12,4.21866956521739,3.95400000000001,4.74799999999999,0.169420703998036,4.02199999999999,4.4726,2,2007,43
2007-02-13,3.90982434782609,3.57499999999999,4.73500000000001,0.223914996234186,3.65499999999997,4.23399999999999,2,2007,44
2007-02-14,3.84961391304348,3.48000000000002,4.62700000000001,0.238726507641463,3.5658,4.19600000000003,2,2007,45
2007-02-15,4.31057217391304,3.96199999999999,4.66399999999999,0.173399886040086,4.07239999999999,4.53800000000001,2,2007,46
2007-02-16,4.30248869565217,3.92599999999999,4.846,0.215435664570315,4.0356,4.62599999999998,2,2007,47
2007-02-17,4.2221652173913,3.69600000000003,4.79399999999998,0.259049082915749,3.887,4.59380000000001,2,2007,48
2007-02-18,4.17152,3.702,4.67899999999997,0.233274111316392,3.86339999999999,4.49900000000002,2,2007,49
2007-02-19,3.95291652173913,3.596,4.36799999999999,0.177135708487391,3.70939999999999,4.197,2,2007,50
2007-02-20,3.90396869565217,3.57600000000002,4.25299999999999,0.162304459871836,3.68179999999999,4.11780000000001,2,2007,51
2007-02-21,3.54653913043478,3.23099999999999,4.017,0.163494402452772,3.32900000000001,3.7646,2,2007,52
2007-02-22,3.48267826086956,3.185,3.93200000000002,0.158624540143214,3.26999999999998,3.69219999999998,2,2007,53
2007-02-23,3.63808,3.34199999999998,4.01100000000002,0.15377466839865,3.42839999999999,3.84560000000001,2,2007,54
2007-02-24,3.77801217391304,3.452,4.12799999999999,0.160461762434089,3.54979999999998,3.9772,2,2007,55
2007-02-25,3.79326782608696,3.44799999999998,4.14999999999998,0.163505110548812,3.56400000000002,4.00679999999999,2,2007,56
2007-02-26,3.65469739130435,3.29000000000002,3.96699999999998,0.167567425433327,3.40899999999999,3.8646,2,2007,57
2007-02-27,3.15109217391304,2.78399999999999,3.65499999999997,0.19834483273793,2.8902,3.4206,2,2007,58
2007-02-28,3.00461391304348,2.54500000000002,3.61700000000002,0.24290496660753,2.67380000000001,3.3336,2,2007,59
2007-03-01,2.90210782608696,2.517,3.40300000000002,0.199204267699405,2.6298,3.17000000000002,3,2007,60
2007-03-02,3.00602434782609,2.64499999999998,3.56799999999998,0.204912421418143,2.74940000000001,3.2922,3,2007,61
2007-03-03,3.0046452173913,2.69099999999997,3.63299999999998,0.188705657386115,2.7814,3.2736,3,2007,62
2007-03-04,3.13097217391304,2.84699999999998,3.61000000000001,0.140587700967703,2.9544,3.31580000000001,3,2007,63
2007-03-05,3.20291130434783,2.892,3.51400000000001,0.140946912662399,3.01299999999998,3.38400000000001,3,2007,64
2007-03-06,2.90572869565217,2.51900000000001,3.40600000000001,0.216039653398699,2.6378,3.22840000000001,3,2007,65
2007-03-07,2.81918260869565,2.37099999999998,3.452,0.273350809770598,2.505,3.25719999999998,3,2007,66
2007-03-08,2.81852173913044,2.34300000000002,3.32799999999997,0.207556278746618,2.53920000000001,3.0936,3,2007,67
2007-03-09,2.8921252173913,2.399,3.36799999999999,0.197619046220697,2.62,3.13780000000002,3,2007,68
2007-03-10,2.99355652173913,2.54700000000003,3.41399999999999,0.206269604339301,2.71079999999998,3.27299999999998,3,2007,69
2007-03-11,2.97245043478261,2.58299999999997,3.72399999999999,0.272222963857212,2.67399999999998,3.3804,3,2007,70
2007-03-12,3.03167304347826,2.63200000000001,3.77100000000002,0.257498975107645,2.73719999999998,3.4126,3,2007,71
2007-03-13,3.13533565217391,2.71800000000002,3.86200000000002,0.259449484919446,2.84540000000002,3.524,3,2007,72
2007-03-14,3.19645043478261,2.80500000000001,3.767,0.21693586913993,2.94039999999999,3.51299999999999,3,2007,73
2007-03-15,3.13932347826087,2.834,3.495,0.154644257568882,2.9424,3.35359999999999,3,2007,74
2007-03-16,3.36090782608696,3.00799999999998,3.73599999999999,0.158278908081664,3.1582,3.57919999999998,3,2007,75
2007-03-17,2.69830608695652,2.49900000000002,2.91300000000001,0.0888655968351282,2.58079999999999,2.8186,3,2007,76
2007-03-18,2.65405391304348,2.495,3.00099999999998,0.124650349505623,2.51800000000003,2.8502,3,2007,77
2007-03-19,2.71241565217391,2.49200000000002,2.94400000000002,0.102073994981322,2.58480000000001,2.86700000000002,3,2007,78
2007-03-20,2.72411652173913,2.43799999999999,3.173,0.193905366808346,2.5154,3.03059999999999,3,2007,79
2007-03-21,2.62595130434783,2.35699999999997,3.09899999999999,0.193649152180643,2.42339999999999,2.93019999999998,3,2007,80
2007-03-22,2.8708852173913,2.65499999999997,3.15199999999999,0.117177301142521,2.71300000000002,3.03300000000002,3,2007,81
2007-03-23,3.18222608695652,2.78399999999999,3.99000000000001,0.322678615444724,2.8148,3.6466,3,2007,82
2007-03-24,3.4340747826087,3.06599999999997,4.29399999999998,0.299182742171319,3.096,3.8646,3,2007,83
2007-03-25,3.49844695652174,3.202,4.012,0.226025992662764,3.2454,3.85500000000002,3,2007,84
2007-03-26,3.76272347826087,3.50099999999998,4.03699999999998,0.0888557441201298,3.642,3.8476,3,2007,85
2007-03-27,4.01912869565217,3.32999999999998,4.685,0.421287723269873,3.49099999999999,4.59899999999999,3,2007,86
2007-03-28,3.55820869565217,2.98000000000002,4.20600000000002,0.327558615007631,3.1306,4.0356,3,2007,87
2007-03-29,3.27509217391304,2.88900000000001,3.77300000000002,0.224473988757141,2.9974,3.5816,3,2007,88
2007-03-30,3.45540869565217,3.12200000000001,3.69,0.131085876023677,3.25299999999997,3.60199999999998,3,2007,89
2007-03-31,3.52998608695652,2.99000000000001,3.77999999999997,0.147464741481839,3.32299999999998,3.69259999999999,3,2007,90
2007-04-01,3.33122608695652,2.88,3.74799999999999,0.235559326247968,3.03399999999999,3.68299999999999,4,2007,91
2007-04-02,3.38381217391304,3.07299999999998,3.726,0.183330824306052,3.14240000000001,3.64520000000001,4,2007,92
2007-04-03,3.46623652173913,3.25099999999998,3.70699999999999,0.111962380387463,3.30840000000001,3.61099999999999,4,2007,93
2007-04-04,3.05537913043478,2.95100000000002,3.19900000000001,0.0559692136250547,2.98199999999997,3.13299999999998,4,2007,94
2007-04-05,3.11150260869565,2.964,3.279,0.0768354700194732,3.00639999999999,3.21459999999998,4,2007,95
2007-04-06,2.93211652173913,2.74700000000001,3.05500000000001,0.0828162526029632,2.80740000000001,3.0266,4,2007,96
2007-04-07,2.98948695652174,2.61099999999999,3.26499999999999,0.189129307259383,2.6982,3.1986,4,2007,97
2007-04-08,2.97802956521739,2.46699999999998,3.38,0.23903291835681,2.62879999999999,3.25400000000002,4,2007,98
2007-04-09,2.99654608695652,2.63499999999999,3.21300000000002,0.164230125196681,2.73559999999999,3.19019999999999,4,2007,99
2007-04-10,3.17222782608696,2.47300000000001,3.57400000000001,0.230125859953813,2.82239999999999,3.4206,4,2007,100
2007-04-11,3.17313913043478,2.43000000000001,3.57799999999997,0.244517653857597,2.7872,3.41920000000001,4,2007,101
2007-04-12,3.23447478260869,2.68099999999998,3.55599999999998,0.16853170683781,2.98939999999999,3.41460000000001,4,2007,102
2007-04-13,3.52190782608696,2.98599999999999,3.94600000000003,0.217500202710397,3.2438,3.80519999999998,4,2007,103
2007-04-14,3.59650434782609,3.03199999999998,4.13,0.226301707815381,3.32299999999998,3.89699999999999,4,2007,104
2007-04-15,3.66463652173913,3.06999999999999,4.07900000000001,0.206259879007599,3.37140000000002,3.93059999999999,4,2007,105
2007-04-16,3.61605217391304,3.15100000000001,3.815,0.153531474458649,3.3696,3.77360000000001,4,2007,106
2007-04-17,3.35070086956522,3.084,3.56999999999999,0.110959581974677,3.202,3.4966,4,2007,107
2007-04-18,4.02661391304348,3.81200000000001,4.14699999999999,0.0887599460854198,3.88640000000001,4.13059999999998,4,2007,108
2007-04-19,4.32650956521739,4.14400000000001,4.51400000000001,0.0766202648000745,4.23139999999998,4.42500000000001,4,2007,109
2007-04-20,4.48463304347826,4.21300000000002,4.97399999999999,0.177079774794915,4.29040000000001,4.74880000000001,4,2007,110
2007-04-21,5.51128695652174,4.84899999999999,6.19799999999998,0.235702174520036,5.27200000000003,5.85020000000001,4,2007,111
2007-04-22,5.74331826086956,5.029,6.255,0.2622759098525,5.3904,6.08459999999999,4,2007,112
2007-04-23,5.94142782608696,5.41000000000003,6.33499999999998,0.193876998412805,5.64699999999999,6.18139999999999,4,2007,113
2007-04-24,6.30937217391304,6.07999999999998,6.48000000000002,0.0658800826280437,6.23500000000001,6.39959999999999,4,2007,114
2007-04-25,6.86494782608696,6.40800000000002,7.15699999999998,0.154715792236013,6.64400000000001,7.05359999999998,4,2007,115
2007-04-26,6.8902052173913,6.39800000000002,7.25200000000001,0.165584824543413,6.66040000000002,7.1026,4,2007,116
2007-04-27,6.76458086956522,6.351,7.02199999999999,0.139035953974144,6.56539999999999,6.93360000000001,4,2007,117
2007-04-28,6.65471826086956,6.38200000000001,6.77600000000001,0.080319444518136,6.53440000000001,6.73859999999999,4,2007,118
2007-04-29,6.28530086956522,5.96499999999997,6.63400000000001,0.15458776782435,6.0818,6.49960000000001,4,2007,119
2007-04-30,6.35330782608696,6.10199999999998,6.75,0.147569628724615,6.17140000000001,6.55960000000001,4,2007,120
2007-05-01,7.32972695652174,6.60699999999997,7.733,0.334923331317675,6.77140000000001,7.68599999999998,5,2007,121
2007-05-02,7.52088,6.863,7.96100000000001,0.32140174454058,7.00139999999999,7.86500000000001,5,2007,122
2007-05-03,7.65646260869565,6.91699999999997,8.30799999999999,0.43729041559538,7.01859999999999,8.25099999999998,5,2007,123
2007-05-04,7.61393217391304,6.88799999999998,8.51499999999999,0.41872494018267,7.15840000000001,8.29399999999998,5,2007,124
2007-05-05,7.53447130434783,6.99099999999999,8.22500000000002,0.310574356306721,7.20579999999999,8.07060000000001,5,2007,125
2007-05-06,7.64048173913043,7.06,8.053,0.198263988123201,7.36679999999999,7.9102,5,2007,126
2007-05-07,7.75654956521739,7.35199999999998,8.28300000000002,0.221344947883714,7.49900000000002,8.09800000000001,5,2007,127
2007-05-08,7.86193043478261,7.63799999999998,8.11200000000002,0.102089197329997,7.73979999999998,8.01800000000003,5,2007,128
2007-05-09,8.06532347826087,7.93900000000002,8.185,0.0478838212375806,7.9974,8.12860000000001,5,2007,129
2007-05-10,8.44616347826087,8.21199999999999,8.66199999999998,0.106646184968655,8.29599999999999,8.58860000000001,5,2007,130
2007-05-11,8.95020695652174,8.54700000000003,9.24900000000002,0.181967357279501,8.69039999999999,9.18799999999999,5,2007,131
2007-05-12,9.31777217391304,8.83100000000002,9.649,0.211141303622573,9.00280000000001,9.5696,5,2007,132
2007-05-13,9.57840695652174,9.13299999999998,9.988,0.16640890808547,9.3748,9.82799999999997,5,2007,133
2007-05-14,9.5770347826087,9.03399999999999,9.99799999999999,0.180884370752388,9.33380000000001,9.8066,5,2007,134
2007-05-15,9.52097913043478,8.91399999999999,9.92099999999999,0.195222493231068,9.2078,9.7466,5,2007,135
2007-05-16,9.49292173913043,8.99599999999998,9.88200000000001,0.138142477315205,9.33340000000002,9.66619999999999,5,2007,136
2007-05-17,8.74380869565217,8.34899999999999,9.02199999999999,0.159284391406869,8.50259999999998,8.93700000000001,5,2007,137
2007-05-18,8.13231130434782,7.98500000000001,8.25900000000001,0.0643146836307679,8.03639999999999,8.2106,5,2007,138
2007-05-19,8.22190782608696,8.01299999999998,8.40100000000001,0.102335021600441,8.05599999999998,8.34159999999999,5,2007,139
2007-05-20,8.5568852173913,8.36700000000002,8.74000000000001,0.0729310020010062,8.46920000000001,8.6576,5,2007,140
2007-05-21,8.57457043478261,8.05700000000002,9.10399999999998,0.187606447820292,8.34540000000002,8.82919999999998,5,2007,141
2007-05-22,8.56361913043478,8.04599999999999,9.15199999999999,0.215605344994467,8.29599999999999,8.84680000000002,5,2007,142
2007-05-23,8.53115130434782,8.13200000000001,8.97000000000003,0.153887124548984,8.35199999999998,8.76259999999999,5,2007,143
2007-05-24,8.57446086956522,8.26900000000001,8.83800000000002,0.123486734673639,8.38499999999999,8.721,5,2007,144
2007-05-25,10.2340626086957,9.74000000000001,10.717,0.233466916181653,9.92399999999998,10.5596,5,2007,145
2007-05-26,11.2629565217391,10.486,11.589,0.182823394500624,11.0202,11.452,5,2007,146
2007-05-27,12.257747826087,11.988,12.523,0.149075586110489,12.049,12.4566,5,2007,147
2007-05-28,12.4262626086957,11.833,13.038,0.343766261816393,11.9224,12.8882,5,2007,148
2007-05-29,12.4096208695652,11.723,13.1,0.383243309670122,11.858,12.917,5,2007,149
2007-05-30,12.3142956521739,11.819,12.753,0.275651643952682,11.9164,12.671,5,2007,150
2007-05-31,12.2351947826087,11.875,12.536,0.135372335839751,12.0594,12.4248,5,2007,151
2007-06-01,12.5594556521739,12.283,12.87,0.135093261238059,12.3744,12.74,6,2007,152
2007-06-02,12.7639286956522,12.492,13.035,0.125301782583804,12.5894,12.9332,6,2007,153
2007-06-03,11.3783217391304,11.227,11.661,0.101024917392951,11.26,11.5296,6,2007,154
2007-06-04,10.8768591304348,10.435,11.822,0.338423238687244,10.501,11.3776,6,2007,155
2007-06-05,10.7978,10.003,11.578,0.349364919088758,10.3594,11.2062,6,2007,156
2007-06-06,10.9102452173913,10.331,11.383,0.316074872112753,10.4512,11.319,6,2007,157
2007-06-07,10.8275008695652,10.167,11.515,0.37617612486124,10.333,11.3716,6,2007,158
2007-06-08,10.798587826087,10.268,11.387,0.327187341285587,10.3502,11.2746,6,2007,159
2007-06-09,10.9290486956522,10.715,11.258,0.138326840120683,10.7774,11.144,6,2007,160
2007-06-10,12.6304747826087,11.897,13.081,0.318379228942794,12.1448,12.9926,6,2007,161
2007-06-11,13.3730486956522,12.733,13.836,0.269415015517463,12.9924,13.7086,6,2007,162
2007-06-12,13.4611391304348,12.764,14.006,0.31750387763981,12.9862,13.8428,6,2007,163
2007-06-13,13.1236939130435,12.399,13.45,0.227923042091392,12.7598,13.3576,6,2007,164
2007-06-14,12.4149165217391,11.795,12.888,0.244315006267588,12.064,12.716,6,2007,165
2007-06-15,12.3227286956522,11.725,12.789,0.266707691054848,11.9884,12.6816,6,2007,166
2007-06-16,12.40504,11.863,12.872,0.263046829073673,12.0408,12.747,6,2007,167
2007-06-17,12.7411234782609,12.286,13.174,0.246280378423134,12.37,13.05,6,2007,168
2007-06-18,13.262707826087,12.71,13.676,0.163054825620581,13.0614,13.503,6,2007,169
2007-06-19,13.951852173913,13.257,14.463,0.266938699049321,13.5808,14.3106,6,2007,170
2007-06-20,14.8859965217391,14.267,15.2,0.203420283734368,14.5674,15.1086,6,2007,171
2007-06-21,14.8036139130435,14.082,15.273,0.266729045621612,14.3644,15.107,6,2007,172
2007-06-22,14.4120782608696,13.498,14.857,0.248343611984876,14.1242,14.6976,6,2007,173
2007-06-23,13.6803704347826,12.856,14.2,0.300185198635402,13.2182,14.013,6,2007,174
2007-06-24,13.7502608695652,13.018,14.319,0.317971480076593,13.2824,14.116,6,2007,175
2007-06-25,14.3784313043478,13.769,15.219,0.400483581894144,13.9348,15.0072,6,2007,176
2007-06-26,14.4752086956522,13.768,15.481,0.493553997759862,13.9306,15.2452,6,2007,177
2007-06-27,14.548587826087,13.85,15.25,0.374366045587031,14.0956,15.107,6,2007,178
2007-06-28,14.1334434782609,13.571,14.624,0.252417944417268,13.781,14.4556,6,2007,179
2007-06-29,14.09972,13.576,14.649,0.284675020780619,13.7724,14.5232,6,2007,180
2007-06-30,14.0322939130435,13.533,14.69,0.320250640433514,13.7154,14.5304,6,2007,181
2007-07-01,14.0982713043478,13.627,14.358,0.201937365994709,13.7678,14.287,7,2007,182
2007-07-02,14.0673408695652,13.644,14.585,0.229073003858602,13.745,14.37,7,2007,183
2007-07-03,14.0215269565217,13.635,14.657,0.244562295962757,13.7242,14.329,7,2007,184
2007-07-04,14.0034886956522,13.582,14.346,0.194465190298528,13.7402,14.2496,7,2007,185
2007-07-05,14.0729530434783,13.8,14.532,0.174287647876702,13.8612,14.32,7,2007,186
2007-07-06,14.1555008695652,13.935,14.45,0.131643337107571,13.967,14.331,7,2007,187
2007-07-07,14.1794104347826,13.862,14.591,0.185040249587977,13.9244,14.435,7,2007,188
2007-07-08,14.4911008695652,14.114,14.986,0.210416064313525,14.1962,14.7834,7,2007,189
2007-07-09,14.6243304347826,14.27,15.009,0.141127399492237,14.443,14.8072,7,2007,190
2007-07-10,14.6355147826087,14.301,14.846,0.112755645457279,14.4814,14.767,7,2007,191
2007-07-11,14.9772539130435,14.614,15.418,0.161319434062019,14.767,15.1986,7,2007,192
2007-07-12,15.3039043478261,14.931,15.867,0.188616047787047,15.0614,15.566,7,2007,193
2007-07-13,15.5676417391304,15.173,16.36,0.261420883622911,15.3014,15.9452,7,2007,194
2007-07-14,15.6842469565217,15.23,16.38,0.199959599282582,15.498,15.9554,7,2007,195
2007-07-15,15.7798956521739,15.401,16.545,0.264079169772802,15.5034,16.1986,7,2007,196
2007-07-16,15.6718208695652,15.26,16.225,0.231814132222773,15.4026,16.0368,7,2007,197
2007-07-17,15.7444608695652,15.512,16.154,0.142531571596197,15.5628,15.9516,7,2007,198
2007-07-18,15.8073843478261,15.541,16.197,0.139012057100782,15.6178,15.984,7,2007,199
2007-07-19,16.7173460869565,16.539,17.048,0.0961949976668481,16.5974,16.839,7,2007,200
2007-07-20,16.6920417391304,16.319,17.542,0.271765671372126,16.3888,17.0726,7,2007,201
2007-07-21,16.679172173913,16.25,17.662,0.302432184798609,16.3344,17.067,7,2007,202
2007-07-22,16.9721634782609,16.482,17.373,0.195481326059689,16.6934,17.2122,7,2007,203
2007-07-23,17.2228626086957,16.809,17.912,0.253960503891327,16.9104,17.5704,7,2007,204
2007-07-24,17.5935982608696,17.297,18.278,0.225744174678221,17.3674,17.959,7,2007,205
2007-07-25,17.7310869565217,17.307,18.404,0.218909586495285,17.4534,18.0052,7,2007,206
2007-07-26,18.1252313043478,17.675,18.888,0.282735499683709,17.792,18.5582,7,2007,207
2007-07-27,18.3121617391304,17.726,18.966,0.309744229538117,17.8902,18.7342,7,2007,208
2007-07-28,18.5892434782609,18.194,19.169,0.232572576484908,18.3014,18.8946,7,2007,209
2007-07-29,18.6710208695652,18.232,19.039,0.170720209136483,18.499,18.9402,7,2007,210
2007-07-30,19.7644852173913,19.354,19.895,0.0751093932097798,19.696,19.848,7,2007,211
2007-07-31,20.1277008695652,19.764,20.815,0.316501940451157,19.819,20.6618,7,2007,212
2007-08-01,20.1659860869565,19.578,20.896,0.311172957633191,19.884,20.6976,8,2007,213
2007-08-02,19.8592939130435,19.409,20.619,0.3186123531552,19.5424,20.415,8,2007,214
2007-08-03,19.5586,19.127,20.275,0.295404146477496,19.228,20.04,8,2007,215
2007-08-04,19.0737895652174,18.857,19.48,0.130108421267241,18.9278,19.2526,8,2007,216
2007-08-05,18.3984139130435,17.92,18.989,0.276154603370801,18.064,18.8096,8,2007,217
2007-08-06,17.92232,17.504,18.593,0.283934726267302,17.5904,18.3256,8,2007,218
2007-08-07,17.87404,17.509,18.178,0.147468830226939,17.691,18.0626,8,2007,219
2007-08-08,17.7079269565217,17.125,17.979,0.163385699011321,17.474,17.8876,8,2007,220
2007-08-09,16.7994260869565,16.294,17.177,0.178859971939468,16.5474,17.0266,8,2007,221
2007-08-10,16.9773043478261,16.402,17.264,0.19749702833353,16.6828,17.214,8,2007,222
2007-08-11,17.0303913043478,16.18,17.547,0.315811302315003,16.5756,17.4676,8,2007,223
2007-08-12,17.0868695652174,16.221,17.757,0.354123109012838,16.5858,17.5446,8,2007,224
2007-08-13,17.14724,16.412,17.689,0.267125428524616,16.7658,17.4746,8,2007,225
2007-08-14,17.0309252173913,16.538,17.423,0.169443554292272,16.8104,17.256,8,2007,226
2007-08-15,16.9307739130435,16.342,17.502,0.20328253372312,16.6762,17.189,8,2007,227
2007-08-16,16.8791182608696,16.381,17.259,0.135918272983318,16.733,17.0586,8,2007,228
2007-08-17,16.7039634782609,16.097,17.016,0.191357429725699,16.4158,16.914,8,2007,229
2007-08-18,16.0293130434783,15.423,16.387,0.203936741456713,15.7434,16.271,8,2007,230
2007-08-19,15.6924156521739,15.012,16.098,0.307529114395004,15.181,16.025,8,2007,231
2007-08-20,15.7157773913043,15.02,16.041,0.284515614734984,15.2138,15.9656,8,2007,232
2007-08-21,15.5986730434783,15.057,15.925,0.196875429459954,15.291,15.8196,8,2007,233
2007-08-22,15.5516173913043,15.123,16.007,0.186111688704995,15.3452,15.8452,8,2007,234
2007-08-23,15.7195095652174,15.311,16.065,0.136240101755928,15.522,15.8966,8,2007,235
2007-08-24,15.9150313043478,15.502,16.225,0.149113007191863,15.7144,16.108,8,2007,236
2007-08-25,17.1627234782609,16.728,17.273,0.0862460930089556,17.0484,17.2426,8,2007,237
2007-08-26,17.5053286956522,16.921,17.838,0.213384200113439,17.2274,17.7776,8,2007,238
2007-08-27,17.6072782608696,17.004,18.072,0.292669443694129,17.211,18,8,2007,239
2007-08-28,17.4822556521739,16.936,18.163,0.269912585601489,17.1468,17.8644,8,2007,240
2007-08-29,17.4874417391304,17.005,17.906,0.226949632158855,17.1994,17.8016,8,2007,241
2007-08-30,17.5560695652174,17.197,18.124,0.208086826965166,17.324,17.8516,8,2007,242
2007-08-31,17.3803982608696,17.007,17.711,0.188731654152662,17.1104,17.609,8,2007,243
2007-09-01,16.5669304347826,16.277,16.813,0.126532950201695,16.3934,16.7296,9,2007,244
2007-09-02,16.4935373913043,16.211,16.792,0.114306155208801,16.3384,16.6346,9,2007,245
2007-09-03,16.4084991304348,16.23,16.622,0.0621764622320089,16.34,16.498,9,2007,246
2007-09-04,16.1836626086957,15.918,16.613,0.155282930188147,16.0014,16.4192,9,2007,247
2007-09-05,15.8119234782609,15.348,16.337,0.219648573581487,15.4908,16.0756,9,2007,248
2007-09-06,15.42004,14.792,15.812,0.284440872406676,14.9554,15.7106,9,2007,249
2007-09-07,15.4367791304348,14.88,15.991,0.265890571625589,15.0818,15.7826,9,2007,250
2007-09-08,15.2905686956522,14.786,15.852,0.242573337581521,14.9818,15.6416,9,2007,251
2007-09-09,15.0180939130435,14.754,15.214,0.109925433458653,14.875,15.1776,9,2007,252
2007-09-10,15.0674330434783,14.644,15.277,0.119628542183011,14.901,15.19,9,2007,253
2007-09-11,14.6391147826087,14.137,15.153,0.269189260339521,14.2714,14.9858,9,2007,254
2007-09-12,14.0272365217391,13.634,14.657,0.276561451838344,13.758,14.5396,9,2007,255
2007-09-13,13.8575565217391,13.277,14.498,0.326948530065394,13.4742,14.3752,9,2007,256
2007-09-14,13.8371043478261,13.242,14.368,0.30209910152356,13.4154,14.2176,9,2007,257
2007-09-15,13.9667147826087,13.431,14.402,0.262139712012214,13.5144,14.245,9,2007,258
2007-09-16,14.0688173913043,13.645,14.526,0.21308741653081,13.7122,14.328,9,2007,259
2007-09-17,13.9634313043478,13.758,14.184,0.0847016801963604,13.837,14.0636,9,2007,260
2007-09-18,14.0154156521739,13.802,14.207,0.0784831553769829,13.9078,14.1126,9,2007,261
2007-09-19,14.4073930434783,14.146,14.826,0.11634383120534,14.278,14.5618,9,2007,262
2007-09-20,14.7812504347826,14.555,14.983,0.0759539326890035,14.6774,14.8808,9,2007,263
2007-09-21,14.8895826086957,14.75,15.145,0.0762055242550106,14.796,14.9836,9,2007,264
2007-09-22,15.1412730434783,14.735,15.562,0.184934210602512,14.875,15.38,9,2007,265
2007-09-23,15.2275043478261,14.836,15.66,0.194690452687909,14.9636,15.5218,9,2007,266
2007-09-24,15.2899234782609,14.977,15.609,0.163264938450524,15.0674,15.4996,9,2007,267
2007-09-25,15.3182069565217,14.869,15.685,0.162227312733764,15.1348,15.5342,9,2007,268
2007-09-26,15.2936452173913,14.951,15.598,0.104173247754134,15.1654,15.4156,9,2007,269
2007-09-27,15.0245826086957,14.655,15.414,0.133760654113987,14.862,15.197,9,2007,270
2007-09-28,14.6022191304348,14.199,15.31,0.252965954622057,14.3038,14.9716,9,2007,271
2007-09-29,14.6794591304348,14.051,15.745,0.36066527473537,14.2414,15.1828,9,2007,272
2007-09-30,14.7233652173913,13.984,15.947,0.415502821418673,14.2172,15.3002,9,2007,273
2007-10-01,14.8011791304348,14.183,15.807,0.353341008875632,14.3524,15.2752,10,2007,274
2007-10-02,15.0760139130435,14.568,15.68,0.247531914278903,14.7478,15.4162,10,2007,275
2007-10-03,15.7025234782609,15.098,16.138,0.22682623717157,15.397,16.0046,10,2007,276
2007-10-04,15.727252173913,15.167,16.12,0.206321652888981,15.4314,15.9706,10,2007,277
2007-10-05,15.727587826087,15.166,16.235,0.162395092455494,15.5054,15.9028,10,2007,278
2007-10-06,15.8249826086957,15.354,16.365,0.216415854309863,15.551,16.1336,10,2007,279
2007-10-07,15.7182939130435,15.031,16.176,0.240810562587019,15.371,15.9896,10,2007,280
2007-10-08,14.8716991304348,14.091,15.677,0.403156623383936,14.3134,15.402,10,2007,281
2007-10-09,14.6749043478261,13.907,15.568,0.410122217143868,14.1604,15.2498,10,2007,282
2007-10-10,14.4820260869565,13.757,15.545,0.445013542856005,13.9694,15.1578,10,2007,283
2007-10-11,13.4551860869565,12.73,14.279,0.38794465347713,12.9502,14.0148,10,2007,284
2007-10-12,13.0858747826087,12.649,13.454,0.198889946387757,12.828,13.3446,10,2007,285
2007-10-13,13.0265930434783,12.624,13.417,0.17047276327239,12.8024,13.251,10,2007,286
2007-10-14,12.7753913043478,12.402,13.183,0.181784289196888,12.5296,13.0332,10,2007,287
2007-10-15,12.65888,12.345,12.971,0.175133750381382,12.4274,12.8996,10,2007,288
2007-10-16,12.5563304347826,12.239,12.915,0.191944239223439,12.2988,12.8416,10,2007,289
2007-10-17,12.3982904347826,11.94,12.802,0.203651263446778,12.1394,12.6856,10,2007,290
2007-10-18,12.1166,11.519,12.545,0.273777434467657,11.7574,12.4786,10,2007,291
2007-10-19,12.137907826087,11.784,12.541,0.214293158293163,11.8374,12.41,10,2007,292
2007-10-20,13.0862104347826,12.798,13.279,0.113583746578215,12.9314,13.239,10,2007,293
2007-10-21,13.2028365217391,12.753,13.643,0.233645091918122,12.8972,13.5516,10,2007,294
2007-10-22,13.169452173913,12.735,13.585,0.213910628195568,12.8852,13.477,10,2007,295
2007-10-23,13.0988295652174,12.779,13.312,0.127642762168997,12.917,13.252,10,2007,296
2007-10-24,12.5081652173913,12.364,12.719,0.0877497362370133,12.3904,12.6296,10,2007,297
2007-10-25,11.9274817391304,11.542,12.476,0.21446138496608,11.6702,12.2612,10,2007,298
2007-10-26,11.9064730434783,11.47,12.543,0.234961392529491,11.623,12.2634,10,2007,299
2007-10-27,11.5814782608696,11.23,11.896,0.139615633879056,11.405,11.7706,10,2007,300
2007-10-28,10.9302365217391,10.423,11.131,0.0896391316622527,10.8508,11.02,10,2007,301
2007-10-29,10.8759617391304,10.296,11.17,0.1096210224747,10.7808,10.9914,10,2007,302
2007-10-30,10.8760713043478,10.334,11.094,0.115632679246049,10.7274,10.9888,10,2007,303
2007-10-31,10.4681513043478,10.121,10.665,0.13576664390316,10.2504,10.622,10,2007,304
2007-11-01,10.3637460869565,10.019,10.69,0.165428874200759,10.1024,10.5662,11,2007,305
2007-11-02,10.3850208695652,10.019,10.711,0.173851651635082,10.1044,10.597,11,2007,306
2007-11-03,10.3524939130435,10.059,10.62,0.130773188020499,10.1604,10.529,11,2007,307
2007-11-04,10.3960626086957,10.276,10.557,0.0689823204397507,10.313,10.496,11,2007,308
2007-11-05,9.58815130434783,9.48700000000002,9.80599999999998,0.0644513948149453,9.53039999999999,9.68559999999999,11,2007,309
2007-11-06,9.45856173913043,9.25099999999998,9.91699999999997,0.145256744691953,9.29540000000001,9.678,11,2007,310
2007-11-07,9.4430347826087,9.18900000000002,9.92099999999999,0.149396167340187,9.26299999999998,9.6458,11,2007,311
2007-11-08,9.43526608695652,9.25,9.80399999999997,0.106507122078652,9.32499999999999,9.59100000000001,11,2007,312
2007-11-09,9.49935304347826,9.44400000000002,9.60599999999999,0.0301594292226274,9.46940000000001,9.54399999999998,11,2007,313
2007-11-10,8.59156,8.54599999999999,8.71800000000002,0.0337496852482409,8.55399999999997,8.63799999999998,11,2007,314
2007-11-11,8.4322,8.35399999999998,8.69600000000003,0.0666253762957512,8.37,8.51860000000002,11,2007,315
2007-11-12,8.45105043478261,8.34899999999999,8.82499999999999,0.0924546930891059,8.36599999999999,8.5676,11,2007,316
2007-11-13,8.55432869565217,8.46899999999999,8.78399999999999,0.0656789901721838,8.48500000000001,8.64839999999999,11,2007,317
2007-11-14,8.76760695652174,8.71499999999997,8.91899999999998,0.0423014561444477,8.71899999999999,8.82400000000001,11,2007,318
2007-11-15,8.92321739130435,8.74000000000001,9.17399999999998,0.118867725991462,8.7774,9.10060000000001,11,2007,319
2007-11-16,8.77085739130435,8.46100000000001,9.19900000000001,0.197558408009035,8.49340000000001,9.0456,11,2007,320
2007-11-17,8.56809565217391,8.19499999999999,9.04599999999999,0.220464325253059,8.27519999999999,8.8934,11,2007,321
2007-11-18,8.2923147826087,7.83600000000001,8.96199999999999,0.270314412445063,7.9554,8.6732,11,2007,322
2007-11-19,7.82050086956522,7.55799999999999,8.08499999999998,0.110547132722878,7.69379999999999,7.97560000000001,11,2007,323
2007-11-20,7.43973043478261,7.18400000000003,7.77600000000001,0.124811448157908,7.26360000000001,7.6106,11,2007,324
2007-11-21,7.10381565217391,6.916,7.55099999999999,0.119388471267773,6.99280000000002,7.2716,11,2007,325
2007-11-22,7.25272695652174,6.99099999999999,7.66800000000001,0.160569197323842,7.0554,7.51520000000002,11,2007,326
2007-11-23,7.73132695652174,7.08800000000002,8.47300000000001,0.323160062529763,7.31539999999999,8.17159999999999,11,2007,327
2007-11-24,7.67065739130435,7.12299999999999,8.44099999999997,0.246228794718619,7.33659999999999,7.9582,11,2007,328
2007-11-25,7.72417739130435,7.29300000000001,8.21300000000002,0.172252113999088,7.49700000000001,7.94759999999999,11,2007,329
2007-11-26,7.85494260869565,7.40199999999999,8.45100000000002,0.270295757184732,7.5298,8.27339999999999,11,2007,330
2007-11-27,7.79322434782609,7.36000000000001,8.33299999999997,0.25109883272607,7.48479999999998,8.18519999999999,11,2007,331
2007-11-28,7.75533043478261,7.37,8.30000000000001,0.238099330783387,7.46220000000001,8.1328,11,2007,332
2007-11-29,7.54937739130435,7.32400000000001,8.041,0.170667908606234,7.38900000000001,7.82520000000002,11,2007,333
2007-11-30,7.57996521739131,7.24599999999998,8.16300000000001,0.196819773341772,7.41540000000001,7.9096,11,2007,334
2007-12-01,7.66722434782609,7.42899999999997,8.26600000000002,0.20611085131512,7.46300000000002,8.00460000000001,12,2007,335
2007-12-02,7.62309739130435,7.39300000000003,7.88799999999998,0.0917302186148074,7.50179999999998,7.72560000000001,12,2007,336
2007-12-03,7.50589043478261,7.31200000000001,7.80799999999999,0.114668831581305,7.36500000000001,7.66800000000001,12,2007,337
2007-12-04,6.56490608695652,6.49900000000002,6.67599999999999,0.0392295782043337,6.517,6.61900000000003,12,2007,338
2007-12-05,6.36158782608696,6.23000000000002,6.63799999999998,0.0938814705549427,6.25440000000001,6.48899999999998,12,2007,339
2007-12-06,6.23121913043478,6.02699999999999,6.52100000000002,0.119099981346487,6.084,6.41159999999999,12,2007,340
2007-12-07,6.17183826086956,6.00299999999999,6.47800000000001,0.105056248068804,6.04700000000003,6.31599999999997,12,2007,341
2007-12-08,6.09599130434783,5.81799999999998,6.74200000000002,0.232861643944255,5.86179999999999,6.46659999999999,12,2007,342
2007-12-09,6.05724869565217,5.78300000000002,6.75900000000001,0.243091053604144,5.8484,6.45679999999998,12,2007,343
2007-12-10,6.13263478260869,5.89400000000001,6.67599999999999,0.18894587146077,5.94640000000002,6.44180000000001,12,2007,344
2007-12-11,6.17107130434783,5.94999999999999,6.375,0.112519933011671,6.0224,6.315,12,2007,345
2007-12-12,6.26077739130435,5.81200000000001,7.00099999999998,0.275456894779718,5.9254,6.63240000000001,12,2007,346
2007-12-13,6.3251652173913,5.90300000000002,7.01999999999998,0.242038775453244,6.029,6.65360000000001,12,2007,347
2007-12-14,6.29855304347826,5.887,6.83800000000002,0.218450124001479,6.01079999999999,6.58179999999998,12,2007,348
2007-12-15,6.3409652173913,5.94200000000001,6.65899999999999,0.186397860908136,6.0694,6.57879999999999,12,2007,349
2007-12-16,5.32154782608696,5.06099999999998,5.67200000000003,0.143075115105104,5.13739999999999,5.51860000000002,12,2007,350
2007-12-17,5.01089217391304,4.73000000000002,5.63999999999999,0.222543341567272,4.78540000000002,5.36519999999998,12,2007,351
2007-12-18,4.9388747826087,4.61000000000001,5.68000000000001,0.252293345192616,4.673,5.3282,12,2007,352
2007-12-19,4.93625217391304,4.661,5.488,0.187220920923194,4.72739999999999,5.21899999999999,12,2007,353
2007-12-20,5.09741217391304,4.875,5.44799999999998,0.131052808163335,4.93900000000002,5.28680000000002,12,2007,354
2007-12-21,4.83878608695652,4.41199999999998,5.73099999999999,0.318714323517392,4.50679999999998,5.35659999999998,12,2007,355
2007-12-22,5.17752695652174,4.483,6.18000000000001,0.466622584609019,4.63099999999997,5.89320000000001,12,2007,356
2007-12-23,5.3022,4.90800000000002,5.84399999999999,0.21963979856798,5.0204,5.60779999999999,12,2007,357
2007-12-24,4.92895304347826,4.57100000000003,5.65899999999999,0.224184257732199,4.67399999999998,5.25940000000002,12,2007,358
2007-12-25,4.75010782608696,4.31299999999999,5.56400000000002,0.25590983860754,4.4374,5.09520000000001,12,2007,359
2007-12-26,4.73381043478261,4.27600000000001,5.29199999999997,0.233598401388674,4.413,5.03560000000001,12,2007,360
2007-12-27,4.69062782608696,4.30700000000002,5.12099999999998,0.19190126287949,4.4242,4.94580000000001,12,2007,361
2007-12-28,4.6262747826087,4.25200000000001,4.98000000000002,0.190815792122283,4.36179999999999,4.887,12,2007,362
2007-12-29,4.61178956521739,4.173,5.08199999999999,0.232153595442734,4.30000000000001,4.92279999999998,12,2007,363
2007-12-30,4.65154434782609,4.19900000000001,5.14499999999998,0.248069706888683,4.32339999999999,4.9942,12,2007,364
2007-12-31,4.64996695652174,4.18900000000002,5.16500000000002,0.240615204437656,4.3208,4.9646,12,2007,365
2008-01-01,4.35013391304348,3.98599999999999,4.73399999999998,0.180925691181311,4.09700000000003,4.58459999999999,1,2008,1
2008-01-02,3.74170608695652,3.34899999999999,4.20400000000001,0.185533477583826,3.48139999999999,3.96559999999999,1,2008,2
2008-01-03,3.61813391304348,3.24299999999999,4.21100000000001,0.189608953392995,3.36940000000002,3.85659999999998,1,2008,3
2008-01-04,3.51934260869565,3.06,4.19099999999997,0.247006832792424,3.20140000000001,3.84499999999998,1,2008,4
2008-01-05,3.64566260869565,3.202,4.185,0.219812045725762,3.34859999999999,3.9346,1,2008,5
2008-01-06,3.52423826086957,3.05599999999998,3.94099999999997,0.201006796729527,3.22899999999998,3.76680000000001,1,2008,6
2008-01-07,4.01196347826087,3.36099999999999,4.54500000000002,0.300833789736316,3.61840000000001,4.41459999999998,1,2008,7
2008-01-08,4.51879826086956,3.93099999999998,4.98399999999998,0.304248060922938,4.08539999999999,4.90720000000001,1,2008,8
2008-01-09,4.53272173913043,3.84100000000001,5.32999999999998,0.379448199855102,4.04,5.05900000000003,1,2008,9
2008-01-10,4.61312521739131,3.88900000000001,5.53199999999998,0.393481527541363,4.1068,5.1808,1,2008,10
2008-01-11,4.63473217391304,4.22699999999998,5.25599999999997,0.244393513556032,4.3302,5.0004,1,2008,11
2008-01-12,4.50737217391304,4.29700000000003,4.91300000000001,0.147961504756692,4.35239999999999,4.74860000000001,1,2008,12
2008-01-13,4.3637147826087,4.07100000000003,4.69200000000001,0.140870336161883,4.18340000000001,4.5592,1,2008,13
2008-01-14,4.17314434782609,3.91399999999999,4.61900000000003,0.146356034667187,3.99879999999999,4.38600000000002,1,2008,14
2008-01-15,3.90837043478261,3.61399999999998,4.22500000000002,0.133243732144271,3.72399999999999,4.07900000000001,1,2008,15
2008-01-16,3.6532852173913,3.32900000000001,4.03300000000002,0.151690883326023,3.447,3.8476,1,2008,16
2008-01-17,3.58639826086956,3.25400000000002,4.04000000000002,0.173068332551516,3.37080000000001,3.82660000000001,1,2008,17
2008-01-18,3.66361217391304,3.28300000000002,4.07499999999999,0.221065169710661,3.38640000000001,4.00400000000002,1,2008,18
2008-01-19,3.66444869565217,3.28699999999998,4.17700000000002,0.250027330340675,3.36840000000001,4.06419999999999,1,2008,19
2008-01-20,3.6324452173913,3.23399999999998,4.10000000000002,0.23758898580284,3.339,3.99320000000002,1,2008,20
2008-01-21,3.38945391304348,3.05799999999999,3.86200000000002,0.203121445146898,3.12799999999999,3.67260000000001,1,2008,21
2008-01-22,3.2728,3.01600000000002,3.83600000000001,0.177785565547581,3.07040000000001,3.51419999999998,1,2008,22
2008-01-23,3.37286956521739,3.08100000000002,3.95699999999999,0.178340185132477,3.1822,3.6492,1,2008,23
2008-01-24,3.76028173913043,3.447,4.21100000000001,0.172564134208382,3.54199999999997,4.00999999999999,1,2008,24
2008-01-25,3.55886434782609,3.29300000000001,4.30200000000002,0.20333841541419,3.37099999999998,3.87280000000001,1,2008,25
2008-01-26,3.42585391304348,3.09399999999999,4.298,0.281087360187115,3.166,3.87859999999998,1,2008,26
2008-01-27,3.75477913043478,3.62799999999999,4.22000000000003,0.123915609627469,3.64100000000002,3.9404,1,2008,27
2008-01-28,3.72651304347826,3.55000000000001,4.12200000000001,0.131568358063435,3.5804,3.9198,1,2008,28
2008-01-29,3.90834608695652,3.71800000000002,4.18599999999998,0.114086892496637,3.76600000000002,4.06439999999999,1,2008,29
2008-01-30,3.91773043478261,3.69900000000001,4.334,0.15749057389741,3.74099999999999,4.15960000000001,1,2008,30
2008-01-31,3.76863826086956,3.52199999999999,4.34699999999998,0.217999403661959,3.553,4.13200000000001,1,2008,31
2008-02-01,3.71803826086957,3.44999999999999,4.291,0.217489945933912,3.48899999999998,4.06,2,2008,32
2008-02-02,3.7308852173913,3.54700000000003,3.94900000000001,0.104852180870779,3.59399999999999,3.88,2,2008,33
2008-02-03,3.16589217391304,2.61799999999999,3.81999999999999,0.278479017640776,2.81320000000001,3.5678,2,2008,34
2008-02-04,3.03201217391304,2.40199999999999,3.81900000000002,0.353948570337376,2.5744,3.5496,2,2008,35
2008-02-05,3.03922086956522,2.45799999999997,3.69499999999999,0.28980369106456,2.65260000000001,3.43739999999999,2,2008,36
2008-02-06,2.97148869565217,2.57499999999999,3.334,0.182912964949327,2.71800000000002,3.22060000000001,2,2008,37
2008-02-07,2.46624695652174,2.14300000000003,2.81299999999999,0.159898099803783,2.2474,2.6842,2,2008,38
2008-02-08,2.1720852173913,1.77100000000002,2.45499999999998,0.1737761226664,1.92040000000001,2.39260000000002,2,2008,39
2008-02-09,2.2636,1.86099999999999,2.54899999999998,0.195687165902507,1.98460000000001,2.50400000000002,2,2008,40
2008-02-10,2.27882260869565,1.84399999999999,2.65899999999999,0.239119260500514,1.95379999999998,2.59800000000001,2,2008,41
2008-02-11,2.21812869565217,1.73199999999997,2.80500000000001,0.308442181336129,1.83480000000001,2.6626,2,2008,42
2008-02-12,2.11837565217391,1.54199999999997,2.75999999999999,0.364097066687731,1.67200000000003,2.6672,2,2008,43
2008-02-13,2.18750956521739,1.79700000000003,2.61000000000001,0.227225630767492,1.8954,2.5242,2,2008,44
2008-02-14,1.98483304347826,1.596,2.43700000000001,0.221931770490204,1.69440000000001,2.31099999999998,2,2008,45
2008-02-15,2.22189565217391,1.76400000000001,2.738,0.299207326006178,1.8254,2.60920000000001,2,2008,46
2008-02-16,2.27235478260869,1.80900000000003,2.762,0.319745166454459,1.86179999999999,2.70060000000001,2,2008,47
2008-02-17,2.38748869565217,2.05799999999999,2.71300000000002,0.201981998354917,2.1224,2.66699999999997,2,2008,48
2008-02-18,2.70742782608696,2.42000000000002,3.048,0.166671309338961,2.47639999999999,2.93200000000002,2,2008,49
2008-02-19,2.74497217391304,2.38600000000002,3.22899999999998,0.248664655153518,2.42740000000001,3.11900000000003,2,2008,50
2008-02-20,2.73780869565217,2.36399999999998,3.24700000000001,0.267688222088331,2.40499999999997,3.14660000000001,2,2008,51
2008-02-21,2.73536869565217,2.459,3.31900000000002,0.204911801527121,2.50700000000001,3.03539999999999,2,2008,52
2008-02-22,2.64819826086956,2.41500000000002,3.18099999999998,0.190334015034623,2.447,2.94620000000001,2,2008,53
2008-02-23,2.63778260869565,2.161,3.226,0.273107717725054,2.26400000000001,3.0216,2,2008,54
2008-02-24,2.48265217391304,1.94900000000001,3.096,0.296463071349262,2.1092,2.8692,2,2008,55
2008-02-25,2.37326782608696,1.875,2.94,0.313273741087602,1.9744,2.79119999999999,2,2008,56
2008-02-26,2.36809565217391,2.01800000000003,2.81299999999999,0.218472666861858,2.0754,2.65659999999999,2,2008,57
2008-02-27,2.2788747826087,2.06400000000002,2.54199999999997,0.116297205651802,2.125,2.43820000000002,2,2008,58
2008-02-28,2.18664173913043,1.91199999999998,2.68400000000003,0.191620197257414,1.964,2.464,2,2008,59
2008-02-29,2.32228869565217,2.029,2.81999999999999,0.1781979093784,2.10000000000002,2.55200000000002,2,2008,60
2008-03-01,2.23772695652174,1.94999999999999,2.61700000000002,0.181955723316662,2.00940000000001,2.5002,3,2008,61
2008-03-02,2.22408173913043,1.52800000000002,2.93400000000003,0.443983851682087,1.64400000000001,2.82499999999999,3,2008,62
2008-03-03,2.21811652173913,1.52699999999999,2.96600000000001,0.467317911012447,1.6164,2.83459999999999,3,2008,63
2008-03-04,2.31443130434783,1.73199999999997,2.88900000000001,0.352123535686247,1.83459999999998,2.80120000000002,3,2008,64
2008-03-05,2.64947478260869,1.98700000000002,3.30399999999997,0.394395937760342,2.11240000000001,3.17160000000001,3,2008,65
2008-03-06,2.77338782608696,2.02300000000002,3.61599999999999,0.468581852098803,2.1684,3.38900000000001,3,2008,66
2008-03-07,2.79483130434783,2.24700000000001,3.471,0.360279954630043,2.34739999999999,3.2888,3,2008,67
2008-03-08,3.06872695652174,2.59699999999998,3.58199999999999,0.291144491984387,2.71319999999998,3.47899999999998,3,2008,68
2008-03-09,2.8315147826087,2.34899999999999,3.62700000000001,0.333963390783901,2.4854,3.3212,3,2008,69
2008-03-10,2.61107652173913,2.27100000000002,3.19799999999998,0.200812116988353,2.34440000000001,2.9086,3,2008,70
2008-03-11,2.56642956521739,2.20999999999998,2.911,0.186423251610681,2.29740000000002,2.78899999999999,3,2008,71
2008-03-12,2.56350434782609,2.185,2.82799999999997,0.183510064564302,2.28920000000001,2.77600000000001,3,2008,72
2008-03-13,2.59023304347826,2.32600000000002,2.82600000000002,0.132227148372993,2.40079999999998,2.76259999999999,3,2008,73
2008-03-14,2.56793217391304,2.28199999999998,2.80399999999997,0.135696091283119,2.38139999999999,2.74700000000001,3,2008,74
2008-03-15,2.51334434782609,2.24900000000002,2.74000000000001,0.126840058269303,2.34039999999999,2.68059999999999,3,2008,75
2008-03-16,2.8292,2.45299999999997,3.17700000000002,0.180507829899571,2.58439999999999,3.07020000000002,3,2008,76
2008-03-17,2.91297391304348,2.505,3.39800000000002,0.246667455926108,2.59039999999999,3.24780000000001,3,2008,77
2008-03-18,2.90931652173913,2.43700000000001,3.40699999999998,0.266498492824586,2.5818,3.26600000000002,3,2008,78
2008-03-19,2.86739826086956,2.47399999999999,3.25799999999998,0.212849539529233,2.577,3.14879999999998,3,2008,79
2008-03-20,2.63114086956522,2.20600000000002,2.91699999999997,0.198620045891407,2.3038,2.86500000000001,3,2008,80
2008-03-21,2.65327130434783,2.03699999999998,3.03899999999999,0.271865608056838,2.2644,2.971,3,2008,81
2008-03-22,2.52934782608696,1.85899999999998,3.12099999999998,0.390741113119927,1.9974,3.04000000000002,3,2008,82
2008-03-23,2.37262608695652,1.767,2.87,0.339888561899225,1.90079999999998,2.80960000000001,3,2008,83
2008-03-24,2.26761565217391,1.76400000000001,2.78800000000001,0.293953698916171,1.87900000000002,2.69900000000001,3,2008,84
2008-03-25,2.27385739130435,1.976,2.67099999999999,0.194644822189108,2.04839999999999,2.57859999999999,3,2008,85
2008-03-26,2.79436695652174,2.33499999999998,3.279,0.244323761226684,2.39999999999998,3.11380000000002,3,2008,86
2008-03-27,2.97550608695652,2.49799999999999,3.56299999999999,0.237065897896477,2.62179999999998,3.2756,3,2008,87
2008-03-28,2.88550608695652,2.56,3.28699999999998,0.18989494495557,2.64680000000002,3.14959999999999,3,2008,88
2008-03-29,2.75210086956522,2.37700000000001,3.13900000000001,0.236293858822045,2.4734,3.0746,3,2008,89
2008-03-30,2.72906086956522,2.20499999999998,3.24000000000001,0.287848800290205,2.3724,3.07999999999998,3,2008,90
2008-03-31,2.74294260869565,2.29599999999999,3.54700000000003,0.292219444968286,2.4074,3.2328,3,2008,91
2008-04-01,3.68994260869565,3.30900000000003,3.98199999999997,0.134154411437586,3.51400000000001,3.86860000000001,4,2008,92
2008-04-02,3.81365565217391,3.49299999999999,4.25900000000001,0.142098862743197,3.66199999999998,4.0096,4,2008,93
2008-04-03,3.51094782608696,3.03800000000001,4,0.213830212183589,3.20839999999999,3.76379999999999,4,2008,94
2008-04-04,3.89528,3.50200000000001,4.15199999999999,0.116369095601666,3.76999999999998,4.04920000000001,4,2008,95
2008-04-05,3.81539304347826,3.60599999999999,3.95400000000001,0.0785143540015144,3.70699999999999,3.91500000000002,4,2008,96
2008-04-06,3.8746852173913,3.42599999999999,4.17500000000001,0.202327407518998,3.5588,4.11260000000001,4,2008,97
2008-04-07,4.03531826086956,3.68599999999998,4.404,0.214651207063539,3.721,4.31200000000001,4,2008,98
2008-04-08,3.76747130434782,3.28100000000001,4.34399999999999,0.287108191666771,3.40039999999999,4.214,4,2008,99
2008-04-09,3.80525565217391,3.55099999999999,4.20400000000001,0.163902747037046,3.60519999999998,4.06,4,2008,100
2008-04-10,3.84987826086956,3.31599999999997,4.375,0.258445983944767,3.48439999999999,4.19879999999999,4,2008,101
2008-04-11,3.92487304347826,3.50099999999998,4.58299999999997,0.292444943245,3.5504,4.3554,4,2008,102
2008-04-12,4.74880695652174,4.56599999999997,5.02100000000002,0.109183679685706,4.61339999999999,4.90459999999998,4,2008,103
2008-04-13,5.23478782608696,4.875,5.66699999999997,0.182031662994035,4.99099999999999,5.488,4,2008,104
2008-04-14,5.23554956521739,4.72199999999998,5.56299999999999,0.194963082082856,4.93799999999999,5.471,4,2008,105
2008-04-15,5.31490434782609,4.86200000000002,5.69900000000001,0.200325630987501,5.04359999999998,5.5866,4,2008,106
2008-04-16,5.89634086956522,5.536,6.24799999999999,0.179706813053315,5.63999999999999,6.12919999999999,4,2008,107
2008-04-17,6.97767652173913,6.50299999999999,7.19900000000001,0.174838331660554,6.6908,7.14400000000001,4,2008,108
2008-04-18,7.82968695652174,7.52699999999999,8.339,0.238536382268635,7.62539999999999,8.24299999999999,4,2008,109
2008-04-19,8.18858086956522,7.75299999999999,8.98199999999997,0.380823914218051,7.80000000000001,8.8572,4,2008,110
2008-04-20,8.19550260869565,7.79300000000001,8.92700000000002,0.337228176111098,7.85239999999999,8.79019999999999,4,2008,111
2008-04-21,8.12277913043478,7.589,8.52999999999997,0.134787165752186,7.99400000000003,8.29700000000003,4,2008,112
2008-04-22,7.98606434782609,7.32299999999998,8.44200000000001,0.175767885322321,7.78899999999999,8.24219999999999,4,2008,113
2008-04-23,7.91634260869565,7.38900000000001,8.13400000000001,0.114506070819441,7.78119999999999,8.05160000000001,4,2008,114
2008-04-24,8.55445043478261,7.44799999999998,8.94999999999999,0.394181444313087,7.88220000000001,8.892,4,2008,115
2008-04-25,9.02061043478261,8.02800000000002,9.28899999999999,0.169783192027675,8.827,9.2106,4,2008,116
2008-04-26,9.11126260869565,8.54300000000001,9.31700000000001,0.123459139554448,8.9374,9.25659999999999,4,2008,117
2008-04-27,9.0132747826087,8.42700000000002,9.25400000000002,0.131477999804766,8.8318,9.14060000000001,4,2008,118
2008-04-28,8.74037217391304,8.04199999999997,9.17399999999998,0.259877096235327,8.33819999999998,9.04259999999999,4,2008,119
2008-04-29,8.26144,7.67500000000001,8.553,0.167278313853632,8.03279999999999,8.46499999999997,4,2008,120
2008-04-30,8.27847304347826,7.53399999999999,8.483,0.137021980816159,8.11439999999999,8.41659999999998,4,2008,121
2008-05-01,8.23716,7.62700000000001,8.43200000000002,0.119316252386772,8.0794,8.36599999999999,5,2008,122
2008-05-02,8.32595130434783,7.81599999999997,8.714,0.154543413363849,8.1188,8.51280000000002,5,2008,123
2008-05-03,8.41281043478261,7.87599999999998,8.74599999999998,0.189083321131056,8.17040000000001,8.66500000000002,5,2008,124
2008-05-04,8.41042782608696,7.73700000000002,8.81999999999999,0.240015093728272,8.05219999999998,8.69480000000001,5,2008,125
2008-05-05,8.51230782608696,8.125,9.05599999999998,0.174408290421969,8.30599999999998,8.72859999999999,5,2008,126
2008-05-06,8.49529913043478,7.99599999999998,9.14800000000002,0.195373075391909,8.26140000000002,8.7296,5,2008,127
2008-05-07,8.51262086956522,8.03800000000001,8.79300000000001,0.146248460187641,8.30200000000001,8.68799999999999,5,2008,128
2008-05-08,8.57118086956522,8.27499999999998,8.87400000000002,0.13759994270599,8.38200000000001,8.7528,5,2008,129
2008-05-09,8.28453043478261,7.83100000000002,8.613,0.192970639285145,8.01600000000001,8.54000000000002,5,2008,130
2008-05-10,8.38569565217391,7.66899999999998,9.08800000000002,0.345908669894081,7.89519999999999,8.87519999999998,5,2008,131
2008-05-11,8.45693391304348,7.68299999999999,9.27300000000002,0.402822367472815,7.9006,9.02520000000001,5,2008,132
2008-05-12,8.51896,7.82900000000001,9.15899999999999,0.312451406897894,8.08800000000002,8.95859999999999,5,2008,133
2008-05-13,8.82140695652174,8.233,9.09800000000001,0.183030722141639,8.55759999999999,9.04739999999999,5,2008,134
2008-05-14,8.86229565217391,8.30700000000002,9.29599999999999,0.231217967888405,8.5264,9.1706,5,2008,135
2008-05-15,8.80146086956522,8.28399999999999,9.238,0.204584072278135,8.5178,9.0816,5,2008,136
2008-05-16,9.42716,9.12099999999998,9.69900000000001,0.151559496487715,9.202,9.61160000000001,5,2008,137
2008-05-17,9.87582260869565,9.46199999999999,10.165,0.186061920241393,9.608,10.1066,5,2008,138
2008-05-18,9.81091304347826,9.46199999999999,10.031,0.144416208251976,9.60739999999998,9.98599999999999,5,2008,139
2008-05-19,9.70754782608696,9.38299999999998,9.82999999999998,0.0645890848857674,9.6138,9.76900000000001,5,2008,140
2008-05-20,9.26297913043478,8.95799999999997,9.524,0.126588456007507,9.0874,9.42660000000001,5,2008,141
2008-05-21,8.83645217391304,8.60500000000002,9.12799999999999,0.125930172806067,8.67439999999999,9.01299999999998,5,2008,142
2008-05-22,9.05377217391304,8.55099999999999,9.24799999999999,0.152018550323566,8.80440000000001,9.20800000000003,5,2008,143
2008-05-23,9.11676347826087,8.25299999999999,9.798,0.30027369000254,8.70120000000002,9.49479999999999,5,2008,144
2008-05-24,9.18225391304348,8.25999999999999,9.78199999999998,0.337037242249625,8.71680000000001,9.59159999999999,5,2008,145
2008-05-25,9.70078956521739,8.94900000000001,10.124,0.256570423995679,9.29239999999999,9.9726,5,2008,146
2008-05-26,10.0139339130435,9.21499999999997,10.485,0.360849108698634,9.48299999999998,10.4216,5,2008,147
2008-05-27,9.93470260869565,9.21499999999997,10.417,0.374727836534756,9.37020000000002,10.3486,5,2008,148
2008-05-28,9.8374347826087,9.11399999999998,10.444,0.386216268115034,9.23279999999997,10.2562,5,2008,149
2008-05-29,9.97872,9.25200000000001,10.604,0.354966033414536,9.3974,10.4026,5,2008,150
2008-05-30,9.97856695652174,9.32100000000003,10.346,0.220476942516644,9.65260000000001,10.244,5,2008,151
2008-05-31,9.95268347826087,9.73500000000001,10.226,0.104564439170781,9.82499999999999,10.1046,5,2008,152
2008-06-01,10.2515947826087,9.572,10.77,0.238752589362786,9.94099999999997,10.5756,6,2008,153
2008-06-02,11.2323947826087,10.513,11.605,0.267552474205655,10.862,11.5362,6,2008,154
2008-06-03,11.5397895652174,11.097,11.792,0.213264127420051,11.184,11.7486,6,2008,155
2008-06-04,11.5902591304348,11.272,11.769,0.106420116034533,11.4114,11.701,6,2008,156
2008-06-05,11.5914713043478,11.347,11.734,0.0751103633584325,11.496,11.6866,6,2008,157
2008-06-06,11.0109286956522,10.737,11.225,0.111118953091274,10.85,11.156,6,2008,158
2008-06-07,11.5726747826087,11.197,11.881,0.169618942594915,11.3258,11.786,6,2008,159
2008-06-08,12.0090539130435,11.552,12.334,0.19435266146527,11.729,12.2636,6,2008,160
2008-06-09,13.9885234782609,13.482,14.352,0.20969359359183,13.704,14.261,6,2008,161
2008-06-10,13.8778156521739,13.439,14.225,0.135819248988123,13.7056,14.0596,6,2008,162
2008-06-11,14.1557808695652,13.793,14.87,0.226668887699238,13.9328,14.4898,6,2008,163
2008-06-12,14.1864834782609,13.867,15.014,0.213151569606023,14.021,14.4626,6,2008,164
2008-06-13,14.1697252173913,13.778,14.692,0.188934333043777,13.9644,14.4472,6,2008,165
2008-06-14,13.8815408695652,13.237,14.336,0.229508430874442,13.5308,14.17,6,2008,166
2008-06-15,13.5280904347826,12.79,14.063,0.312919597874807,13.0758,13.9292,6,2008,167
2008-06-16,13.7260834782609,12.928,14.296,0.320897554378339,13.2862,14.1422,6,2008,168
2008-06-17,13.8833165217391,13.263,14.181,0.20113268278786,13.5678,14.0726,6,2008,169
2008-06-18,14.1403460869565,13.555,14.376,0.146254921169746,13.9468,14.3072,6,2008,170
2008-06-19,14.3465130434783,13.792,14.932,0.263338574783383,14.0612,14.7618,6,2008,171
2008-06-20,14.5756765217391,14.17,15.219,0.248634114823536,14.3184,14.979,6,2008,172
2008-06-21,14.8978139130435,14.484,15.356,0.187997604925324,14.6884,15.1564,6,2008,173
2008-06-22,15.2627686956522,14.887,15.727,0.206578145089898,15.03,15.573,6,2008,174
2008-06-23,15.8473565217391,15.271,16.167,0.162131973564723,15.6278,16.006,6,2008,175
2008-06-24,15.8637130434783,15.293,16.408,0.307623048812312,15.3934,16.2826,6,2008,176
2008-06-25,15.9078156521739,15.328,16.565,0.34199744395384,15.436,16.3972,6,2008,177
2008-06-26,15.9108226086957,15.413,16.469,0.279973144263628,15.5018,16.267,6,2008,178
2008-06-27,15.5680660869565,15.212,15.823,0.0986327921162859,15.448,15.667,6,2008,179
2008-06-28,15.197547826087,14.605,15.598,0.188560512726158,14.9238,15.4172,6,2008,180
2008-06-29,15.2852608695652,14.794,15.633,0.172949937720227,15.0376,15.4948,6,2008,181
2008-06-30,15.2899756521739,14.878,15.689,0.156269543218945,15.065,15.465,6,2008,182
2008-07-01,15.4496834782609,15.15,15.803,0.13222682966272,15.277,15.6376,7,2008,183
2008-07-02,15.3883826086957,14.989,15.909,0.198070649707151,15.1166,15.668,7,2008,184
2008-07-03,15.5146017391304,15.205,15.767,0.108175893981894,15.373,15.641,7,2008,185
2008-07-04,16.1927826086957,15.733,16.498,0.149690248275305,15.977,16.3676,7,2008,186
2008-07-05,16.5495495652174,16.056,16.983,0.206162888212917,16.2526,16.8084,7,2008,187
2008-07-06,16.6642852173913,15.953,17.217,0.310345478010974,16.2108,17.0316,7,2008,188
2008-07-07,16.6502834782609,16.258,17.052,0.189800127738689,16.3934,16.9378,7,2008,189
2008-07-08,16.7645860869565,16.288,17.401,0.248947734914343,16.5384,17.156,7,2008,190
2008-07-09,16.8595026086957,16.601,17.4,0.184060642493538,16.662,17.1352,7,2008,191
2008-07-10,17.1874330434783,16.906,17.658,0.189619604410012,16.9628,17.5114,7,2008,192
2008-07-11,17.1534191304348,16.549,17.763,0.342470914835046,16.6258,17.6026,7,2008,193
2008-07-12,17.2414017391304,16.494,17.652,0.296100652083405,16.7718,17.5762,7,2008,194
2008-07-13,17.1419026086957,16.478,17.679,0.287042569127717,16.7348,17.5016,7,2008,195
2008-07-14,17.9179217391304,17.479,18.283,0.263344290082246,17.5504,18.2542,7,2008,196
2008-07-15,18.1003147826087,17.231,19.056,0.591888556030768,17.3488,18.936,7,2008,197
2008-07-16,18.1739791304348,17.178,19.44,0.736618779318406,17.3078,19.2482,7,2008,198
2008-07-17,18.0742626086957,17.219,19.169,0.54324376004967,17.4126,18.8856,7,2008,199
2008-07-18,18.1153026086957,17.539,18.809,0.341975174196464,17.6324,18.5936,7,2008,200
2008-07-19,18.4153426086957,17.435,19.158,0.496570846316316,17.6688,19.0276,7,2008,201
2008-07-20,18.4782486956522,17.544,19.331,0.53424227730967,17.7344,19.197,7,2008,202
2008-07-21,18.599212173913,18.25,19.153,0.282930508559677,18.3124,19.0556,7,2008,203
2008-07-22,18.3896173913043,18.184,18.719,0.122071763223352,18.26,18.5456,7,2008,204
2008-07-23,17.8726556521739,17.375,18.216,0.151108689101025,17.7018,18.107,7,2008,205
2008-07-24,18.6627791304348,18.389,18.865,0.116905728642724,18.4978,18.8116,7,2008,206
2008-07-25,19.04732,18.841,19.388,0.15157466806825,18.8658,19.2852,7,2008,207
2008-07-26,18.8767113043478,18.198,19.779,0.436742411418014,18.3614,19.584,7,2008,208
2008-07-27,18.8560365217391,18.057,19.71,0.467652504021412,18.2618,19.5576,7,2008,209
2008-07-28,18.80216,18.108,19.444,0.390030310802825,18.2864,19.3274,7,2008,210
2008-07-29,18.8114052173913,18.086,19.482,0.408382439688465,18.299,19.341,7,2008,211
2008-07-30,18.69308,18.113,19.326,0.306302469216433,18.3064,19.0708,7,2008,212
2008-07-31,18.8963617391304,18.375,19.383,0.204334121910075,18.674,19.204,7,2008,213
2008-08-01,18.8650834782609,18.263,19.233,0.198628801246811,18.5752,19.0876,8,2008,214
2008-08-02,18.8095269565217,18.162,19.367,0.260917682735504,18.4444,19.137,8,2008,215
2008-08-03,18.5988469565217,17.986,19.068,0.238872104818109,18.2764,18.9106,8,2008,216
2008-08-04,18.5205008695652,17.916,18.985,0.198108651732398,18.296,18.8056,8,2008,217
2008-08-05,18.412012173913,17.854,18.851,0.182727024155608,18.2054,18.684,8,2008,218
2008-08-06,18.4840139130435,17.865,18.943,0.223581022615259,18.2228,18.7976,8,2008,219
2008-08-07,18.1842434782609,17.512,18.747,0.259997587475551,17.8594,18.5556,8,2008,220
2008-08-08,17.1640173913043,16.223,17.591,0.234995299182308,16.8166,17.3966,8,2008,221
2008-08-09,16.9512226086957,16.262,17.414,0.208200977959155,16.6796,17.2272,8,2008,222
2008-08-10,17.0184226086957,16.248,17.637,0.273594209503819,16.6574,17.3878,8,2008,223
2008-08-11,17.3275252173913,16.415,17.814,0.261523669271936,17.018,17.7,8,2008,224
2008-08-12,17.3413130434783,16.443,18.304,0.419449576384603,16.8564,17.952,8,2008,225
2008-08-13,17.3444486956522,16.228,18.532,0.531383409543609,16.7178,18.0938,8,2008,226
2008-08-14,17.2872017391304,16.244,18.288,0.466668305825963,16.691,17.9216,8,2008,227
2008-08-15,17.891932173913,17.029,18.546,0.340778695174724,17.4124,18.3398,8,2008,228
2008-08-16,18.0816,17.277,18.567,0.236126671255173,17.76,18.3826,8,2008,229
2008-08-17,18.1012939130435,17.374,18.735,0.240920936792932,17.8338,18.413,8,2008,230
2008-08-18,17.961212173913,17.307,18.628,0.22072087357729,17.7274,18.2528,8,2008,231
2008-08-19,17.7768330434783,17.112,18.612,0.261376015644722,17.5112,18.147,8,2008,232
2008-08-20,16.9686104347826,16.26,17.681,0.347417261945768,16.468,17.448,8,2008,233
2008-08-21,16.0897269565217,15.632,16.666,0.246089592096622,15.7354,16.4332,8,2008,234
2008-08-22,16.2490747826087,15.938,16.673,0.172530862685501,16.017,16.4526,8,2008,235
2008-08-23,16.6049634782609,16.225,17.124,0.220260110064082,16.3438,16.913,8,2008,236
2008-08-24,16.859692173913,16.354,17.499,0.322773511262607,16.4834,17.3376,8,2008,237
2008-08-25,16.8199008695652,16.287,17.337,0.252587940837218,16.4544,17.164,8,2008,238
2008-08-26,16.3591843478261,15.979,16.929,0.222230953331651,16.1194,16.6812,8,2008,239
2008-08-27,16.2464156521739,15.828,16.603,0.163109129898744,16.0288,16.4586,8,2008,240
2008-08-28,16.1954104347826,15.502,16.638,0.245288648627043,15.837,16.4996,8,2008,241
2008-08-29,16.2831530434783,15.553,16.653,0.217039803235389,15.9612,16.4936,8,2008,242
2008-08-30,16.4191269565217,15.718,16.848,0.220402212833505,16.131,16.672,8,2008,243
2008-08-31,16.187532173913,15.451,16.828,0.336759561129028,15.7078,16.6436,8,2008,244
2008-09-01,16.0770591304348,15.159,16.815,0.483821518026909,15.3442,16.7002,9,2008,245
2008-09-02,16.0777286956522,15.144,16.769,0.472852179973233,15.3432,16.6586,9,2008,246
2008-09-03,16.0697652173913,15.431,16.612,0.261027396883834,15.7684,16.482,9,2008,247
2008-09-04,16.1541582608696,15.556,16.684,0.245882923750495,15.8612,16.5288,9,2008,248
2008-09-05,16.1122556521739,15.689,16.46,0.15484961468863,15.9448,16.3286,9,2008,249
2008-09-06,16.3686347826087,15.722,16.881,0.303944444379066,15.9398,16.7756,9,2008,250
2008-09-07,16.6502886956522,16.008,17.205,0.262572976670418,16.3212,17.0222,9,2008,251
2008-09-08,16.2770504347826,15.758,16.747,0.227681854939356,16.0064,16.6058,9,2008,252
2008-09-09,15.9439217391304,15.537,16.301,0.174430679092919,15.758,16.2302,9,2008,253
2008-09-10,15.7554,15.226,16.311,0.234951763156723,15.4884,16.1286,9,2008,254
2008-09-11,15.8061965217391,14.8,16.465,0.33241977574289,15.3756,16.234,9,2008,255
2008-09-12,15.6873182608696,14.86,16.197,0.276756231680469,15.3254,16.043,9,2008,256
2008-09-13,15.47244,15.027,15.757,0.188166254977334,15.1888,15.6918,9,2008,257
2008-09-14,15.2210086956522,14.905,15.492,0.162642245201713,15.011,15.4486,9,2008,258
2008-09-15,15.0715130434783,14.294,15.718,0.452004921291112,14.3778,15.6188,9,2008,259
2008-09-16,15.0166295652174,14.26,15.722,0.459588018241485,14.3248,15.5766,9,2008,260
2008-09-17,14.7562017391304,14.053,15.611,0.451391048970897,14.1994,15.4318,9,2008,261
2008-09-18,14.627587826087,13.922,15.424,0.427281482988903,14.0592,15.2196,9,2008,262
2008-09-19,14.3338052173913,13.979,14.819,0.223849284259127,14.041,14.672,9,2008,263
2008-09-20,13.9713095652174,13.782,14.245,0.0991866127146038,13.854,14.1176,9,2008,264
2008-09-21,13.941932173913,13.838,14.134,0.0561105857270411,13.867,14.017,9,2008,265
2008-09-22,14.1646956521739,13.974,14.5,0.141612944416673,14.034,14.4044,9,2008,266
2008-09-23,14.0063947826087,13.761,14.399,0.170389517804381,13.8004,14.2526,9,2008,267
2008-09-24,13.9968713043478,13.712,14.36,0.17957272398534,13.779,14.2608,9,2008,268
2008-09-25,14.1070539130435,13.743,14.623,0.240695187003206,13.8204,14.4586,9,2008,269
2008-09-26,14.0876069565217,13.832,14.517,0.198472657487973,13.873,14.427,9,2008,270
2008-09-27,14.0222173913043,13.802,14.189,0.0586131507357854,13.9514,14.096,9,2008,271
2008-09-28,13.9406852173913,13.426,14.504,0.28659871308516,13.5486,14.3436,9,2008,272
2008-09-29,13.8735165217391,13.268,14.463,0.303457565508812,13.4684,14.3066,9,2008,273
2008-09-30,13.8987617391304,13.334,14.449,0.281033100206373,13.5244,14.294,9,2008,274
2008-10-01,13.94232,13.588,14.15,0.118039038011895,13.7684,14.08,10,2008,275
2008-10-02,13.8431026086957,13.502,14.102,0.139815675984571,13.6358,14.006,10,2008,276
2008-10-03,13.3601739130435,12.849,13.647,0.190370519929833,13.0894,13.58,10,2008,277
2008-10-04,13.0910782608696,12.421,13.671,0.27515614660478,12.7078,13.4846,10,2008,278
2008-10-05,12.886612173913,12.513,13.082,0.117697676515353,12.7304,13.031,10,2008,279
2008-10-06,12.6732939130435,12.575,12.805,0.0497106142784794,12.622,12.7542,10,2008,280
2008-10-07,12.5114382608696,12.3,12.687,0.0907289062099686,12.3854,12.637,10,2008,281
2008-10-08,12.6021739130435,12.326,12.822,0.102138037776306,12.473,12.7656,10,2008,282
2008-10-09,12.9895617391304,12.658,13.421,0.182414838887761,12.7492,13.243,10,2008,283
2008-10-10,12.9531826086957,12.526,13.465,0.196811100939741,12.6884,13.2204,10,2008,284
2008-10-11,12.9026539130435,12.477,13.305,0.163473501186162,12.6958,13.1156,10,2008,285
2008-10-12,12.8877165217391,12.548,13.25,0.163064654419594,12.659,13.1092,10,2008,286
2008-10-13,12.648507826087,12.489,12.978,0.0903465811726502,12.556,12.7776,10,2008,287
2008-10-14,12.4430347826087,12.194,12.813,0.176487887396891,12.2184,12.6832,10,2008,288
2008-10-15,12.4898313043478,12.241,12.869,0.173130797046414,12.2804,12.735,10,2008,289
2008-10-16,12.4691547826087,12.137,12.808,0.189619374958075,12.1934,12.6986,10,2008,290
2008-10-17,12.3383286956522,11.947,12.703,0.172650373161557,12.1074,12.5496,10,2008,291
2008-10-18,12.1348173913043,11.663,12.512,0.207646266093207,11.8162,12.3992,10,2008,292
2008-10-19,11.5805913043478,11.123,11.944,0.203288697052593,11.2576,11.8346,10,2008,293
2008-10-20,11.2953617391304,10.965,11.735,0.165098675795971,11.0698,11.5372,10,2008,294
2008-10-21,11.3261739130435,11.057,11.667,0.126294168861115,11.1446,11.494,10,2008,295
2008-10-22,11.5585826086957,11.399,11.79,0.0858745116595418,11.4524,11.682,10,2008,296
2008-10-23,10.782852173913,10.372,11.071,0.119893451788874,10.6048,10.9386,10,2008,297
2008-10-24,10.7473530434783,10.31,11.033,0.126219026850071,10.5474,10.899,10,2008,298
2008-10-25,10.9995530434783,10.825,11.277,0.106210478463731,10.8584,11.1442,10,2008,299
2008-10-26,11.3309617391304,10.846,11.643,0.177952217083447,11.0898,11.5656,10,2008,300
2008-10-27,11.3087547826087,10.835,11.663,0.174497987889859,11.0928,11.533,10,2008,301
2008-10-28,11.2958452173913,10.987,11.568,0.134188756392141,11.1084,11.482,10,2008,302
2008-10-29,10.569772173913,10.355,10.782,0.112588866602769,10.4044,10.7136,10,2008,303
2008-10-30,10.0794904347826,9.59199999999998,10.444,0.203281758503813,9.77499999999998,10.349,10,2008,304
2008-10-31,10.0213739130435,9.54700000000003,10.476,0.23643582642051,9.6796,10.3492,10,2008,305
2008-11-01,9.74387478260869,9.44900000000001,10.091,0.168470703748492,9.536,10.0016,11,2008,306
2008-11-02,9.60398434782609,9.36200000000002,10.058,0.188779561264185,9.42099999999999,9.9136,11,2008,307
2008-11-03,9.61887652173913,9.49900000000002,9.84500000000003,0.0869442754079199,9.53739999999999,9.7666,11,2008,308
2008-11-04,9.62635304347826,9.54700000000003,9.798,0.0599839602859977,9.56139999999999,9.71960000000001,11,2008,309
2008-11-05,9.65838956521739,9.56200000000001,9.75200000000001,0.0515683426879375,9.589,9.73099999999999,11,2008,310
2008-11-06,9.77796695652174,9.733,9.84100000000001,0.0261099381727178,9.74700000000001,9.81700000000001,11,2008,311
2008-11-07,10.5980695652174,10.5,10.705,0.0446556943821425,10.54,10.6596,11,2008,312
2008-11-08,10.5012660869565,10.443,10.575,0.0291791381939479,10.464,10.543,11,2008,313
2008-11-09,9.94940869565217,9.82999999999998,10.123,0.0697710161727141,9.8604,10.05,11,2008,314
2008-11-10,9.75310086956522,9.553,10.069,0.119182714452766,9.61099999999999,9.94099999999997,11,2008,315
2008-11-11,9.69539826086957,9.44400000000002,10.08,0.137643468378322,9.51839999999999,9.90960000000001,11,2008,316
2008-11-12,9.77184869565217,9.45600000000002,10.024,0.122396424509117,9.60399999999998,9.93299999999999,11,2008,317
2008-11-13,9.68459130434783,9.36900000000003,9.97000000000003,0.130415824886015,9.4974,9.851,11,2008,318
2008-11-14,9.53057391304348,9.32499999999999,9.68799999999999,0.0804047536243541,9.41800000000001,9.63600000000002,11,2008,319
2008-11-15,9.68494782608695,9.61599999999999,9.74700000000001,0.0331447683707856,9.63799999999998,9.72899999999998,11,2008,320
2008-11-16,9.07808,9,9.26600000000002,0.0552019150806525,9.01400000000001,9.15699999999998,11,2008,321
2008-11-17,8.88902260869565,8.55200000000002,9.24900000000002,0.180999271881836,8.65340000000001,9.15140000000001,11,2008,322
2008-11-18,8.82134956521739,8.50599999999997,9.11700000000002,0.14875232986429,8.6104,9.0266,11,2008,323
2008-11-19,8.62793565217391,8.392,8.84199999999998,0.110346071221521,8.48000000000002,8.78560000000001,11,2008,324
2008-11-20,8.46137565217391,8.23000000000002,8.81999999999999,0.154145406596473,8.28500000000003,8.71379999999998,11,2008,325
2008-11-21,8.22666086956522,7.93700000000001,8.63200000000001,0.175034565374663,8.00179999999998,8.48680000000001,11,2008,326
2008-11-22,8.10759478260869,7.71699999999998,8.48899999999998,0.201181304783358,7.83140000000001,8.36780000000001,11,2008,327
2008-11-23,7.9652052173913,7.529,8.47300000000001,0.229768455577145,7.6574,8.2732,11,2008,328
2008-11-24,7.87175826086956,7.47300000000001,8.31700000000001,0.204385692128376,7.61000000000001,8.15659999999999,11,2008,329
2008-11-25,7.49746434782609,7.26100000000002,7.85599999999999,0.141494702743278,7.32640000000001,7.7116,11,2008,330
2008-11-26,7.36183130434783,7.06900000000002,7.90600000000001,0.220403702440973,7.13999999999999,7.7452,11,2008,331
2008-11-27,7.30346260869565,7,7.89400000000001,0.232283419584972,7.07299999999998,7.70599999999997,11,2008,332
2008-11-28,7.28837043478261,7.06700000000001,7.81200000000001,0.19317042220889,7.0984,7.60859999999999,11,2008,333
2008-11-29,7.22357739130435,7.03300000000002,7.63099999999997,0.143180268834177,7.05900000000003,7.44999999999999,11,2008,334
2008-11-30,7.14647652173913,6.95100000000002,7.48500000000001,0.123802468784266,6.99539999999999,7.31700000000001,11,2008,335
2008-12-01,7.20397565217391,6.98000000000002,7.548,0.130391341143402,7.03899999999999,7.38759999999999,12,2008,336
2008-12-02,7.26010956521739,7.04199999999997,7.62599999999998,0.133797809504521,7.09340000000001,7.45259999999998,12,2008,337
2008-12-03,7.22736173913044,6.99000000000001,7.625,0.146067956824581,7.04899999999998,7.44660000000001,12,2008,338
2008-12-04,6.94475826086957,6.61000000000001,7.34899999999999,0.191829098764652,6.68940000000001,7.21840000000002,12,2008,339
2008-12-05,6.87021913043478,6.43799999999999,7.298,0.235489320757609,6.56179999999998,7.20299999999997,12,2008,340
2008-12-06,6.61950608695652,6.36399999999998,6.887,0.118606291945313,6.45839999999998,6.777,12,2008,341
2008-12-07,6.66091304347826,6.35899999999998,7.06599999999997,0.165874147604467,6.44540000000001,6.87960000000001,12,2008,342
2008-12-08,6.66701913043478,6.31999999999999,7.017,0.192796117281869,6.38999999999999,6.91519999999999,12,2008,343
2008-12-09,6.64073739130435,6.226,7.11500000000001,0.225737773566557,6.33100000000002,6.95799999999997,12,2008,344
2008-12-10,6.60509739130435,6.416,6.82900000000001,0.120143254693033,6.44540000000001,6.78300000000002,12,2008,345
2008-12-11,6.79988347826087,6.64699999999999,7.09800000000001,0.100681088199232,6.68599999999998,6.95100000000002,12,2008,346
2008-12-12,6.70439478260869,6.50200000000001,7.12099999999998,0.144422129677815,6.54399999999998,6.928,12,2008,347
2008-12-13,6.51442086956522,6.37599999999998,7.10599999999999,0.140274482975898,6.39499999999998,6.70400000000002,12,2008,348
2008-12-14,6.41994260869565,6.10000000000002,6.92899999999997,0.135645296734844,6.30000000000001,6.59680000000002,12,2008,349
2008-12-15,6.4844,6.37299999999999,6.64800000000002,0.0673191990776772,6.40439999999999,6.57999999999998,12,2008,350
2008-12-16,6.33289565217391,6.178,6.476,0.070038338668921,6.23000000000002,6.416,12,2008,351
2008-12-17,5.63637217391304,5.50400000000002,6.077,0.11782672237905,5.52300000000002,5.79340000000001,12,2008,352
2008-12-18,5.42872869565217,5.21199999999999,6.02199999999999,0.174608799566133,5.24700000000001,5.6934,12,2008,353
2008-12-19,5.59753913043478,5.29599999999999,6.08499999999998,0.178904198710694,5.37400000000002,5.84119999999998,12,2008,354
2008-12-20,5.75179304347826,5.44999999999999,6.03300000000002,0.145182765821541,5.54479999999999,5.935,12,2008,355
2008-12-21,5.47389391304348,5.24299999999999,5.79599999999999,0.117752002200038,5.315,5.6336,12,2008,356
2008-12-22,5.49991304347826,5.17599999999999,5.89600000000002,0.182275634848809,5.27140000000001,5.79700000000003,12,2008,357
2008-12-23,5.63242956521739,5.30700000000002,6.036,0.174414065865577,5.40880000000002,5.90800000000002,12,2008,358
2008-12-24,5.46831826086956,5.23500000000001,5.762,0.12872796830042,5.30580000000001,5.65559999999999,12,2008,359
2008-12-25,5.6770747826087,5.37099999999998,6.00299999999999,0.155544809548919,5.47540000000001,5.9044,12,2008,360
2008-12-26,6.00972173913043,5.72800000000001,6.26900000000001,0.132671593433891,5.81879999999999,6.18900000000002,12,2008,361
2008-12-27,5.55500173913043,5.29399999999998,5.98899999999998,0.171425002131707,5.351,5.81719999999998,12,2008,362
2008-12-28,5.39173913043478,5.13099999999997,6.11599999999999,0.252697291983015,5.14800000000002,5.76900000000001,12,2008,363
2008-12-29,5.47104347826087,5.202,6.19400000000002,0.241528372147747,5.22800000000001,5.83299999999998,12,2008,364
2008-12-30,5.52291478260869,5.30599999999998,5.94299999999998,0.157478314553506,5.34300000000002,5.76320000000001,12,2008,365
2008-12-31,5.44008869565218,5.12200000000001,6.16699999999997,0.205081561392557,5.20400000000001,5.72859999999999,12,2008,366
2009-01-01,5.08161391304348,4.78199999999998,5.608,0.18631035274853,4.86740000000001,5.36719999999999,1,2009,1
2009-01-02,5.02598086956522,4.887,5.33600000000001,0.0974111476635916,4.92899999999997,5.178,1,2009,2
2009-01-03,4.95784,4.72500000000002,5.238,0.102005134802776,4.8336,5.10579999999998,1,2009,3
2009-01-04,5.16521217391304,5.02300000000002,5.50400000000002,0.114539284032727,5.04939999999999,5.3504,1,2009,4
2009-01-05,5.16443478260869,5.03300000000002,5.49299999999999,0.0956020835021079,5.07140000000002,5.31360000000001,1,2009,5
2009-01-06,4.99523826086956,4.83600000000001,5.58299999999997,0.141945076721007,4.86799999999999,5.2034,1,2009,6
2009-01-07,5.07433391304348,4.85699999999997,5.50700000000001,0.132456658407997,4.92240000000002,5.26760000000002,1,2009,7
2009-01-08,4.80690608695652,4.596,5.40499999999997,0.193370800345604,4.61740000000001,5.10600000000001,1,2009,8
2009-01-09,4.47825217391304,4.20999999999998,5.20999999999998,0.214200256504003,4.24599999999998,4.75599999999997,1,2009,9
2009-01-10,4.30577739130435,3.98500000000001,5.137,0.23410748114568,4.0634,4.609,1,2009,10
2009-01-11,4.26553217391304,3.971,4.904,0.215888300075241,4.03739999999999,4.55860000000001,1,2009,11
2009-01-12,4.15934086956522,3.98000000000002,4.416,0.129698573016237,3.99900000000002,4.34199999999998,1,2009,12
2009-01-13,4.24395304347826,4.02300000000002,4.505,0.12219246921723,4.08800000000002,4.42099999999999,1,2009,13
2009-01-14,3.72024,3.57100000000003,4.05700000000002,0.0988103177052742,3.60939999999999,3.86180000000001,1,2009,14
2009-01-15,3.4495252173913,3.18299999999999,4.10599999999999,0.19915976543432,3.22399999999999,3.73859999999999,1,2009,15
2009-01-16,3.43258782608696,3.15300000000002,3.827,0.170828557386594,3.20939999999999,3.67160000000001,1,2009,16
2009-01-17,3.42117913043478,3.15300000000002,3.88900000000001,0.156531995980991,3.22040000000002,3.63099999999997,1,2009,17
2009-01-18,3.5006852173913,3.26800000000003,3.97300000000001,0.139898108917364,3.33439999999999,3.70520000000001,1,2009,18
2009-01-19,3.66447304347826,3.41500000000002,3.96199999999999,0.125302764569125,3.49299999999999,3.83100000000002,1,2009,19
2009-01-20,3.38733913043478,3.17399999999998,3.726,0.13127710186133,3.226,3.58720000000002,1,2009,20
2009-01-21,3.44470086956522,3.12400000000002,3.827,0.195543843384685,3.2054,3.73979999999999,1,2009,21
2009-01-22,3.73081739130435,3.22199999999998,4.43400000000003,0.322562971801096,3.35739999999998,4.22780000000001,1,2009,22
2009-01-23,3.50374434782609,2.988,4.32999999999998,0.363944527637236,3.09019999999999,4.07780000000001,1,2009,23
2009-01-24,3.33911130434783,2.815,4.62099999999998,0.40003117665201,2.91000000000003,3.9558,1,2009,24
2009-01-25,3.17683652173913,2.64499999999998,4.42200000000003,0.389464312331972,2.74700000000001,3.75240000000001,1,2009,25
2009-01-26,3.16688,2.66399999999999,4.14100000000002,0.377490998854313,2.74780000000002,3.74219999999999,1,2009,26
2009-01-27,3.24771304347826,2.82299999999998,4.03899999999999,0.32810575452682,2.89999999999998,3.76719999999998,1,2009,27
2009-01-28,3.19713565217391,2.923,3.66500000000002,0.165194729454665,2.99700000000001,3.43859999999999,1,2009,28
2009-01-29,2.87577043478261,2.60300000000001,3.54199999999997,0.222803024275069,2.6524,3.2228,1,2009,29
2009-01-30,2.78539652173913,2.50900000000001,3.35399999999998,0.19892808390541,2.5624,3.08919999999998,1,2009,30
2009-01-31,2.78541043478261,2.57499999999999,3.209,0.142341562617588,2.6204,2.9966,1,2009,31
2009-02-01,2.89354608695652,2.60599999999999,3.34899999999999,0.168955411972099,2.68820000000001,3.1256,2,2009,32
2009-02-02,3.07591304347826,2.77999999999997,3.39100000000002,0.142208964689058,2.88400000000001,3.2876,2,2009,33
2009-02-03,3.03601913043478,2.745,3.36200000000002,0.15449209123317,2.82739999999999,3.2426,2,2009,34
2009-02-04,2.82219826086957,2.56400000000002,3.36599999999999,0.19056892357128,2.60939999999999,3.1194,2,2009,35
2009-02-05,2.5849652173913,2.25299999999999,3.20499999999998,0.219853274259667,2.3268,2.928,2,2009,36
2009-02-06,2.53874782608696,2.27199999999999,2.86900000000003,0.146700151858716,2.34699999999998,2.73519999999999,2,2009,37
2009-02-07,2.62232347826087,2.38400000000001,3.005,0.144713653540299,2.44139999999999,2.82560000000001,2,2009,38
2009-02-08,2.77794434782609,2.43900000000002,3.58999999999997,0.283133826039847,2.50200000000001,3.24199999999998,2,2009,39
2009-02-09,2.84527130434783,2.483,3.81599999999997,0.317826316375311,2.51680000000002,3.35680000000001,2,2009,40
2009-02-10,3.03186434782609,2.714,4.14400000000001,0.305390118411799,2.74099999999999,3.47140000000001,2,2009,41
2009-02-11,3.13792347826087,2.83999999999997,3.82999999999998,0.226845081494693,2.90079999999998,3.48579999999998,2,2009,42
2009-02-12,3.10878608695652,2.81999999999999,3.53899999999999,0.184864696206849,2.8854,3.38960000000001,2,2009,43
2009-02-13,2.9614,2.69400000000002,3.66399999999999,0.243810873753159,2.72800000000001,3.3752,2,2009,44
2009-02-14,2.94141217391304,2.70400000000001,3.74599999999998,0.253987863968291,2.73099999999999,3.37620000000001,2,2009,45
2009-02-15,2.97887304347826,2.79700000000003,3.76299999999998,0.200440254691146,2.81400000000002,3.27400000000001,2,2009,46
2009-02-16,3.06547478260869,2.93299999999999,3.447,0.104420529643642,2.96100000000001,3.214,2,2009,47
2009-02-17,2.76922782608696,2.63200000000001,3.20400000000001,0.125656098035426,2.65300000000002,2.96960000000001,2,2009,48
2009-02-18,2.58437217391304,2.334,3.166,0.21520827103349,2.38099999999997,2.93320000000002,2,2009,49
2009-02-19,2.68589043478261,2.53199999999998,3.12299999999999,0.141949419866137,2.55000000000001,2.91279999999999,2,2009,50
2009-02-20,2.76120173913043,2.54500000000002,3.39699999999999,0.216872514287579,2.56900000000002,3.1328,2,2009,51
2009-02-21,2.66212695652174,2.34800000000001,3.52300000000002,0.297041954744363,2.392,3.17000000000002,2,2009,52
2009-02-22,2.59763652173913,2.363,3.291,0.230401002621054,2.387,2.98399999999999,2,2009,53
2009-02-23,2.70590086956522,2.35199999999998,3.01499999999999,0.135456778850396,2.53580000000001,2.88820000000001,2,2009,54
2009-02-24,2.68545043478261,2.25200000000001,3.50999999999999,0.326269881280812,2.37099999999998,3.20539999999999,2,2009,55
2009-02-25,2.67807130434783,2.23000000000002,3.61099999999999,0.403750863423466,2.27840000000001,3.34140000000001,2,2009,56
2009-02-26,2.77477043478261,2.29399999999998,3.697,0.412269472480932,2.38999999999999,3.48659999999999,2,2009,57
2009-02-27,2.73453913043478,2.36099999999999,3.31299999999999,0.209981618863573,2.53500000000003,3.0586,2,2009,58
2009-02-28,2.52647652173913,2.09300000000002,2.87200000000001,0.157201447765337,2.31440000000001,2.73359999999999,2,2009,59
2009-03-01,2.24094260869565,1.81200000000001,2.52600000000001,0.158239614022989,2.01640000000001,2.44499999999999,3,2009,60
2009-03-02,2.05959826086956,1.69999999999999,2.30200000000002,0.141992492552321,1.85479999999999,2.23700000000002,3,2009,61
2009-03-03,2.02180695652174,1.63999999999999,2.58999999999997,0.229868996065627,1.77319999999999,2.38400000000001,3,2009,62
2009-03-04,1.97231826086957,1.58600000000001,2.678,0.28869674345822,1.67740000000001,2.4472,3,2009,63
2009-03-05,2.05782956521739,1.68099999999998,2.73199999999997,0.268132018348701,1.7894,2.50519999999999,3,2009,64
2009-03-06,2.11242260869565,1.71199999999999,2.55099999999999,0.186010959860716,1.88900000000001,2.38059999999998,3,2009,65
2009-03-07,2.14460695652174,1.822,2.363,0.129688726592488,1.95699999999999,2.3076,3,2009,66
2009-03-08,2.52401565217391,2.20699999999999,2.75200000000001,0.134059277927658,2.3304,2.69,3,2009,67
2009-03-09,2.55730956521739,2.22000000000003,2.92099999999999,0.180997944515402,2.30479999999998,2.80000000000001,3,2009,68
2009-03-10,2.44929391304348,2.15100000000001,2.86700000000002,0.177101800134748,2.22699999999998,2.70799999999997,3,2009,69
2009-03-11,2.6797652173913,2.19600000000003,3.005,0.197710895226333,2.377,2.91759999999999,3,2009,70
2009-03-12,2.84537739130435,2.11799999999999,3.41300000000001,0.380585797114538,2.30339999999999,3.31759999999999,3,2009,71
2009-03-13,2.70256173913043,2.13499999999999,3.10000000000002,0.261624273633893,2.32920000000001,3.01760000000002,3,2009,72
2009-03-14,2.58167304347826,2.065,3.101,0.303068099119878,2.17599999999999,2.99200000000002,3,2009,73
2009-03-15,2.59314434782609,2.072,3.15300000000002,0.329939591712894,2.1618,3.0482,3,2009,74
2009-03-16,2.52786782608696,2.12200000000001,2.947,0.217842517178262,2.21920000000001,2.8332,3,2009,75
2009-03-17,2.58703826086956,2.30500000000001,2.99700000000001,0.148792638946406,2.3902,2.80979999999998,3,2009,76
2009-03-18,2.95349217391304,2.46899999999999,3.39800000000002,0.223640872653513,2.6454,3.26499999999999,3,2009,77
2009-03-19,2.86592,2.43200000000002,3.22399999999999,0.205397644083669,2.5794,3.10159999999998,3,2009,78
2009-03-20,2.5848347826087,2.31,2.99700000000001,0.165879502172583,2.38139999999999,2.83199999999999,3,2009,79
2009-03-21,2.70112347826087,2.358,3.202,0.202104710471699,2.46340000000001,2.99960000000001,3,2009,80
2009-03-22,2.71251652173913,2.38299999999998,3.06900000000002,0.16898835904614,2.49599999999998,2.95299999999997,3,2009,81
2009-03-23,2.60699304347826,2.40699999999998,2.75599999999997,0.0977545811697628,2.45600000000002,2.7176,3,2009,82
2009-03-24,2.8004052173913,2.61599999999999,2.971,0.0632168518356195,2.71300000000002,2.87860000000001,3,2009,83
2009-03-25,3.03115826086956,2.69799999999998,3.303,0.130880738051056,2.82980000000001,3.19200000000001,3,2009,84
2009-03-26,3.10450782608696,2.76600000000002,3.37200000000001,0.0988494941798966,2.96340000000001,3.21300000000002,3,2009,85
2009-03-27,3.07049565217391,2.79700000000003,3.24200000000002,0.0874583797393839,2.9494,3.17660000000001,3,2009,86
2009-03-28,3.16064695652174,2.98099999999999,3.31299999999999,0.0765194212801931,3.05799999999999,3.26100000000002,3,2009,87
2009-03-29,2.82466608695652,2.67899999999997,2.923,0.0452241010776901,2.76900000000001,2.8872,3,2009,88
2009-03-30,2.74298956521739,2.62200000000001,2.87700000000001,0.0738812959006333,2.63799999999998,2.83699999999999,3,2009,89
2009-03-31,2.64900869565217,2.5,2.78199999999998,0.08101269910047,2.54300000000001,2.75299999999999,3,2009,90
2009-04-01,2.65789913043478,2.541,2.75999999999999,0.0595280824070555,2.57400000000001,2.73199999999997,4,2009,91
2009-04-02,2.71318260869565,2.58800000000002,2.78399999999999,0.0410522278482102,2.65600000000001,2.762,4,2009,92
2009-04-03,3.15416,3.05500000000001,3.262,0.0485370162991036,3.09500000000003,3.22460000000001,4,2009,93
2009-04-04,4.45073565217391,3.93099999999998,4.64999999999998,0.189088607343374,4.13919999999999,4.63799999999998,4,2009,94
2009-04-05,4.71278608695652,3.911,4.89400000000001,0.164086971758465,4.51900000000001,4.84399999999999,4,2009,95
2009-04-06,4.76406608695652,4.15199999999999,5.11700000000002,0.145779231974517,4.58800000000002,4.91399999999999,4,2009,96
2009-04-07,4.68575304347826,4.07799999999997,4.84199999999998,0.141086432426853,4.4754,4.81299999999999,4,2009,97
2009-04-08,4.1462452173913,3.834,4.29500000000002,0.0987677953299264,3.99919999999998,4.25299999999999,4,2009,98
2009-04-09,4.16378608695652,3.55099999999999,4.53899999999999,0.239285968495819,3.85399999999998,4.46260000000001,4,2009,99
2009-04-10,4.14646782608696,3.56,4.66899999999998,0.255152271113397,3.81759999999998,4.49979999999998,4,2009,100
2009-04-11,4.09256,3.82600000000002,4.54399999999998,0.146649762197603,3.91800000000001,4.3006,4,2009,101
2009-04-12,4.01737913043478,3.77699999999999,4.73899999999998,0.22371172555114,3.83600000000001,4.40579999999999,4,2009,102
2009-04-13,4.07821565217391,3.69900000000001,4.31400000000002,0.161870960238456,3.8184,4.255,4,2009,103
2009-04-14,4.10784,3.72800000000001,4.42599999999999,0.180389470632248,3.8484,4.3316,4,2009,104
2009-04-15,4.87716173913044,4.48000000000002,5.24799999999999,0.147948302713196,4.661,5.06460000000001,4,2009,105
2009-04-16,5.17593739130435,4.80000000000001,5.447,0.160703189878376,4.935,5.3752,4,2009,106
2009-04-17,5.31451652173913,5.03300000000002,5.54500000000002,0.112549219531497,5.14600000000002,5.44900000000001,4,2009,107
2009-04-18,5.70092173913043,5.48500000000001,5.98000000000002,0.133235961326881,5.52140000000001,5.90419999999999,4,2009,108
2009-04-19,5.81182782608696,5.36900000000003,6.32900000000001,0.259198241012975,5.4636,6.14220000000003,4,2009,109
2009-04-20,5.7693947826087,5.31099999999998,6.35500000000002,0.281285009851498,5.4074,6.13820000000001,4,2009,110
2009-04-21,5.79273739130435,5.40300000000002,6.15800000000002,0.215264092506854,5.464,6.06299999999999,4,2009,111
2009-04-22,5.92186608695652,5.82299999999998,5.99299999999999,0.0333822933070561,5.88200000000001,5.9686,4,2009,112
2009-04-23,7.43514782608696,7.20699999999999,7.55399999999997,0.0924541362405358,7.30200000000002,7.54259999999999,4,2009,113
2009-04-24,7.46230782608696,7.245,7.67599999999999,0.118933827199139,7.28540000000002,7.61019999999999,4,2009,114
2009-04-25,7.39165391304348,7.053,7.72800000000001,0.193603892324414,7.11820000000001,7.67279999999998,4,2009,115
2009-04-26,7.34512,7.142,7.62400000000002,0.141969721952322,7.178,7.56419999999999,4,2009,116
2009-04-27,8.09210782608696,7.78899999999999,8.24200000000002,0.0849868540232197,7.99340000000001,8.20759999999998,4,2009,117
2009-04-28,8.22742608695652,7.78699999999998,8.57499999999999,0.239251229644133,7.87020000000002,8.51499999999999,4,2009,118
2009-04-29,7.93797739130435,7.25700000000001,8.59500000000003,0.30691890990617,7.55599999999998,8.41360000000001,4,2009,119
2009-04-30,7.53274782608696,6.839,8.40499999999997,0.371825851941598,7.15699999999998,8.12679999999999,4,2009,120
2009-05-01,7.29895304347826,6.70999999999998,7.78699999999998,0.249425394472914,6.96079999999998,7.637,5,2009,121
2009-05-02,7.36456347826087,6.89100000000002,7.93900000000002,0.288076237952557,7.0154,7.8356,5,2009,122
2009-05-03,8.51538782608696,8.28500000000003,8.64999999999998,0.0887908762889801,8.38520000000001,8.62799999999999,5,2009,123
2009-05-04,8.14597913043478,7.86700000000002,8.28699999999998,0.0857705568005533,8.0212,8.245,5,2009,124
2009-05-05,7.66733043478261,7.36900000000003,7.94600000000003,0.127809167533319,7.50039999999999,7.84100000000001,5,2009,125
2009-05-06,7.75020869565217,7.40600000000001,8.06200000000001,0.141613271763576,7.56379999999999,7.93900000000002,5,2009,126
2009-05-07,7.71585913043478,7.42599999999999,7.99000000000001,0.121265306441212,7.55580000000001,7.87820000000002,5,2009,127
2009-05-08,7.38072173913043,7.09899999999999,7.65600000000001,0.127454572615477,7.2114,7.55500000000001,5,2009,128
2009-05-09,7.34817739130435,7.10199999999998,7.52199999999999,0.0810560943342489,7.24440000000002,7.45959999999999,5,2009,129
2009-05-10,7.52483652173913,7.30799999999999,7.88799999999998,0.129379951439821,7.37599999999998,7.73159999999998,5,2009,130
2009-05-11,8.40828,8.24900000000002,8.57900000000001,0.080627892217794,8.29939999999999,8.52699999999999,5,2009,131
2009-05-12,8.7132852173913,8.35500000000002,9.08499999999998,0.239827911678599,8.40579999999998,9.02919999999999,5,2009,132
2009-05-13,8.9755652173913,8.512,9.59199999999998,0.306297830807534,8.59340000000001,9.41720000000002,5,2009,133
2009-05-14,9.2033652173913,8.71100000000001,9.89999999999998,0.329567907655923,8.79899999999998,9.70999999999998,5,2009,134
2009-05-15,9.02790260869565,8.495,9.58199999999999,0.303890380434638,8.67919999999999,9.48859999999999,5,2009,135
2009-05-16,8.97907304347826,8.73199999999997,9.24799999999999,0.153491461657309,8.77840000000001,9.20699999999999,5,2009,136
2009-05-17,9.19570260869565,9.048,9.29000000000002,0.0597038881604507,9.11599999999999,9.27760000000001,5,2009,137
2009-05-18,9.51353043478261,9.29899999999998,9.61900000000003,0.0766373788381134,9.4014,9.60599999999999,5,2009,138
2009-05-19,9.95008347826087,9.49000000000001,10.218,0.186601412363075,9.69,10.1686,5,2009,139
2009-05-20,10.09672,9.44900000000001,10.611,0.297203352291392,9.73339999999999,10.474,5,2009,140
2009-05-21,9.99118608695652,9.70699999999999,10.201,0.152480187144413,9.779,10.184,5,2009,141
2009-05-22,9.96282956521739,9.839,10.045,0.046818749359871,9.89239999999999,10.02,5,2009,142
2009-05-23,11.1107113043478,10.802,11.352,0.113129740176521,10.945,11.2556,5,2009,143
2009-05-24,11.0616208695652,10.527,11.482,0.229733838381507,10.6558,11.3116,5,2009,144
2009-05-25,11.0237773913043,10.235,11.553,0.330467822515175,10.4588,11.402,5,2009,145
2009-05-26,10.8854573913043,10.475,11.248,0.18577925487983,10.579,11.1014,5,2009,146
2009-05-27,10.860307826087,10.538,11.056,0.11112529039389,10.6858,10.9832,5,2009,147
2009-05-28,10.0858069565217,9.65699999999998,10.335,0.168939537109908,9.84779999999999,10.3,5,2009,148
2009-05-29,10.95112,10.533,11.42,0.200991950884998,10.6914,11.2366,5,2009,149
2009-05-30,10.5622086956522,10.284,10.82,0.144928908179135,10.354,10.7426,5,2009,150
2009-05-31,10.4505669565217,10.075,10.839,0.227178823991124,10.1694,10.7446,5,2009,151
2009-06-01,10.3527930434783,9.97800000000001,10.715,0.209253153337023,10.0514,10.5996,6,2009,152
2009-06-02,10.3455756521739,10.131,10.61,0.117926928145188,10.1904,10.5186,6,2009,153
2009-06-03,10.4145739130435,10.148,10.639,0.116278221322074,10.2468,10.5662,6,2009,154
2009-06-04,11.5525217391304,11.261,11.783,0.129520648524405,11.366,11.7192,6,2009,155
2009-06-05,12.1994226086957,11.764,12.448,0.148715371960313,11.9754,12.369,6,2009,156
2009-06-06,12.1000660869565,11.773,12.561,0.203349048058159,11.8564,12.4206,6,2009,157
2009-06-07,12.110067826087,11.722,12.628,0.223438064264662,11.833,12.4448,6,2009,158
2009-06-08,12.1987947826087,11.779,12.465,0.12955949075697,12.0364,12.368,6,2009,159
2009-06-09,12.153347826087,11.717,12.51,0.191795633989388,11.878,12.408,6,2009,160
2009-06-10,12.5772852173913,12.127,12.906,0.186439513055791,12.32,12.828,6,2009,161
2009-06-11,12.5141460869565,11.923,13.053,0.285922675789851,12.1154,12.912,6,2009,162
2009-06-12,12.42932,11.781,13.043,0.300548926139296,12.007,12.847,6,2009,163
2009-06-13,12.4798713043478,11.82,13.07,0.273691064413117,12.0842,12.86,6,2009,164
2009-06-14,12.7191026086957,12.258,13.18,0.225016905853787,12.4104,13.0296,6,2009,165
2009-06-15,13.5347130434783,13.275,13.811,0.0864548748600239,13.4414,13.6576,6,2009,166
2009-06-16,13.63504,13.183,14.342,0.277512877812754,13.2842,14.0654,6,2009,167
2009-06-17,13.58812,13.093,14.409,0.308972205147982,13.1934,14.0804,6,2009,168
2009-06-18,13.6984556521739,13.326,14.204,0.197699921391855,13.4364,13.983,6,2009,169
2009-06-19,13.4986156521739,13.086,13.883,0.169310119246669,13.2802,13.7378,6,2009,170
2009-06-20,13.5565582608696,12.893,14.104,0.290642529214,13.1614,13.953,6,2009,171
2009-06-21,13.5846817391304,12.912,14.14,0.300560918005835,13.1748,13.9958,6,2009,172
2009-06-22,13.0223773913043,12.44,13.587,0.296664069059992,12.6144,13.437,6,2009,173
2009-06-23,12.0609773913043,11.78,12.34,0.124155802325235,11.898,12.226,6,2009,174
2009-06-24,13.2850173913043,12.822,13.918,0.29819367880673,12.9008,13.7202,6,2009,175
2009-06-25,13.684412173913,13.292,14.182,0.193703486334367,13.481,13.9886,6,2009,176
2009-06-26,13.5814034782609,13.301,13.966,0.137853204210951,13.4334,13.796,6,2009,177
2009-06-27,13.6046626086957,13.255,14.035,0.1732160769494,13.4314,13.8766,6,2009,178
2009-06-28,13.412227826087,13.039,13.79,0.165123210015079,13.2044,13.6406,6,2009,179
2009-06-29,12.3173130434783,12.034,12.52,0.111811031258567,12.1674,12.467,6,2009,180
2009-06-30,12.2527513043478,12,12.417,0.0957437367655375,12.1254,12.381,6,2009,181
2009-07-01,12.2481756521739,11.945,12.498,0.125246024501929,12.0858,12.4212,7,2009,182
2009-07-02,12.4464260869565,12.166,12.692,0.116676528103432,12.293,12.603,7,2009,183
2009-07-03,13.31156,13.092,13.487,0.100889387113094,13.173,13.4476,7,2009,184
2009-07-04,13.9402504347826,13.726,14.161,0.0987655508629766,13.807,14.0766,7,2009,185
2009-07-05,14.5684469565217,14.019,15.249,0.322662616355434,14.1174,15.0422,7,2009,186
2009-07-06,15.4982434782609,15.044,16.004,0.22832968672851,15.2384,15.831,7,2009,187
2009-07-07,15.6497791304348,15.175,16.275,0.20903730286432,15.4068,15.936,7,2009,188
2009-07-08,15.747427826087,15.102,16.521,0.29912433396267,15.3712,16.1886,7,2009,189
2009-07-09,15.4869773913043,14.75,16.006,0.287135367031217,15.0748,15.848,7,2009,190
2009-07-10,15.10236,14.487,15.765,0.223763682274909,14.8008,15.3756,7,2009,191
2009-07-11,15.0457269565217,14.51,15.781,0.224603871705213,14.787,15.3616,7,2009,192
2009-07-12,15.0589843478261,14.553,15.536,0.185437324982709,14.7874,15.268,7,2009,193
2009-07-13,14.612812173913,14.354,14.809,0.113512081006669,14.445,14.7516,7,2009,194
2009-07-14,14.4685582608696,14.134,14.697,0.142664843210439,14.259,14.6396,7,2009,195
2009-07-15,14.5591234782609,14.233,14.785,0.148173973890165,14.348,14.7396,7,2009,196
2009-07-16,14.6803147826087,14.438,14.974,0.134551481179934,14.508,14.8686,7,2009,197
2009-07-17,15.3896486956522,14.97,15.91,0.215822149956993,15.1294,15.7026,7,2009,198
2009-07-18,16.3094643478261,15.923,16.492,0.123499841436019,16.125,16.43,7,2009,199
2009-07-19,16.6088104347826,16.26,16.965,0.151530440688944,16.4208,16.8472,7,2009,200
2009-07-20,16.7465982608696,16.255,17.285,0.237423100325976,16.4104,17.0594,7,2009,201
2009-07-21,15.9633930434783,15.663,16.427,0.14107797515372,15.8214,16.1858,7,2009,202
2009-07-22,16.1708017391304,15.921,16.583,0.132255147494463,16.0324,16.3746,7,2009,203
2009-07-23,16.2179234782609,15.876,16.641,0.138226324491054,16.06,16.4262,7,2009,204
2009-07-24,15.9982365217391,15.683,16.442,0.166813410716432,15.7774,16.2414,7,2009,205
2009-07-25,15.8883965217391,15.415,16.264,0.191960096722015,15.625,16.1396,7,2009,206
2009-07-26,15.8102573913043,15.329,16.132,0.168534025070378,15.5688,16.013,7,2009,207
2009-07-27,15.9138539130435,15.571,16.504,0.274145570732834,15.617,16.37,7,2009,208
2009-07-28,16.6507113043478,16.072,17.331,0.390154271454267,16.1454,17.197,7,2009,209
2009-07-29,16.9172417391304,16.608,17.109,0.107908557544781,16.759,17.0396,7,2009,210
2009-07-30,16.9024173913043,16.401,17.294,0.178436657702384,16.6476,17.1166,7,2009,211
2009-07-31,16.9540330434783,16.554,17.368,0.165599367372496,16.7324,17.1756,7,2009,212
2009-08-01,17.0007704347826,16.602,17.614,0.22821756574052,16.7264,17.335,8,2009,213
2009-08-02,17.1634313043478,16.736,17.336,0.124718449722796,16.966,17.284,8,2009,214
2009-08-03,18.0587426086957,17.559,18.416,0.176432148352494,17.8098,18.3036,8,2009,215
2009-08-04,18.4691826086957,17.891,19.067,0.317744791161486,18.0204,18.9002,8,2009,216
2009-08-05,18.6536660869565,18.071,19.181,0.281872169017655,18.2742,19.0532,8,2009,217
2009-08-06,18.8029339130435,18.317,19.474,0.301834978937039,18.4798,19.3122,8,2009,218
2009-08-07,18.6491582608696,18.395,19.011,0.131736582522361,18.507,18.8322,8,2009,219
2009-08-08,18.2924330434783,17.903,18.665,0.164341189092568,18.033,18.512,8,2009,220
2009-08-09,17.9411860869565,17.662,18.206,0.15803207834229,17.723,18.1402,8,2009,221
2009-08-10,18.2144295652174,17.855,18.829,0.267233350434232,17.9294,18.6768,8,2009,222
2009-08-11,18.2140243478261,17.946,18.787,0.230858033132702,18.0004,18.616,8,2009,223
2009-08-12,18.3907652173913,18.275,18.595,0.0800950579015797,18.3134,18.5296,8,2009,224
2009-08-13,18.2815617391304,18.051,18.475,0.0772487222164762,18.184,18.3798,8,2009,225
2009-08-14,18.2960191304348,18.038,18.565,0.124141152587661,18.1322,18.456,8,2009,226
2009-08-15,18.6307182608696,18.372,19.219,0.131963359120174,18.488,18.758,8,2009,227
2009-08-16,19.2770226086957,18.778,19.99,0.283090740017711,18.9522,19.7112,8,2009,228
2009-08-17,20.26748,19.764,21.017,0.301357617786426,19.901,20.684,8,2009,229
2009-08-18,20.59324,20.147,20.885,0.149700274765307,20.3848,20.783,8,2009,230
2009-08-19,20.5917426086957,20.292,20.812,0.0834951844684458,20.486,20.694,8,2009,231
2009-08-20,20.3273043478261,19.876,20.539,0.122900895877712,20.18,20.4756,8,2009,232
2009-08-21,19.6238260869565,19.286,20.09,0.185953736185138,19.378,19.894,8,2009,233
2009-08-22,19.3203026086957,19.117,19.948,0.149860558567252,19.19,19.5002,8,2009,234
2009-08-23,19.1337060869565,18.671,19.781,0.218919318060392,18.8948,19.4458,8,2009,235
2009-08-24,19.1740556521739,18.318,19.704,0.316376320212995,18.693,19.5302,8,2009,236
2009-08-25,19.266532173913,18.236,20.036,0.455320289984695,18.623,19.8472,8,2009,237
2009-08-26,19.1682817391304,18.173,19.856,0.433584489269334,18.5552,19.6942,8,2009,238
2009-08-27,18.7064295652174,18.171,19.431,0.23586199272494,18.457,19.0738,8,2009,239
2009-08-28,18.3755408695652,17.503,18.772,0.213295826001088,18.0724,18.601,8,2009,240
2009-08-29,16.4295356521739,15.715,17.4,0.348463299021627,15.9914,16.92,8,2009,241
2009-08-30,16.3225895652174,15.592,16.781,0.264684142632892,15.954,16.637,8,2009,242
2009-08-31,16.2464660869565,15.554,16.545,0.175545913510798,15.9964,16.4466,8,2009,243
2009-09-01,16.1872017391304,15.599,16.48,0.14972574578767,15.971,16.3636,9,2009,244
2009-09-02,15.9920086956522,15.647,16.415,0.183008762744647,15.768,16.276,9,2009,245
2009-09-03,16.3445113043478,15.927,16.686,0.150508080724187,16.132,16.5206,9,2009,246
2009-09-04,16.4436504347826,16.195,16.708,0.123064179294466,16.265,16.594,9,2009,247
2009-09-05,16.7417513043478,16.15,17.355,0.353669542595618,16.2464,17.2442,9,2009,248
2009-09-06,16.6704173913043,16.347,17.001,0.188383559661331,16.427,16.9456,9,2009,249
2009-09-07,16.38856,16.052,16.996,0.208655834527169,16.17,16.7208,9,2009,250
2009-09-08,16.032492173913,15.453,16.475,0.215224434008769,15.7632,16.3392,9,2009,251
2009-09-09,16.3285530434783,15.594,17.014,0.323623168104667,15.8804,16.741,9,2009,252
2009-09-10,16.213987826087,15.527,17.064,0.347736315543407,15.7454,16.658,9,2009,253
2009-09-11,16.2841565217391,15.565,16.943,0.33595502206693,15.8124,16.6964,9,2009,254
2009-09-12,16.12308,15.661,16.349,0.161360452650091,15.8918,16.316,9,2009,255
2009-09-13,15.9026191304348,15.549,16.104,0.117819382745209,15.7208,16.034,9,2009,256
2009-09-14,15.8047808695652,15.307,16.043,0.135606601994405,15.603,15.977,9,2009,257
2009-09-15,15.5589530434783,14.797,15.975,0.267323655548164,15.171,15.8786,9,2009,258
2009-09-16,15.3375547826087,14.341,15.974,0.382854654475517,14.7844,15.8034,9,2009,259
2009-09-17,14.8888956521739,14.155,15.619,0.36303817131431,14.4322,15.4106,9,2009,260
2009-09-18,14.4411147826087,14.057,14.969,0.164789467756689,14.2672,14.6912,9,2009,261
2009-09-19,14.474867826087,14.096,15.062,0.210183775381021,14.214,14.7874,9,2009,262
2009-09-20,14.4447147826087,14.03,15.189,0.246643923763643,14.1344,14.7958,9,2009,263
2009-09-21,14.5199826086957,14.15,15.247,0.247189272183042,14.221,14.8378,9,2009,264
2009-09-22,14.8200939130435,14.477,15.481,0.196330238612257,14.5834,15.0912,9,2009,265
2009-09-23,15.1258539130435,14.638,15.553,0.194635161821393,14.8136,15.3332,9,2009,266
2009-09-24,14.9890313043478,14.508,15.529,0.215124076654171,14.693,15.275,9,2009,267
2009-09-25,14.6358452173913,14.216,15.364,0.280874732529339,14.3104,15.065,9,2009,268
2009-09-26,14.4099913043478,13.974,15.109,0.252919114187651,14.0964,14.7572,9,2009,269
2009-09-27,14.5117165217391,14.005,15.248,0.294344150160191,14.1108,14.915,9,2009,270
2009-09-28,14.2913982608696,13.921,14.75,0.202524596511367,14.0198,14.58,9,2009,271
2009-09-29,14.0424434782609,13.706,14.431,0.202859325079852,13.7852,14.3512,9,2009,272
2009-09-30,14.0019269565217,13.654,14.463,0.234076385475421,13.707,14.3806,9,2009,273
2009-10-01,13.8979304347826,13.6,14.195,0.163887715541952,13.701,14.151,10,2009,274
2009-10-02,14.0906626086957,13.764,14.392,0.136192568026004,13.9018,14.2696,10,2009,275
2009-10-03,12.8757252173913,12.779,12.995,0.0547344648754819,12.8014,12.9482,10,2009,276
2009-10-04,13.1888330434783,12.857,13.388,0.11333964229687,13.0328,13.321,10,2009,277
2009-10-05,13.1958313043478,12.72,13.741,0.190848968126775,12.9498,13.4146,10,2009,278
2009-10-06,13.1177773913043,12.689,13.711,0.200156513262858,12.8768,13.388,10,2009,279
2009-10-07,12.8100260869565,12.462,13.099,0.155361434328063,12.5954,13.013,10,2009,280
2009-10-08,12.4076591304348,12.081,12.741,0.154174000017747,12.179,12.6026,10,2009,281
2009-10-09,12.4977147826087,12.29,12.772,0.0828334589640609,12.3714,12.5856,10,2009,282
2009-10-10,12.4681113043478,12.311,12.844,0.105932238519269,12.354,12.605,10,2009,283
2009-10-11,12.4442852173913,12.224,12.903,0.137039067297478,12.288,12.604,10,2009,284
2009-10-12,12.485932173913,12.305,12.894,0.0999109216037916,12.405,12.6202,10,2009,285
2009-10-13,12.2165739130435,11.975,12.38,0.114385668681954,12.0374,12.349,10,2009,286
2009-10-14,11.6183373913043,11.381,11.898,0.106539964415111,11.467,11.7546,10,2009,287
2009-10-15,11.4379756521739,10.984,11.859,0.213628555406098,11.1588,11.75,10,2009,288
2009-10-16,11.2984956521739,10.999,11.551,0.134692084896168,11.1094,11.4756,10,2009,289
2009-10-17,10.8472730434783,10.683,11.079,0.0993335118262293,10.735,11.0026,10,2009,290
2009-10-18,10.6048191304348,10.429,11.007,0.13143513118662,10.459,10.806,10,2009,291
2009-10-19,10.0976486956522,9.92500000000001,10.501,0.124541046201894,9.95740000000001,10.286,10,2009,292
2009-10-20,9.96201913043478,9.57299999999998,10.398,0.191560239656776,9.67620000000001,10.2292,10,2009,293
2009-10-21,10.0003895652174,9.75200000000001,10.369,0.140317489288875,9.8184,10.204,10,2009,294
2009-10-22,10.0358608695652,9.83800000000002,10.238,0.077433222546568,9.92099999999999,10.1266,10,2009,295
2009-10-23,10.1157286956522,10.017,10.259,0.0575248117429851,10.0374,10.1946,10,2009,296
2009-10-24,10.2878347826087,10.197,10.385,0.0400479961251159,10.234,10.343,10,2009,297
2009-10-25,10.3968139130435,10.269,10.576,0.0791000677118131,10.2964,10.512,10,2009,298
2009-10-26,10.0145686956522,9.62200000000001,10.536,0.250284914429841,9.6702,10.3536,10,2009,299
2009-10-27,9.84548695652174,9.49799999999999,10.451,0.270770167696867,9.51739999999999,10.243,10,2009,300
2009-10-28,9.51638782608696,9.34800000000001,9.98500000000001,0.166560567060819,9.35599999999999,9.7914,10,2009,301
2009-10-29,9.29334956521739,9.16199999999998,9.54000000000002,0.0995345503842451,9.17040000000001,9.44219999999998,10,2009,302
2009-10-30,9.40550608695652,9.29599999999999,9.56599999999997,0.0647736305970572,9.32280000000001,9.4976,10,2009,303
2009-10-31,9.97617739130435,9.91899999999998,10.143,0.0530733485300608,9.92500000000001,10.0616,10,2009,304
2009-11-01,10.3427373913043,10.247,10.444,0.0452676389877395,10.278,10.401,11,2009,305
2009-11-02,10.1115443478261,9.93099999999998,10.324,0.104356286480986,9.97340000000001,10.256,11,2009,306
2009-11-03,10.0383495652174,9.72899999999998,10.439,0.207130371581988,9.7594,10.3356,11,2009,307
2009-11-04,10.0648382608696,9.68700000000001,10.497,0.240948343959655,9.73939999999999,10.4142,11,2009,308
2009-11-05,10.1152295652174,9.86399999999998,10.432,0.158660122009321,9.91639999999999,10.345,11,2009,309
2009-11-06,9.68829565217391,9.57400000000001,9.928,0.0722807840345228,9.613,9.79300000000001,11,2009,310
2009-11-07,9.16386434782609,8.96899999999999,9.40600000000001,0.121408957151168,9.00719999999999,9.3426,11,2009,311
2009-11-08,9.3403947826087,9.12599999999998,9.77199999999999,0.176798362402883,9.18000000000001,9.6482,11,2009,312
2009-11-09,9.94900869565218,9.613,10.402,0.218548175014807,9.69119999999999,10.2778,11,2009,313
2009-11-10,10.1949356521739,9.96899999999999,10.394,0.114419658369887,10.0364,10.3516,11,2009,314
2009-11-11,10.3373547826087,10.184,10.498,0.0785557307258633,10.232,10.447,11,2009,315
2009-11-12,9.90620347826087,9.79399999999998,9.98099999999999,0.0478503254577983,9.83499999999998,9.96499999999997,11,2009,316
2009-11-13,10.0278243478261,9.90499999999997,10.108,0.0489442771250476,9.95740000000001,10.087,11,2009,317
2009-11-14,10.0733060869565,9.95499999999998,10.153,0.0500110463180409,9.9984,10.1356,11,2009,318
2009-11-15,9.43124,9.24099999999999,9.64400000000001,0.0993730948801671,9.29599999999999,9.56599999999997,11,2009,319
2009-11-16,9.18854086956522,8.78300000000002,9.69099999999997,0.239791978625599,8.88499999999999,9.55260000000001,11,2009,320
2009-11-17,9.16990608695652,8.76900000000001,9.68400000000003,0.243267675404445,8.85939999999999,9.54599999999999,11,2009,321
2009-11-18,9.22990434782609,8.88999999999999,9.60699999999997,0.197958464210278,8.97399999999999,9.51719999999999,11,2009,322
2009-11-19,9.30085913043478,9.00599999999997,9.66199999999998,0.176351988010344,9.08100000000002,9.56759999999999,11,2009,323
2009-11-20,9.31485739130435,9.01400000000001,9.69299999999998,0.17604401525406,9.084,9.565,11,2009,324
2009-11-21,9.25426086956522,8.92099999999999,9.63200000000001,0.185859013619177,9.00700000000001,9.51719999999999,11,2009,325
2009-11-22,9.16161391304348,8.846,9.55900000000003,0.181378578272805,8.923,9.40960000000001,11,2009,326
2009-11-23,9.18564173913043,8.92700000000002,9.565,0.151277200153126,8.995,9.399,11,2009,327
2009-11-24,8.90046956521739,8.56900000000002,9.28500000000003,0.176340862201211,8.661,9.1384,11,2009,328
2009-11-25,8.35166434782609,8.15699999999998,8.80900000000003,0.160381341177171,8.18099999999998,8.60800000000001,11,2009,329
2009-11-26,8.17229391304348,8.036,8.416,0.0854234107796331,8.0684,8.30120000000002,11,2009,330
2009-11-27,8.95999652173913,8.61000000000001,9.37400000000002,0.190109018755741,8.71079999999998,9.23660000000001,11,2009,331
2009-11-28,9.19338956521739,8.80399999999997,9.77499999999998,0.24598998852674,8.9184,9.5614,11,2009,332
2009-11-29,9.14007304347826,8.733,9.78800000000001,0.262285156587552,8.84979999999999,9.53380000000001,11,2009,333
2009-11-30,8.78030086956522,8.44799999999998,9.26900000000001,0.182742755112976,8.5874,9.0506,11,2009,334
2009-12-01,8.73008,8.43700000000001,9.10399999999998,0.168146351965905,8.517,8.97500000000002,12,2009,335
2009-12-02,8.85495304347826,8.52699999999999,9.28800000000001,0.190187985731694,8.64319999999999,9.16279999999999,12,2009,336
2009-12-03,8.84456869565217,8.56400000000002,9.17200000000003,0.152710442202565,8.661,9.07759999999998,12,2009,337
2009-12-04,8.94705739130435,8.73199999999997,9.142,0.104776343066332,8.79899999999998,9.07959999999999,12,2009,338
2009-12-05,8.39547478260869,8.14600000000002,8.762,0.148542954664289,8.20339999999999,8.60819999999998,12,2009,339
2009-12-06,8.17218434782609,7.88499999999999,8.55900000000003,0.145057903007612,7.99000000000001,8.34800000000002,12,2009,340
2009-12-07,8.00086782608695,7.69900000000001,8.39999999999998,0.168637396059699,7.79740000000002,8.2346,12,2009,341
2009-12-08,8.11941043478261,7.83699999999999,8.65899999999999,0.207639299354843,7.90699999999998,8.45859999999999,12,2009,342
2009-12-09,8.23404347826087,7.92200000000003,8.76400000000001,0.186816861975021,8.03540000000002,8.54359999999999,12,2009,343
2009-12-10,8.16998434782609,7.62200000000001,8.791,0.313730051239516,7.74480000000002,8.61900000000003,12,2009,344
2009-12-11,8.00602956521739,7.64699999999999,8.80099999999999,0.259932222797439,7.71539999999999,8.38339999999998,12,2009,345
2009-12-12,7.57150086956522,6.99000000000001,8.435,0.287776861842272,7.18119999999999,7.9436,12,2009,346
2009-12-13,7.65753565217391,7.39100000000002,8.01499999999999,0.138059517407954,7.4794,7.839,12,2009,347
2009-12-14,7.63002782608696,7.51900000000001,7.77999999999997,0.0598747466556448,7.54899999999998,7.70859999999999,12,2009,348
2009-12-15,7.68892,7.48599999999999,7.89499999999998,0.125787874644838,7.50599999999997,7.84500000000003,12,2009,349
2009-12-16,7.60447304347826,7.30399999999997,8.10199999999998,0.198643138309671,7.35540000000001,7.92619999999999,12,2009,350
2009-12-17,7.54155130434783,7.12400000000002,8.14600000000002,0.226523568842906,7.29939999999999,7.92859999999998,12,2009,351
2009-12-18,7.53064,7.30000000000001,8.10300000000001,0.195777287959651,7.31639999999999,7.85220000000001,12,2009,352
2009-12-19,7.42842086956522,7.16399999999999,7.98899999999998,0.203014306448921,7.21300000000002,7.7152,12,2009,353
2009-12-20,7.46688,7.13999999999999,7.88900000000001,0.175909912800851,7.25200000000001,7.7106,12,2009,354
2009-12-21,7.23148695652174,6.928,7.51999999999998,0.157887886678759,7.01900000000001,7.4496,12,2009,355
2009-12-22,6.37909913043478,6.18200000000002,6.75200000000001,0.130794738713761,6.21899999999999,6.5736,12,2009,356
2009-12-23,6.12144695652174,5.95600000000002,6.38499999999999,0.10767361098266,5.98580000000002,6.27760000000001,12,2009,357
2009-12-24,5.90635826086956,5.69200000000001,6.43400000000003,0.171241552594426,5.71340000000001,6.14020000000002,12,2009,358
2009-12-25,5.8322,5.56999999999999,6.47000000000003,0.184987135817922,5.61700000000002,6.07900000000001,12,2009,359
2009-12-26,6.03452347826087,5.83199999999999,6.52300000000002,0.155276091261654,5.86399999999998,6.2492,12,2009,360
2009-12-27,5.84702434782609,5.64800000000002,6.35300000000001,0.153132743189733,5.67000000000002,6.0602,12,2009,361
2009-12-28,5.90421391304348,5.68700000000001,6.423,0.160564350362975,5.7174,6.12660000000001,12,2009,362
2009-12-29,5.91390260869565,5.65600000000001,6.47899999999998,0.193829932578067,5.69739999999999,6.20419999999998,12,2009,363
2009-12-30,5.89301217391304,5.666,6.53100000000001,0.210050454013621,5.69299999999998,6.23340000000001,12,2009,364
2009-12-31,5.8670852173913,5.58499999999998,6.56299999999999,0.235459572953362,5.62639999999999,6.22999999999998,12,2009,365
2010-01-01,6.10655652173913,5.85500000000002,6.41199999999998,0.142955463893025,5.92040000000001,6.3092,1,2010,1
2010-01-02,6.07621913043478,5.88499999999999,6.34199999999998,0.102661790299002,5.93940000000001,6.21260000000001,1,2010,2
2010-01-03,5.68780173913043,5.495,5.94299999999998,0.103432074684911,5.54700000000003,5.82060000000001,1,2010,3
2010-01-04,5.77214782608696,5.54199999999997,6.02300000000002,0.109810752908471,5.6154,5.91159999999999,1,2010,4
2010-01-05,4.91359130434783,4.78699999999998,5.27199999999999,0.0890112446065901,4.822,5.04039999999999,1,2010,5
2010-01-06,4.9070452173913,4.68799999999999,5.23399999999998,0.13606494929148,4.74000000000001,5.10159999999999,1,2010,6
2010-01-07,4.74554260869565,4.36900000000003,5.637,0.316480715118574,4.40039999999999,5.23380000000001,1,2010,7
2010-01-08,4.63071304347826,4.173,5.65199999999999,0.355988503641678,4.23599999999999,5.15859999999999,1,2010,8
2010-01-09,4.59661739130435,4.14999999999998,5.34399999999999,0.306205767128006,4.23679999999999,5.0596,1,2010,9
2010-01-10,4.66680347826087,4.28100000000001,5.30900000000003,0.264551348542689,4.35540000000001,5.0626,1,2010,10
2010-01-11,4.6343652173913,4.32799999999997,5.06799999999998,0.202455825199969,4.392,4.959,1,2010,11
2010-01-12,4.68725391304348,4.29399999999998,5.35699999999997,0.265179299439806,4.38200000000001,5.09159999999999,1,2010,12
2010-01-13,4.72824173913043,4.32999999999998,5.54599999999999,0.31004063293966,4.40100000000001,5.19520000000002,1,2010,13
2010-01-14,4.84148695652174,4.524,5.36000000000001,0.206394659552015,4.59699999999998,5.16060000000001,1,2010,14
2010-01-15,4.8394,4.69099999999997,5.21100000000001,0.142401784724361,4.69900000000001,5.06659999999999,1,2010,15
2010-01-16,4.72986782608696,4.56,5.084,0.118556694525002,4.60000000000002,4.90339999999999,1,2010,16
2010-01-17,4.60455130434783,4.47699999999998,4.86399999999998,0.0774991315734387,4.51100000000002,4.70699999999999,1,2010,17
2010-01-18,4.60848173913044,4.536,4.80900000000003,0.0593614622675781,4.54899999999998,4.6986,1,2010,18
2010-01-19,4.78483826086956,4.70499999999998,4.96800000000002,0.0570489727614566,4.71800000000002,4.86799999999999,1,2010,19
2010-01-20,4.64089391304348,4.55500000000001,4.86799999999999,0.0579385191492842,4.57400000000001,4.71499999999997,1,2010,20
2010-01-21,4.45166608695652,4.34399999999999,4.87299999999999,0.10140229234686,4.35699999999997,4.59920000000002,1,2010,21
2010-01-22,4.46365739130435,4.23199999999997,5.05000000000001,0.165895539873673,4.26640000000001,4.68740000000001,1,2010,22
2010-01-23,4.54323130434783,4.24900000000002,5.214,0.211724091695756,4.29740000000002,4.85499999999998,1,2010,23
2010-01-24,4.74956,4.51299999999998,5.23000000000002,0.15346273583251,4.56599999999997,4.96800000000001,1,2010,24
2010-01-25,5.21528173913044,4.99099999999999,5.50099999999998,0.133823147364306,5.04599999999999,5.4136,1,2010,25
2010-01-26,4.9919547826087,4.86000000000001,5.404,0.117691831873774,4.88200000000001,5.1736,1,2010,26
2010-01-27,4.57265391304348,4.39100000000002,4.83299999999997,0.0975689172021456,4.44299999999998,4.70259999999998,1,2010,27
2010-01-28,4.34060869565217,4.12799999999999,4.76900000000001,0.125559049204532,4.19440000000001,4.51020000000002,1,2010,28
2010-01-29,4.37596347826087,4.08299999999997,4.81799999999998,0.112958367288546,4.22279999999998,4.5,1,2010,29
2010-01-30,4.35022260869565,3.976,4.726,0.127204884981741,4.17380000000001,4.488,1,2010,30
2010-01-31,4.28922086956522,4.161,4.52300000000002,0.0729431422597554,4.209,4.39020000000002,1,2010,31
2010-02-01,4.15333913043478,3.91800000000001,4.69600000000003,0.155339253715497,3.98239999999998,4.37820000000002,2,2010,32
2010-02-02,4.13139826086956,3.87700000000001,4.75,0.170129074786064,3.94799999999998,4.36160000000001,2,2010,33
2010-02-03,4.18963478260869,4.02699999999999,4.57799999999997,0.118108578937875,4.06200000000001,4.37120000000001,2,2010,34
2010-02-04,3.88971652173913,3.78300000000002,4.08299999999997,0.0685217073497478,3.80599999999998,3.99200000000002,2,2010,35
2010-02-05,3.87843304347826,3.75999999999999,4.17700000000002,0.107809882122326,3.7694,4.05960000000001,2,2010,36
2010-02-06,3.80361565217391,3.65899999999999,4.10599999999999,0.11894734333431,3.66899999999998,3.99460000000001,2,2010,37
2010-02-07,3.61801043478261,3.43400000000003,4,0.150863230035154,3.44799999999998,3.8622,2,2010,38
2010-02-08,3.59297043478261,3.26900000000001,4.43799999999999,0.286896175472385,3.29199999999997,4.05820000000002,2,2010,39
2010-02-09,3.61356,3.334,4.44400000000002,0.277487820870948,3.36500000000001,4.08699999999999,2,2010,40
2010-02-10,3.60598086956522,3.37400000000002,4.07900000000001,0.186072214399054,3.4144,3.90800000000002,2,2010,41
2010-02-11,3.50322434782609,3.36599999999999,3.834,0.100211206046532,3.392,3.65459999999998,2,2010,42
2010-02-12,3.46651130434783,3.26299999999998,3.97699999999998,0.199687219168295,3.27800000000002,3.7802,2,2010,43
2010-02-13,3.41539304347826,3.14699999999999,4.053,0.24582674691449,3.17740000000001,3.8336,2,2010,44
2010-02-14,3.38213913043478,3.03100000000001,3.92500000000001,0.234195229874791,3.11900000000003,3.74719999999999,2,2010,45
2010-02-15,2.8768852173913,2.56,3.55799999999999,0.303445471294904,2.57499999999999,3.39020000000002,2,2010,46
2010-02-16,2.79227130434783,2.37099999999998,3.56599999999997,0.356732362606094,2.46600000000001,3.42279999999998,2,2010,47
2010-02-17,2.87108173913043,2.48099999999999,3.48899999999998,0.2564707438208,2.63600000000002,3.3038,2,2010,48
2010-02-18,3.08964,2.72399999999999,3.37900000000002,0.150084427343448,2.8928,3.29359999999999,2,2010,49
2010-02-19,3.47318608695652,3.08999999999997,4.19900000000001,0.315279227739031,3.11980000000001,3.9732,2,2010,50
2010-02-20,3.37829391304348,2.81999999999999,4.315,0.422445022150679,2.87400000000002,4.02180000000001,2,2010,51
2010-02-21,3.39787826086957,2.87700000000001,4.23700000000002,0.390233561525049,2.92679999999999,4.00200000000001,2,2010,52
2010-02-22,3.45211130434783,3.20400000000001,3.863,0.188365067726436,3.25599999999997,3.7596,2,2010,53
2010-02-23,3.38512173913043,3.25999999999999,3.53399999999999,0.0634657233926365,3.3124,3.4796,2,2010,54
2010-02-24,3.47558086956522,3.35199999999998,3.57799999999997,0.049133360253854,3.4074,3.541,2,2010,55
2010-02-25,3.14331826086956,3.05799999999999,3.24299999999999,0.0381971950705271,3.09540000000002,3.19600000000003,2,2010,56
2010-02-26,2.92778434782609,2.87900000000002,3.03399999999999,0.0341358543031771,2.88600000000002,2.97460000000001,2,2010,57
2010-02-27,2.78692695652174,2.72000000000003,2.88299999999998,0.038939355426095,2.73500000000001,2.83959999999998,2,2010,58
2010-02-28,3.05502260869565,2.99400000000003,3.19099999999997,0.0448383606082215,3.00299999999999,3.125,2,2010,59
2010-03-01,3.66692347826087,3.49900000000002,3.86399999999998,0.0910694936342981,3.54540000000001,3.79259999999999,3,2010,60
2010-03-02,3.75748347826087,3.58499999999998,3.952,0.0961426929593883,3.62900000000002,3.89220000000003,3,2010,61
2010-03-03,3.7806,3.61200000000002,3.97000000000003,0.0948976341939545,3.6524,3.91300000000001,3,2010,62
2010-03-04,3.4003547826087,3.18000000000001,3.66300000000001,0.124657129930132,3.2354,3.57799999999997,3,2010,63
2010-03-05,3.40295130434783,3.21699999999998,3.61599999999999,0.0823621077217277,3.29500000000002,3.5026,3,2010,64
2010-03-06,3.48290086956522,3.24799999999999,3.60199999999998,0.0799350928935328,3.35699999999997,3.56900000000002,3,2010,65
2010-03-07,3.52943652173913,3.37200000000001,3.666,0.0744474352483568,3.41800000000001,3.62400000000002,3,2010,66
2010-03-08,3.68130782608696,3.54599999999999,3.93299999999999,0.0783538889097846,3.601,3.79500000000002,3,2010,67
2010-03-09,3.75250608695652,3.59899999999999,4.08199999999999,0.103774495271273,3.64999999999998,3.92859999999998,3,2010,68
2010-03-10,3.76145565217391,3.60399999999998,3.99799999999999,0.104866354461936,3.64300000000003,3.92660000000001,3,2010,69
2010-03-11,3.77336869565217,3.55599999999998,4.05500000000001,0.138594210253861,3.61700000000002,3.995,3,2010,70
2010-03-12,3.76810434782609,3.49099999999999,4.11200000000002,0.135646675047517,3.589,3.96960000000001,3,2010,71
2010-03-13,3.87694260869565,3.577,4.28899999999999,0.167677271662582,3.6814,4.13099999999998,3,2010,72
2010-03-14,3.89695304347826,3.57999999999998,4.22500000000002,0.161925778434309,3.66819999999999,4.11719999999999,3,2010,73
2010-03-15,4.05260695652174,3.87900000000002,4.35000000000002,0.114026382821684,3.93000000000001,4.22699999999998,3,2010,74
2010-03-16,4.1405147826087,3.90600000000001,4.62,0.175885879339783,3.94839999999999,4.43120000000001,3,2010,75
2010-03-17,4.35225391304348,3.99900000000002,4.762,0.196516044192085,4.08539999999999,4.62,3,2010,76
2010-03-18,4.38767826086956,4.04199999999997,4.87,0.208617456109228,4.1034,4.67519999999998,3,2010,77
2010-03-19,4.72093739130435,4.315,5.42899999999997,0.241719838643583,4.41339999999999,5.0878,3,2010,78
2010-03-20,4.92441565217391,4.43599999999998,5.80500000000001,0.333614618522428,4.54479999999999,5.48540000000002,3,2010,79
2010-03-21,5.16056173913043,4.72000000000003,5.75900000000001,0.293336767488723,4.83100000000002,5.67180000000001,3,2010,80
2010-03-22,5.45660173913044,5.161,5.774,0.121968578508203,5.3494,5.64839999999999,3,2010,81
2010-03-23,4.82539826086956,4.733,4.911,0.053874900232103,4.74900000000002,4.892,3,2010,82
2010-03-24,4.77332173913043,4.529,4.976,0.117718138222862,4.592,4.904,3,2010,83
2010-03-25,4.68122260869565,4.36099999999999,4.95400000000001,0.131889072187656,4.49999999999999,4.84800000000001,3,2010,84
2010-03-26,4.39107130434783,4.22000000000003,4.55500000000001,0.0917707915520714,4.2524,4.50400000000002,3,2010,85
2010-03-27,4.17166086956522,3.82100000000003,4.36000000000001,0.132786793490071,3.97519999999998,4.32499999999999,3,2010,86
2010-03-28,4.08078086956522,3.61099999999999,4.32900000000001,0.162531274876041,3.8184,4.24460000000001,3,2010,87
2010-03-29,4.05548869565217,3.80000000000001,4.23599999999999,0.100761591845073,3.91139999999999,4.18460000000001,3,2010,88
2010-03-30,3.93938956521739,3.66800000000001,4.14600000000002,0.116320151269133,3.7724,4.08860000000001,3,2010,89
2010-03-31,3.77276,3.65699999999998,4.18900000000002,0.0871885585307839,3.69,3.89160000000001,3,2010,90
2010-04-01,3.71282260869565,3.57299999999998,4.18900000000002,0.103494566388426,3.61179999999999,3.85819999999998,4,2010,91
2010-04-02,5.15084695652174,4.91300000000001,5.41000000000003,0.10619094408929,5.01339999999999,5.29420000000001,4,2010,92
2010-04-03,5.99245739130435,5.73500000000001,6.27699999999999,0.145100558103076,5.80240000000001,6.19999999999999,4,2010,93
2010-04-04,6.12318086956522,5.83199999999999,6.42000000000002,0.133606912060949,5.94839999999999,6.30860000000001,4,2010,94
2010-04-05,6.19675826086956,6.00900000000001,6.37599999999998,0.0723007823806808,6.1044,6.29660000000001,4,2010,95
2010-04-06,6.18524,5.96600000000001,6.36799999999999,0.107051950005592,6.0274,6.32160000000001,4,2010,96
2010-04-07,6.38505217391304,6.14100000000002,6.69,0.132366417014589,6.19999999999999,6.55900000000003,4,2010,97
2010-04-08,6.96637913043478,6.79300000000001,7.15300000000002,0.0927188939317425,6.8374,7.09380000000001,4,2010,98
2010-04-09,6.89025913043478,6.66800000000001,7.096,0.0948903859601939,6.76100000000002,7.01600000000002,4,2010,99
2010-04-10,6.70165391304348,6.471,6.91300000000001,0.110529783211681,6.55000000000001,6.85699999999997,4,2010,100
2010-04-11,6.99525565217391,6.52999999999997,7.72300000000001,0.36065510810464,6.61439999999999,7.6002,4,2010,101
2010-04-12,7.01188869565217,6.47199999999998,7.83299999999997,0.401638700981798,6.5922,7.6936,4,2010,102
2010-04-13,6.93325043478261,6.61099999999999,7.42700000000002,0.199510463329705,6.67700000000002,7.21659999999999,4,2010,103
2010-04-14,6.76794086956522,6.27300000000002,7.30099999999999,0.261974684222462,6.40940000000001,7.11260000000001,4,2010,104
2010-04-15,6.73859130434782,6.375,7.21300000000002,0.226681448332966,6.435,7.04859999999999,4,2010,105
2010-04-16,6.75513217391304,6.65800000000002,6.85699999999997,0.0357402055193035,6.70839999999998,6.80559999999999,4,2010,106
2010-04-17,6.75112869565217,6.63799999999998,6.82499999999999,0.0273960651222802,6.72500000000002,6.78960000000001,4,2010,107
2010-04-18,6.78595478260869,6.50999999999999,7.267,0.203721417799632,6.54640000000001,7.09500000000003,4,2010,108
2010-04-19,6.91797217391304,6.67599999999999,7.31999999999999,0.157268005980861,6.7364,7.15260000000001,4,2010,109
2010-04-20,7.34559478260869,7.00700000000001,7.67599999999999,0.185787947124599,7.07140000000002,7.56599999999997,4,2010,110
2010-04-21,7.48152869565217,7.18099999999998,7.93900000000002,0.176958396243041,7.25700000000001,7.7306,4,2010,111
2010-04-22,7.67766086956522,7.31200000000001,8.00700000000001,0.154581264610496,7.45939999999999,7.8828,4,2010,112
2010-04-23,8.1061252173913,7.68200000000002,8.56,0.238720131883466,7.7774,8.4136,4,2010,113
2010-04-24,8.40381913043478,8.05700000000002,8.63299999999998,0.099972079635063,8.28199999999998,8.53579999999998,4,2010,114
2010-04-25,8.37299826086957,7.94,8.68099999999998,0.139772444472807,8.21499999999997,8.57799999999997,4,2010,115
2010-04-26,8.28750782608696,7.93099999999998,8.43299999999999,0.100473718674191,8.1498,8.41000000000003,4,2010,116
2010-04-27,8.41188695652174,8.16199999999998,8.58800000000002,0.0875054567952426,8.29040000000001,8.52760000000001,4,2010,117
2010-04-28,8.35241217391304,7.93900000000002,8.83499999999998,0.189236377242185,8.178,8.66000000000003,4,2010,118
2010-04-29,8.27094086956522,7.637,9.10500000000002,0.297916727104137,7.95619999999999,8.7178,4,2010,119
2010-04-30,8.00326782608695,7.31400000000002,8.41899999999998,0.249870498705458,7.64560000000001,8.25999999999999,4,2010,120
2010-05-01,7.90814086956522,7.51800000000003,8.649,0.292733939890308,7.58499999999998,8.3872,5,2010,121
2010-05-02,8.62984347826087,8.20299999999997,8.91800000000001,0.154809109795533,8.4158,8.83999999999997,5,2010,122
2010-05-03,9.25229391304348,8.89300000000003,9.42899999999997,0.0873908610413374,9.13499999999999,9.3502,5,2010,123
2010-05-04,9.29088695652174,8.81400000000002,9.61599999999999,0.216171001369414,8.93639999999999,9.5422,5,2010,124
2010-05-05,9.49036869565217,8.99700000000001,9.935,0.238829892361131,9.1224,9.78960000000001,5,2010,125
2010-05-06,9.60724173913043,9.00299999999999,10.275,0.367679860460037,9.1044,10.1096,5,2010,126
2010-05-07,9.45070608695652,8.755,10.297,0.483185930496515,8.8054,10.0984,5,2010,127
2010-05-08,9.18663304347826,8.66199999999998,9.82999999999998,0.350112350240954,8.72000000000003,9.66519999999999,5,2010,128
2010-05-09,8.69188695652174,7.92099999999999,9.49000000000001,0.386848279986517,8.0818,9.15960000000001,5,2010,129
2010-05-10,8.22433913043478,7.50200000000001,8.86700000000002,0.370160481416812,7.66719999999999,8.7406,5,2010,130
2010-05-11,7.12401913043478,6.89400000000001,7.536,0.160346319390559,6.93940000000001,7.36399999999998,5,2010,131
2010-05-12,7.11227304347826,6.80000000000001,7.71699999999998,0.225742731262988,6.86200000000002,7.45359999999999,5,2010,132
2010-05-13,7.12752869565217,6.89800000000002,7.459,0.13409859909654,6.95299999999997,7.32020000000002,5,2010,133
2010-05-14,7.69895652173913,7.35899999999998,8.012,0.161394834277416,7.4888,7.90600000000001,5,2010,134
2010-05-15,8.28209391304348,8.05700000000002,8.572,0.118389018942172,8.13499999999999,8.45259999999998,5,2010,135
2010-05-16,8.79344173913043,8.32900000000001,9.26400000000001,0.219689659945264,8.51299999999998,9.1172,5,2010,136
2010-05-17,9.05107304347826,8.60699999999997,9.899,0.263762262730515,8.81139999999999,9.4486,5,2010,137
2010-05-18,9.08915478260869,8.60300000000001,10.076,0.276883657199733,8.85899999999998,9.51879999999999,5,2010,138
2010-05-19,9.38968869565217,9.04399999999998,9.70999999999998,0.181001536542854,9.1324,9.62400000000002,5,2010,139
2010-05-20,9.97407826086957,9.56,10.237,0.118229251395211,9.83699999999999,10.1336,5,2010,140
2010-05-21,10.0835808695652,9.72699999999998,10.545,0.181690503346242,9.8542,10.339,5,2010,141
2010-05-22,10.124147826087,9.79399999999998,10.425,0.151190642943135,9.923,10.3386,5,2010,142
2010-05-23,10.4251113043478,10.013,10.745,0.151682198467452,10.2318,10.641,5,2010,143
2010-05-24,10.5386243478261,10.364,10.862,0.120505547020029,10.411,10.7262,5,2010,144
2010-05-25,11.7470052173913,11.073,12.366,0.290186414266754,11.3598,12.1366,5,2010,145
2010-05-26,12.2699652173913,11.823,12.656,0.158263383129611,12.0524,12.4876,5,2010,146
2010-05-27,12.4219582608696,11.791,12.881,0.219367275907622,12.1796,12.7226,5,2010,147
2010-05-28,12.5390852173913,11.85,13.209,0.291060145682618,12.2374,13.0086,5,2010,148
2010-05-29,12.9362991304348,12.748,13.193,0.0785194504140176,12.8404,13.046,5,2010,149
2010-05-30,13.0755773913043,12.766,13.523,0.185453790867671,12.838,13.344,5,2010,150
2010-05-31,13.3773356521739,13.116,13.917,0.213112835186277,13.1384,13.728,5,2010,151
2010-06-01,13.5442191304348,13.147,13.764,0.0908144563769852,13.4314,13.6456,6,2010,152
2010-06-02,13.3172382608696,12.81,13.682,0.21755740304725,12.956,13.5196,6,2010,153
2010-06-03,13.0013773913043,12.607,13.244,0.154687360916558,12.746,13.1706,6,2010,154
2010-06-04,13.0090173913043,12.674,13.286,0.150752166567815,12.7658,13.1866,6,2010,155
2010-06-05,13.2022069565217,12.589,14.089,0.347283360320795,12.7244,13.6482,6,2010,156
2010-06-06,13.6482243478261,13.061,14.23,0.247908948593853,13.3194,13.981,6,2010,157
2010-06-07,13.6971356521739,13.032,14.06,0.193426103524363,13.42,13.9552,6,2010,158
2010-06-08,13.745267826087,12.933,14.19,0.257300217667644,13.3712,14.0686,6,2010,159
2010-06-09,13.3897895652174,12.867,14.034,0.254443731371948,13.0744,13.7886,6,2010,160
2010-06-10,12.7780191304348,12.277,13.354,0.274069470292262,12.3812,13.1366,6,2010,161
2010-06-11,12.34676,11.949,12.997,0.183047864496869,12.092,12.5886,6,2010,162
2010-06-12,12.548692173913,12.121,12.986,0.211782185928432,12.241,12.8256,6,2010,163
2010-06-13,13.7676626086957,13.258,14.13,0.199256075264389,13.5028,14.0378,6,2010,164
2010-06-14,13.8504139130435,13.402,14.56,0.243034351426577,13.547,14.214,6,2010,165
2010-06-15,13.9037530434783,13.494,14.728,0.253497956929737,13.6432,14.303,6,2010,166
2010-06-16,14.0848173913043,13.6,14.656,0.258973946418355,13.7164,14.4244,6,2010,167
2010-06-17,14.2669634782609,13.746,14.757,0.258103604758389,13.9274,14.6232,6,2010,168
2010-06-18,14.299,13.653,14.939,0.323252773229708,13.875,14.7546,6,2010,169
2010-06-19,14.431212173913,13.752,14.843,0.230954820516547,14.105,14.704,6,2010,170
2010-06-20,14.5403147826087,14.006,14.884,0.192230190228927,14.2658,14.7836,6,2010,171
2010-06-21,14.5231895652174,14.089,15.265,0.275616136942651,14.2284,14.9484,6,2010,172
2010-06-22,14.7137217391304,14.21,15.485,0.300222047552626,14.3932,15.1944,6,2010,173
2010-06-23,15.262827826087,14.704,15.681,0.179215994664326,14.9984,15.4436,6,2010,174
2010-06-24,15.8610973913043,15.253,16.158,0.156143988684297,15.63,16.0256,6,2010,175
2010-06-25,15.9413913043478,15.509,16.379,0.157853099334635,15.7634,16.1756,6,2010,176
2010-06-26,15.7811773913043,15.263,16.343,0.17707429643118,15.59,16.0292,6,2010,177
2010-06-27,15.3919704347826,14.769,15.693,0.168775042005083,15.1514,15.5796,6,2010,178
2010-06-28,15.2661426086957,14.65,15.694,0.19884721914356,14.9808,15.4866,6,2010,179
2010-06-29,14.6821582608696,13.876,15.543,0.340745264878384,14.2468,15.1376,6,2010,180
2010-06-30,14.2574434782609,13.584,14.883,0.232829227816998,13.9224,14.4996,6,2010,181
2010-07-01,14.2263426086957,13.58,15.15,0.266077460840633,13.9198,14.5816,7,2010,182
2010-07-02,14.1709426086957,13.588,14.877,0.251015773016931,13.8374,14.481,7,2010,183
2010-07-03,14.8768713043478,14.58,15.098,0.0851460364319605,14.8,15.0192,7,2010,184
2010-07-04,14.9774904347826,14.616,15.274,0.119268587601625,14.8308,15.1386,7,2010,185
2010-07-05,16.8034243478261,16.286,17.185,0.187558299689609,16.5532,17.0446,7,2010,186
2010-07-06,19.0639895652174,18.017,19.905,0.405592670699399,18.5244,19.5988,7,2010,187
2010-07-07,19.2089113043478,18.279,19.931,0.34758630261271,18.7466,19.6604,7,2010,188
2010-07-08,19.2634573913043,18.471,19.958,0.313207906777187,18.8256,19.6652,7,2010,189
2010-07-09,18.97476,18.192,19.524,0.290002832138039,18.5678,19.3336,7,2010,190
2010-07-10,18.7515408695652,18.451,19.005,0.134297597078741,18.569,18.9316,7,2010,191
2010-07-11,18.7442486956522,18.533,19.095,0.0905784107593107,18.632,18.8646,7,2010,192
2010-07-12,18.6119095652174,18.223,19.02,0.146445131282305,18.4048,18.7702,7,2010,193
2010-07-13,18.70336,18.516,19.049,0.113285803656524,18.5774,18.875,7,2010,194
2010-07-14,18.6841930434783,18.471,18.819,0.0892526614851594,18.539,18.782,7,2010,195
2010-07-15,18.6611756521739,18.398,18.995,0.135810711035376,18.478,18.831,7,2010,196
2010-07-16,18.6346452173913,18.471,18.719,0.0638283524697539,18.532,18.7,7,2010,197
2010-07-17,18.7103530434783,18.181,19.048,0.177073063780689,18.4634,18.938,7,2010,198
2010-07-18,18.4691634782609,17.861,18.89,0.208651029170583,18.1846,18.7166,7,2010,199
2010-07-19,18.5901513043478,18.208,18.992,0.114532923895102,18.4918,18.7426,7,2010,200
2010-07-20,18.6476956521739,18.208,18.909,0.12060571388405,18.5062,18.8026,7,2010,201
2010-07-21,18.7148243478261,18.219,19.155,0.177661362386131,18.4878,18.946,7,2010,202
2010-07-22,18.6418765217391,18.146,19.237,0.249523735309197,18.2884,18.961,7,2010,203
2010-07-23,18.6265756521739,18.182,19.185,0.258604228776991,18.3032,19.02,7,2010,204
2010-07-24,18.5514156521739,18.071,18.812,0.103798448317157,18.4304,18.6702,7,2010,205
2010-07-25,18.6051113043478,18.115,18.977,0.17293874606175,18.398,18.8514,7,2010,206
2010-07-26,18.5123669565217,17.972,18.954,0.23462242471999,18.208,18.8422,7,2010,207
2010-07-27,18.301307826087,17.789,18.667,0.21828602418222,17.9924,18.5822,7,2010,208
2010-07-28,18.0881565217391,17.383,18.438,0.245839973420588,17.7214,18.365,7,2010,209
2010-07-29,17.9069339130435,17.034,18.517,0.426888343300461,17.2626,18.4316,7,2010,210
2010-07-30,17.0399165217391,16.621,17.425,0.1589537109282,16.8372,17.2806,7,2010,211
2010-07-31,17.3576173913043,17.006,17.625,0.150520813764934,17.1568,17.5556,7,2010,212
2010-08-01,17.2865026086957,16.997,17.636,0.113134449832168,17.143,17.426,8,2010,213
2010-08-02,17.1908452173913,16.939,17.586,0.113541587220192,17.059,17.348,8,2010,214
2010-08-03,17.3225826086957,17.072,17.722,0.115126758091779,17.2,17.4876,8,2010,215
2010-08-04,18.284467826087,17.803,18.636,0.172735579453188,18.0434,18.5012,8,2010,216
2010-08-05,18.5800347826087,18.128,18.842,0.0834881879891227,18.5074,18.6736,8,2010,217
2010-08-06,18.5452834782609,18.06,18.86,0.125839583139586,18.4118,18.7162,8,2010,218
2010-08-07,17.6538,17.167,18.084,0.195132484254032,17.4182,17.931,8,2010,219
2010-08-08,17.1003582608696,16.349,17.848,0.363809528692834,16.6048,17.6166,8,2010,220
2010-08-09,17.1399895652174,16.464,17.72,0.317932152431085,16.692,17.5662,8,2010,221
2010-08-10,17.4402034782609,16.94,18.001,0.224448752495067,17.1598,17.754,8,2010,222
2010-08-11,17.9683686956522,17.349,18.436,0.247474708652243,17.6354,18.2852,8,2010,223
2010-08-12,18.2576643478261,17.65,18.776,0.256976287288244,17.932,18.6268,8,2010,224
2010-08-13,18.4246365217391,17.794,18.871,0.232615948507569,18.103,18.7396,8,2010,225
2010-08-14,18.3736069565217,17.662,18.888,0.242433327779869,18.0348,18.6898,8,2010,226
2010-08-15,18.36196,17.631,18.851,0.25213562414239,18.0104,18.6876,8,2010,227
2010-08-16,18.3743391304348,17.645,18.918,0.275054561801624,17.992,18.7348,8,2010,228
2010-08-17,18.2595617391304,17.554,18.752,0.271811427633372,17.874,18.6126,8,2010,229
2010-08-18,18.3504034782609,17.617,18.788,0.259274182536637,17.986,18.68,8,2010,230
2010-08-19,18.5905043478261,17.826,19.158,0.237159922444363,18.3394,18.9376,8,2010,231
2010-08-20,18.5838539130435,17.805,19.255,0.290795897293522,18.2254,18.9958,8,2010,232
2010-08-21,18.4141356521739,17.789,19.033,0.26175463089105,18.0874,18.764,8,2010,233
2010-08-22,18.3295043478261,17.686,18.873,0.208599476763012,18.0672,18.6,8,2010,234
2010-08-23,17.9824817391304,17.32,18.535,0.246043845977321,17.6474,18.2916,8,2010,235
2010-08-24,16.1436417391304,15.475,16.743,0.290086639101362,15.7624,16.5428,8,2010,236
2010-08-25,16.4152434782609,15.939,16.797,0.171964078946189,16.1948,16.6546,8,2010,237
2010-08-26,16.4375252173913,16.059,16.826,0.190624452403842,16.156,16.6696,8,2010,238
2010-08-27,16.508732173913,15.948,16.961,0.263834874564008,16.1164,16.8366,8,2010,239
2010-08-28,16.6682452173913,16.169,17.227,0.198661121403762,16.447,16.943,8,2010,240
2010-08-29,17.0277547826087,16.387,17.563,0.230641230151726,16.7072,17.3068,8,2010,241
2010-08-30,18.1254626086957,17.422,18.416,0.224746581817119,17.7888,18.3536,8,2010,242
2010-08-31,19.1890330434783,18.895,19.606,0.147838151758215,19.0354,19.419,8,2010,243
2010-09-01,19.7530782608696,19.181,20.258,0.25590156766121,19.4454,20.0836,9,2010,244
2010-09-02,19.8685095652174,19.583,20.154,0.15111303484012,19.6722,20.0856,9,2010,245
2010-09-03,18.7985008695652,18.448,18.993,0.097683123389157,18.6584,18.902,9,2010,246
2010-09-04,17.86716,17.428,18.487,0.242060000912609,17.5548,18.2194,9,2010,247
2010-09-05,17.0218365217391,16.634,17.655,0.241602218046283,16.805,17.4424,9,2010,248
2010-09-06,16.4452695652174,16.064,17.225,0.256392492352698,16.1714,16.8296,9,2010,249
2010-09-07,15.830612173913,15.452,16.406,0.242027392533479,15.5802,16.2084,9,2010,250
2010-09-08,15.4208730434783,14.966,15.764,0.19198724974076,15.1424,15.6516,9,2010,251
2010-09-09,15.3109182608696,14.889,15.734,0.190420473483575,15.0478,15.5592,9,2010,252
2010-09-10,14.9194486956522,14.632,15.229,0.136015513542587,14.731,15.101,9,2010,253
2010-09-11,14.7574417391304,14.53,15.036,0.123875709023879,14.6154,14.9396,9,2010,254
2010-09-12,14.8379095652174,14.436,15.42,0.201621455503865,14.6148,15.1362,9,2010,255
2010-09-13,14.9464191304348,14.68,15.215,0.130875915310273,14.7884,15.139,9,2010,256
2010-09-14,14.7951982608696,14.276,15.298,0.224225657080401,14.4948,15.1006,9,2010,257
2010-09-15,14.64096,14.179,15.354,0.225535839221883,14.4012,14.975,9,2010,258
2010-09-16,14.5997391304348,14.199,15.408,0.240500990130183,14.407,14.9786,9,2010,259
2010-09-17,14.7882904347826,14.389,15.194,0.167114028218791,14.572,15.0146,9,2010,260
2010-09-18,14.7782486956522,14.494,14.953,0.103306244743478,14.636,14.9,9,2010,261
2010-09-19,14.8155652173913,14.493,15.093,0.149015873300059,14.5994,15.002,9,2010,262
2010-09-20,14.7866052173913,14.557,14.938,0.0694233513660324,14.6902,14.871,9,2010,263
2010-09-21,14.7856817391304,14.384,15.042,0.116917275903246,14.6488,14.9244,9,2010,264
2010-09-22,14.6988660869565,14.304,15.016,0.183131589028673,14.4678,14.9266,9,2010,265
2010-09-23,14.7891686956522,14.378,15.146,0.223716286216894,14.494,15.0934,9,2010,266
2010-09-24,14.7048,14.402,14.977,0.157279329399786,14.5084,14.9266,9,2010,267
2010-09-25,14.5662956521739,14.228,14.856,0.145687459249096,14.3544,14.748,9,2010,268
2010-09-26,14.7781408695652,14.149,15.283,0.284289068636626,14.3822,15.1446,9,2010,269
2010-09-27,14.8439930434783,14.217,15.437,0.2778001750067,14.4748,15.2136,9,2010,270
2010-09-28,14.9962973913043,14.453,15.52,0.230462163091636,14.6994,15.309,9,2010,271
2010-09-29,15.1227252173913,14.591,15.62,0.220129477991352,14.838,15.42,9,2010,272
2010-09-30,14.9590226086957,14.461,15.446,0.211107163970325,14.6812,15.2476,9,2010,273
2010-10-01,14.1847113043478,13.896,14.485,0.131659377831371,14.0164,14.3682,10,2010,274
2010-10-02,14.2218591304348,13.866,14.431,0.114596258319569,14.063,14.362,10,2010,275
2010-10-03,14.2025060869565,13.842,14.437,0.111709723144919,14.0588,14.3402,10,2010,276
2010-10-04,14.2441008695652,13.876,14.479,0.131009815239692,14.064,14.4172,10,2010,277
2010-10-05,14.0684452173913,13.748,14.394,0.153228689876611,13.8654,14.276,10,2010,278
2010-10-06,13.6004573913043,13.404,13.712,0.0750339610228044,13.4898,13.6936,10,2010,279
2010-10-07,13.6469617391304,13.419,13.846,0.112308149681022,13.5044,13.814,10,2010,280
2010-10-08,13.5837704347826,13.288,13.797,0.136074954348809,13.3788,13.75,10,2010,281
2010-10-09,13.1954191304348,12.949,13.412,0.126720961456317,13.0234,13.341,10,2010,282
2010-10-10,13.0601895652174,12.746,13.292,0.157356030861283,12.8164,13.241,10,2010,283
2010-10-11,12.8826260869565,12.512,13.145,0.1600304555547,12.6318,13.0896,10,2010,284
2010-10-12,12.6529495652174,12.255,13.018,0.152278167539027,12.411,12.8366,10,2010,285
2010-10-13,12.4923582608696,12.05,12.808,0.178613583447879,12.228,12.7046,10,2010,286
2010-10-14,12.4214904347826,11.949,12.735,0.194037702869385,12.1476,12.666,10,2010,287
2010-10-15,12.3843530434783,11.987,12.677,0.166051759972155,12.1544,12.5936,10,2010,288
2010-10-16,12.0954365217391,11.807,12.287,0.122562445386993,11.9144,12.2356,10,2010,289
2010-10-17,12.1103426086957,11.792,12.38,0.168429906150499,11.87,12.307,10,2010,290
2010-10-18,11.9471530434783,11.597,12.149,0.162929959365488,11.7028,12.1156,10,2010,291
2010-10-19,11.8062173913043,11.41,12,0.153744424708903,11.568,11.961,10,2010,292
2010-10-20,11.6631669565217,11.261,11.836,0.124221912620985,11.468,11.7836,10,2010,293
2010-10-21,11.6206747826087,11.153,11.782,0.134758890279331,11.4156,11.75,10,2010,294
2010-10-22,11.5825826086957,11.268,11.828,0.123978318227001,11.3934,11.741,10,2010,295
2010-10-23,11.0977426086957,10.832,11.23,0.0816397276609591,10.9778,11.1886,10,2010,296
2010-10-24,11.0005060869565,10.841,11.168,0.0761960808238801,10.913,11.1168,10,2010,297
2010-10-25,11.0679808695652,10.932,11.194,0.0635073974341508,10.987,11.157,10,2010,298
2010-10-26,11.4976191304348,11.403,11.616,0.0566972765350315,11.4254,11.577,10,2010,299
2010-10-27,11.4828556521739,11.05,11.754,0.178373463182792,11.2298,11.721,10,2010,300
2010-10-28,11.432267826087,10.897,11.649,0.169611242081378,11.2102,11.626,10,2010,301
2010-10-29,11.2486591304348,10.808,11.631,0.234258698794547,10.952,11.53,10,2010,302
2010-10-30,10.6753060869565,10.424,10.806,0.0910926905574145,10.544,10.7796,10,2010,303
2010-10-31,10.506427826087,10.265,10.676,0.0900412289883913,10.3844,10.6326,10,2010,304
2010-11-01,10.4010417391304,10.224,10.543,0.0931220116632124,10.262,10.507,11,2010,305
2010-11-02,10.0948747826087,9.61700000000002,10.557,0.280831434134106,9.71779999999999,10.4846,11,2010,306
2010-11-03,9.98986260869565,9.536,10.587,0.319064426516722,9.59380000000002,10.479,11,2010,307
2010-11-04,9.89485565217391,9.59300000000002,10.425,0.225397971769774,9.65300000000002,10.2692,11,2010,308
2010-11-05,10.0575860869565,9.76299999999998,10.48,0.18242974633991,9.84340000000001,10.3312,11,2010,309
2010-11-06,10.148532173913,9.88299999999998,10.543,0.161530825500054,9.9458,10.3726,11,2010,310
2010-11-07,9.94836173913043,9.68000000000001,10.377,0.180548451893918,9.72639999999999,10.209,11,2010,311
2010-11-08,9.54862434782609,9.30599999999998,9.95600000000002,0.131419328198972,9.41019999999999,9.74320000000002,11,2010,312
2010-11-09,9.5327147826087,9.29300000000001,9.96100000000001,0.164047314201644,9.34899999999999,9.77260000000001,11,2010,313
2010-11-10,9.61302434782609,9.44600000000003,10.027,0.131170897245537,9.4674,9.798,11,2010,314
2010-11-11,9.6846452173913,9.48199999999997,10.152,0.141253075723338,9.52199999999999,9.8812,11,2010,315
2010-11-12,9.78359652173913,9.46899999999999,10.154,0.193554421994423,9.54599999999999,10.0676,11,2010,316
2010-11-13,9.6153252173913,9.35500000000002,10.035,0.189032776430612,9.39999999999998,9.91199999999999,11,2010,317
2010-11-14,9.55702434782609,9.35599999999999,9.983,0.154440067980392,9.38200000000001,9.7946,11,2010,318
2010-11-15,9.5715147826087,9.38900000000001,9.87200000000001,0.108215084771184,9.43700000000001,9.72460000000001,11,2010,319
2010-11-16,9.40619478260869,9.202,9.68200000000002,0.122262513766007,9.24440000000002,9.57179999999999,11,2010,320
2010-11-17,9.19753217391304,8.83600000000001,9.70299999999997,0.223828709531246,8.8904,9.51100000000002,11,2010,321
2010-11-18,9.11224173913043,8.68400000000003,9.66300000000001,0.267049080685983,8.74599999999998,9.50679999999999,11,2010,322
2010-11-19,9.15506782608696,8.82600000000002,9.75400000000002,0.241398005654081,8.88339999999999,9.55979999999998,11,2010,323
2010-11-20,9.24200173913043,8.64600000000002,9.69999999999999,0.186912242531408,9.05580000000001,9.5352,11,2010,324
2010-11-21,9.09136173913043,8.89999999999998,9.24299999999999,0.0821050440278182,8.98479999999998,9.20259999999998,11,2010,325
2010-11-22,8.87037913043478,8.75900000000001,9.00400000000002,0.0594856488646241,8.79300000000001,8.95459999999999,11,2010,326
2010-11-23,8.80065043478261,8.517,9.17399999999998,0.165514364237592,8.60779999999997,9.04920000000001,11,2010,327
2010-11-24,8.96208,8.49900000000002,9.34199999999998,0.222571666882723,8.71619999999999,9.298,11,2010,328
2010-11-25,9.13132,8.69099999999997,9.70999999999998,0.242621021635334,8.834,9.48319999999999,11,2010,329
2010-11-26,8.68003826086957,8.339,9.11500000000001,0.211629735328045,8.41080000000001,9.01919999999998,11,2010,330
2010-11-27,8.47896695652174,8.16199999999998,8.94400000000002,0.208509361800593,8.22899999999998,8.82520000000002,11,2010,331
2010-11-28,8.39302782608696,8.00299999999999,8.93200000000002,0.234718318671191,8.11080000000002,8.78319999999999,11,2010,332
2010-11-29,8.34589913043478,7.82299999999998,8.97300000000001,0.264962866866392,8.0274,8.75299999999999,11,2010,333
2010-11-30,8.40051652173913,8.13999999999999,8.81099999999998,0.179504969664414,8.19480000000002,8.69440000000002,11,2010,334
2010-12-01,8.35146782608696,8.17000000000002,8.64699999999999,0.129131048922358,8.19739999999999,8.54500000000002,12,2010,335
2010-12-02,7.86070260869565,7.36099999999999,8.791,0.376520476526913,7.40579999999998,8.40640000000001,12,2010,336
2010-12-03,7.72998956521739,7.18599999999998,8.60699999999997,0.385977364651515,7.26319999999999,8.28020000000001,12,2010,337
2010-12-04,7.90600173913043,7.53300000000002,8.34699999999998,0.221481443045902,7.62780000000001,8.22720000000001,12,2010,338
2010-12-05,8.11035826086956,7.80799999999999,8.42200000000003,0.164812575413381,7.89400000000001,8.34059999999999,12,2010,339
2010-12-06,8.24615826086957,8.04899999999998,8.46100000000001,0.101657334146732,8.1034,8.38299999999998,12,2010,340
2010-12-07,8.18381565217391,7.952,8.41399999999999,0.118590168132014,8.0324,8.3548,12,2010,341
2010-12-08,7.95855478260869,7.65800000000002,8.50200000000001,0.211355439943326,7.71899999999999,8.29059999999999,12,2010,342
2010-12-09,7.74394086956522,7.11500000000001,8.572,0.358623019848275,7.27699999999999,8.24319999999998,12,2010,343
2010-12-10,7.71306608695652,7.11399999999998,8.44999999999999,0.356844009607627,7.23700000000002,8.21199999999999,12,2010,344
2010-12-11,7.72698086956522,7.35399999999998,8.166,0.226365576441844,7.42979999999998,8.0456,12,2010,345
2010-12-12,7.61252695652174,7.363,7.99299999999999,0.186732910921478,7.39100000000002,7.8872,12,2010,346
2010-12-13,7.61070782608696,7.30900000000003,8.02999999999997,0.210670048154731,7.36500000000001,7.93000000000001,12,2010,347
2010-12-14,7.57104695652174,7.423,7.81200000000001,0.0952092847141154,7.45799999999997,7.7116,12,2010,348
2010-12-15,7.63684695652174,7.49799999999999,7.80500000000001,0.071748818200686,7.54000000000002,7.73599999999999,12,2010,349
2010-12-16,7.73726086956522,7.47899999999998,8.00700000000001,0.132792369365155,7.55840000000001,7.92099999999999,12,2010,350
2010-12-17,7.20242434782609,6.90499999999997,7.50299999999999,0.141706046403586,7.0074,7.3956,12,2010,351
2010-12-18,6.39682260869565,6.07299999999998,6.89800000000002,0.198193381728874,6.15539999999999,6.68820000000002,12,2010,352
2010-12-19,6.37661565217391,6.01100000000002,6.94799999999998,0.214182759479878,6.1138,6.68460000000001,12,2010,353
2010-12-20,6.29785565217391,5.93900000000002,7.00400000000002,0.23699722509413,6.0194,6.65960000000001,12,2010,354
2010-12-21,6.48607652173913,6.13600000000002,7.07600000000002,0.204721637444738,6.23239999999998,6.79399999999999,12,2010,355
2010-12-22,5.65904869565217,5.32900000000001,6.178,0.187387367501565,5.41739999999999,5.91859999999999,12,2010,356
2010-12-23,5.72030260869565,5.34699999999998,6.16500000000002,0.214777752994429,5.452,6.05160000000001,12,2010,357
2010-12-24,5.88355826086956,5.51100000000002,6.28300000000002,0.202411221982445,5.6114,6.15899999999999,12,2010,358
2010-12-25,5.9602052173913,5.56999999999999,6.30799999999999,0.207490496757102,5.673,6.24559999999999,12,2010,359
2010-12-26,5.91069739130435,5.60399999999998,6.25200000000001,0.166971566703015,5.68940000000001,6.1432,12,2010,360
2010-12-27,5.95527304347826,5.702,6.36500000000001,0.149069121610494,5.76800000000003,6.16779999999999,12,2010,361
2010-12-28,5.57857565217391,5.10300000000001,6.24799999999999,0.287510910137272,5.23000000000002,6.0062,12,2010,362
2010-12-29,5.50997217391304,4.904,6.31700000000001,0.365013296389917,5.065,6.05459999999999,12,2010,363
2010-12-30,5.77878260869565,5.22500000000002,6.47199999999998,0.314648434491064,5.38020000000001,6.25740000000002,12,2010,364
2010-12-31,5.82438956521739,5.36700000000002,6.42899999999997,0.250877230054693,5.502,6.18719999999998,12,2010,365
2011-01-01,6.02711652173913,5.57900000000001,6.60300000000001,0.2327504278414,5.7234,6.34399999999999,1,2011,1
2011-01-02,5.34707304347826,4.91899999999998,5.87700000000001,0.210634874615967,5.05599999999998,5.62860000000001,1,2011,2
2011-01-03,5.20673913043478,4.72500000000002,5.67099999999999,0.239709111134546,4.87900000000002,5.53399999999999,1,2011,3
2011-01-04,5.11427304347826,4.64600000000002,5.63299999999998,0.262397164632685,4.76319999999999,5.48660000000001,1,2011,4
2011-01-05,5.13155478260869,4.69099999999997,5.69600000000003,0.270084139762276,4.78100000000001,5.50839999999998,1,2011,5
2011-01-06,5.15791304347826,4.75299999999999,5.76400000000001,0.255950342432362,4.8424,5.55139999999999,1,2011,6
2011-01-07,4.80209391304348,4.40300000000002,5.524,0.250382226720784,4.5074,5.15559999999999,1,2011,7
2011-01-08,4.88104,4.51999999999998,5.45100000000002,0.208148014542988,4.61700000000002,5.1602,1,2011,8
2011-01-09,4.91262086956522,4.47000000000003,5.65100000000001,0.261652419086613,4.59399999999998,5.28939999999999,1,2011,9
2011-01-10,4.9582452173913,4.48599999999999,5.85699999999997,0.301458419088986,4.60839999999999,5.39799999999999,1,2011,10
2011-01-11,5.10974086956522,4.613,6.06,0.362876420901017,4.71220000000001,5.7048,1,2011,11
2011-01-12,5.12564695652174,4.75200000000001,5.84300000000002,0.276745821481771,4.82280000000001,5.56200000000002,1,2011,12
2011-01-13,5.00574434782609,4.77800000000002,5.52499999999998,0.157833069201852,4.83140000000001,5.24280000000001,1,2011,13
2011-01-14,4.53532173913043,4.20299999999997,5.161,0.264334485728599,4.25440000000001,4.97959999999998,1,2011,14
2011-01-15,4.85971652173913,4.27800000000002,5.43700000000001,0.287735726095153,4.51880000000001,5.32060000000001,1,2011,15
2011-01-16,4.89104695652174,4.38099999999997,5.37099999999998,0.246019877288827,4.56900000000002,5.22920000000001,1,2011,16
2011-01-17,4.55567130434783,4.154,4.97899999999998,0.210506982497853,4.28639999999999,4.85899999999998,1,2011,17
2011-01-18,3.94422956521739,3.76100000000002,4.197,0.106627765188265,3.80700000000002,4.09059999999999,1,2011,18
2011-01-19,4.06526260869565,3.89800000000002,4.26400000000001,0.0961568780807801,3.93700000000001,4.19799999999998,1,2011,19
2011-01-20,3.63157043478261,3.33999999999997,4.10699999999997,0.186616092616179,3.39499999999998,3.90100000000001,1,2011,20
2011-01-21,3.50434782608696,2.99000000000001,4.06999999999999,0.276721266428957,3.12539999999999,3.85699999999997,1,2011,21
2011-01-22,3.41146782608696,2.887,4.15699999999998,0.320144531697136,2.99259999999999,3.81599999999997,1,2011,22
2011-01-23,3.39544,2.899,4.04300000000001,0.288920493747531,3.01400000000001,3.78199999999998,1,2011,23
2011-01-24,3.63624347826087,3.27100000000002,4.13600000000002,0.206582360392923,3.35699999999997,3.92019999999999,1,2011,24
2011-01-25,3.69540347826087,3.517,4.09800000000001,0.129493481150035,3.55240000000001,3.90419999999999,1,2011,25
2011-01-26,3.46711826086956,3.31999999999999,3.87099999999998,0.131756268211414,3.33699999999999,3.68580000000002,1,2011,26
2011-01-27,3.19664347826087,3.09100000000001,3.53800000000001,0.081763851270841,3.10599999999999,3.30700000000002,1,2011,27
2011-01-28,2.86146608695652,2.76800000000003,3.14600000000002,0.0744170034227688,2.78100000000001,2.9616,1,2011,28
2011-01-29,3.06382260869565,2.89600000000002,3.48700000000002,0.112908629968687,2.92700000000002,3.21260000000001,1,2011,29
2011-01-30,2.98125913043478,2.61500000000001,3.69200000000001,0.222438514346656,2.72080000000001,3.29019999999999,1,2011,30
2011-01-31,2.88177391304348,2.25200000000001,3.75099999999998,0.34537295048692,2.4314,3.3622,1,2011,31
2011-02-01,3.14256869565217,2.589,3.851,0.293288471033771,2.76079999999999,3.55300000000001,2,2011,32
2011-02-02,3.83300695652174,3.286,4.423,0.284547841002384,3.45499999999998,4.2406,2,2011,33
2011-02-03,4.07354434782609,3.464,4.81700000000001,0.39208081683791,3.60500000000002,4.65419999999999,2,2011,34
2011-02-04,3.7127147826087,3.00200000000001,4.67599999999999,0.508088991945108,3.10839999999999,4.46119999999999,2,2011,35
2011-02-05,3.35718260869565,2.99700000000001,3.77499999999998,0.179263960798779,3.10380000000001,3.57060000000001,2,2011,36
2011-02-06,3.58718608695652,3.32299999999998,4.02800000000002,0.135526545021236,3.4074,3.76100000000002,2,2011,37
2011-02-07,3.78014086956522,3.48399999999998,4.23000000000002,0.160422718971812,3.5684,3.99279999999999,2,2011,38
2011-02-08,4.02140173913043,3.73099999999999,4.40300000000002,0.151709688595339,3.81719999999999,4.2226,2,2011,39
2011-02-09,3.41208173913043,3.01999999999998,3.89800000000002,0.209360762434475,3.13999999999999,3.70999999999998,2,2011,40
2011-02-10,3.25176869565217,2.92200000000003,3.96699999999998,0.228049876247846,3.0154,3.57799999999999,2,2011,41
2011-02-11,3.25183130434783,2.93000000000001,3.988,0.235858682651484,3.012,3.60060000000001,2,2011,42
2011-02-12,3.36937565217391,3.05700000000002,4.02199999999999,0.19285137558412,3.15279999999999,3.64400000000001,2,2011,43
2011-02-13,3.64619652173913,3.37099999999998,4.31599999999997,0.191542086027034,3.45100000000002,3.9308,2,2011,44
2011-02-14,3.80086086956522,3.58100000000002,4.262,0.139398414234986,3.63400000000001,3.99559999999999,2,2011,45
2011-02-15,3.76649565217391,3.35500000000002,4.56599999999997,0.254198000068652,3.45919999999999,4.11099999999999,2,2011,46
2011-02-16,3.71996347826087,3.255,4.57299999999998,0.286162188829004,3.33999999999997,4.08299999999998,2,2011,47
2011-02-17,3.72408347826087,3.459,4.19299999999998,0.153096278110072,3.51999999999998,3.92200000000003,2,2011,48
2011-02-18,3.72114782608696,3.52600000000001,4.10599999999999,0.129810545646127,3.5504,3.89959999999999,2,2011,49
2011-02-19,3.66382608695652,3.47300000000001,4.13999999999999,0.109696386575369,3.51900000000001,3.77220000000002,2,2011,50
2011-02-20,3.6471252173913,3.51499999999999,4.02600000000001,0.0807859798306074,3.56139999999999,3.73580000000001,2,2011,51
2011-02-21,3.54453043478261,3.50900000000001,3.75400000000002,0.0466242900272201,3.51299999999998,3.60659999999998,2,2011,52
2011-02-22,3.59319304347826,3.40699999999998,3.78800000000001,0.110571587262328,3.43799999999999,3.73099999999999,2,2011,53
2011-02-23,3.62641565217391,3.358,3.964,0.173268907738028,3.3894,3.83619999999999,2,2011,54
2011-02-24,3.54941043478261,3.23399999999998,3.87400000000002,0.181483785366231,3.2944,3.76900000000001,2,2011,55
2011-02-25,3.52636,3.25599999999997,3.791,0.157364656078099,3.30840000000001,3.73000000000002,2,2011,56
2011-02-26,3.48222086956522,3.36700000000002,3.76299999999998,0.0854313603645472,3.3854,3.60899999999998,2,2011,57
2011-02-27,3.47702086956522,3.38600000000002,3.666,0.0626611893504291,3.40340000000001,3.56999999999999,2,2011,58
2011-02-28,3.13416695652174,3.03800000000001,3.35699999999997,0.072674324508809,3.0504,3.24000000000001,2,2011,59
2011-03-01,3.01872695652174,2.90300000000002,3.30200000000002,0.0925861886074833,2.91540000000001,3.16180000000002,3,2011,60
2011-03-02,2.94154782608696,2.85399999999998,3.14999999999998,0.0688899090781231,2.86399999999998,3.04420000000001,3,2011,61
2011-03-03,2.96244869565217,2.84100000000001,3.34300000000002,0.10061358998025,2.85399999999998,3.10599999999999,3,2011,62
2011-03-04,3.07598782608696,2.87700000000001,3.863,0.201733933662412,2.89400000000001,3.3596,3,2011,63
2011-03-05,3.14926434782609,2.94200000000001,3.73099999999999,0.175496606572165,2.97000000000003,3.39860000000001,3,2011,64
2011-03-06,3.25326782608696,3.02699999999999,3.58600000000001,0.14102881531975,3.07739999999999,3.45780000000001,3,2011,65
2011-03-07,2.9147652173913,2.73700000000002,3.37299999999999,0.148274954738474,2.76400000000001,3.14619999999999,3,2011,66
2011-03-08,2.79428,2.55399999999997,3.38799999999998,0.196743593726641,2.589,3.10260000000001,3,2011,67
2011-03-09,2.80841391304348,2.54199999999997,3.41899999999998,0.197717539915057,2.589,3.10359999999999,3,2011,68
2011-03-10,2.95472695652174,2.71800000000002,3.43000000000001,0.154172920543377,2.76740000000001,3.1722,3,2011,69
2011-03-11,3.22331652173913,2.964,3.49799999999999,0.133470927507164,3.04120000000002,3.40600000000001,3,2011,70
2011-03-12,2.72577565217391,2.51299999999998,2.97000000000003,0.110400680285695,2.57400000000001,2.8742,3,2011,71
2011-03-13,2.97717391304348,2.56999999999999,3.52600000000001,0.228753784107219,2.7044,3.31519999999999,3,2011,72
2011-03-14,2.86152173913043,2.38099999999997,3.678,0.336284021835587,2.52199999999999,3.41939999999998,3,2011,73
2011-03-15,3.1804,2.72300000000001,3.803,0.267383893197521,2.86679999999999,3.5926,3,2011,74
2011-03-16,3.32663478260869,2.80900000000003,3.81999999999999,0.259838408993093,2.9932,3.69759999999999,3,2011,75
2011-03-17,3.30940695652174,2.95299999999997,3.596,0.175013980388177,3.0624,3.5326,3,2011,76
2011-03-18,3.42936695652174,3.29500000000002,3.52800000000002,0.0523790056250415,3.37039999999999,3.50599999999997,3,2011,77
2011-03-19,3.76332695652174,3.16199999999998,4.51299999999998,0.353079297713943,3.29139999999999,4.25500000000001,3,2011,78
2011-03-20,3.75431478260869,3.10199999999998,4.517,0.38526544997102,3.22360000000001,4.27400000000001,3,2011,79
2011-03-21,3.81279304347826,3.25400000000002,4.56999999999999,0.327924665150764,3.38999999999999,4.27100000000002,3,2011,80
2011-03-22,3.3795147826087,2.94,3.73899999999998,0.174717420556459,3.1522,3.61359999999999,3,2011,81
2011-03-23,3.39417739130435,2.827,3.83199999999999,0.232826249710291,3.04380000000001,3.69499999999999,3,2011,82
2011-03-24,3.30306260869565,2.86900000000003,3.71699999999998,0.194864644106619,3.05240000000001,3.60000000000002,3,2011,83
2011-03-25,3.20636869565217,2.50200000000001,3.66899999999998,0.318284162467383,2.73199999999997,3.584,3,2011,84
2011-03-26,3.2232852173913,2.26100000000002,3.73199999999997,0.396783380339321,2.60179999999999,3.63999999999999,3,2011,85
2011-03-27,3.14945739130435,2.14999999999998,3.779,0.467764672337022,2.45439999999999,3.70359999999999,3,2011,86
2011-03-28,3.06640695652174,2.17599999999999,3.66000000000003,0.427053939856947,2.41540000000001,3.57879999999999,3,2011,87
2011-03-29,3.3916347826087,2.35699999999997,3.80200000000002,0.368484274846253,2.80740000000001,3.75999999999999,3,2011,88
2011-03-30,3.4655947826087,2.22399999999999,3.87400000000002,0.384380928093653,2.81200000000001,3.79259999999999,3,2011,89
2011-03-31,3.58496869565217,2.58699999999999,3.947,0.30771304745789,3.11080000000002,3.89400000000001,3,2011,90
2011-04-01,3.74971826086956,3.08800000000002,3.99799999999999,0.188119172132452,3.48879999999999,3.95600000000002,4,2011,91
2011-04-02,3.87672173913043,3.61700000000002,4.07100000000003,0.0929599730116993,3.7474,4.00679999999999,4,2011,92
2011-04-03,3.92505217391304,3.65600000000001,4.13099999999997,0.0995199841152379,3.76220000000002,4.04760000000001,4,2011,93
2011-04-04,3.87345391304348,3.58100000000002,4.00200000000001,0.0883667181650472,3.75099999999998,3.97399999999999,4,2011,94
2011-04-05,4.01315130434783,3.43099999999998,4.42200000000003,0.242361350271529,3.66420000000001,4.32419999999999,4,2011,95
2011-04-06,4.17770260869565,3.48599999999999,4.44900000000001,0.18099477414678,3.9194,4.35619999999999,4,2011,96
2011-04-07,4.35506434782609,3.85599999999999,4.53699999999998,0.118972507431832,4.19100000000002,4.48099999999999,4,2011,97
2011-04-08,4.44446782608696,4.09500000000003,4.63799999999998,0.117237044742265,4.26180000000001,4.58600000000001,4,2011,98
2011-04-09,4.59594434782609,4.31,4.88499999999999,0.113278096784103,4.45079999999999,4.7504,4,2011,99
2011-04-10,4.66226956521739,4.346,4.88,0.0981841689925184,4.54000000000002,4.79300000000001,4,2011,100
2011-04-11,4.67622434782609,4.40499999999997,4.82999999999998,0.0897949081994887,4.55219999999998,4.78560000000001,4,2011,101
2011-04-12,4.61794608695652,4.45499999999998,4.73599999999999,0.0677745716231619,4.52340000000001,4.70699999999999,4,2011,102
2011-04-13,5.79061391304348,5.38999999999999,5.94099999999997,0.135679091366227,5.56900000000002,5.92200000000003,4,2011,103
2011-04-14,5.87272869565217,5.262,6.06999999999999,0.148579380093814,5.67419999999998,6.036,4,2011,104
2011-04-15,5.87120173913043,5.15600000000001,6.10199999999998,0.17466675387681,5.65180000000001,6.072,4,2011,105
2011-04-16,5.91281043478261,5.25900000000001,6.10599999999999,0.157719883221486,5.6886,6.08100000000002,4,2011,106
2011-04-17,5.90049043478261,5.53500000000003,6.05500000000001,0.133412682019658,5.68400000000003,6.03899999999999,4,2011,107
2011-04-18,5.25378608695652,5.09300000000002,5.39300000000003,0.072603340847768,5.15600000000001,5.35319999999998,4,2011,108
2011-04-19,5.16768173913044,4.97800000000001,5.32600000000002,0.0818194957967892,5.05900000000003,5.28059999999999,4,2011,109
2011-04-20,5.27008347826087,5.04300000000001,5.43900000000002,0.104007856117804,5.1284,5.41199999999998,4,2011,110
2011-04-21,5.37283130434782,5.00799999999998,5.85300000000001,0.228865672136391,5.09300000000002,5.72199999999999,4,2011,111
2011-04-22,5.40950434782609,4.988,5.98700000000002,0.257419422591624,5.10500000000002,5.81460000000001,4,2011,112
2011-04-23,5.39735652173913,5.07499999999999,5.78899999999999,0.193706169204495,5.16040000000002,5.69,4,2011,113
2011-04-24,5.59750782608696,5.29599999999999,5.858,0.117510913680884,5.40779999999999,5.71899999999999,4,2011,114
2011-04-25,5.69561043478261,5.392,6.26299999999998,0.179415518041005,5.4854,5.92699999999998,4,2011,115
2011-04-26,5.74631130434783,5.56700000000001,6.28199999999998,0.150448118533424,5.58600000000001,5.9776,4,2011,116
2011-04-27,5.85629913043478,5.666,6.17099999999999,0.127636178212879,5.69900000000001,6.04519999999999,4,2011,117
2011-04-28,7.48604173913044,7.34800000000001,7.53500000000003,0.0387749469715899,7.42939999999999,7.529,4,2011,118
2011-04-29,8.12063304347826,7.65100000000001,8.38299999999998,0.189146789466434,7.82180000000001,8.33699999999999,4,2011,119
2011-04-30,8.61212869565217,7.76600000000002,9.065,0.312823247386505,8.15079999999998,8.98119999999999,4,2011,120
2011-05-01,8.89378260869565,7.702,9.32999999999998,0.282845921002984,8.51420000000001,9.1396,5,2011,121
2011-05-02,8.9393147826087,7.92099999999999,9.35500000000002,0.278917119632875,8.54040000000001,9.23159999999999,5,2011,122
2011-05-03,8.86596695652174,8.35699999999997,9.12599999999998,0.178244753880772,8.58379999999997,9.06700000000001,5,2011,123
2011-05-04,8.75259652173913,8.41399999999999,8.952,0.140494437953588,8.5394,8.916,5,2011,124
2011-05-05,8.22662956521739,7.91500000000002,8.46100000000001,0.133807665919669,8.03199999999998,8.3942,5,2011,125
2011-05-06,8.3147252173913,8.03100000000001,8.488,0.101777329064028,8.16979999999999,8.4438,5,2011,126
2011-05-07,8.43509217391304,8.209,8.60000000000002,0.0779187698487548,8.33600000000001,8.54599999999999,5,2011,127
2011-05-08,8.46363826086956,8.238,8.66899999999998,0.0941024606374111,8.33939999999999,8.59560000000001,5,2011,128
2011-05-09,8.54842086956522,8.35399999999998,8.75799999999998,0.0907460958890427,8.4544,8.68900000000002,5,2011,129
2011-05-10,8.59967652173913,8.36599999999999,8.80599999999998,0.106631507795677,8.45299999999997,8.74820000000002,5,2011,130
2011-05-11,8.56921739130435,8.33100000000002,8.71899999999999,0.099495853100136,8.42000000000002,8.69400000000002,5,2011,131
2011-05-12,8.63423826086957,8.21800000000002,9.01600000000002,0.219414759897966,8.36919999999999,8.95299999999997,5,2011,132
2011-05-13,8.63353391304348,8.298,9.06799999999998,0.22064138801626,8.40039999999999,8.98760000000001,5,2011,133
2011-05-14,8.48390956521739,8.15699999999998,8.74400000000003,0.13278049855626,8.3088,8.66800000000001,5,2011,134
2011-05-15,8.40690608695652,8.197,8.642,0.0840042612231718,8.30900000000003,8.52959999999998,5,2011,135
2011-05-16,8.32068347826087,8.01800000000003,8.59399999999999,0.143361877298133,8.11980000000001,8.51860000000002,5,2011,136
2011-05-17,7.58175826086956,7.40699999999998,7.733,0.0847093555037587,7.46199999999999,7.69499999999999,5,2011,137
2011-05-18,7.3727252173913,7.15199999999999,7.56799999999998,0.107880956009833,7.221,7.51900000000001,5,2011,138
2011-05-19,7.75348869565217,7.51999999999998,7.964,0.107146108819012,7.60839999999999,7.90020000000001,5,2011,139
2011-05-20,7.86819478260869,7.63900000000001,8.10199999999998,0.114328460309947,7.7138,8.02860000000001,5,2011,140
2011-05-21,8.05316869565217,7.78300000000002,8.34300000000002,0.138779452011314,7.86500000000001,8.2476,5,2011,141
2011-05-22,8.04072347826087,7.74599999999998,8.35000000000002,0.147866199483023,7.84079999999998,8.24599999999998,5,2011,142
2011-05-23,8.55725913043478,8.28100000000001,8.75900000000001,0.115896914347795,8.39579999999999,8.71300000000002,5,2011,143
2011-05-24,8.91924173913043,8.75999999999999,9.072,0.0777670894789645,8.81200000000001,9.02499999999998,5,2011,144
2011-05-25,9.26850608695652,9.15499999999997,9.35699999999997,0.0442483828853833,9.20600000000002,9.3246,5,2011,145
2011-05-26,9.46282956521739,9.33300000000003,9.58600000000001,0.0561542688656133,9.3844,9.53659999999999,5,2011,146
2011-05-27,10.0050591304348,9.71199999999999,10.285,0.12820406472412,9.8244,10.174,5,2011,147
2011-05-28,10.942267826087,10.651,11.232,0.12776440613579,10.7734,11.1156,5,2011,148
2011-05-29,12.1878991304348,12.028,12.341,0.071897988970887,12.086,12.2816,5,2011,149
2011-05-30,12.279547826087,12.12,12.41,0.0632793766017476,12.1874,12.36,5,2011,150
2011-05-31,12.4101304347826,12.27,12.556,0.0570833063430206,12.336,12.489,5,2011,151
2011-06-01,12.304652173913,12.031,12.49,0.099600180117366,12.161,12.4188,6,2011,152
2011-06-02,12.0934904347826,11.644,12.529,0.185898850851929,11.8244,12.3258,6,2011,153
2011-06-03,11.6235913043478,11.281,12.093,0.206046614243786,11.3898,11.9332,6,2011,154
2011-06-04,11.5540956521739,11.082,12.267,0.275135189257615,11.203,11.9636,6,2011,155
2011-06-05,11.4977286956522,11.101,12.065,0.193536587203235,11.2148,11.7076,6,2011,156
2011-06-06,11.9822052173913,11.536,12.588,0.244547095370738,11.7008,12.3838,6,2011,157
2011-06-07,12.8792069565217,12.189,13.353,0.319254467913188,12.3596,13.2196,6,2011,158
2011-06-08,13.643732173913,13.414,13.851,0.0816760486599864,13.5298,13.7392,6,2011,159
2011-06-09,13.7194156521739,13.416,13.939,0.110026522452927,13.575,13.8682,6,2011,160
2011-06-10,14.1595652173913,13.942,14.304,0.0533947775759295,14.1,14.2266,6,2011,161
2011-06-11,14.5954539130435,14.184,14.846,0.14341713561729,14.3958,14.7746,6,2011,162
2011-06-12,13.255707826087,12.769,13.656,0.219096381965138,12.9484,13.554,6,2011,163
2011-06-13,13.044652173913,12.53,13.487,0.239023020317671,12.7064,13.3678,6,2011,164
2011-06-14,12.9629217391304,12.487,13.436,0.192670122474999,12.6974,13.2212,6,2011,165
2011-06-15,13.0455947826087,12.512,13.501,0.16819713516987,12.8354,13.24,6,2011,166
2011-06-16,13.0197634782609,12.324,13.44,0.188688245697859,12.7492,13.2496,6,2011,167
2011-06-17,13.3311217391304,12.684,13.849,0.231323368541112,13.0224,13.6368,6,2011,168
2011-06-18,14.1121165217391,13.652,14.386,0.128686389130563,13.946,14.2626,6,2011,169
2011-06-19,14.2112226086957,13.697,14.673,0.243421336112338,13.8514,14.5406,6,2011,170
2011-06-20,14.2804765217391,13.6,14.834,0.337537628391584,13.7004,14.629,6,2011,171
2011-06-21,14.2492591304348,13.589,14.634,0.27136252668293,13.818,14.539,6,2011,172
2011-06-22,13.9921530434783,13.631,14.287,0.132108078788314,13.7764,14.1286,6,2011,173
2011-06-23,13.8348313043478,13.323,14.345,0.225774357140868,13.5438,14.1456,6,2011,174
2011-06-24,13.7423930434783,13.224,14.2,0.219415461850932,13.4544,14.043,6,2011,175
2011-06-25,13.6138156521739,13.072,14.115,0.249380865606984,13.2828,13.965,6,2011,176
2011-06-26,13.6436452173913,13.152,14.112,0.233438214614526,13.3354,13.9716,6,2011,177
2011-06-27,14.2098017391304,13.581,14.691,0.252140292644134,13.8672,14.5398,6,2011,178
2011-06-28,14.4486939130435,13.818,14.999,0.275414461602415,14.0824,14.821,6,2011,179
2011-06-29,14.8072295652174,14.02,15.153,0.250507233502882,14.412,15.0612,6,2011,180
2011-06-30,14.9663008695652,13.981,15.438,0.266539035421501,14.5932,15.283,6,2011,181
2011-07-01,15.0249669565217,14.274,15.323,0.219200377569099,14.662,15.2162,7,2011,182
2011-07-02,15.5189495652174,14.659,16.02,0.332565001210739,14.9954,15.8756,7,2011,183
2011-07-03,16.2049252173913,15.278,16.586,0.295325226100545,15.7482,16.511,7,2011,184
2011-07-04,16.5285217391304,15.663,17.315,0.394022907146088,16.019,17.0656,7,2011,185
2011-07-05,17.1782034782609,16.513,17.638,0.207690818155424,16.917,17.4556,7,2011,186
2011-07-06,17.7184834782609,17.172,18.174,0.21037355854342,17.431,18.012,7,2011,187
2011-07-07,17.9282539130435,17.208,18.413,0.31770184927471,17.5058,18.3336,7,2011,188
2011-07-08,18.0403739130435,17.306,18.39,0.229937389632564,17.7004,18.294,7,2011,189
2011-07-09,17.6292852173913,17.169,17.863,0.13742829124331,17.4474,17.801,7,2011,190
2011-07-10,17.3482834782609,17.019,17.674,0.127058155585435,17.1802,17.5152,7,2011,191
2011-07-11,17.4027147826087,17.065,17.74,0.133313345641168,17.2234,17.5816,7,2011,192
2011-07-12,17.5521982608696,17.178,17.885,0.149450663075927,17.3604,17.757,7,2011,193
2011-07-13,18.2531843478261,18.058,18.315,0.0437861539840505,18.1924,18.2986,7,2011,194
2011-07-14,17.3514,16.952,17.761,0.176537062666097,17.1444,17.6192,7,2011,195
2011-07-15,17.0322295652174,16.529,17.505,0.208653847422557,16.772,17.3404,7,2011,196
2011-07-16,16.8760452173913,16.403,17.286,0.169957766963234,16.685,17.0946,7,2011,197
2011-07-17,17.8684608695652,17.217,18.391,0.293465538727882,17.443,18.2226,7,2011,198
2011-07-18,17.6974852173913,17.572,17.847,0.0664381195985974,17.608,17.7956,7,2011,199
2011-07-19,17.8623704347826,17.591,18.036,0.0977619424020153,17.719,17.9736,7,2011,200
2011-07-20,17.8989252173913,17.585,18.1,0.110620295599476,17.738,18.02,7,2011,201
2011-07-21,17.7207982608696,17.381,17.974,0.125752803518605,17.5378,17.871,7,2011,202
2011-07-22,17.4366156521739,16.858,17.934,0.228990893642755,17.1348,17.7386,7,2011,203
2011-07-23,17.874427826087,17.524,18.111,0.132421844379842,17.687,18.0386,7,2011,204
2011-07-24,17.783707826087,17.502,18.117,0.148933788546124,17.599,18.007,7,2011,205
2011-07-25,17.7172347826087,17.455,18.289,0.212930389339894,17.5244,18.0606,7,2011,206
2011-07-26,17.7171460869565,17.561,18.036,0.137474557219672,17.578,17.9384,7,2011,207
2011-07-27,18.2937843478261,18.146,18.399,0.0680666211250205,18.1914,18.3746,7,2011,208
2011-07-28,18.4704660869565,18.195,18.824,0.128239167677615,18.3194,18.6596,7,2011,209
2011-07-29,18.5699460869565,17.954,18.904,0.164466730528363,18.3906,18.7756,7,2011,210
2011-07-30,19.0850243478261,18.716,19.386,0.113190226082975,18.9584,19.221,7,2011,211
2011-07-31,19.1466556521739,18.827,19.652,0.172614915614386,18.9548,19.3816,7,2011,212
2011-08-01,19.2061773913043,18.853,19.561,0.128534881896952,19.038,19.3766,8,2011,213
2011-08-02,19.0339339130435,18.747,19.409,0.110180146190013,18.8938,19.1756,8,2011,214
2011-08-03,18.4816434782609,17.8,19.385,0.322215230708874,18.1192,18.918,8,2011,215
2011-08-04,18.5739043478261,17.538,19.332,0.367639711856155,18.0738,19.0364,8,2011,216
2011-08-05,18.9017443478261,17.74,19.582,0.386733757238791,18.3984,19.4282,8,2011,217
2011-08-06,18.9307373913043,17.906,19.435,0.289506155706211,18.6216,19.342,8,2011,218
2011-08-07,19.0142556521739,18.009,19.47,0.291926185777733,18.6242,19.3816,8,2011,219
2011-08-08,19.1615113043478,18.276,19.46,0.219402791236353,18.8262,19.391,8,2011,220
2011-08-09,19.1728434782609,18.427,19.553,0.189779240506577,18.9454,19.425,8,2011,221
2011-08-10,19.0338573913043,18.113,19.256,0.237579652170777,18.636,19.2296,8,2011,222
2011-08-11,18.2223304347826,17.327,18.593,0.332070532203363,17.6812,18.533,8,2011,223
2011-08-12,17.5876695652174,17.129,17.973,0.152799960421666,17.4042,17.783,8,2011,224
2011-08-13,18.0496173913043,17.425,18.441,0.183515694560375,17.8208,18.2942,8,2011,225
2011-08-14,18.0086417391304,17.323,18.373,0.236503096451434,17.6434,18.2678,8,2011,226
2011-08-15,17.9153147826087,17.229,18.413,0.23599027774941,17.615,18.2352,8,2011,227
2011-08-16,17.1587095652174,16.503,17.594,0.224043411739527,16.848,17.436,8,2011,228
2011-08-17,17.0508956521739,16.578,17.501,0.152089704750743,16.865,17.2534,8,2011,229
2011-08-18,17.4377495652174,16.92,18.04,0.273685123690078,17.062,17.85,8,2011,230
2011-08-19,17.6983147826087,17.039,18.69,0.473778613129006,17.15,18.4312,8,2011,231
2011-08-20,17.9327547826087,17.485,18.584,0.313950378978169,17.546,18.4166,8,2011,232
2011-08-21,17.7330139130435,17.227,18.542,0.262656211653895,17.3864,18.0818,8,2011,233
2011-08-22,17.3817060869565,17.109,17.779,0.113508394512941,17.2338,17.53,8,2011,234
2011-08-23,17.0107234782609,16.582,17.282,0.130141969069613,16.8498,17.1852,8,2011,235
2011-08-24,17.0240208695652,16.545,17.453,0.162874397159632,16.8304,17.2362,8,2011,236
2011-08-25,16.8629182608696,16.408,17.227,0.179039827573638,16.6034,17.112,8,2011,237
2011-08-26,16.8394434782609,16.383,17.416,0.237932096984281,16.5108,17.1822,8,2011,238
2011-08-27,17.0017756521739,16.78,17.429,0.173808988728848,16.836,17.3054,8,2011,239
2011-08-28,16.968027826087,16.765,17.274,0.115863787883992,16.82,17.127,8,2011,240
2011-08-29,16.4353704347826,16.239,16.722,0.0920054734149671,16.297,16.5346,8,2011,241
2011-08-30,16.4764191304348,15.842,17.298,0.422545162812175,15.9094,17.0318,8,2011,242
2011-08-31,16.6609443478261,15.903,17.596,0.527754542874449,15.9974,17.3946,8,2011,243
2011-09-01,16.8146504347826,16.329,17.368,0.292869108773022,16.4494,17.2276,9,2011,244
2011-09-02,17.530892173913,17.147,18.083,0.250579201228816,17.2154,17.9012,9,2011,245
2011-09-03,17.7480295652174,17.135,18.214,0.297899348392135,17.3404,18.156,9,2011,246
2011-09-04,18.07096,17.418,18.439,0.209231004824311,17.7682,18.3056,9,2011,247
2011-09-05,18.1832365217391,17.64,18.461,0.133211313575595,18.0168,18.306,9,2011,248
2011-09-06,18.1317356521739,17.825,18.352,0.106128807242464,17.9844,18.265,9,2011,249
2011-09-07,16.7526313043478,16.642,16.839,0.0483318565369639,16.687,16.819,9,2011,250
2011-09-08,16.832307826087,16.688,16.947,0.0755228755383848,16.7134,16.9276,9,2011,251
2011-09-09,16.8564782608696,16.622,17.125,0.127579840945916,16.679,17.0466,9,2011,252
2011-09-10,16.9507947826087,16.657,17.23,0.123424297103887,16.7644,17.1,9,2011,253
2011-09-11,16.8185373913043,16.512,17.101,0.0995658777773439,16.6814,16.9466,9,2011,254
2011-09-12,16.9065426086957,16.548,17.174,0.180049570729874,16.6298,17.1266,9,2011,255
2011-09-13,17.1627565217391,16.797,17.515,0.210086932035933,16.859,17.4326,9,2011,256
2011-09-14,17.28608,17.094,17.494,0.103157201508167,17.144,17.436,9,2011,257
2011-09-15,17.0064991304348,16.737,17.308,0.116336303242814,16.871,17.1996,9,2011,258
2011-09-16,16.3249113043478,15.831,16.989,0.375270723362156,15.865,16.8906,9,2011,259
2011-09-17,15.77388,15.544,16.188,0.163308181760637,15.5884,16.0262,9,2011,260
2011-09-18,15.4800660869565,15.151,15.848,0.164449061665748,15.2324,15.694,9,2011,261
2011-09-19,15.3579895652174,15.036,15.784,0.17079108791076,15.1032,15.5836,9,2011,262
2011-09-20,15.3695634782609,15.042,15.811,0.192302504839826,15.0984,15.641,9,2011,263
2011-09-21,15.6658608695652,15.287,16.372,0.274033591335856,15.3384,16.0636,9,2011,264
2011-09-22,16.1546886956522,15.717,16.74,0.24504544581891,15.855,16.515,9,2011,265
2011-09-23,16.3929060869565,16.05,16.76,0.160228185112195,16.1918,16.6226,9,2011,266
2011-09-24,17.1310747826087,16.995,17.312,0.0785674191096662,17.0304,17.2416,9,2011,267
2011-09-25,17.6479756521739,17.562,17.835,0.0487366466859614,17.5924,17.7126,9,2011,268
2011-09-26,17.618547826087,17.479,17.865,0.0986324648723681,17.4974,17.7714,9,2011,269
2011-09-27,17.4943826086957,17.287,17.904,0.151379451620666,17.3134,17.7076,9,2011,270
2011-09-28,17.2070817391304,16.823,17.633,0.215848431942145,16.8864,17.476,9,2011,271
2011-09-29,16.995627826087,16.766,17.37,0.148343186451283,16.8124,17.2116,9,2011,272
2011-09-30,16.9522973913043,16.734,17.308,0.134517217439285,16.7844,17.1462,9,2011,273
2011-10-01,16.7917408695652,16.479,16.991,0.103517208836863,16.652,16.922,10,2011,274
2011-10-02,16.6792834782609,16.236,16.928,0.149965006330708,16.4624,16.864,10,2011,275
2011-10-03,15.7138382608696,15.362,16.045,0.148291865182148,15.5204,15.9126,10,2011,276
2011-10-04,14.296932173913,13.643,14.717,0.27570878047052,13.8894,14.6436,10,2011,277
2011-10-05,14.4492539130435,13.702,14.762,0.267259510994914,14.0388,14.725,10,2011,278
2011-10-06,14.4653286956522,13.801,14.788,0.247704151105259,14.0744,14.7346,10,2011,279
2011-10-07,14.2782886956522,13.642,14.713,0.301732154097372,13.841,14.6456,10,2011,280
2011-10-08,14.3075060869565,13.64,14.746,0.301039232885689,13.863,14.6592,10,2011,281
2011-10-09,14.8537217391304,14.217,15.407,0.261643057777923,14.5004,15.2044,10,2011,282
2011-10-10,15.0980243478261,14.419,15.866,0.298156623653492,14.725,15.5232,10,2011,283
2011-10-11,15.3888208695652,14.657,16.254,0.327492847887342,14.9728,15.846,10,2011,284
2011-10-12,15.3870973913043,14.654,16.178,0.343378983612731,14.9264,15.8622,10,2011,285
2011-10-13,14.8628886956522,14.328,15.414,0.24844504884097,14.5112,15.1948,10,2011,286
2011-10-14,14.31884,13.9,14.536,0.120143956045304,14.1854,14.472,10,2011,287
2011-10-15,14.310947826087,13.876,14.601,0.169787428251635,14.0734,14.5246,10,2011,288
2011-10-16,14.239532173913,13.834,14.463,0.145202940734268,14.0404,14.408,10,2011,289
2011-10-17,13.133627826087,12.842,13.489,0.152210336970937,12.9584,13.3486,10,2011,290
2011-10-18,12.8812243478261,12.588,13.107,0.107770485082563,12.7164,13.0036,10,2011,291
2011-10-19,12.7864556521739,12.575,12.933,0.0765791091854822,12.6718,12.876,10,2011,292
2011-10-20,12.63772,12.447,12.928,0.122285422677044,12.4894,12.8226,10,2011,293
2011-10-21,12.3636817391304,12.208,12.746,0.1099911047897,12.251,12.5012,10,2011,294
2011-10-22,12.3803565217391,12.277,12.62,0.0825134126257168,12.292,12.5038,10,2011,295
2011-10-23,11.967147826087,11.844,12.248,0.0884326791212101,11.867,12.0956,10,2011,296
2011-10-24,11.6714,11.451,11.877,0.0985615709861675,11.529,11.796,10,2011,297
2011-10-25,11.9210086956522,11.71,12.337,0.145009160809511,11.7464,12.144,10,2011,298
2011-10-26,11.8738643478261,11.558,12.374,0.182015943988653,11.628,12.1332,10,2011,299
2011-10-27,11.8574017391304,11.619,12.201,0.145703114441475,11.6672,12.0736,10,2011,300
2011-10-28,11.5770817391304,11.486,11.73,0.0455037839346457,11.515,11.634,10,2011,301
2011-10-29,10.8372295652174,10.79,10.914,0.0295000648848066,10.802,10.882,10,2011,302
2011-10-30,10.5614591304348,10.517,10.66,0.0267455681816832,10.5334,10.5986,10,2011,303
2011-10-31,10.3463495652174,10.27,10.602,0.0743020806846044,10.277,10.4602,10,2011,304
2011-11-01,10.3412765217391,10.258,10.665,0.0907365431710195,10.266,10.484,11,2011,305
2011-11-02,10.376467826087,10.214,10.799,0.124535129692373,10.251,10.5702,11,2011,306
2011-11-03,10.4595547826087,10.299,10.913,0.159708608921598,10.322,10.7244,11,2011,307
2011-11-04,10.0711130434783,9.94499999999999,10.395,0.0988862688524048,9.97540000000001,10.219,11,2011,308
2011-11-05,10.0537982608696,9.89100000000002,10.487,0.142169554500728,9.923,10.2996,11,2011,309
2011-11-06,10.3396086956522,9.99900000000002,10.89,0.231029113195213,10.0538,10.6792,11,2011,310
2011-11-07,10.3738713043478,10.093,10.825,0.206991004856495,10.12,10.6776,11,2011,311
2011-11-08,10.3607217391304,10.198,10.632,0.121496171332837,10.219,10.549,11,2011,312
2011-11-09,10.4158817391304,10.232,10.673,0.129131607489103,10.256,10.5958,11,2011,313
2011-11-10,10.4574608695652,10.212,10.863,0.186677024883759,10.232,10.717,11,2011,314
2011-11-11,10.3922469565217,10.155,10.75,0.155208048146229,10.1934,10.6216,11,2011,315
2011-11-12,10.3554869565217,10.131,10.775,0.17707353760954,10.165,10.6588,11,2011,316
2011-11-13,10.438532173913,10.242,10.833,0.164095351066938,10.2818,10.7036,11,2011,317
2011-11-14,10.5129426086957,10.308,10.794,0.125900443953181,10.361,10.7026,11,2011,318
2011-11-15,10.058692173913,9.964,10.382,0.0983537357848025,9.97040000000002,10.215,11,2011,319
2011-11-16,10.1124852173913,9.97899999999998,10.438,0.115806516100511,9.99440000000002,10.2912,11,2011,320
2011-11-17,9.94311130434783,9.80799999999999,10.328,0.122490708433239,9.81999999999999,10.1246,11,2011,321
2011-11-18,10.0654573913043,9.839,10.374,0.122933388283474,9.91000000000003,10.2426,11,2011,322
2011-11-19,10.0397808695652,9.80099999999999,10.288,0.119667326248096,9.8774,10.2076,11,2011,323
2011-11-20,9.98365043478261,9.72300000000001,10.286,0.145039792313489,9.79880000000001,10.204,11,2011,324
2011-11-21,9.71909565217391,9.56999999999999,10.049,0.107940038031917,9.61900000000003,9.8916,11,2011,325
2011-11-22,9.68846086956522,9.39699999999999,10.044,0.15345319497496,9.4698,9.92819999999998,11,2011,326
2011-11-23,9.61006086956522,9.50599999999997,9.90899999999999,0.0924701936115613,9.52300000000002,9.74900000000002,11,2011,327
2011-11-24,9.26198260869565,9.09800000000001,9.57100000000003,0.0989247049931978,9.14939999999999,9.40980000000001,11,2011,328
2011-11-25,9.29834956521739,9.04599999999999,9.71300000000002,0.129638271448005,9.12139999999999,9.45699999999999,11,2011,329
2011-11-26,9.55729913043478,9.29399999999998,10.121,0.213984631598203,9.36479999999998,9.91220000000001,11,2011,330
2011-11-27,9.66346608695652,9.47300000000001,10.01,0.137505154092161,9.50700000000001,9.87099999999998,11,2011,331
2011-11-28,9.34174086956522,9.238,9.56299999999999,0.0820284898834101,9.24900000000002,9.4702,11,2011,332
2011-11-29,9.27624173913043,9.02300000000002,9.80799999999999,0.20820863379939,9.04740000000002,9.60300000000001,11,2011,333
2011-11-30,9.50175652173913,8.95400000000001,10.125,0.312927082135,9.0538,9.91899999999998,11,2011,334
2011-12-01,9.33358956521739,8.86399999999998,10.061,0.346794924633498,8.94600000000003,9.8644,12,2011,335
2011-12-02,9.02403130434782,8.78100000000001,9.48599999999999,0.155963630602123,8.8494,9.25439999999999,12,2011,336
2011-12-03,8.98166956521739,8.84500000000003,9.28399999999999,0.079612423712587,8.8954,9.09199999999998,12,2011,337
2011-12-04,8.89979130434783,8.67099999999999,9.15600000000001,0.115869361711745,8.74700000000001,9.0602,12,2011,338
2011-12-05,8.62651826086956,8.46199999999999,8.97000000000003,0.118501632313997,8.49340000000001,8.80559999999999,12,2011,339
2011-12-06,8.60562260869565,8.452,8.928,0.108344970298587,8.48399999999998,8.77499999999998,12,2011,340
2011-12-07,8.37225217391304,8.13999999999999,8.77999999999997,0.14543564518324,8.19480000000002,8.59100000000001,12,2011,341
2011-12-08,8.26293565217391,8.05799999999999,8.63099999999997,0.132190725235193,8.10239999999999,8.4616,12,2011,342
2011-12-09,8.50778956521739,8.33499999999998,8.63099999999997,0.0761181405415096,8.39640000000001,8.60500000000002,12,2011,343
2011-12-10,8.53683304347826,8.12200000000001,9.05799999999999,0.226275201580901,8.23319999999999,8.87439999999999,12,2011,344
2011-12-11,8.48102782608696,8.01800000000003,9.10399999999998,0.258199115406086,8.15159999999998,8.86900000000003,12,2011,345
2011-12-12,8.32806434782609,8,8.97899999999998,0.222069599454697,8.09840000000001,8.69980000000001,12,2011,346
2011-12-13,8.03857217391304,7.87900000000002,8.44200000000001,0.126572249786428,7.89499999999998,8.23920000000001,12,2011,347
2011-12-14,8.29265217391304,8.238,8.44799999999998,0.049924584846497,8.24299999999999,8.37460000000001,12,2011,348
2011-12-15,8.55884,8.36700000000002,9.00099999999998,0.152642560771512,8.38839999999999,8.78560000000001,12,2011,349
2011-12-16,8.54977043478261,8.32600000000002,9.02300000000002,0.173928174617482,8.35199999999998,8.81080000000002,12,2011,350
2011-12-17,8.37980869565217,8.06999999999999,8.98099999999999,0.218141073158675,8.13799999999998,8.709,12,2011,351
2011-12-18,8.33773739130435,8.08800000000002,8.65499999999997,0.13570263238306,8.14939999999999,8.51720000000002,12,2011,352
2011-12-19,7.62873217391304,7.49700000000001,7.76400000000001,0.0644371334875725,7.541,7.71800000000002,12,2011,353
2011-12-20,7.60493043478261,7.40199999999999,7.99000000000001,0.16206433540661,7.42399999999998,7.85939999999998,12,2011,354
2011-12-21,7.59639130434783,7.36700000000002,7.97199999999998,0.167630156183881,7.39800000000002,7.85859999999999,12,2011,355
2011-12-22,7.34331130434783,7.19099999999997,7.69600000000003,0.127755668894601,7.20999999999998,7.54159999999998,12,2011,356
2011-12-23,7.24961043478261,7.065,7.73599999999999,0.131334033907264,7.11000000000001,7.41920000000001,12,2011,357
2011-12-24,7.22610782608696,7.00799999999998,7.81299999999999,0.174479641069395,7.03399999999999,7.471,12,2011,358
2011-12-25,7.18469217391304,7.02100000000002,7.58499999999998,0.130770062549512,7.03039999999999,7.37700000000001,12,2011,359
2011-12-26,7.25186956521739,7.11399999999998,7.625,0.0982171846537502,7.14499999999998,7.39459999999999,12,2011,360
2011-12-27,7.34590086956522,7.21899999999999,7.76600000000002,0.102707064153918,7.23839999999999,7.48779999999998,12,2011,361
2011-12-28,7.40851304347826,7.19900000000001,7.87599999999998,0.157912270290553,7.2354,7.65800000000002,12,2011,362
2011-12-29,7.40999130434783,7.21699999999998,7.93000000000001,0.164506414924864,7.2474,7.66920000000001,12,2011,363
2011-12-30,7.34383478260869,7.173,7.85199999999998,0.158522266235984,7.19099999999997,7.589,12,2011,364
2011-12-31,7.52254782608696,7.41199999999998,7.72800000000001,0.0823711583389604,7.4374,7.65220000000002,12,2011,365
2012-01-01,7.44976695652174,7.27800000000002,7.69099999999997,0.105705781046472,7.32239999999999,7.60819999999998,1,2012,1
2012-01-02,7.22659304347826,7.04199999999997,7.70999999999998,0.15077643863116,7.077,7.4652,1,2012,2
2012-01-03,7.15384695652174,6.947,7.69999999999999,0.188099529459489,6.95799999999997,7.45360000000001,1,2012,3
2012-01-04,7.19278260869565,7.02100000000002,7.58800000000002,0.134945154855472,7.048,7.40800000000002,1,2012,4
2012-01-05,6.9714347826087,6.85300000000001,7.17599999999999,0.0577032735432707,6.90800000000002,7.05000000000001,1,2012,5
2012-01-06,6.92853043478261,6.78899999999999,7.173,0.0712050728504393,6.85399999999998,7.03420000000002,1,2012,6
2012-01-07,6.73129043478261,6.637,6.99599999999998,0.0755678445132252,6.64600000000002,6.82299999999998,1,2012,7
2012-01-08,6.42756869565217,6.24799999999999,6.91399999999999,0.14863013887531,6.27539999999999,6.6516,1,2012,8
2012-01-09,6.21665565217391,6.00200000000001,6.74000000000001,0.15756272916581,6.04939999999999,6.4366,1,2012,9
2012-01-10,6.20200869565217,6.017,6.58299999999997,0.148454670262879,6.04399999999998,6.42660000000001,1,2012,10
2012-01-11,6.57604869565217,6.315,6.80000000000001,0.112113592195219,6.41699999999997,6.71899999999999,1,2012,11
2012-01-12,6.81565391304348,6.51900000000001,6.99200000000002,0.103357032573486,6.66300000000001,6.94019999999999,1,2012,12
2012-01-13,6.33019304347826,6.15699999999998,6.52699999999999,0.0835117047459296,6.21800000000002,6.44520000000002,1,2012,13
2012-01-14,6.08996,5.93200000000002,6.79199999999997,0.161268231986599,5.96539999999999,6.29540000000002,1,2012,14
2012-01-15,6.02543304347826,5.83600000000001,6.85300000000001,0.185634617195578,5.87400000000002,6.26039999999999,1,2012,15
2012-01-16,5.97009391304348,5.81200000000001,6.59399999999999,0.134263333538682,5.84300000000002,6.11719999999999,1,2012,16
2012-01-17,6.11330956521739,6.01900000000001,6.32999999999998,0.0781127891908639,6.024,6.22859999999999,1,2012,17
2012-01-18,6.12241217391304,5.92700000000002,6.59100000000001,0.162541709012214,5.95999999999998,6.3776,1,2012,18
2012-01-19,6.10710260869565,5.92099999999999,6.70400000000001,0.175861101679067,5.94600000000003,6.37439999999999,1,2012,19
2012-01-20,6.2268,6.09500000000003,6.62599999999998,0.130024387956314,6.10399999999998,6.43380000000001,1,2012,20
2012-01-21,6.26369739130435,6.17399999999998,6.41199999999998,0.0524029773153238,6.19999999999999,6.339,1,2012,21
2012-01-22,5.96700347826087,5.75999999999999,6.315,0.117124341988071,5.81679999999998,6.1312,1,2012,22
2012-01-23,6.13304869565217,5.95100000000002,6.38400000000001,0.0945897121915318,6.02140000000001,6.26600000000002,1,2012,23
2012-01-24,6.27714956521739,5.99900000000002,6.529,0.126526533399092,6.1104,6.45160000000001,1,2012,24
2012-01-25,6.47537565217391,6.35000000000002,6.58499999999998,0.0577069199035694,6.392,6.548,1,2012,25
2012-01-26,6.07150782608696,5.92399999999998,6.28199999999998,0.0833402383121195,5.9624,6.18900000000002,1,2012,26
2012-01-27,5.62160173913044,5.46300000000002,5.88900000000001,0.0950544113229501,5.49400000000003,5.75,1,2012,27
2012-01-28,5.51817565217391,5.24700000000001,6.04899999999998,0.175595359894855,5.29899999999998,5.77100000000003,1,2012,28
2012-01-29,5.55250608695652,5.24900000000002,6.27300000000002,0.214314984122273,5.3054,5.8656,1,2012,29
2012-01-30,5.50566956521739,5.303,6.06200000000001,0.164312744725048,5.34800000000001,5.75059999999999,1,2012,30
2012-01-31,5.25597739130435,5.11799999999999,5.50999999999999,0.0741169702020279,5.15300000000002,5.34699999999998,1,2012,31
2012-02-01,5.34159130434782,5.202,5.548,0.0776761901523772,5.23979999999998,5.44759999999999,2,2012,32
2012-02-02,5.73741565217391,5.47000000000003,5.97500000000002,0.123154598595747,5.56379999999999,5.89699999999999,2,2012,33
2012-02-03,5.81244695652174,5.50299999999999,6.072,0.141197727105205,5.61439999999999,5.9952,2,2012,34
2012-02-04,5.69272869565217,5.44499999999999,5.91699999999997,0.114784297604329,5.52699999999999,5.839,2,2012,35
2012-02-05,5.28448,5.04500000000002,5.70699999999999,0.129429702712518,5.12099999999998,5.45900000000001,2,2012,36
2012-02-06,5.08516869565217,4.91300000000001,5.53399999999999,0.111606581273182,4.96340000000001,5.2452,2,2012,37
2012-02-07,5.08058434782609,4.923,5.60899999999998,0.132106450973179,4.95600000000002,5.3044,2,2012,38
2012-02-08,5.02095826086956,4.76499999999999,5.57299999999998,0.187747806040253,4.82140000000002,5.31460000000001,2,2012,39
2012-02-09,4.96923304347826,4.63099999999997,5.48399999999998,0.215700418021843,4.709,5.29359999999999,2,2012,40
2012-02-10,4.95154260869565,4.61399999999998,5.53500000000003,0.223856454076068,4.6934,5.3068,2,2012,41
2012-02-11,4.94175652173913,4.55000000000001,5.49400000000003,0.242086868940296,4.66000000000003,5.3128,2,2012,42
2012-02-12,4.78093043478261,4.41899999999998,5.41500000000002,0.257759440079619,4.48620000000001,5.15199999999999,2,2012,43
2012-02-13,4.70131826086956,4.28500000000003,5.48899999999998,0.298138389978298,4.3664,5.1336,2,2012,44
2012-02-14,4.75980347826087,4.21100000000001,5.80799999999999,0.396363893255154,4.29300000000001,5.35640000000002,2,2012,45
2012-02-15,4.95396,4.38099999999997,5.69999999999999,0.336984346248791,4.53180000000001,5.45679999999999,2,2012,46
2012-02-16,4.84719826086957,4.43799999999999,5.39300000000003,0.245923755918768,4.53800000000001,5.21459999999998,2,2012,47
2012-02-17,5.09036,4.73500000000001,5.548,0.197350951476754,4.83920000000002,5.37660000000001,2,2012,48
2012-02-18,5.03991130434783,4.714,5.52300000000002,0.194245966763011,4.79479999999999,5.31959999999999,2,2012,49
2012-02-19,4.83006086956522,4.56999999999999,5.47500000000002,0.237557779032878,4.60000000000002,5.23000000000002,2,2012,50
2012-02-20,4.79911304347826,4.548,5.40300000000002,0.247133953619616,4.56599999999997,5.22819999999999,2,2012,51
2012-02-21,4.84942434782609,4.59800000000001,5.30399999999997,0.19055761042391,4.64100000000002,5.15459999999998,2,2012,52
2012-02-22,4.85851304347826,4.54599999999999,5.40800000000002,0.249787420603183,4.57600000000002,5.25439999999999,2,2012,53
2012-02-23,4.90629043478261,4.60599999999999,5.51499999999999,0.235463027041336,4.67040000000001,5.298,2,2012,54
2012-02-24,4.95703826086956,4.69499999999999,5.53500000000003,0.21590124354809,4.74599999999998,5.3154,2,2012,55
2012-02-25,4.92454782608696,4.69400000000002,5.30000000000001,0.152938000890381,4.74700000000001,5.15920000000002,2,2012,56
2012-02-26,4.81922608695652,4.577,5.42000000000002,0.198571512709524,4.5984,5.0986,2,2012,57
2012-02-27,4.77326956521739,4.50999999999999,5.56099999999998,0.22817929261293,4.52999999999997,5.0896,2,2012,58
2012-02-28,4.65116869565217,4.44900000000001,5.11599999999999,0.169993987578256,4.464,4.91180000000002,2,2012,59
2012-02-29,4.49002260869565,4.34500000000003,5.07100000000003,0.154564177136263,4.35599999999999,4.73660000000001,2,2012,60
2012-03-01,4.31018782608695,3.928,4.86500000000001,0.225913429330543,4.005,4.64039999999999,3,2012,61
2012-03-02,4.93518782608696,4.55700000000002,5.25799999999998,0.160073032737329,4.721,5.14959999999999,3,2012,62
2012-03-03,4.77733913043478,4.39300000000003,5.41199999999998,0.200530441481873,4.53500000000003,5.0414,3,2012,63
2012-03-04,4.6434052173913,4.33100000000002,5.47899999999998,0.251747448887792,4.39340000000002,5.03079999999999,3,2012,64
2012-03-05,4.44970434782609,3.99599999999998,5.399,0.380458566469306,4.06139999999999,5.06000000000001,3,2012,65
2012-03-06,4.33858608695652,3.81900000000002,5.322,0.414917408113012,3.89840000000001,5.0302,3,2012,66
2012-03-07,4.22798608695652,3.81200000000001,4.93299999999999,0.303740685432944,3.90100000000001,4.73540000000002,3,2012,67
2012-03-08,4.30083304347826,3.971,4.63099999999997,0.146011192188151,4.1114,4.50820000000001,3,2012,68
2012-03-09,4.39052347826087,3.97699999999998,4.72300000000001,0.134172956617689,4.20819999999999,4.56400000000002,3,2012,69
2012-03-10,4.68056173913044,4.45600000000002,4.98500000000001,0.108321157204007,4.5538,4.8486,3,2012,70
2012-03-11,5.23444869565217,4.928,5.80000000000001,0.230637535726356,4.971,5.58760000000001,3,2012,71
2012-03-12,5.23540695652174,4.875,5.88900000000001,0.269854279854337,4.92580000000001,5.634,3,2012,72
2012-03-13,5.24692521739131,4.92599999999999,5.79700000000003,0.21384271542742,5.0094,5.57100000000003,3,2012,73
2012-03-14,5.35284347826087,4.95400000000001,5.66000000000003,0.141108354794315,5.15600000000001,5.5266,3,2012,74
2012-03-15,5.16186956521739,4.80099999999999,5.334,0.102836082969998,5.0202,5.28500000000003,3,2012,75
2012-03-16,5.37555130434783,5.09300000000002,5.52300000000002,0.0938263300092218,5.25280000000001,5.49299999999999,3,2012,76
2012-03-17,5.75006260869565,5.262,6.18900000000002,0.222678099828,5.45180000000001,6.0206,3,2012,77
2012-03-18,5.99775130434783,5.75400000000002,6.35399999999998,0.112830910433892,5.8544,6.13660000000001,3,2012,78
2012-03-19,6.27414956521739,5.89499999999998,6.524,0.134373725663782,6.09440000000001,6.44099999999997,3,2012,79
2012-03-20,6.6107652173913,6.03300000000002,7.22800000000001,0.223468833051846,6.30180000000003,6.8996,3,2012,80
2012-03-21,7.18952173913044,6.44400000000002,7.76999999999998,0.382866070137424,6.67559999999999,7.68200000000002,3,2012,81
2012-03-22,7.42344869565217,6.92399999999998,7.79700000000003,0.159753546232972,7.20939999999999,7.62400000000002,3,2012,82
2012-03-23,7.62519304347826,7.22300000000001,7.86000000000001,0.116051964602533,7.45600000000002,7.74960000000001,3,2012,83
2012-03-24,7.25126260869565,6.92000000000002,7.54700000000003,0.112736436378216,7.09979999999999,7.40100000000001,3,2012,84
2012-03-25,6.23094608695652,6.09399999999999,6.43900000000002,0.105809368790575,6.1224,6.40119999999998,3,2012,85
2012-03-26,5.58123826086956,5.09300000000002,6.02600000000001,0.301545826768618,5.16300000000001,5.97000000000003,3,2012,86
2012-03-27,5.49823130434782,4.99799999999999,6.03399999999999,0.315894334196129,5.0932,5.97560000000001,3,2012,87
2012-03-28,5.31784869565217,4.88499999999999,5.863,0.295345477254531,4.97300000000001,5.78260000000001,3,2012,88
2012-03-29,5.02288173913043,4.71499999999997,5.358,0.163307590960318,4.82299999999998,5.2756,3,2012,89
2012-03-30,5.07157043478261,4.79899999999998,5.36399999999998,0.147183540502185,4.87900000000002,5.28659999999999,3,2012,90
2012-03-31,5.39420695652174,4.92700000000002,5.77300000000002,0.239433442673924,5.07739999999999,5.745,3,2012,91
2012-04-01,5.44403130434783,4.93599999999998,5.86500000000001,0.279948686924967,5.06320000000001,5.83600000000001,4,2012,92
2012-04-02,5.40122086956522,4.93799999999999,5.78699999999998,0.2466929807299,5.04780000000001,5.73859999999999,4,2012,93
2012-04-03,5.41294608695652,5.209,5.51600000000002,0.0591473287307685,5.32799999999997,5.47899999999998,4,2012,94
2012-04-04,5.48542086956522,5.28699999999998,5.61700000000002,0.0594788655927814,5.4014,5.55219999999999,4,2012,95
2012-04-05,5.52745217391304,5.22500000000002,5.76400000000001,0.113827888559468,5.38640000000001,5.70299999999997,4,2012,96
2012-04-06,5.63586956521739,5.26800000000003,5.87299999999999,0.130504777285775,5.4626,5.80459999999999,4,2012,97
2012-04-07,5.83469739130435,5.47500000000002,6.15899999999999,0.16251797727462,5.60500000000001,6.0806,4,2012,98
2012-04-08,5.96962608695652,5.62200000000001,6.22000000000003,0.139232344158059,5.80200000000001,6.16859999999999,4,2012,99
2012-04-09,5.78562956521739,5.517,5.90300000000002,0.0909396179173495,5.649,5.89160000000001,4,2012,100
2012-04-10,5.87283652173913,5.41899999999998,6.25299999999999,0.236891206277428,5.55679999999999,6.1808,4,2012,101
2012-04-11,5.88740347826087,5.411,6.25299999999999,0.243226520053975,5.55599999999998,6.17599999999999,4,2012,102
2012-04-12,5.90427304347826,5.57499999999999,6.19999999999999,0.207259739296865,5.59699999999998,6.14699999999999,4,2012,103
2012-04-13,6.29200347826087,5.97899999999998,6.44,0.103832433294749,6.1224,6.39999999999998,4,2012,104
2012-04-14,6.80065043478261,5.995,7.505,0.428667855343172,6.19300000000002,7.32480000000001,4,2012,105
2012-04-15,6.99384869565217,6.31700000000001,7.52600000000001,0.370163058138795,6.46600000000001,7.43120000000001,4,2012,106
2012-04-16,6.89943304347826,6.46899999999999,7.327,0.229730220405479,6.57220000000001,7.1946,4,2012,107
2012-04-17,6.69813391304348,6.56299999999999,6.86200000000002,0.0645571174145608,6.60599999999999,6.779,4,2012,108
2012-04-18,8.20705043478261,7.98899999999998,8.45400000000001,0.114414549291302,8.06099999999998,8.37360000000001,4,2012,109
2012-04-19,8.08825391304348,7.75599999999997,8.62099999999998,0.212805029809008,7.827,8.39600000000002,4,2012,110
2012-04-20,8.02616695652174,7.58499999999998,8.642,0.276623991555569,7.68440000000002,8.41699999999997,4,2012,111
2012-04-21,8.19543826086957,7.95499999999998,8.50700000000001,0.128052577658765,8.01140000000002,8.37120000000001,4,2012,112
2012-04-22,8.26013565217391,8.03800000000001,8.44200000000001,0.0993858091365085,8.11700000000002,8.38799999999998,4,2012,113
2012-04-23,7.70033913043478,7.44499999999999,7.85500000000002,0.0927641427703167,7.57280000000001,7.81599999999997,4,2012,114
2012-04-24,7.74330434782609,7.50400000000002,7.91199999999998,0.090473124767001,7.61479999999998,7.8596,4,2012,115
2012-04-25,8.04356,7.83299999999997,8.37700000000001,0.115148924023775,7.8974,8.18360000000001,4,2012,116
2012-04-26,8.01805043478261,7.77699999999999,8.32600000000002,0.134505880714096,7.83600000000001,8.19299999999998,4,2012,117
2012-04-27,7.77379826086956,7.40699999999998,7.92899999999997,0.0955218073343084,7.63600000000002,7.87860000000001,4,2012,118
2012-04-28,7.43385391304348,7.089,7.71699999999998,0.139601896200642,7.28079999999998,7.65199999999999,4,2012,119
2012-04-29,7.65576347826087,7.23599999999999,8.06099999999998,0.208130754236275,7.41479999999999,7.98399999999998,4,2012,120
2012-04-30,7.72109043478261,7.29899999999998,8.20699999999999,0.229291938805162,7.45739999999998,8.09659999999999,4,2012,121
2012-05-01,7.82179130434783,7.36900000000003,8.24000000000001,0.221996017152495,7.55599999999998,8.16199999999998,5,2012,122
2012-05-02,7.63314434782609,7.31700000000001,7.887,0.139676786056042,7.4494,7.82900000000001,5,2012,123
2012-05-03,7.5891947826087,7.43000000000001,7.71300000000002,0.0631691521597215,7.50440000000001,7.67200000000003,5,2012,124
2012-05-04,8.63500347826087,8.28199999999998,8.83600000000001,0.108337789542398,8.47739999999999,8.762,5,2012,125
2012-05-05,8.55857391304348,8.37,8.79300000000001,0.104413081808651,8.45400000000001,8.73719999999999,5,2012,126
2012-05-06,8.65386086956522,8.40600000000001,9.05799999999999,0.178494843568175,8.47639999999999,8.96319999999999,5,2012,127
2012-05-07,8.81620521739131,8.55399999999997,9.19200000000001,0.169739068987299,8.63200000000001,9.07499999999999,5,2012,128
2012-05-08,8.84714956521739,8.572,9.05700000000002,0.092320162664934,8.74400000000003,8.98500000000001,5,2012,129
2012-05-09,8.79174260869565,8.49400000000003,9.05500000000001,0.13627838326674,8.60199999999998,8.97899999999998,5,2012,130
2012-05-10,8.97518608695652,8.66699999999997,9.26600000000002,0.144266757664633,8.77140000000001,9.16460000000001,5,2012,131
2012-05-11,9.21187826086956,9.00200000000001,9.38099999999997,0.0747505663836105,9.11000000000001,9.31360000000001,5,2012,132
2012-05-12,9.5867547826087,9.37599999999998,9.78199999999998,0.0907751215394468,9.46100000000001,9.70119999999999,5,2012,133
2012-05-13,9.8168852173913,9.34899999999999,9.95400000000001,0.112971230838305,9.67479999999998,9.911,5,2012,134
2012-05-14,9.90707130434783,9.36599999999999,10.28,0.211396295761153,9.60899999999999,10.1766,5,2012,135
2012-05-15,10.2959269565217,9.71100000000001,10.862,0.300074778520514,9.8816,10.7132,5,2012,136
2012-05-16,11.3755913043478,10.887,11.713,0.206052101579597,11.0684,11.6332,5,2012,137
2012-05-17,11.7804643478261,11.424,11.917,0.095137558753591,11.6324,11.8676,5,2012,138
2012-05-18,11.8837269565217,11.44,12.285,0.177693047262967,11.6904,12.179,5,2012,139
2012-05-19,11.9627773913043,11.612,12.358,0.172056780525762,11.7592,12.2286,5,2012,140
2012-05-20,12.223772173913,11.656,12.571,0.164984716612325,11.9764,12.385,5,2012,141
2012-05-21,12.96624,12.28,13.468,0.282247126747984,12.5552,13.3392,5,2012,142
2012-05-22,13.2197217391304,12.911,13.386,0.078867390556157,13.1144,13.3126,5,2012,143
2012-05-23,13.3721686956522,12.955,13.717,0.177851475817284,13.1314,13.6092,5,2012,144
2012-05-24,13.4814713043478,13.08,13.948,0.22268105531931,13.1964,13.8076,5,2012,145
2012-05-25,13.6586939130435,13.164,14.165,0.258296341871518,13.311,14.0226,5,2012,146
2012-05-26,13.79404,13.351,14.204,0.211277152059985,13.506,14.0888,5,2012,147
2012-05-27,13.8937373913043,13.44,14.389,0.242844128275281,13.5698,14.238,5,2012,148
2012-05-28,14.0134295652174,13.52,14.497,0.245034481315962,13.6824,14.3604,5,2012,149
2012-05-29,14.1641217391304,13.641,14.617,0.235866507889544,13.848,14.4912,5,2012,150
2012-05-30,14.0748939130435,13.53,14.556,0.250160250133503,13.7398,14.4232,5,2012,151
2012-05-31,13.8977008695652,13.415,14.342,0.22538201619082,13.6002,14.2146,5,2012,152
2012-06-01,13.7694904347826,13.226,14.248,0.238993635189226,13.4594,14.1066,6,2012,153
2012-06-02,13.4086939130435,12.761,13.973,0.284481048794403,13.0352,13.8068,6,2012,154
2012-06-03,12.5978208695652,11.965,13.158,0.283636946348211,12.221,12.9932,6,2012,155
2012-06-04,11.7819826086957,11.385,11.999,0.136788105329861,11.5832,11.948,6,2012,156
2012-06-05,12.0051965217391,11.698,12.19,0.0990023122336128,11.868,12.1352,6,2012,157
2012-06-06,12.0023426086957,11.666,12.237,0.123589093159093,11.819,12.15,6,2012,158
2012-06-07,12.2168069565217,11.956,12.428,0.128546074740979,12.04,12.3906,6,2012,159
2012-06-08,12.4948139130435,11.849,13.005,0.268299689062506,12.1494,12.9078,6,2012,160
2012-06-09,12.7012139130435,11.894,13.339,0.314951411242626,12.377,13.156,6,2012,161
2012-06-10,12.8067930434783,12.012,13.281,0.275866295860769,12.3736,13.1028,6,2012,162
2012-06-11,13.3521686956522,13,13.822,0.180702629016052,13.124,13.582,6,2012,163
2012-06-12,13.4495843478261,13.102,13.764,0.145017634750843,13.2544,13.6462,6,2012,164
2012-06-13,14.8048086956522,14.098,15.049,0.232715102087477,14.4214,15.027,6,2012,165
2012-06-14,14.9997060869565,14.071,15.272,0.264016442210158,14.5872,15.223,6,2012,166
2012-06-15,14.9919286956522,14.061,15.266,0.282208364704031,14.5212,15.227,6,2012,167
2012-06-16,14.9190104347826,13.873,15.434,0.362225977019196,14.4074,15.388,6,2012,168
2012-06-17,14.5867426086957,13.657,15.161,0.346153703715518,14.1122,15.0768,6,2012,169
2012-06-18,14.6406086956522,13.908,15.189,0.26822063359597,14.2854,15.0116,6,2012,170
2012-06-19,14.6398052173913,14.163,15.128,0.230163130242995,14.3308,14.9806,6,2012,171
2012-06-20,17.4548347826087,16.738,18.214,0.328478175348148,17.0234,17.9062,6,2012,172
2012-06-21,18.3853582608696,17.568,19.04,0.345079509593399,17.9114,18.8356,6,2012,173
2012-06-22,18.4552017391304,17.625,19.078,0.343688373248759,17.9812,18.9042,6,2012,174
2012-06-23,18.4526173913043,17.642,19.086,0.344860669300106,17.9768,18.9098,6,2012,175
2012-06-24,18.2012591304348,17.37,18.925,0.378740394456376,17.6874,18.7194,6,2012,176
2012-06-25,17.2917443478261,16.54,17.989,0.359365709652085,16.8068,17.7962,6,2012,177
2012-06-26,16.5446086956522,15.876,17.31,0.369990693348727,16.0538,17.0688,6,2012,178
2012-06-27,16.6772486956522,15.987,17.19,0.30706701034809,16.226,17.0602,6,2012,179
2012-06-28,16.6781773913043,16.083,17.193,0.28407549760254,16.2634,17.0268,6,2012,180
2012-06-29,16.5960452173913,15.943,17.27,0.302309388860057,16.215,17.095,6,2012,181
2012-06-30,16.5108817391304,16.049,16.926,0.212014076344942,16.201,16.794,6,2012,182
2012-07-01,16.8698486956522,16.333,17.22,0.196073360713272,16.6034,17.1168,7,2012,183
2012-07-02,17.2248313043478,16.775,17.769,0.203855283764437,16.967,17.5096,7,2012,184
2012-07-03,17.3561669565217,16.921,18.024,0.224258382789081,17.1074,17.6816,7,2012,185
2012-07-04,17.5449373913043,17.147,18.028,0.1814508780922,17.3098,17.7868,7,2012,186
2012-07-05,17.7968939130435,17.472,18.076,0.143570367410634,17.598,17.9836,7,2012,187
2012-07-06,18.2187217391304,18.003,18.5,0.137046518452555,18.076,18.4428,7,2012,188
2012-07-07,18.3665634782609,17.871,18.814,0.207720125602253,18.1302,18.681,7,2012,189
2012-07-08,18.3055026086957,17.691,18.794,0.278717020036436,17.8626,18.6674,7,2012,190
2012-07-09,18.1986104347826,17.572,18.767,0.277096571605379,17.7254,18.5094,7,2012,191
2012-07-10,18.1658104347826,17.612,18.526,0.209380171785484,17.8686,18.4296,7,2012,192
2012-07-11,17.8959252173913,17.463,18.306,0.229006031995887,17.5504,18.1846,7,2012,193
2012-07-12,18.08972,17.613,18.449,0.173566833967951,17.8544,18.312,7,2012,194
2012-07-13,18.3075304347826,17.895,18.633,0.124278862122116,18.128,18.436,7,2012,195
2012-07-14,18.8035113043478,18.342,19.638,0.313131919068602,18.453,19.2898,7,2012,196
2012-07-15,19.2217373913043,18.574,20.203,0.485684615670608,18.6714,20.0414,7,2012,197
2012-07-16,19.8868608695652,19.492,20.418,0.204219295559174,19.6684,20.2186,7,2012,198
2012-07-17,19.6137652173913,19.229,20.074,0.221405477682113,19.319,19.9082,7,2012,199
2012-07-18,19.2456660869565,18.774,19.828,0.259949666424834,18.9044,19.6032,7,2012,200
2012-07-19,18.7580556521739,18.291,19.467,0.318496889583623,18.3554,19.2176,7,2012,201
2012-07-20,18.8990573913043,18.458,19.259,0.208038043902919,18.624,19.1796,7,2012,202
2012-07-21,18.9112713043478,18.543,19.24,0.132705377458805,18.783,19.1192,7,2012,203
2012-07-22,18.782427826087,18.158,19.194,0.15961985958142,18.6346,19.0248,7,2012,204
2012-07-23,18.6578330434783,18.04,19.069,0.197740829096048,18.4004,18.9206,7,2012,205
2012-07-24,18.1829965217391,17.686,18.411,0.169765004586651,17.9298,18.3606,7,2012,206
2012-07-25,17.3285217391304,16.876,17.874,0.229711527465709,17.0264,17.648,7,2012,207
2012-07-26,17.0883234782609,16.67,17.548,0.197468022520596,16.8124,17.3436,7,2012,208
2012-07-27,17.3881913043478,16.955,18.024,0.288754115033266,17.0388,17.8284,7,2012,209
2012-07-28,17.3243513043478,16.875,18.1,0.341634983185418,16.928,17.8594,7,2012,210
2012-07-29,17.7162260869565,17.074,18.221,0.265183430725839,17.365,18.0596,7,2012,211
2012-07-30,18.0420208695652,17.585,18.445,0.161262742248699,17.854,18.2668,7,2012,212
2012-07-31,18.1862504347826,17.761,18.555,0.156609847998869,17.9718,18.3846,7,2012,213
2012-08-01,18.4435895652174,17.922,18.72,0.161001683380032,18.2224,18.65,8,2012,214
2012-08-02,19.6238156521739,18.945,20.292,0.255159519890634,19.3118,19.993,8,2012,215
2012-08-03,20.0484608695652,19.383,20.927,0.325512929113651,19.7048,20.5466,8,2012,216
2012-08-04,20.3373965217391,19.595,21.173,0.288915126828847,20.0164,20.76,8,2012,217
2012-08-05,20.5445686956522,19.638,21.279,0.307064972401885,20.1178,20.88,8,2012,218
2012-08-06,20.0316695652174,19.402,20.678,0.236925109153443,19.725,20.3546,8,2012,219
2012-08-07,19.7337269565217,19.213,20.274,0.256719020102782,19.4488,20.1394,8,2012,220
2012-08-08,19.6366156521739,19.18,20.253,0.258476634988003,19.2958,19.954,8,2012,221
2012-08-09,19.7156504347826,19.166,20.387,0.285703840036291,19.3784,20.1134,8,2012,222
2012-08-10,19.7256104347826,19.257,20.225,0.21449526987057,19.4802,20.0252,8,2012,223
2012-08-11,19.7008956521739,19.154,19.799,0.11042333600455,19.5612,19.786,8,2012,224
2012-08-12,19.5744347826087,18.982,19.989,0.219067294739081,19.268,19.848,8,2012,225
2012-08-13,19.7522086956522,19.138,20.194,0.180424021267642,19.5004,19.9298,8,2012,226
2012-08-14,19.8606886956522,19.206,20.526,0.189422040800374,19.6238,20.022,8,2012,227
2012-08-15,19.5475739130435,19.14,19.904,0.125923090630056,19.4,19.6972,8,2012,228
2012-08-16,19.4930034782609,18.988,19.769,0.14584915357189,19.3,19.696,8,2012,229
2012-08-17,19.1426817391304,18.601,20.027,0.368962852719439,18.7378,19.747,8,2012,230
2012-08-18,19.0387373913043,18.712,19.634,0.259213932828229,18.775,19.4738,8,2012,231
2012-08-19,18.7934852173913,18.37,19.222,0.13882916095302,18.6414,18.9786,8,2012,232
2012-08-20,18.8811095652174,18.448,19.298,0.168664347716337,18.6602,19.1124,8,2012,233
2012-08-21,19.1700104347826,18.679,19.55,0.240088057079584,18.803,19.4566,8,2012,234
2012-08-22,19.3719443478261,18.923,20.041,0.296952847120751,19.056,19.88,8,2012,235
2012-08-23,19.3677026086957,18.965,20.022,0.26575112189997,19.1198,19.8554,8,2012,236
2012-08-24,19.5652365217391,19.354,20.074,0.20101557410603,19.3904,19.9216,8,2012,237
2012-08-25,19.8995217391304,19.64,20.386,0.169821927017463,19.7134,20.1516,8,2012,238
2012-08-26,19.6703147826087,19.083,20.432,0.367676440908597,19.199,20.2536,8,2012,239
2012-08-27,19.3655391304348,18.489,20.507,0.554954580917011,18.6754,20.1814,8,2012,240
2012-08-28,19.3661756521739,18.749,20.107,0.352534697575998,18.9292,19.9184,8,2012,241
2012-08-29,18.62252,18.403,18.965,0.105616850096896,18.4952,18.7762,8,2012,242
2012-08-30,17.6946191304348,17.165,18.637,0.372905032210647,17.253,18.2704,8,2012,243
2012-08-31,17.5860956521739,17.143,18.254,0.21737093066172,17.3424,17.8824,8,2012,244
2012-09-01,17.4401252173913,17.045,17.993,0.213080120150599,17.1392,17.7362,9,2012,245
2012-09-02,17.1244086956522,16.854,17.381,0.111146957968796,16.9664,17.2496,9,2012,246
2012-09-03,17.0068452173913,16.741,17.514,0.14618904056901,16.8238,17.218,9,2012,247
2012-09-04,17.1642191304348,16.749,17.702,0.201618971671613,16.883,17.4028,9,2012,248
2012-09-05,17.5701895652174,17.097,17.826,0.128034990435987,17.403,17.7316,9,2012,249
2012-09-06,17.9879408695652,17.208,18.423,0.221941873254625,17.7274,18.2712,9,2012,250
2012-09-07,18.137812173913,17.314,18.654,0.28331845674993,17.7558,18.4906,9,2012,251
2012-09-08,17.3535843478261,16.866,17.934,0.224103749846693,17.0782,17.6686,9,2012,252
2012-09-09,16.9305791304348,16.496,17.302,0.152612420147296,16.74,17.1326,9,2012,253
2012-09-10,16.5560226086957,16.07,17.048,0.234353327406191,16.217,16.8556,9,2012,254
2012-09-11,16.3373704347826,15.979,16.682,0.168088650999283,16.122,16.5616,9,2012,255
2012-09-12,16.1123860869565,15.949,16.423,0.0843734676071514,16.0084,16.2234,9,2012,256
2012-09-13,16.3791356521739,16.027,16.857,0.187793873855667,16.162,16.6298,9,2012,257
2012-09-14,16.6570069565217,16.359,16.987,0.14260034044272,16.4874,16.859,9,2012,258
2012-09-15,16.7620539130435,16.546,17.01,0.07880359001417,16.676,16.8716,9,2012,259
2012-09-16,16.4839860869565,16.113,16.963,0.216829875543111,16.2314,16.8024,9,2012,260
2012-09-17,16.2452695652174,15.775,16.814,0.2493615234319,15.9234,16.6052,9,2012,261
2012-09-18,16.1618852173913,15.748,16.712,0.24355841411808,15.8644,16.5316,9,2012,262
2012-09-19,15.8371408695652,15.433,16.325,0.210516155080235,15.5624,16.129,9,2012,263
2012-09-20,15.1554052173913,14.645,15.998,0.327648321559589,14.7844,15.6534,9,2012,264
2012-09-21,15.2013930434783,14.707,15.855,0.279536684783368,14.8614,15.6158,9,2012,265
2012-09-22,15.5872695652174,15.257,16.143,0.213602423095456,15.3434,15.9068,9,2012,266
2012-09-23,15.7834904347826,15.532,16.454,0.222536336528654,15.5434,16.1158,9,2012,267
2012-09-24,15.7186208695652,15.448,16.492,0.227153608672724,15.486,16.0656,9,2012,268
2012-09-25,15.9513739130435,15.675,16.525,0.169834673701974,15.7984,16.2162,9,2012,269
2012-09-26,16.2235530434783,15.637,16.651,0.221922452994645,15.9122,16.5072,9,2012,270
2012-09-27,15.6588295652174,15.056,16.193,0.2823203054573,15.2758,16.0358,9,2012,271
2012-09-28,15.5964713043478,14.955,16.159,0.296663241536525,15.1824,15.979,9,2012,272
2012-09-29,15.13844,14.527,15.75,0.272445742064981,14.76,15.4912,9,2012,273
2012-09-30,14.3760626086957,14.027,15.113,0.233305663580394,14.147,14.7332,9,2012,274
2012-10-01,14.3685791304348,13.999,15.317,0.261298100116855,14.1342,14.7764,10,2012,275
2012-10-02,14.5066139130435,14.116,15.076,0.217500908279154,14.2434,14.832,10,2012,276
2012-10-03,15.0917669565217,14.63,15.445,0.203463943385904,14.7964,15.3436,10,2012,277
2012-10-04,15.3650365217391,14.95,15.715,0.158983619743562,15.1394,15.5686,10,2012,278
2012-10-05,15.204892173913,14.829,15.629,0.166385050016398,14.98,15.434,10,2012,279
2012-10-06,15.1952243478261,14.756,15.588,0.173346835963495,14.9644,15.429,10,2012,280
2012-10-07,15.1777686956522,14.782,15.52,0.130570473291945,15.038,15.3598,10,2012,281
2012-10-08,15.1781217391304,14.812,15.454,0.116545915031627,15.0384,15.3356,10,2012,282
2012-10-09,15.2489565217391,14.816,15.559,0.17120154347909,15.0062,15.4666,10,2012,283
2012-10-10,13.779427826087,13.602,14.035,0.0969247953265762,13.656,13.926,10,2012,284
2012-10-11,13.7161408695652,13.444,14.176,0.17174129513803,13.529,13.9862,10,2012,285
2012-10-12,13.3375965217391,13.003,13.577,0.139536629843277,13.1178,13.507,10,2012,286
2012-10-13,12.6945408695652,12.256,13.072,0.184194152176737,12.4544,12.9638,10,2012,287
2012-10-14,12.7219547826087,12.565,12.975,0.0870814311559816,12.613,12.838,10,2012,288
2012-10-15,12.6158191304348,12.522,12.866,0.074030283726664,12.536,12.723,10,2012,289
2012-10-16,12.4259669565217,12.209,12.667,0.0846003349654205,12.324,12.5302,10,2012,290
2012-10-17,12.4974173913043,12.273,12.682,0.0702011275072374,12.412,12.5826,10,2012,291
2012-10-18,12.357572173913,12.236,12.563,0.0580333430949072,12.303,12.4362,10,2012,292
2012-10-19,12.6277826086957,12.379,12.831,0.0985711492984596,12.479,12.7336,10,2012,293
2012-10-20,12.3685026086957,12.292,12.549,0.0558750121185271,12.3004,12.4506,10,2012,294
2012-10-21,12.4462765217391,12.334,12.635,0.0574699290106908,12.389,12.535,10,2012,295
2012-10-22,12.5202382608696,12.333,12.83,0.0899428424604325,12.438,12.6546,10,2012,296
2012-10-23,12.465387826087,12.248,12.803,0.0914332119949776,12.381,12.5906,10,2012,297
2012-10-24,12.1405252173913,11.974,12.388,0.0993891042790221,12.02,12.3046,10,2012,298
2012-10-25,12.0330643478261,11.894,12.222,0.0897823793574473,11.9184,12.165,10,2012,299
2012-10-26,12.1276747826087,11.931,12.303,0.0890581592099242,11.9998,12.243,10,2012,300
2012-10-27,12.3397391304348,12.107,12.635,0.0938074875502853,12.2178,12.4502,10,2012,301
2012-10-28,12.4290643478261,12.236,12.697,0.106553569154349,12.2964,12.5922,10,2012,302
2012-10-29,12.4176782608696,12.321,12.566,0.0632745452816034,12.337,12.5076,10,2012,303
2012-10-30,12.2227808695652,12.071,12.429,0.0926650179773028,12.105,12.3596,10,2012,304
2012-10-31,12.2736226086957,12.156,12.416,0.0550576053427202,12.1994,12.344,10,2012,305
2012-11-01,12.2704556521739,12.167,12.42,0.0465013322489163,12.2124,12.3356,11,2012,306
2012-11-02,12.2802173913043,12.162,12.4,0.0548781327407673,12.2044,12.3496,11,2012,307
2012-11-03,11.7226730434783,11.602,11.854,0.060417976940521,11.638,11.802,11,2012,308
2012-11-04,11.3397113043478,10.962,11.84,0.22370050627931,11.0604,11.6666,11,2012,309
2012-11-05,11.22564,10.924,11.677,0.178879850280116,11.0324,11.5062,11,2012,310
2012-11-06,11.2005443478261,10.681,11.59,0.180448640560184,10.979,11.446,11,2012,311
2012-11-07,11.0889617391304,10.666,11.534,0.16461447494927,10.9002,11.3288,11,2012,312
2012-11-08,10.9574539130435,10.798,11.172,0.0835678752347262,10.862,11.0854,11,2012,313
2012-11-09,10.7114608695652,10.522,11.031,0.11759790101564,10.564,10.8822,11,2012,314
2012-11-10,10.4815634782609,10.203,10.833,0.162864768474278,10.277,10.7216,11,2012,315
2012-11-11,10.542332173913,10.232,11.009,0.217168753546735,10.2904,10.8844,11,2012,316
2012-11-12,10.6555426086957,10.383,11.262,0.239060511292402,10.401,11.0376,11,2012,317
2012-11-13,10.7732782608696,10.47,11.357,0.227034140237118,10.5044,11.1196,11,2012,318
2012-11-14,10.6648469565217,10.346,11.406,0.270480165799446,10.3748,11.1024,11,2012,319
2012-11-15,10.6534,10.311,11.335,0.267298180078298,10.355,11.055,11,2012,320
2012-11-16,10.6175130434783,10.329,11.12,0.188178161060083,10.4134,10.9164,11,2012,321
2012-11-17,10.0352365217391,9.82499999999999,10.38,0.146152799576734,9.85139999999999,10.2308,11,2012,322
2012-11-18,9.89117565217391,9.67700000000002,10.108,0.120079541430929,9.72340000000001,10.047,11,2012,323
2012-11-19,9.86163826086957,9.61900000000003,10.228,0.141098136939654,9.67700000000002,10.0546,11,2012,324
2012-11-20,10.0138608695652,9.714,10.465,0.198338336162169,9.77680000000001,10.3116,11,2012,325
2012-11-21,9.99605565217391,9.78399999999999,10.392,0.150723194027984,9.82040000000001,10.2266,11,2012,326
2012-11-22,10.0656660869565,9.84500000000003,10.605,0.146014592182193,9.8944,10.2422,11,2012,327
2012-11-23,9.97162086956522,9.73399999999998,10.638,0.171567447701307,9.78639999999999,10.2018,11,2012,328
2012-11-24,9.87769391304348,9.63600000000002,10.347,0.159840459051031,9.6994,10.115,11,2012,329
2012-11-25,9.86055652173913,9.57600000000002,10.335,0.203180434705495,9.62700000000001,10.178,11,2012,330
2012-11-26,9.80742608695652,9.50099999999998,10.24,0.209278754008286,9.5564,10.1314,11,2012,331
2012-11-27,9.76116173913043,9.65800000000002,10.013,0.0880086901618719,9.67099999999999,9.8982,11,2012,332
2012-11-28,9.48984173913043,9.32100000000003,9.79399999999998,0.130759351523735,9.34500000000003,9.69259999999999,11,2012,333
2012-11-29,9.45218956521739,9.21899999999999,9.89800000000002,0.169992991951222,9.255,9.7008,11,2012,334
2012-11-30,9.53051130434783,9.322,9.81599999999997,0.124003186963948,9.37200000000001,9.71360000000001,11,2012,335
2012-12-01,9.67171652173913,9.48899999999998,9.928,0.101376594562863,9.54040000000001,9.81900000000002,12,2012,336
2012-12-02,9.73982260869565,9.57499999999999,9.97399999999999,0.0892382387265824,9.62200000000001,9.8606,12,2012,337
2012-12-03,9.75346434782609,9.60399999999998,9.96899999999999,0.0871420904945899,9.64699999999999,9.87719999999998,12,2012,338
2012-12-04,9.73913739130435,9.60300000000001,9.94999999999999,0.0774778168329283,9.64299999999997,9.85159999999999,12,2012,339
2012-12-05,9.62440173913043,9.46699999999998,9.93099999999998,0.107476358297017,9.50099999999998,9.78659999999999,12,2012,340
2012-12-06,9.49193217391304,9.36900000000003,9.74200000000002,0.0862316622406861,9.39400000000001,9.62059999999999,12,2012,341
2012-12-07,8.89450260869565,8.77600000000001,9.13999999999999,0.070119630802258,8.80840000000001,8.99219999999999,12,2012,342
2012-12-08,9.22454782608696,9.06700000000001,9.46600000000001,0.0982502354775709,9.10139999999999,9.36500000000001,12,2012,343
2012-12-09,9.23356347826087,9.00999999999999,9.50799999999998,0.123225971804865,9.08240000000001,9.41699999999997,12,2012,344
2012-12-10,9.52928695652174,9.322,9.77499999999998,0.111408261757194,9.38879999999998,9.69219999999998,12,2012,345
2012-12-11,9.31326086956522,9.16699999999997,9.56799999999998,0.0817667165783788,9.20680000000002,9.41859999999999,12,2012,346
2012-12-12,8.96509217391304,8.81900000000002,9.31799999999998,0.0936281297517261,8.85199999999998,9.0866,12,2012,347
2012-12-13,8.77379130434783,8.59800000000001,9.25200000000001,0.111507323524131,8.63999999999999,8.91619999999999,12,2012,348
2012-12-14,8.70271130434783,8.48199999999997,9.04899999999998,0.115201339251627,8.54880000000001,8.8452,12,2012,349
2012-12-15,8.70781391304348,8.50999999999999,8.92200000000003,0.0934108892537536,8.57220000000002,8.81700000000001,12,2012,350
2012-12-16,8.69361913043478,8.54899999999998,8.952,0.0842123538402308,8.5864,8.80820000000002,12,2012,351
2012-12-17,8.74893391304348,8.59899999999999,8.96600000000001,0.0823588380400226,8.63980000000001,8.85699999999997,12,2012,352
2012-12-18,8.54014608695652,8.404,8.78899999999999,0.0807453057793038,8.43799999999999,8.64459999999999,12,2012,353
2012-12-19,8.26123304347826,8.12900000000002,8.63,0.10543833156575,8.15199999999999,8.41619999999999,12,2012,354
2012-12-20,8.30425565217391,8.142,8.58299999999997,0.100099753548677,8.18240000000001,8.44,12,2012,355
2012-12-21,8.21215130434783,7.94299999999998,8.79599999999999,0.184364686679116,7.9974,8.4796,12,2012,356
2012-12-22,7.98970434782609,7.73099999999999,8.43700000000001,0.159258132777036,7.79500000000002,8.22060000000001,12,2012,357
2012-12-23,7.72964695652174,7.42899999999997,8.06400000000002,0.161335548207101,7.50999999999999,7.9496,12,2012,358
2012-12-24,7.48126782608696,7.16199999999998,7.97899999999998,0.170040478654804,7.25099999999998,7.67660000000001,12,2012,359
2012-12-25,7.3301252173913,6.92899999999997,7.851,0.198946340288518,7.06320000000001,7.58359999999999,12,2012,360
2012-12-26,7.20608347826087,6.78100000000001,7.81299999999999,0.229396944565603,6.9144,7.54060000000001,12,2012,361
2012-12-27,7.56415130434783,7.22899999999998,8.02100000000002,0.185642700526437,7.33199999999999,7.83459999999999,12,2012,362
2012-12-28,7.7470452173913,7.52699999999999,8.07999999999998,0.130470221844153,7.589,7.94059999999998,12,2012,363
2012-12-29,7.7443147826087,7.55000000000001,8.00799999999998,0.113849662656581,7.60199999999998,7.91500000000002,12,2012,364
2012-12-30,7.57778782608696,7.39600000000002,7.791,0.0919377735587407,7.4554,7.7048,12,2012,365
2012-12-31,7.53301565217391,7.36000000000001,7.79000000000002,0.0907110016332098,7.41239999999999,7.6516,12,2012,366
2013-01-01,7.50098086956522,7.35300000000001,7.745,0.0830684071146583,7.39400000000001,7.6156,1,2013,1
2013-01-02,7.36738086956522,7.19799999999998,7.61799999999999,0.0950052042363736,7.24639999999999,7.50299999999999,1,2013,2
2013-01-03,7.34969739130435,7.14400000000001,7.62099999999998,0.115242944005298,7.202,7.51179999999998,1,2013,3
2013-01-04,7.33389391304348,7.16800000000001,7.55399999999997,0.0973845472854526,7.20799999999997,7.471,1,2013,4
2013-01-05,7.45677391304348,7.30500000000001,7.65699999999998,0.0899888360158293,7.34100000000001,7.584,1,2013,5
2013-01-06,7.56762782608696,7.38600000000002,7.85599999999999,0.112610768965839,7.4278,7.726,1,2013,6
2013-01-07,7.00653739130435,6.78199999999998,7.51999999999998,0.166551490118757,6.80740000000001,7.24380000000001,1,2013,7
2013-01-08,7.54650782608696,7.452,7.74799999999999,0.058969633045938,7.47639999999999,7.6266,1,2013,8
2013-01-09,7.75205043478261,7.64400000000001,7.88799999999998,0.0519910461567438,7.68200000000002,7.8236,1,2013,9
2013-01-10,7.71709043478261,7.541,7.97199999999998,0.090511239579561,7.60599999999999,7.834,1,2013,10
2013-01-11,7.80434434782609,7.57100000000003,8.09100000000001,0.12805589901971,7.64499999999998,7.98439999999998,1,2013,11
2013-01-12,7.91131478260869,7.72500000000002,8.18299999999999,0.109685772475434,7.77939999999999,8.07060000000001,1,2013,12
2013-01-13,7.88952695652174,7.69499999999999,8.12400000000002,0.11032327640791,7.74400000000003,8.04760000000001,1,2013,13
2013-01-14,7.81496347826087,7.65300000000002,8,0.077501604266227,7.70939999999999,7.9196,1,2013,14
2013-01-15,7.5014,7.32799999999997,7.68900000000002,0.0894572095165883,7.38099999999997,7.62400000000002,1,2013,15
2013-01-16,7.3552052173913,7.21499999999997,7.67099999999999,0.0995751233954156,7.24240000000001,7.50360000000001,1,2013,16
2013-01-17,7.28169565217391,7.11900000000003,7.67200000000003,0.116815093613993,7.1514,7.4496,1,2013,17
2013-01-18,7.35067304347826,7.18000000000001,7.66000000000003,0.110483310516756,7.2164,7.50460000000001,1,2013,18
2013-01-19,7.29866956521739,7.16699999999997,7.47800000000001,0.0665322904678461,7.20839999999998,7.38600000000002,1,2013,19
2013-01-20,6.73538782608696,6.47500000000002,7.166,0.149844730990263,6.5418,6.93360000000001,1,2013,20
2013-01-21,6.54208347826087,6.25099999999998,7.16300000000001,0.208516462109012,6.31999999999999,6.87280000000001,1,2013,21
2013-01-22,6.50719826086956,6.21199999999999,7.06799999999998,0.185886441104554,6.28800000000001,6.78560000000001,1,2013,22
2013-01-23,6.29143652173913,5.95999999999998,6.83100000000002,0.192855072921724,6.0658,6.57400000000001,1,2013,23
2013-01-24,5.98121739130435,5.71800000000002,6.38999999999999,0.145677928769135,5.79300000000001,6.18679999999999,1,2013,24
2013-01-25,5.84707478260869,5.57799999999997,6.22500000000002,0.15436860150149,5.6498,6.07799999999997,1,2013,25
2013-01-26,5.88880869565217,5.642,6.255,0.136026469014991,5.71300000000002,6.08100000000002,1,2013,26
2013-01-27,6.3944452173913,6.11900000000003,6.63900000000001,0.135919311636968,6.20640000000001,6.57299999999998,1,2013,27
2013-01-28,6.54940521739131,6.27300000000002,6.85199999999998,0.143040493915396,6.35540000000001,6.7426,1,2013,28
2013-01-29,6.68912695652174,6.42000000000002,6.95499999999998,0.134182813385204,6.50400000000002,6.86900000000003,1,2013,29
2013-01-30,6.57471130434783,6.36099999999999,6.81400000000002,0.100449825189992,6.43099999999998,6.70600000000002,1,2013,30
2013-01-31,6.34486434782609,6.20100000000002,6.51800000000003,0.0770110564840174,6.245,6.45459999999999,1,2013,31
2013-02-01,6.25387826086956,6.11599999999999,6.42700000000002,0.0814008821860274,6.15100000000001,6.37400000000002,2,2013,32
2013-02-02,6.29318260869565,6.12200000000001,6.52800000000002,0.0929167682897968,6.17899999999997,6.43019999999998,2,2013,33
2013-02-03,6.29102956521739,6.06,6.62400000000002,0.13309381104698,6.12799999999999,6.48319999999998,2,2013,34
2013-02-04,6.48545913043478,6.21800000000002,6.822,0.158461268141411,6.27699999999999,6.70799999999997,2,2013,35
2013-02-05,6.36023478260869,5.90600000000001,6.834,0.232691168660805,6.04839999999999,6.67620000000002,2,2013,36
2013-02-06,5.36989043478261,5.04000000000002,5.77100000000002,0.168225231141669,5.13600000000002,5.5926,2,2013,37
2013-02-07,5.16190956521739,4.87700000000001,5.59399999999999,0.160503580872226,4.952,5.397,2,2013,38
2013-02-08,5.59113391304348,5.31200000000001,5.90499999999997,0.136226923620044,5.40079999999998,5.78199999999998,2,2013,39
2013-02-09,5.66971652173913,5.41199999999998,6.04399999999998,0.141144283266033,5.48580000000002,5.86399999999998,2,2013,40
2013-02-10,5.36575826086956,4.96899999999999,5.78199999999998,0.195969711617725,5.09420000000001,5.6192,2,2013,41
2013-02-11,4.61465217391304,4.077,5.34699999999998,0.27924923750292,4.26299999999998,4.967,2,2013,42
2013-02-12,4.48113565217391,3.75299999999999,5.11500000000001,0.308353962574536,4.03899999999999,4.87960000000001,2,2013,43
2013-02-13,4.47114608695652,3.82799999999997,4.95799999999997,0.238728038115335,4.11799999999998,4.73359999999999,2,2013,44
2013-02-14,4.58810608695652,3.91399999999999,5.209,0.274109144722908,4.19039999999999,4.91859999999999,2,2013,45
2013-02-15,4.81792695652174,4.11099999999999,5.56099999999998,0.315942042859599,4.39659999999999,5.23580000000001,2,2013,46
2013-02-16,5.11785217391304,4.48099999999999,5.75,0.265799511941617,4.7574,5.4644,2,2013,47
2013-02-17,4.93240173913043,4.25,5.50599999999997,0.257410084427387,4.57579999999999,5.24000000000001,2,2013,48
2013-02-18,4.79278260869565,4.16800000000001,5.46899999999999,0.270277802065486,4.46899999999999,5.20459999999999,2,2013,49
2013-02-19,4.70407478260869,4.13299999999998,5.459,0.279455617465476,4.392,5.13700000000001,2,2013,50
2013-02-20,4.77606782608696,4.21199999999999,5.35199999999998,0.24992788630579,4.45839999999998,5.14180000000001,2,2013,51
2013-02-21,4.88401565217391,4.39400000000001,5.346,0.225118183669588,4.57739999999999,5.1972,2,2013,52
2013-02-22,4.61499304347826,4.25599999999997,4.94299999999998,0.163311591473815,4.39480000000001,4.8356,2,2013,53
2013-02-23,4.72385565217391,4.39800000000002,5.07900000000001,0.159085852280138,4.50839999999999,4.94320000000001,2,2013,54
2013-02-24,4.80503826086956,4.428,5.19400000000002,0.162877624260593,4.59680000000001,5.02860000000001,2,2013,55
2013-02-25,4.59350782608696,4.08199999999999,5.14100000000002,0.225713524898091,4.3072,4.9028,2,2013,56
2013-02-26,4.46622434782609,3.916,5.10399999999998,0.257792802504018,4.142,4.82440000000001,2,2013,57
2013-02-27,4.43669739130435,3.892,5.08699999999999,0.265344123898118,4.10380000000001,4.8042,2,2013,58
2013-02-28,4.5576052173913,4.12400000000002,5.096,0.214405114058419,4.29040000000001,4.85500000000002,2,2013,59
2013-03-01,4.20219826086957,3.99000000000001,4.483,0.112238650344329,4.06299999999999,4.36200000000002,3,2013,60
2013-03-02,4.29586086956522,4.185,4.495,0.0674391824295694,4.21300000000002,4.39160000000001,3,2013,61
2013-03-03,4.14292695652174,4.04199999999997,4.27699999999999,0.0577613878868627,4.06400000000002,4.221,3,2013,62
2013-03-04,3.79010608695652,3.60399999999998,4.12400000000002,0.115121951159814,3.64600000000002,3.95299999999997,3,2013,63
2013-03-05,3.56270260869565,3.245,4.06299999999999,0.183972029318535,3.32860000000001,3.82259999999999,3,2013,64
2013-03-06,3.57638608695652,3.267,4.07100000000003,0.179863848472322,3.3484,3.83020000000001,3,2013,65
2013-03-07,3.69048521739131,3.37900000000002,4.149,0.174468559033422,3.464,3.92760000000001,3,2013,66
2013-03-08,3.87364173913043,3.48700000000002,4.44099999999997,0.226681099571386,3.58220000000001,4.19259999999999,3,2013,67
2013-03-09,3.69041565217391,3.35399999999998,4.17399999999998,0.18398464969265,3.447,3.94299999999998,3,2013,68
2013-03-10,3.72109565217391,3.39100000000002,4.13,0.167138750488512,3.49200000000002,3.94759999999999,3,2013,69
2013-03-11,3.82970434782609,3.43099999999998,4.36200000000002,0.222276430131971,3.5322,4.1456,3,2013,70
2013-03-12,3.91196173913043,3.56400000000002,4.47000000000003,0.204721920505953,3.65100000000001,4.1974,3,2013,71
2013-03-13,3.83186260869565,3.505,4.26800000000003,0.170696371155298,3.60599999999999,4.06500000000001,3,2013,72
2013-03-14,3.80181217391304,3.47500000000002,4.18700000000001,0.165313437457912,3.57900000000001,4.01900000000001,3,2013,73
2013-03-15,3.76598782608696,3.44999999999999,4.19299999999998,0.174740937739045,3.54300000000001,4.01860000000002,3,2013,74
2013-03-16,3.63845043478261,3.27699999999999,4.00200000000001,0.178987572502779,3.41380000000001,3.90720000000001,3,2013,75
2013-03-17,3.61516,3.22800000000001,4.00900000000001,0.200390199848001,3.35199999999998,3.91000000000003,3,2013,76
2013-03-18,3.51215304347826,3.18599999999998,3.887,0.171943140124411,3.27699999999999,3.74299999999999,3,2013,77
2013-03-19,3.25767478260869,2.95999999999998,3.62400000000002,0.146561876340421,3.05099999999999,3.44660000000001,3,2013,78
2013-03-20,3.06718086956522,2.66000000000003,3.48099999999999,0.216588673850592,2.7574,3.3316,3,2013,79
2013-03-21,3.02710086956522,2.56400000000002,3.49200000000002,0.251849881139349,2.67599999999999,3.33760000000001,3,2013,80
2013-03-22,2.98229043478261,2.64499999999998,3.45699999999999,0.221734116202578,2.70619999999998,3.30719999999999,3,2013,81
2013-03-23,3.25813391304348,2.88099999999997,3.70699999999999,0.227040928207562,2.98099999999999,3.59699999999998,3,2013,82
2013-03-24,3.68390260869565,2.904,4.358,0.339623758177514,3.3016,4.15600000000001,3,2013,83
2013-03-25,3.9996,3.245,4.839,0.436201728257915,3.47500000000002,4.63000000000001,3,2013,84
2013-03-26,4.11488347826087,3.37400000000002,4.90199999999999,0.395858822881826,3.64019999999999,4.66819999999999,3,2013,85
2013-03-27,4.32790434782609,3.91199999999998,4.76299999999998,0.236417534071828,4.0204,4.66159999999999,3,2013,86
2013-03-28,4.4496852173913,4.03100000000001,4.90699999999998,0.252428732221156,4.11000000000001,4.81700000000001,3,2013,87
2013-03-29,4.3362852173913,3.92000000000002,4.77699999999999,0.243639267617812,3.99400000000003,4.68200000000002,3,2013,88
2013-03-30,4.49932869565217,4.18900000000002,5.166,0.23808931242457,4.25980000000002,4.88479999999998,3,2013,89
2013-03-31,4.50571304347826,4.21899999999999,5.18099999999998,0.224261776372539,4.30780000000002,4.87819999999999,3,2013,90
2013-04-01,4.89523826086956,4.666,5.286,0.152615788899315,4.75900000000001,5.15360000000001,4,2013,91
2013-04-02,5.05577391304348,4.83100000000002,5.48000000000002,0.160602180227714,4.86580000000001,5.2946,4,2013,92
2013-04-03,4.75925739130435,4.64999999999998,4.935,0.0613964370665927,4.68400000000003,4.85119999999999,4,2013,93
2013-04-04,4.69228869565217,4.41500000000002,4.91399999999999,0.0866777048816891,4.58600000000001,4.80799999999999,4,2013,94
2013-04-05,4.80379652173913,4.62400000000002,5.04899999999998,0.0942559270222367,4.70480000000001,4.95139999999999,4,2013,95
2013-04-06,4.91094782608696,4.613,5.07299999999998,0.124953388067377,4.71340000000001,5.053,4,2013,96
2013-04-07,4.94934608695652,4.74299999999999,5.274,0.150092782737156,4.767,5.19259999999999,4,2013,97
2013-04-08,4.9411652173913,4.63900000000001,5.33299999999997,0.153075744182583,4.77840000000001,5.19059999999998,4,2013,98
2013-04-09,4.94105391304348,4.733,5.19099999999997,0.11868211669629,4.8038,5.13320000000001,4,2013,99
2013-04-10,5.02489043478261,4.88900000000001,5.072,0.0443181029188551,4.95699999999999,5.06599999999997,4,2013,100
2013-04-11,5.06148173913043,4.93000000000001,5.17700000000002,0.0527869552546255,4.99240000000001,5.13159999999999,4,2013,101
2013-04-12,5.34903304347826,5.21899999999999,5.45999999999998,0.0511160865767631,5.27939999999999,5.416,4,2013,102
2013-04-13,5.81913391304348,5.58299999999997,5.96800000000002,0.0762487983419976,5.71940000000001,5.91659999999998,4,2013,103
2013-04-14,5.87395826086956,5.64100000000002,6.17399999999998,0.0978222361860554,5.80000000000001,6.03119999999998,4,2013,104
2013-04-15,5.91161565217391,5.71600000000001,6.27600000000001,0.12065421305286,5.78699999999998,6.10699999999997,4,2013,105
2013-04-16,6.27974434782609,6.05500000000001,6.39100000000002,0.0626990130338494,6.20379999999998,6.37299999999999,4,2013,106
2013-04-17,6.76932869565217,6.40899999999999,6.97500000000002,0.108790362580772,6.642,6.90699999999998,4,2013,107
2013-04-18,6.80478434782609,6.06599999999997,7.20499999999998,0.195273012041948,6.56039999999999,7.06200000000001,4,2013,108
2013-04-19,6.9067252173913,6.20100000000002,7.17599999999999,0.17229822104774,6.65800000000002,7.1026,4,2013,109
2013-04-20,7.11829739130435,6.86399999999998,7.358,0.126977131374659,6.95299999999997,7.29359999999999,4,2013,110
2013-04-21,7.21544869565218,6.84300000000002,7.60300000000001,0.194706892356748,6.983,7.4906,4,2013,111
2013-04-22,7.25477391304348,6.75799999999998,7.91800000000001,0.272243040016542,6.96340000000001,7.6986,4,2013,112
2013-04-23,7.30228695652174,6.94799999999998,7.58499999999998,0.140137921437037,7.14400000000001,7.5266,4,2013,113
2013-04-24,7.60640695652174,7.33800000000002,7.71800000000002,0.0784903595156009,7.48500000000001,7.68900000000002,4,2013,114
2013-04-25,7.65111478260869,7.36000000000001,7.97500000000002,0.116316883830425,7.50440000000001,7.7956,4,2013,115
2013-04-26,7.53542956521739,7.274,7.93099999999998,0.14207179625676,7.3534,7.7202,4,2013,116
2013-04-27,7.39677739130435,7.11200000000002,7.66399999999999,0.109507716194224,7.24600000000003,7.53560000000001,4,2013,117
2013-04-28,7.49701043478261,7.18099999999998,7.73599999999999,0.0981547340035201,7.38600000000002,7.62719999999998,4,2013,118
2013-04-29,7.82532521739131,7.18200000000002,8.18400000000003,0.188982993281764,7.57520000000001,8.0866,4,2013,119
2013-04-30,8.82090260869565,8.50700000000001,9.137,0.130502610184471,8.63520000000001,8.98359999999999,4,2013,120
2013-05-01,9.23918434782609,9.08600000000001,9.49200000000002,0.0941685091575322,9.11840000000001,9.38179999999999,5,2013,121
2013-05-02,9.31240173913043,8.99700000000001,9.53500000000003,0.0984955489740619,9.17399999999998,9.43299999999999,5,2013,122
2013-05-03,9.17742608695652,8.74900000000002,9.404,0.119664343341757,8.99099999999999,9.298,5,2013,123
2013-05-04,9.16099652173913,8.78800000000001,9.38200000000001,0.112282868223925,9.01180000000001,9.29660000000001,5,2013,124
2013-05-05,9.32332347826087,9.154,9.505,0.0686654495361835,9.23199999999997,9.41699999999997,5,2013,125
2013-05-06,9.33805043478261,9.07900000000001,9.59699999999998,0.136066976855433,9.14640000000001,9.50700000000001,5,2013,126
2013-05-07,9.58381913043478,9.26299999999998,9.96199999999999,0.162489834522915,9.36200000000002,9.8102,5,2013,127
2013-05-08,10.0084173913043,9.69799999999998,10.401,0.151317269580581,9.83800000000002,10.2486,5,2013,128
2013-05-09,10.1807547826087,9.84500000000003,10.679,0.223126167119788,9.90100000000001,10.537,5,2013,129
2013-05-10,10.0049426086957,9.66699999999997,10.377,0.131642088853234,9.8664,10.2136,5,2013,130
2013-05-11,9.71336347826087,9.512,9.95600000000002,0.0968409651512959,9.5948,9.8556,5,2013,131
2013-05-12,9.89455304347826,9.54399999999998,10.388,0.217508540951989,9.61700000000002,10.2482,5,2013,132
2013-05-13,9.81157043478261,9.40300000000002,10.265,0.19583126179571,9.56400000000002,10.0676,5,2013,133
2013-05-14,9.31293913043478,8.91500000000002,9.589,0.115638636267679,9.17740000000001,9.47039999999998,5,2013,134
2013-05-15,9.0823947826087,8.67899999999997,9.589,0.188503871919992,8.87139999999999,9.3778,5,2013,135
2013-05-16,9.10891478260869,8.76999999999998,9.56799999999998,0.17468291245295,8.87940000000001,9.3564,5,2013,136
2013-05-17,10.1989443478261,9.50599999999997,10.765,0.283057996972445,9.8186,10.608,5,2013,137
2013-05-18,10.4595965217391,9.827,10.907,0.268348077280638,10.0284,10.8146,5,2013,138
2013-05-19,10.3686747826087,9.92000000000002,10.752,0.18344916500213,10.1224,10.6152,5,2013,139
2013-05-20,10.2861026086957,9.84199999999998,10.431,0.115284279339681,10.1056,10.3866,5,2013,140
2013-05-21,10.8131808695652,10.255,11.172,0.210107344348235,10.5224,11.0802,5,2013,141
2013-05-22,10.7897408695652,10.195,11.222,0.234349415963233,10.4702,11.0936,5,2013,142
2013-05-23,10.229,9.73099999999999,10.67,0.227215135433435,9.92200000000003,10.5394,5,2013,143
2013-05-24,9.12626086956522,8.79399999999998,9.44499999999999,0.164648664433061,8.899,9.35439999999999,5,2013,144
2013-05-25,9.51770608695652,9.245,9.80500000000001,0.120258456631772,9.36439999999999,9.68719999999998,5,2013,145
2013-05-26,9.68415130434783,9.36599999999999,10.037,0.190534384381326,9.459,9.96720000000001,5,2013,146
2013-05-27,9.86545565217391,9.39299999999997,10.24,0.211785731815378,9.6104,10.176,5,2013,147
2013-05-28,10.0503443478261,9.56,10.355,0.197902827927296,9.71899999999999,10.271,5,2013,148
2013-05-29,10.0074591304348,9.48000000000002,10.372,0.210103221643284,9.68440000000002,10.2632,5,2013,149
2013-05-30,9.9661652173913,9.37400000000002,10.425,0.26022621258223,9.60219999999999,10.3126,5,2013,150
2013-05-31,11.2938382608696,10.651,11.771,0.269484460575639,10.9274,11.6578,5,2013,151
2013-06-01,12.0634869565217,11.438,12.597,0.271092478313604,11.699,12.4322,6,2013,152
2013-06-02,12.2909304347826,12.051,12.706,0.11993945349286,12.158,12.4566,6,2013,153
2013-06-03,12.2219391304348,11.861,12.871,0.174894945418786,11.9944,12.451,6,2013,154
2013-06-04,12.0626469565217,11.643,12.393,0.176191451007046,11.799,12.257,6,2013,155
2013-06-05,11.9241756521739,11.759,12.097,0.0775142479780338,11.8214,12.0236,6,2013,156
2013-06-06,11.962212173913,11.695,12.126,0.0844615669848167,11.8468,12.069,6,2013,157
2013-06-07,12.3339095652174,11.748,12.802,0.252319433133714,11.994,12.6718,6,2013,158
2013-06-08,13.1110939130435,12.754,13.345,0.117700314304062,12.9594,13.27,6,2013,159
2013-06-09,13.3805095652174,12.931,13.547,0.116097697785077,13.2242,13.5106,6,2013,160
2013-06-10,13.4618939130435,12.896,13.727,0.14906630735104,13.2546,13.6066,6,2013,161
2013-06-11,13.3463391304348,12.934,13.518,0.116326846913475,13.1776,13.4756,6,2013,162
2013-06-12,12.5475095652174,12.084,13.118,0.217449484291069,12.2998,12.8656,6,2013,163
2013-06-13,12.3704556521739,11.903,13.219,0.285821100388086,12.0794,12.7976,6,2013,164
2013-06-14,12.9776991304348,12.632,13.53,0.223859692515292,12.726,13.3142,6,2013,165
2013-06-15,13.7770817391304,13.343,14.161,0.125110342644769,13.6264,13.935,6,2013,166
2013-06-16,14.2519147826087,13.588,14.886,0.408234788511622,13.6964,14.7712,6,2013,167
2013-06-17,14.2859026086957,13.683,15.009,0.414589929103133,13.74,14.8866,6,2013,168
2013-06-18,14.5020539130435,14.217,14.821,0.154535108877485,14.3348,14.7486,6,2013,169
2013-06-19,14.9454573913043,14.594,15.329,0.225252350574142,14.6524,15.2256,6,2013,170
2013-06-20,15.0517913043478,14.676,15.575,0.230890410059308,14.759,15.361,6,2013,171
2013-06-21,14.993267826087,14.819,15.373,0.115372437021847,14.872,15.185,6,2013,172
2013-06-22,15.4009147826087,14.771,15.916,0.238599144924693,15.073,15.6984,6,2013,173
2013-06-23,15.8492173913043,15.317,16.249,0.194180220118242,15.5756,16.097,6,2013,174
2013-06-24,15.6283686956522,15.318,15.89,0.137107411265422,15.439,15.804,6,2013,175
2013-06-25,15.5515252173913,15.12,15.901,0.182791466381204,15.2904,15.7816,6,2013,176
2013-06-26,14.9725373913043,14.484,15.468,0.212460051363165,14.6992,15.2626,6,2013,177
2013-06-27,13.8723373913043,13.419,14.358,0.21871128944129,13.592,14.183,6,2013,178
2013-06-28,14.1526539130435,13.574,14.607,0.243143983556839,13.8168,14.4716,6,2013,179
2013-06-29,14.2118573913043,13.525,14.702,0.316951266069201,13.7654,14.633,6,2013,180
2013-06-30,13.9834347826087,13.258,14.566,0.356376653760531,13.4998,14.4732,6,2013,181
2013-07-01,13.9436469565217,13.171,14.518,0.341073222471966,13.4838,14.4,7,2013,182
2013-07-02,15.764907826087,14.982,16.374,0.311305658065388,15.3462,16.1742,7,2013,183
2013-07-03,17.26856,16.489,17.935,0.325079914270354,16.8358,17.7012,7,2013,184
2013-07-04,16.2715704347826,15.514,16.889,0.29671624103814,15.8634,16.66,7,2013,185
2013-07-05,16.8076730434783,16.085,17.399,0.288853194849077,16.4158,17.1962,7,2013,186
2013-07-06,17.6437860869565,17.177,18.171,0.208241570591624,17.3744,17.9298,7,2013,187
2013-07-07,17.8886034782609,17.614,18.321,0.134258186398663,17.7358,18.0766,7,2013,188
2013-07-08,17.83632,17.495,18.153,0.137191244222398,17.6444,18.0086,7,2013,189
2013-07-09,17.7273704347826,17.299,17.995,0.169170028159574,17.4828,17.9332,7,2013,190
2013-07-10,17.5705026086957,17.095,17.87,0.187964837258057,17.2912,17.7996,7,2013,191
2013-07-11,17.0860173913043,16.631,17.409,0.173518356106998,16.8336,17.3012,7,2013,192
2013-07-12,17.7722086956522,17.231,18.16,0.201683251834641,17.4854,18.022,7,2013,193
2013-07-13,18.0859095652174,17.591,18.375,0.156927751954313,17.858,18.2666,7,2013,194
2013-07-14,18.5288,18.161,19.193,0.208053053740462,18.298,18.849,7,2013,195
2013-07-15,19.4707304347826,18.753,20.149,0.307489115462416,19.0578,19.8692,7,2013,196
2013-07-16,19.9067060869565,19.298,20.488,0.228437608529679,19.664,20.249,7,2013,197
2013-07-17,19.9425756521739,19.282,20.416,0.207244988167232,19.6756,20.2106,7,2013,198
2013-07-18,20.0156417391304,19.25,20.531,0.254410558060626,19.6542,20.3222,7,2013,199
2013-07-19,19.9317773913043,19.057,20.427,0.317102313438903,19.4708,20.324,7,2013,200
2013-07-20,19.3194556521739,18.209,20.219,0.457690526232917,18.7252,19.9786,7,2013,201
2013-07-21,18.7361547826087,17.804,19.593,0.360264104691996,18.2586,19.2372,7,2013,202
2013-07-22,18.6347147826087,17.698,19.396,0.356187651734297,18.1328,19.0922,7,2013,203
2013-07-23,18.2445513043478,17.562,18.818,0.276692713230608,17.8574,18.5974,7,2013,204
2013-07-24,18.2071739130435,17.694,18.673,0.212154948834102,17.9024,18.4492,7,2013,205
2013-07-25,18.1500226086957,17.688,18.563,0.189758982958362,17.873,18.3676,7,2013,206
2013-07-26,17.6514052173913,17.098,18.144,0.243173682873822,17.315,17.9668,7,2013,207
2013-07-27,17.332547826087,16.681,18.04,0.305515319605349,16.9296,17.7666,7,2013,208
2013-07-28,17.0891947826087,16.237,17.92,0.351468497664841,16.6054,17.554,7,2013,209
2013-07-29,17.0957704347826,16.449,17.873,0.296179887239515,16.7192,17.514,7,2013,210
2013-07-30,17.1104747826087,16.605,17.724,0.19790435774873,16.8818,17.395,7,2013,211
2013-07-31,17.3510973913044,16.834,17.833,0.26511994703761,16.975,17.7016,7,2013,212
2013-08-01,17.6264052173913,16.89,18.31,0.35273041641263,17.1838,18.0676,8,2013,213
2013-08-02,17.9671339130435,17.418,18.592,0.177988189565784,17.7734,18.2084,8,2013,214
2013-08-03,17.8102956521739,17.421,18.424,0.27912279758359,17.51,18.2612,8,2013,215
2013-08-04,17.6417304347826,17.197,18.482,0.376859896927005,17.262,18.256,8,2013,216
2013-08-05,17.3790626086957,16.809,18.325,0.35608523268655,17.0664,17.967,8,2013,217
2013-08-06,17.0189130434783,16.363,17.625,0.233578619568374,16.6768,17.3068,8,2013,218
2013-08-07,16.6622904347826,16.195,17.343,0.214704344554012,16.3954,16.9508,8,2013,219
2013-08-08,16.789372173913,16.42,17.323,0.161044610191544,16.6314,17.0192,8,2013,220
2013-08-09,16.9351634782609,16.473,17.352,0.155299624044293,16.7278,17.1186,8,2013,221
2013-08-10,17.0489426086957,16.529,17.558,0.21010013833663,16.8404,17.385,8,2013,222
2013-08-11,16.9325634782609,16.431,17.645,0.332563324595376,16.503,17.4124,8,2013,223
2013-08-12,16.6498226086957,16.25,17.332,0.322359792891919,16.3034,17.1336,8,2013,224
2013-08-13,16.4727843478261,16.199,16.81,0.179424929509518,16.258,16.73,8,2013,225
2013-08-14,16.5263182608696,16.2,16.918,0.17859556025644,16.3384,16.8048,8,2013,226
2013-08-15,16.6951495652174,16.283,17.381,0.326675939164342,16.317,17.1862,8,2013,227
2013-08-16,16.6702295652174,16.235,17.028,0.221600519885612,16.3554,16.9516,8,2013,228
2013-08-17,16.715267826087,16.225,17.132,0.233304099211053,16.4054,17.0522,8,2013,229
2013-08-18,16.8291339130435,16.549,17.074,0.13611432405796,16.633,17.0206,8,2013,230
2013-08-19,17.1231286956522,16.71,18.062,0.33750982558035,16.8154,17.7112,8,2013,231
2013-08-20,17.9103269565217,17.404,18.603,0.359904213283172,17.5098,18.466,8,2013,232
2013-08-21,18.4849408695652,18.161,18.837,0.144819676348827,18.2944,18.6888,8,2013,233
2013-08-22,18.3996869565217,18.076,18.634,0.0975445904662204,18.2928,18.5446,8,2013,234
2013-08-23,17.8449356521739,17.492,18.385,0.214330529770065,17.57,18.169,8,2013,235
2013-08-24,16.7795026086957,16.505,17.212,0.229854361351285,16.532,17.1358,8,2013,236
2013-08-25,16.6457513043478,16.36,16.873,0.115033743243158,16.502,16.819,8,2013,237
2013-08-26,17.0293895652174,16.552,17.582,0.219742225992086,16.7448,17.3372,8,2013,238
2013-08-27,17.1586313043478,16.606,17.811,0.283521729579528,16.805,17.5658,8,2013,239
2013-08-28,17.1253756521739,16.613,17.695,0.236939629982671,16.8104,17.448,8,2013,240
2013-08-29,17.6068104347826,16.985,18.024,0.231640462190176,17.285,17.9108,8,2013,241
2013-08-30,17.8057582608696,17.233,18.221,0.205141845199907,17.5174,18.0738,8,2013,242
2013-08-31,17.8379373913043,17.237,18.25,0.209107360127245,17.5402,18.0992,8,2013,243
2013-09-01,17.9116469565217,17.35,18.24,0.181814754924667,17.6468,18.1296,9,2013,244
2013-09-02,18.0989426086957,17.637,18.399,0.138268492951244,17.908,18.2536,9,2013,245
2013-09-03,17.453947826087,16.843,17.988,0.196214934215082,17.2028,17.668,9,2013,246
2013-09-04,17.4625843478261,16.893,17.872,0.143871928500078,17.278,17.6336,9,2013,247
2013-09-05,17.3777826086957,16.632,17.753,0.231423175391243,17.0704,17.6426,9,2013,248
2013-09-06,16.8547982608696,16.238,17.504,0.305462254944169,16.4902,17.298,9,2013,249
2013-09-07,16.4315026086957,16.002,16.81,0.18872221047978,16.203,16.6994,9,2013,250
2013-09-08,16.1351304347826,15.768,16.47,0.182496237455327,15.8794,16.3906,9,2013,251
2013-09-09,15.5194017391304,15.299,15.93,0.168422555317948,15.331,15.7906,9,2013,252
2013-09-10,15.504652173913,15.149,15.789,0.179540210450503,15.225,15.7236,9,2013,253
2013-09-11,16.3235373913043,15.846,16.749,0.214233293601298,16.058,16.641,9,2013,254
2013-09-12,16.3984556521739,15.959,16.773,0.192596139254211,16.158,16.6706,9,2013,255
2013-09-13,15.4899130434783,15.232,15.723,0.104048933577909,15.3434,15.62,9,2013,256
2013-09-14,14.9758347826087,14.718,15.392,0.181208819925314,14.7654,15.2642,9,2013,257
2013-09-15,14.915292173913,14.585,15.646,0.275814829929482,14.6288,15.3204,9,2013,258
2013-09-16,14.9198730434783,14.72,15.193,0.138236855088766,14.748,15.1416,9,2013,259
2013-09-17,14.4553095652174,14.258,14.755,0.110896103692918,14.3168,14.6166,9,2013,260
2013-09-18,13.8858626086957,13.771,14.082,0.0688839116620547,13.803,13.987,9,2013,261
2013-09-19,14.288587826087,14.098,14.651,0.14688653395906,14.151,14.5282,9,2013,262
2013-09-20,14.5246817391304,14.209,15.011,0.220962208280645,14.29,14.8896,9,2013,263
2013-09-21,14.9726052173913,14.504,15.497,0.287008095723899,14.5954,15.3906,9,2013,264
2013-09-22,14.9155304347826,14.686,15.349,0.204035904204419,14.7104,15.244,9,2013,265
2013-09-23,14.607027826087,13.946,15.213,0.392003652197091,14.033,15.1226,9,2013,266
2013-09-24,13.6600173913043,13.27,14.183,0.215326078900134,13.332,13.9218,9,2013,267
2013-09-25,13.2690626086957,13.069,13.949,0.154612631307192,13.135,13.4834,9,2013,268
2013-09-26,13.5426608695652,13.299,13.776,0.0928967700046196,13.3958,13.65,9,2013,269
2013-09-27,13.8520208695652,13.553,14.166,0.136271657803437,13.702,14.0728,9,2013,270
2013-09-28,13.9796539130435,13.659,14.31,0.130218833027636,13.8342,14.1862,9,2013,271
2013-09-29,13.99,13.671,14.262,0.121063118849816,13.863,14.1586,9,2013,272
2013-09-30,14.1136086956522,13.852,14.435,0.105199850926963,13.973,14.249,9,2013,273
2013-10-01,14.4559269565217,14.014,14.649,0.107738884016974,14.3224,14.596,10,2013,274
2013-10-02,14.7520226086957,14.422,15.249,0.188255454669168,14.5038,15.0266,10,2013,275
2013-10-03,14.9035147826087,14.575,15.426,0.224944815626547,14.667,15.282,10,2013,276
2013-10-04,14.9851373913043,14.6,15.394,0.176915677792931,14.8134,15.2934,10,2013,277
2013-10-05,14.4149252173913,14.172,15.01,0.174294105363231,14.2402,14.689,10,2013,278
2013-10-06,14.1701669565217,13.787,14.722,0.158011929886214,13.974,14.351,10,2013,279
2013-10-07,14.0049217391304,13.711,14.106,0.0688311001321501,13.8962,14.076,10,2013,280
2013-10-08,13.9340104347826,13.783,14.051,0.0578747587105429,13.8524,14.019,10,2013,281
2013-10-09,13.9025739130435,13.706,14.099,0.0864337837298174,13.815,14.0406,10,2013,282
2013-10-10,13.9371443478261,13.802,14.037,0.0475186194779617,13.862,13.9946,10,2013,283
2013-10-11,13.6108260869565,13.368,13.74,0.0791358225607201,13.487,13.7026,10,2013,284
2013-10-12,13.3704226086957,13.192,13.456,0.0559858790385536,13.2878,13.4346,10,2013,285
2013-10-13,13.4652017391304,13.205,13.842,0.161874034770431,13.261,13.7164,10,2013,286
2013-10-14,13.4728434782609,13.101,13.958,0.202330799587578,13.1898,13.766,10,2013,287
2013-10-15,13.4353530434783,13.1,13.652,0.143430186323296,13.221,13.618,10,2013,288
2013-10-16,13.4551304347826,13.231,13.554,0.0702478838620266,13.342,13.531,10,2013,289
2013-10-17,14.1076869565217,13.729,14.21,0.102043558815702,13.9624,14.204,10,2013,290
2013-10-18,14.25176,13.898,14.51,0.116068096076524,14.122,14.4222,10,2013,291
2013-10-19,14.1173408695652,13.469,14.384,0.160295943582048,13.929,14.3154,10,2013,292
2013-10-20,14.0155773913043,13.479,14.182,0.134834304729394,13.8188,14.151,10,2013,293
2013-10-21,13.1611304347826,12.875,13.432,0.122969934977405,12.9932,13.3272,10,2013,294
2013-10-22,12.9781165217391,12.818,13.18,0.0824215094156942,12.873,13.0906,10,2013,295
2013-10-23,12.86592,12.68,13.179,0.0973750456338538,12.754,13.002,10,2013,296
2013-10-24,12.1482626086957,11.919,12.383,0.096446021679033,11.996,12.262,10,2013,297
2013-10-25,11.914572173913,11.687,12.151,0.104358808429541,11.7938,12.081,10,2013,298
2013-10-26,11.874532173913,11.664,12.2,0.14337177346483,11.7084,12.1176,10,2013,299
2013-10-27,11.611587826087,11.418,11.823,0.118171546853226,11.453,11.7756,10,2013,300
2013-10-28,11.154147826087,10.914,11.366,0.114628854467908,10.9684,11.3016,10,2013,301
2013-10-29,11.2103547826087,10.921,11.481,0.131488619983917,11.012,11.379,10,2013,302
2013-10-30,10.7961426086957,10.522,10.953,0.115129031582149,10.6214,10.914,10,2013,303
2013-10-31,10.5160834782609,10.271,10.803,0.137864297219442,10.3624,10.739,10,2013,304
2013-11-01,10.9956643478261,10.722,11.162,0.0902729718187774,10.8774,11.1106,11,2013,305
2013-11-02,10.9127634782609,10.665,11.106,0.117866278635784,10.76,11.075,11,2013,306
2013-11-03,10.8208382608696,10.587,10.946,0.0806993383030187,10.705,10.9266,11,2013,307
2013-11-04,10.1868852173913,9.93400000000003,10.456,0.118300129331751,10.0256,10.3646,11,2013,308
2013-11-05,10.0370226086957,9.78399999999999,10.478,0.202225013126343,9.83199999999999,10.354,11,2013,309
2013-11-06,9.9969652173913,9.78899999999999,10.343,0.153297252318984,9.83240000000001,10.2412,11,2013,310
2013-11-07,10.097267826087,9.89600000000002,10.329,0.0932951253229725,9.96499999999997,10.2196,11,2013,311
2013-11-08,9.88167652173913,9.56400000000002,10.262,0.156538469367954,9.69640000000002,10.1166,11,2013,312
2013-11-09,9.84157217391304,9.428,10.207,0.177529664571185,9.6354,10.0978,11,2013,313
2013-11-10,9.87371304347826,9.68000000000001,10.16,0.113795997340662,9.75039999999999,10.0584,11,2013,314
2013-11-11,9.85263130434783,9.70800000000003,10.067,0.0752753116067569,9.779,9.97060000000001,11,2013,315
2013-11-12,9.70345739130435,9.43299999999999,9.97399999999999,0.134478193419521,9.51799999999997,9.88320000000001,11,2013,316
2013-11-13,9.39763652173913,9.053,9.815,0.193239461820316,9.1804,9.71239999999999,11,2013,317
2013-11-14,9.36978956521739,8.94999999999999,9.964,0.259111513054796,9.09580000000001,9.80960000000001,11,2013,318
2013-11-15,9.49379130434783,9.04300000000001,10.169,0.268179697401705,9.18299999999998,9.92160000000001,11,2013,319
2013-11-16,9.28308695652174,8.90199999999999,9.64999999999998,0.201775972177159,9.0204,9.5576,11,2013,320
2013-11-17,9.02664173913043,8.81400000000002,9.26900000000001,0.107951839486588,8.88099999999997,9.16759999999999,11,2013,321
2013-11-18,9.26881391304348,8.98099999999999,9.541,0.130004242015323,9.08699999999999,9.423,11,2013,322
2013-11-19,9.34705043478261,8.96199999999999,9.82400000000001,0.22488763565704,9.06639999999999,9.6826,11,2013,323
2013-11-20,9.17583130434783,8.84199999999998,9.58800000000002,0.202098367726815,8.90899999999999,9.45299999999999,11,2013,324
2013-11-21,9.00019652173913,8.75299999999999,9.51600000000002,0.153742016551708,8.7942,9.2104,11,2013,325
2013-11-22,9.06577913043478,8.786,9.35199999999998,0.134906542367147,8.88,9.24240000000002,11,2013,326
2013-11-23,9.13151130434783,8.75599999999997,9.59699999999998,0.231647694762356,8.83299999999997,9.4628,11,2013,327
2013-11-24,8.9762052173913,8.60399999999998,9.56400000000002,0.230335975577426,8.65039999999999,9.23639999999999,11,2013,328
2013-11-25,8.74494608695652,8.58100000000002,8.935,0.0680478583469179,8.649,8.83499999999998,11,2013,329
2013-11-26,8.51798956521739,8.41300000000001,8.70400000000001,0.06530811371269,8.44099999999997,8.6192,11,2013,330
2013-11-27,8.67230782608696,8.541,8.83999999999997,0.0646343577361906,8.58339999999998,8.75299999999999,11,2013,331
2013-11-28,7.98912869565217,7.84500000000003,8.24900000000002,0.0903588131611489,7.8784,8.11860000000001,11,2013,332
2013-11-29,7.68670434782609,7.50700000000001,8.13499999999999,0.128072930409637,7.54899999999998,7.86860000000001,11,2013,333
2013-11-30,7.58222086956522,7.37299999999999,8.16699999999997,0.164447893474596,7.41500000000002,7.8188,11,2013,334
2013-12-01,7.64814782608696,7.47899999999998,8.08800000000002,0.130763960252874,7.51239999999999,7.83860000000001,12,2013,335
2013-12-02,7.80953217391304,7.66899999999998,8.00900000000001,0.0819010318329433,7.70400000000001,7.92760000000001,12,2013,336
2013-12-03,7.37620347826087,7.15499999999997,7.714,0.151074278480959,7.19600000000003,7.60359999999999,12,2013,337
2013-12-04,7.38934086956522,7.09399999999999,7.80900000000003,0.185317315162113,7.16139999999999,7.66220000000001,12,2013,338
2013-12-05,7.41145043478261,7.15300000000002,7.75400000000002,0.151386509148768,7.21840000000001,7.61960000000001,12,2013,339
2013-12-06,7.20673217391304,7.00400000000002,7.613,0.129914503880193,7.053,7.39520000000001,12,2013,340
2013-12-07,7.22610608695652,6.93200000000002,7.697,0.167412572891606,7.0128,7.4616,12,2013,341
2013-12-08,7.87493739130435,7.57499999999999,8.25400000000002,0.158430420576083,7.66540000000001,8.0976,12,2013,342
2013-12-09,6.70760869565217,6.423,7.16199999999998,0.149369889990427,6.50839999999999,6.90220000000002,12,2013,343
2013-12-10,6.67830086956522,6.40600000000001,7.06999999999999,0.139345601926455,6.48939999999999,6.863,12,2013,344
2013-12-11,6.92040869565217,6.63,7.34800000000001,0.193927233005726,6.709,7.2376,12,2013,345
2013-12-12,6.8472347826087,6.50299999999999,7.33100000000002,0.242117169004468,6.5804,7.22720000000002,12,2013,346
2013-12-13,6.60641739130435,6.32400000000001,7.14800000000002,0.215012582996534,6.35040000000001,6.916,12,2013,347
2013-12-14,6.47089391304348,6.13600000000002,7.125,0.20721165486193,6.2354,6.7492,12,2013,348
2013-12-15,6.41000869565217,6.24700000000001,6.80099999999999,0.13613920522581,6.26299999999998,6.61319999999999,12,2013,349
2013-12-16,6.30538782608696,6.14600000000002,6.83699999999999,0.102008646511146,6.2018,6.42479999999999,12,2013,350
2013-12-17,6.32886782608696,6.06599999999997,7.08199999999999,0.221271649287401,6.10300000000001,6.66859999999999,12,2013,351
2013-12-18,6.1122052173913,5.85899999999998,6.76900000000001,0.190497184558323,5.9014,6.4006,12,2013,352
2013-12-19,5.86229217391304,5.41699999999997,6.84399999999999,0.336032137469786,5.48139999999998,6.34300000000002,12,2013,353
2013-12-20,6.00994260869565,5.58800000000002,6.81299999999999,0.300271053815938,5.66899999999998,6.4694,12,2013,354
2013-12-21,6.45818782608696,6.12599999999998,6.839,0.176691751683155,6.21840000000001,6.70219999999999,12,2013,355
2013-12-22,5.74279130434783,5.59100000000001,5.95699999999999,0.0813142799228764,5.6344,5.85199999999998,12,2013,356
2013-12-23,5.84775652173913,5.45299999999997,6.22899999999998,0.180463832859826,5.60099999999999,6.09300000000002,12,2013,357
2013-12-24,5.50651304347826,4.97500000000002,6.11599999999999,0.252751229597446,5.17979999999998,5.846,12,2013,358
2013-12-25,5.51185043478261,5.16000000000003,6.04500000000002,0.191374476184334,5.26600000000002,5.77760000000001,12,2013,359
2013-12-26,5.51199478260869,5.096,5.96699999999998,0.184678310502192,5.25139999999999,5.73760000000001,12,2013,360
2013-12-27,5.43334260869565,4.93200000000002,5.92000000000002,0.18331149355439,5.19459999999999,5.65619999999998,12,2013,361
2013-12-28,5.49199304347826,4.88799999999998,6.11099999999999,0.211745985371294,5.22500000000002,5.76900000000002,12,2013,362
2013-12-29,5.52922086956522,4.84699999999998,6.096,0.234657965002921,5.2244,5.82280000000002,12,2013,363
2013-12-30,5.33596,4.74200000000002,5.94200000000001,0.240101895036254,5.04380000000001,5.67260000000001,12,2013,364
2013-12-31,4.91289043478261,4.50900000000001,5.25,0.150842454775514,4.70379999999998,5.10859999999999,12,2013,365
2014-01-01,4.7576347826087,4.23700000000002,5.28800000000001,0.201162021929608,4.48380000000001,5.02220000000002,1,2014,1
2014-01-02,4.70819130434783,4.16899999999998,5.25900000000001,0.231627031681942,4.40079999999998,5.01980000000002,1,2014,2
2014-01-03,4.53258782608696,4.09800000000001,4.952,0.183355585088769,4.2694,4.74960000000001,1,2014,3
2014-01-04,4.28233043478261,3.68000000000001,4.767,0.266278571015796,3.9024,4.61660000000001,1,2014,4
2014-01-05,4.30847304347826,3.66699999999997,4.91899999999998,0.286445066007471,3.9014,4.6626,1,2014,5
2014-01-06,4.28761217391304,3.79300000000001,4.76499999999999,0.230862745302508,3.97739999999999,4.589,1,2014,6
2014-01-07,4.05382260869565,3.59199999999998,4.76299999999998,0.241235098314255,3.76079999999999,4.38799999999999,1,2014,7
2014-01-08,4.08268,3.59399999999999,4.55500000000001,0.219618227190471,3.78680000000001,4.38400000000001,1,2014,8
2014-01-09,4.16540347826087,3.72699999999998,4.73399999999998,0.208002556240337,3.90420000000001,4.44419999999999,1,2014,9
2014-01-10,4.12719304347826,3.69200000000001,4.55500000000001,0.173645818650488,3.88980000000001,4.351,1,2014,10
2014-01-11,4.20052695652174,3.762,4.56599999999997,0.185203924391625,3.9384,4.44099999999997,1,2014,11
2014-01-12,4.11771478260869,3.67399999999998,4.57299999999998,0.187480643480996,3.8672,4.3556,1,2014,12
2014-01-13,4.03229739130435,3.57999999999998,4.55599999999998,0.209755665665786,3.75160000000001,4.30260000000001,1,2014,13
2014-01-14,4.19426434782608,3.83299999999997,4.59199999999998,0.170504947045903,3.9648,4.40980000000001,1,2014,14
2014-01-15,4.32133391304348,4.04399999999998,4.68299999999999,0.157669613823218,4.11580000000001,4.5472,1,2014,15
2014-01-16,4.36150260869565,4.11200000000002,4.69799999999998,0.142116381039391,4.17839999999999,4.56179999999999,1,2014,16
2014-01-17,4.31745913043478,4.125,4.55000000000001,0.103846180719916,4.1804,4.45859999999999,1,2014,17
2014-01-18,4.09226260869565,3.88,4.35899999999998,0.113780516036005,3.93940000000001,4.24820000000002,1,2014,18
2014-01-19,3.72038086956522,3.52800000000002,3.964,0.108537390509517,3.57900000000001,3.87120000000001,1,2014,19
2014-01-20,3.3586747826087,3.15100000000001,3.73000000000002,0.129368785072478,3.19839999999999,3.54079999999998,1,2014,20
2014-01-21,3.28665391304348,3.08299999999997,3.78899999999999,0.152949811453011,3.11339999999999,3.50900000000001,1,2014,21
2014-01-22,3.28994434782609,3.03199999999998,3.96499999999997,0.212963616901857,3.07499999999999,3.63919999999998,1,2014,22
2014-01-23,3.27709391304348,3.01100000000002,3.95400000000001,0.223486746049398,3.05500000000001,3.6312,1,2014,23
2014-01-24,3.35323652173913,3.13499999999999,3.89999999999998,0.183292362910923,3.1634,3.64020000000002,1,2014,24
2014-01-25,3.54610608695652,3.39400000000001,3.74599999999998,0.0901714446086716,3.4304,3.67719999999999,1,2014,25
2014-01-26,3.59487304347826,3.45699999999999,3.803,0.0797824757440067,3.48899999999998,3.70259999999998,1,2014,26
2014-01-27,3.99798608695652,3.822,4.17399999999998,0.0884869514258487,3.87799999999999,4.11700000000002,1,2014,27
2014-01-28,3.58986608695652,3.28800000000001,4.11599999999999,0.203344281134733,3.34540000000002,3.89459999999999,1,2014,28
2014-01-29,3.37637391304348,3.00400000000002,4.27300000000002,0.310847113368796,3.05339999999999,3.87519999999998,1,2014,29
2014-01-30,3.32254956521739,2.92700000000002,4.24099999999999,0.324337175444391,2.97800000000001,3.84819999999999,1,2014,30
2014-01-31,3.47687130434782,3.20299999999997,4.233,0.244147012876216,3.226,3.86420000000002,1,2014,31
2014-02-01,3.73023652173913,3.57999999999998,4.04500000000002,0.109820203337325,3.613,3.9016,2,2014,32
2014-02-02,4.0286452173913,3.89300000000003,4.17899999999997,0.0665279751006248,3.94139999999999,4.12360000000001,2,2014,33
2014-02-03,3.66472869565217,3.54199999999997,4.12799999999999,0.107541983346476,3.56139999999999,3.80500000000001,2,2014,34
2014-02-04,3.47302086956522,3.30200000000002,4.13299999999998,0.165156950743931,3.31299999999999,3.69219999999998,2,2014,35
2014-02-05,3.41328695652174,3.22899999999998,3.89100000000002,0.128111365780383,3.26740000000001,3.5816,2,2014,36
2014-02-06,3.0998052173913,2.85000000000002,3.565,0.156306632576374,2.90899999999999,3.33259999999998,2,2014,37
2014-02-07,3.09669739130435,2.59399999999999,3.74099999999999,0.297402235117884,2.73019999999998,3.55000000000001,2,2014,38
2014-02-08,3.19322086956522,2.67000000000002,3.92099999999999,0.323349141269188,2.81599999999997,3.7076,2,2014,39
2014-02-09,3.30359652173913,2.80099999999999,3.97800000000001,0.303533810643738,2.9374,3.7648,2,2014,40
2014-02-10,2.92178086956522,2.52300000000002,3.52100000000002,0.212945963232652,2.64560000000001,3.22999999999997,2,2014,41
2014-02-11,2.81299826086957,2.40899999999999,3.32900000000001,0.202685029667525,2.52800000000002,3.05960000000001,2,2014,42
2014-02-12,2.82997739130435,2.41399999999999,3.43799999999999,0.220453178742275,2.5274,3.11279999999998,2,2014,43
2014-02-13,2.74184,2.37200000000001,3.48099999999999,0.223154355416746,2.46519999999999,3.0482,2,2014,44
2014-02-14,2.45501565217391,2.05700000000002,2.97899999999998,0.215564912409,2.1634,2.7476,2,2014,45
2014-02-15,2.40719304347826,1.95299999999997,2.97800000000001,0.26557089111829,2.05240000000001,2.77060000000001,2,2014,46
2014-02-16,2.5295652173913,2.13600000000002,3.02800000000002,0.226742564212574,2.2364,2.85159999999998,2,2014,47
2014-02-17,2.50242086956522,2.089,2.96800000000002,0.196142939014829,2.23580000000002,2.75080000000002,2,2014,48
2014-02-18,2.4886452173913,2.03399999999999,3.03100000000001,0.20758565514891,2.21600000000001,2.75419999999999,2,2014,49
2014-02-19,2.59683130434783,2.09899999999999,3.01999999999998,0.21938633384571,2.28739999999999,2.87460000000001,2,2014,50
2014-02-20,2.69375130434783,2.29199999999997,3.05200000000002,0.182522192992269,2.4424,2.9326,2,2014,51
2014-02-21,2.72714260869565,2.38900000000001,3.01400000000001,0.159425439991639,2.50440000000001,2.94,2,2014,52
2014-02-22,2.63586434782609,2.28100000000001,2.96899999999999,0.179706668749133,2.38499999999998,2.87099999999998,2,2014,53
2014-02-23,2.19076173913043,1.73599999999999,2.85599999999999,0.290163459754602,1.85199999999998,2.635,2,2014,54
2014-02-24,1.88947304347826,1.447,2.50799999999998,0.2852350804185,1.52840000000001,2.3008,2,2014,55
2014-02-25,1.54425913043478,1.142,2.40800000000002,0.363956257636972,1.18400000000003,2.14339999999999,2,2014,56
2014-02-26,1.56992347826087,0.990000000000009,2.64600000000002,0.483190832791563,1.05240000000001,2.34800000000002,2,2014,57
2014-02-27,1.52045217391304,0.911000000000001,2.65100000000001,0.506315997435597,0.981399999999985,2.32860000000001,2,2014,58
2014-02-28,1.57258086956522,1.13799999999998,2.60699999999997,0.374358806042096,1.1958,2.16499999999998,2,2014,59
2014-03-01,1.76660347826087,1.464,2.53800000000001,0.257003374457719,1.5306,2.17380000000001,3,2014,60
2014-03-02,1.94114782608696,1.63299999999998,2.33299999999997,0.169606556573507,1.7234,2.18280000000001,3,2014,61
2014-03-03,1.82097565217391,1.49900000000002,2.30900000000003,0.200079294642966,1.57640000000001,2.11880000000001,3,2014,62
2014-03-04,1.85907826086956,1.55099999999999,2.30599999999998,0.196924929002082,1.6204,2.16199999999998,3,2014,63
2014-03-05,1.8282852173913,1.49599999999998,2.27699999999999,0.180571109200662,1.596,2.08020000000001,3,2014,64
2014-03-06,1.91252,1.58499999999998,2.33499999999998,0.169626354700733,1.69440000000001,2.14520000000001,3,2014,65
2014-03-07,1.98194782608696,1.56400000000002,2.56999999999999,0.224712074524053,1.71439999999999,2.30599999999999,3,2014,66
2014-03-08,2.23932173913043,1.84100000000001,2.70400000000001,0.197578059721673,1.988,2.5256,3,2014,67
2014-03-09,2.54877217391304,2.04899999999998,2.89300000000003,0.182518345003145,2.2856,2.77100000000002,3,2014,68
2014-03-10,2.83714956521739,2.221,3.23000000000002,0.224781780114432,2.51079999999999,3.108,3,2014,69
2014-03-11,3.03782260869565,2.55399999999997,3.44,0.204046972738572,2.7486,3.30519999999998,3,2014,70
2014-03-12,2.26227130434782,2.03300000000002,2.44999999999999,0.0984475990059563,2.12,2.38499999999999,3,2014,71
2014-03-13,2.07358086956522,1.82999999999998,2.26800000000003,0.104106368058457,1.92599999999999,2.20600000000002,3,2014,72
2014-03-14,2.09074782608696,1.673,2.39499999999998,0.19112604354333,1.81599999999997,2.3306,3,2014,73
2014-03-15,2.25357391304348,1.65499999999997,2.74599999999998,0.320283472571729,1.78580000000001,2.63400000000001,3,2014,74
2014-03-16,1.92477217391304,1.17700000000002,2.49400000000003,0.341945140868726,1.4242,2.33879999999998,3,2014,75
2014-03-17,1.53135826086956,1.12099999999998,1.88900000000001,0.195523723567771,1.2378,1.78199999999998,3,2014,76
2014-03-18,1.44472695652174,0.819999999999993,2.19900000000001,0.385072756897749,0.921400000000006,1.99740000000002,3,2014,77
2014-03-19,1.52289913043478,0.946000000000026,2.31,0.351161770571258,1.06539999999999,2.03119999999999,3,2014,78
2014-03-20,1.63718608695652,1.18599999999998,2.11000000000001,0.228888288443463,1.3364,1.96300000000002,3,2014,79
2014-03-21,1.74527130434783,1.02800000000002,2.21300000000002,0.315454071480228,1.32339999999999,2.13,3,2014,80
2014-03-22,1.69567130434783,0.896999999999991,2.21699999999998,0.354060145869166,1.21299999999999,2.12,3,2014,81
2014-03-23,1.5470852173913,0.886000000000024,2.17200000000003,0.357222436350188,1.07180000000001,2.0268,3,2014,82
2014-03-24,1.41013217391304,0.790999999999997,2.01999999999998,0.367255140059766,0.911200000000019,1.9028,3,2014,83
2014-03-25,1.20095652173913,0.690999999999974,1.72000000000003,0.308163153970801,0.794200000000001,1.62559999999999,3,2014,84
2014-03-26,1.42222956521739,0.856999999999971,2.00099999999998,0.323526086108474,0.981999999999971,1.875,3,2014,85
2014-03-27,1.63587826086957,1.15100000000001,2.262,0.326884116426422,1.20739999999998,2.1202,3,2014,86
2014-03-28,2.3238747826087,1.94299999999998,2.71800000000002,0.209443833723808,2.04199999999997,2.608,3,2014,87
2014-03-29,2.5381652173913,1.87,2.976,0.299845097361547,2.0604,2.88299999999998,3,2014,88
2014-03-30,2.50736173913044,2.09699999999998,2.88900000000001,0.227263261815864,2.15800000000002,2.79259999999999,3,2014,89
2014-03-31,2.38885739130435,2.02600000000001,2.76999999999998,0.206163006386309,2.09300000000002,2.65920000000002,3,2014,90
2014-04-01,2.25668,1.69299999999998,2.84199999999998,0.336897416949194,1.78279999999999,2.69259999999999,4,2014,91
2014-04-02,2.47012869565217,1.91699999999997,3.02100000000002,0.368840273250687,1.98139999999999,2.9632,4,2014,92
2014-04-03,2.49440695652174,1.97399999999999,3.01499999999999,0.353180232468601,2.03279999999999,2.95999999999998,4,2014,93
2014-04-04,2.58830260869565,2.13799999999998,3.11700000000002,0.294541293834448,2.2234,3.00460000000001,4,2014,94
2014-04-05,2.66981217391304,2.19900000000001,3.202,0.260377291632505,2.31,3.0174,4,2014,95
2014-04-06,3.37836869565217,2.75200000000001,3.81900000000002,0.320980867786898,2.9154,3.78199999999998,4,2014,96
2014-04-07,3.61756695652174,2.73199999999997,4.01299999999998,0.269350985262031,3.28039999999999,3.90559999999999,4,2014,97
2014-04-08,3.89423130434783,2.99700000000001,4.202,0.230772299183839,3.55700000000002,4.14220000000003,4,2014,98
2014-04-09,3.86049913043478,2.94900000000001,4.24299999999999,0.259374185694755,3.48199999999997,4.14100000000002,4,2014,99
2014-04-10,3.66452,2.89699999999999,4.04399999999998,0.304222117415447,3.18160000000001,3.9686,4,2014,100
2014-04-11,3.74458608695652,3.44,3.947,0.13856824812334,3.55179999999999,3.928,4,2014,101
2014-04-12,3.78534260869565,3.55399999999997,3.91699999999997,0.0773455694827992,3.678,3.88059999999998,4,2014,102
2014-04-13,4.51446608695652,4.20100000000002,4.77499999999998,0.134849632923007,4.32140000000002,4.68960000000001,4,2014,103
2014-04-14,4.76924173913044,4.52300000000002,4.98599999999999,0.112822155062418,4.61240000000001,4.91560000000001,4,2014,104
2014-04-15,4.1071547826087,3.54300000000001,4.49299999999999,0.234239592729324,3.76819999999999,4.4126,4,2014,105
2014-04-16,4.38746782608696,3.43599999999998,4.90899999999999,0.357661571770333,3.85300000000001,4.8308,4,2014,106
2014-04-17,4.37404,3.36200000000002,4.95600000000002,0.377188235893124,3.82579999999998,4.8486,4,2014,107
2014-04-18,4.46593739130435,4.13400000000001,4.673,0.145936634536374,4.24000000000001,4.6386,4,2014,108
2014-04-19,5.35298260869565,4.745,5.79500000000002,0.205211634728702,5.10019999999998,5.66420000000002,4,2014,109
2014-04-20,5.56362608695652,5.00099999999998,5.839,0.158696402286797,5.35160000000001,5.76600000000002,4,2014,110
2014-04-21,5.48188869565217,5.06099999999998,5.93400000000003,0.190290383620586,5.2412,5.74700000000001,4,2014,111
2014-04-22,5.35065217391304,5,5.596,0.119699481679143,5.18599999999998,5.49799999999999,4,2014,112
2014-04-23,5.28672,4.94900000000001,5.50400000000002,0.121826902963649,5.10120000000002,5.43360000000001,4,2014,113
2014-04-24,4.94518260869565,4.75900000000001,5.238,0.115354957620114,4.8054,5.11160000000001,4,2014,114
2014-04-25,5.04134260869565,4.78899999999999,5.303,0.135318835691246,4.83800000000002,5.209,4,2014,115
2014-04-26,5.66513391304348,5.18700000000001,5.98500000000001,0.194067378869509,5.41779999999998,5.93400000000003,4,2014,116
2014-04-27,5.99624347826087,5.62799999999999,6.40600000000001,0.191091700960649,5.7246,6.24360000000001,4,2014,117
2014-04-28,6.12176695652174,5.72399999999999,6.584,0.203589584987261,5.84500000000003,6.39780000000001,4,2014,118
2014-04-29,6.12602260869565,5.80200000000002,6.411,0.143859365039469,5.9288,6.3236,4,2014,119
2014-04-30,6.09710260869565,5.88299999999998,6.27600000000001,0.0890872311236615,5.98239999999998,6.22399999999999,4,2014,120
2014-05-01,6.37664695652174,6.27100000000002,6.52199999999999,0.0386178753941049,6.3244,6.42160000000001,5,2014,121
2014-05-02,6.39628695652174,6.18900000000002,6.77100000000002,0.0896429974390089,6.30399999999997,6.5086,5,2014,122
2014-05-03,6.55008347826087,6.25400000000002,6.976,0.195421682866109,6.32499999999999,6.8646,5,2014,123
2014-05-04,6.64593913043478,6.22699999999998,7.41699999999997,0.299874389700997,6.35239999999999,7.13339999999998,5,2014,124
2014-05-05,7.31201043478261,6.78300000000002,7.52699999999999,0.155820822776631,7.04839999999999,7.44200000000001,5,2014,125
2014-05-06,7.42018608695652,7.12200000000001,7.92200000000003,0.203871112392391,7.18700000000001,7.74360000000001,5,2014,126
2014-05-07,7.46330434782609,7.173,8.03699999999998,0.216077462797023,7.22300000000001,7.78220000000001,5,2014,127
2014-05-08,7.57360347826087,7.28699999999998,7.94799999999998,0.159447596019452,7.3824,7.8204,5,2014,128
2014-05-09,7.7999147826087,7.49000000000001,8.02300000000002,0.12925216975883,7.60239999999999,7.94900000000001,5,2014,129
2014-05-10,9.06972173913044,8.61700000000002,9.25099999999998,0.145459691114516,8.84699999999998,9.21899999999999,5,2014,130
2014-05-11,9.47757565217391,9.20400000000001,9.84300000000002,0.172976748448199,9.25999999999999,9.7202,5,2014,131
2014-05-12,9.4806,9.05700000000002,10.046,0.255578492549076,9.16800000000001,9.83759999999999,5,2014,132
2014-05-13,9.51188173913044,9.20699999999999,9.86700000000002,0.183568014520935,9.27840000000001,9.7706,5,2014,133
2014-05-14,9.39654608695652,8.96499999999997,9.53100000000001,0.115250571802763,9.21159999999999,9.50400000000002,5,2014,134
2014-05-15,9.42526608695652,8.69499999999999,9.827,0.254816987987587,9.05179999999998,9.71499999999997,5,2014,135
2014-05-16,9.40154434782609,8.91800000000001,9.60599999999999,0.154006971985323,9.16639999999999,9.55900000000003,5,2014,136
2014-05-17,9.44651304347826,8.983,9.70699999999999,0.135424675002771,9.26299999999998,9.6056,5,2014,137
2014-05-18,9.51135652173913,8.97300000000001,9.86099999999999,0.16056160102301,9.30400000000002,9.71100000000002,5,2014,138
2014-05-19,9.35213217391304,8.88499999999999,9.53500000000003,0.134471063133223,9.14939999999999,9.48700000000002,5,2014,139
2014-05-20,9.23033913043478,8.77999999999997,9.536,0.167237937225158,8.99480000000001,9.42859999999998,5,2014,140
2014-05-21,8.80800347826087,8.36399999999998,9.26999999999998,0.228719934308863,8.49280000000002,9.1192,5,2014,141
2014-05-22,9.00911304347826,8.51499999999999,9.46899999999999,0.247800532533019,8.66239999999999,9.34460000000001,5,2014,142
2014-05-23,9.36516869565217,8.85199999999998,9.83800000000002,0.255241617568311,9.00419999999998,9.70520000000001,5,2014,143
2014-05-24,9.96326956521739,9.517,10.324,0.195761798018406,9.69039999999999,10.2286,5,2014,144
2014-05-25,10.1141026086957,9.75200000000001,10.402,0.152245612044849,9.9064,10.318,5,2014,145
2014-05-26,9.89117217391304,9.51600000000002,10.183,0.164381927351187,9.6622,10.1122,5,2014,146
2014-05-27,9.49830086956522,9.23500000000001,9.64800000000002,0.0853658140697204,9.37560000000001,9.60159999999999,5,2014,147
2014-05-28,9.59610086956522,9.108,9.755,0.116763065654275,9.43240000000001,9.71699999999998,5,2014,148
2014-05-29,9.70926956521739,9.10199999999998,9.88999999999999,0.140169007105518,9.5168,9.84460000000001,5,2014,149
2014-05-30,9.89157565217391,9.62400000000002,10.149,0.132612075137797,9.7484,10.0866,5,2014,150
2014-05-31,11.2937460869565,10.695,11.642,0.188846558146713,11.0644,11.5796,5,2014,151
2014-06-01,11.3673860869565,10.906,11.728,0.211456836102106,11.0664,11.6738,6,2014,152
2014-06-02,11.6692608695652,11.439,11.858,0.0920173903194049,11.5314,11.782,6,2014,153
2014-06-03,12.029467826087,11.775,12.194,0.0878889380209503,11.9004,12.1456,6,2014,154
2014-06-04,12.2349965217391,12,12.463,0.0990506504106146,12.1138,12.389,6,2014,155
2014-06-05,12.297387826087,12.08,12.521,0.0955708916036732,12.173,12.4296,6,2014,156
2014-06-06,12.365507826087,12.204,12.602,0.0872651224355873,12.2534,12.4932,6,2014,157
2014-06-07,12.3985965217391,12.259,12.618,0.0824442837205473,12.3014,12.522,6,2014,158
2014-06-08,12.4945791304348,12.344,12.749,0.0935009190508526,12.388,12.6366,6,2014,159
2014-06-09,12.8860904347826,12.532,13.304,0.171738585160953,12.658,13.1246,6,2014,160
2014-06-10,13.8689982608696,13.634,14.022,0.07729394320066,13.7468,13.957,6,2014,161
2014-06-11,13.8516782608696,13.676,14.027,0.0692643710576761,13.754,13.9446,6,2014,162
2014-06-12,14.0698643478261,13.831,14.241,0.0881294919445318,13.933,14.175,6,2014,163
2014-06-13,13.7549582608696,13.438,14.013,0.141389612931975,13.5478,13.933,6,2014,164
2014-06-14,13.4642939130435,13.183,13.705,0.11434929775334,13.31,13.614,6,2014,165
2014-06-15,13.3508991304348,13.073,13.608,0.123687056984328,13.188,13.5186,6,2014,166
2014-06-16,13.1246504347826,12.761,13.49,0.192913552959133,12.8584,13.396,6,2014,167
2014-06-17,13.8250191304348,13.337,14.176,0.217834770957867,13.5014,14.0986,6,2014,168
2014-06-18,14.321092173913,13.688,14.748,0.236041225488861,13.9552,14.597,6,2014,169
2014-06-19,14.5969669565217,13.849,14.997,0.267529015561959,14.1476,14.854,6,2014,170
2014-06-20,14.4197252173913,13.564,15.004,0.352660951428745,13.839,14.7898,6,2014,171
2014-06-21,13.9794626086957,13.354,14.73,0.300740673783491,13.56,14.4266,6,2014,172
2014-06-22,13.8875704347826,13.483,14.433,0.187470652278798,13.6276,14.1516,6,2014,173
2014-06-23,14.3669530434783,14.145,14.951,0.174237851231289,14.183,14.612,6,2014,174
2014-06-24,14.5916556521739,14.259,15.019,0.158689437783333,14.441,14.8396,6,2014,175
2014-06-25,14.3597634782609,14.15,14.576,0.0796373513062336,14.2554,14.4652,6,2014,176
2014-06-26,14.5606208695652,14.402,14.764,0.0821692541239385,14.46,14.6716,6,2014,177
2014-06-27,14.9397495652174,14.63,15.158,0.085858808998047,14.8414,15.0666,6,2014,178
2014-06-28,15.37604,15.069,15.742,0.135382771846685,15.231,15.5812,6,2014,179
2014-06-29,15.7984434782609,15.402,16.059,0.141801770118667,15.5978,15.9942,6,2014,180
2014-06-30,16.1932991304348,15.774,16.568,0.205243887173867,15.8978,16.4772,6,2014,181
2014-07-01,16.8925026086957,16.321,17.303,0.217442938752657,16.585,17.1702,7,2014,182
2014-07-02,16.99144,16.424,17.371,0.218414550382558,16.6814,17.2586,7,2014,183
2014-07-03,16.5722713043478,15.993,17.057,0.227248408482223,16.2564,16.8662,7,2014,184
2014-07-04,16.3411947826087,15.71,16.893,0.252534712087207,15.993,16.6782,7,2014,185
2014-07-05,16.0816034782609,15.414,16.632,0.262235011738724,15.7188,16.4176,7,2014,186
2014-07-06,15.5684313043478,15.015,16.034,0.215413632727068,15.2694,15.8518,7,2014,187
2014-07-07,16.1084347826087,15.416,16.563,0.254733252927346,15.749,16.4378,7,2014,188
2014-07-08,16.3323443478261,15.708,16.774,0.235548894955721,16.0038,16.6372,7,2014,189
2014-07-09,16.2453252173913,15.775,16.612,0.20643108114315,15.9512,16.5076,7,2014,190
2014-07-10,16.0465791304348,15.59,16.535,0.230395539866083,15.7294,16.3446,7,2014,191
2014-07-11,16.1834347826087,15.677,16.614,0.219376997610837,15.8748,16.4632,7,2014,192
2014-07-12,16.3941826086957,15.809,16.826,0.23480066357102,16.0614,16.6696,7,2014,193
2014-07-13,16.217587826087,15.592,16.784,0.286850193741344,15.8206,16.6,7,2014,194
2014-07-14,16.3538626086957,15.702,17.072,0.325581832833516,15.915,16.7926,7,2014,195
2014-07-15,14.6465704347826,14.004,15.434,0.322455179872822,14.217,15.091,7,2014,196
2014-07-16,14.4938486956522,13.981,15.089,0.249585753791522,14.1448,14.8206,7,2014,197
2014-07-17,14.9496765217391,14.37,15.921,0.348963152695382,14.524,15.4506,7,2014,198
2014-07-18,15.3999773913043,14.761,16.353,0.354715876648471,14.9758,15.9236,7,2014,199
2014-07-19,16.62828,16.175,17.08,0.225402805989044,16.3128,16.9246,7,2014,200
2014-07-20,16.8546295652174,16.436,17.504,0.215828329385858,16.5924,17.1506,7,2014,201
2014-07-21,16.9199460869565,16.636,17.579,0.200720988456083,16.719,17.2382,7,2014,202
2014-07-22,17.1943443478261,16.739,18.361,0.386672046393193,16.7884,17.7836,7,2014,203
2014-07-23,18.1636469565217,17.651,19.021,0.308414138888776,17.8274,18.6498,7,2014,204
2014-07-24,18.2757982608696,17.841,18.683,0.177754198401148,18.042,18.5096,7,2014,205
2014-07-25,18.1493930434783,17.656,18.575,0.161302058134703,17.9714,18.3714,7,2014,206
2014-07-26,18.2254765217391,17.661,18.739,0.197248792443159,17.97,18.4912,7,2014,207
2014-07-27,17.3959286956522,16.56,18.437,0.421455144894096,16.884,18.026,7,2014,208
2014-07-28,16.1470226086957,15.711,16.761,0.249693989391276,15.8394,16.5082,7,2014,209
2014-07-29,15.7591113043478,15.167,16.733,0.429075862294415,15.2834,16.4494,7,2014,210
2014-07-30,16.1673495652174,15.669,16.819,0.246291981113093,15.839,16.5132,7,2014,211
2014-07-31,17.1543339130435,16.588,17.842,0.29218995268011,16.7674,17.5366,7,2014,212
2014-08-01,17.4676173913043,16.912,17.988,0.25120125968583,17.1372,17.7936,8,2014,213
2014-08-02,17.6157669565217,17.41,17.87,0.0958840651958984,17.512,17.76,8,2014,214
2014-08-03,18.4035895652174,17.7,19.017,0.3178757321275,17.9956,18.8632,8,2014,215
2014-08-04,18.9852956521739,18.611,19.226,0.145876730328886,18.7788,19.1646,8,2014,216
2014-08-05,19.2037634782609,18.848,19.402,0.115312375571774,19.0464,19.3432,8,2014,217
2014-08-06,19.0940365217391,18.659,19.488,0.182554560757561,18.8442,19.3276,8,2014,218
2014-08-07,18.6466069565217,18.246,19.347,0.211014197600904,18.4078,18.9312,8,2014,219
2014-08-08,18.2710695652174,17.873,18.734,0.189655479032805,18.0284,18.5372,8,2014,220
2014-08-09,18.2528486956522,17.774,18.428,0.139893226061068,18.0404,18.363,8,2014,221
2014-08-10,18.1496939130435,17.576,18.438,0.169213430002462,17.9132,18.305,8,2014,222
2014-08-11,18.1359356521739,17.629,18.518,0.170931566370172,17.9352,18.367,8,2014,223
2014-08-12,18.2073026086957,17.658,18.475,0.11383107897328,18.0734,18.317,8,2014,224
2014-08-13,17.7756017391304,17.219,18.293,0.223714429552503,17.4764,18.0626,8,2014,225
2014-08-14,16.6103808695652,16.373,16.935,0.154226075006096,16.3984,16.8148,8,2014,226
2014-08-15,16.3627652173913,15.739,16.927,0.331077996706282,15.8872,16.7968,8,2014,227
2014-08-16,16.3673686956522,15.934,16.966,0.265402376247806,16.1028,16.7988,8,2014,228
2014-08-17,17.0924504347826,16.325,17.323,0.173433920066408,16.866,17.259,8,2014,229
2014-08-18,17.2324539130435,16.483,17.561,0.186590332387787,17,17.4436,8,2014,230
2014-08-19,16.9336765217391,16.383,17.3,0.138483573240897,16.7768,17.0824,8,2014,231
2014-08-20,16.8812695652174,16.343,17.471,0.202089551411943,16.618,17.1468,8,2014,232
2014-08-21,16.6798713043478,16.09,17.09,0.163695159854511,16.4938,16.8986,8,2014,233
2014-08-22,16.5727147826087,15.938,16.97,0.205212982013003,16.268,16.8256,8,2014,234
2014-08-23,16.6351008695652,16.249,16.912,0.15149610538551,16.4294,16.8212,8,2014,235
2014-08-24,16.6592226086957,16.416,16.962,0.116392938843793,16.5224,16.8366,8,2014,236
2014-08-25,16.7563669565217,16.294,17.345,0.212864966652986,16.4802,17.0536,8,2014,237
2014-08-26,17.7127947826087,16.898,18.252,0.329665836998966,17.2544,18.1206,8,2014,238
2014-08-27,17.1812313043478,16.712,17.735,0.243679139567059,16.84,17.5096,8,2014,239
2014-08-28,16.5909286956522,16.329,17.033,0.158032216076288,16.383,16.8162,8,2014,240
2014-08-29,16.3390139130435,15.855,16.769,0.199044021397714,16.0582,16.6092,8,2014,241
2014-08-30,16.1943113043478,15.803,16.681,0.20522972289048,15.9414,16.501,8,2014,242
2014-08-31,16.3410817391304,15.871,16.89,0.260680004479911,16.014,16.7466,8,2014,243
2014-09-01,16.7059843478261,16.464,16.97,0.110798345085775,16.5434,16.8436,9,2014,244
2014-09-02,17.3334,16.983,17.928,0.203194899658891,17.0994,17.6312,9,2014,245
2014-09-03,18.0434417391304,17.703,18.593,0.223581793677099,17.798,18.3712,9,2014,246
2014-09-04,18.2203026086957,17.851,18.843,0.287322553468847,17.88,18.6622,9,2014,247
2014-09-05,18.0772765217391,17.36,18.903,0.440078020151692,17.5374,18.711,9,2014,248
2014-09-06,17.9699391304348,17.521,18.704,0.32518903339176,17.598,18.482,9,2014,249
2014-09-07,17.6766834782609,17.258,17.966,0.141820544657096,17.5004,17.8762,9,2014,250
2014-09-08,17.4511113043478,16.884,18.122,0.355029514591216,16.9574,17.9326,9,2014,251
2014-09-09,16.6216382608696,16.208,17.155,0.186281879428038,16.3924,16.8588,9,2014,252
2014-09-10,16.4064434782609,15.863,17.107,0.278985225318599,16.0332,16.7878,9,2014,253
2014-09-11,15.9437217391304,15.51,16.566,0.209158057859844,15.7468,16.254,9,2014,254
2014-09-12,15.9160573913043,15.552,16.569,0.230620006271864,15.6194,16.2378,9,2014,255
2014-09-13,15.8015026086957,15.182,16.277,0.198597055613647,15.565,16.066,9,2014,256
2014-09-14,14.9652852173913,14.325,15.423,0.232643006951709,14.625,15.243,9,2014,257
2014-09-15,14.805692173913,14.387,15.262,0.163429430021591,14.6154,15.0474,9,2014,258
2014-09-16,14.9739356521739,14.52,15.523,0.178914733643883,14.789,15.239,9,2014,259
2014-09-17,15.0869617391304,14.827,15.532,0.136685306810995,14.9404,15.2882,9,2014,260
2014-09-18,15.132747826087,14.883,15.439,0.122129411248708,14.994,15.3232,9,2014,261
2014-09-19,14.8609304347826,14.556,15.158,0.102194417582383,14.741,14.997,9,2014,262
2014-09-20,14.3053739130435,14.041,14.619,0.125426746175863,14.1458,14.4796,9,2014,263
2014-09-21,14.1240330434783,13.771,14.646,0.241507959962071,13.8724,14.5258,9,2014,264
2014-09-22,14.1890834782609,13.979,14.452,0.133649666806012,14.024,14.3926,9,2014,265
2014-09-23,13.7303391304348,13.161,14.386,0.243532234519609,13.4158,14.0436,9,2014,266
2014-09-24,13.7530608695652,12.926,14.348,0.259815429226308,13.396,14.056,9,2014,267
2014-09-25,14.2459182608696,13.417,14.626,0.219046163011524,13.9272,14.4852,9,2014,268
2014-09-26,14.5749113043478,14.191,14.94,0.179022104004403,14.306,14.8042,9,2014,269
2014-09-27,14.8179965217391,14.444,15.31,0.219943055637299,14.49,15.0536,9,2014,270
2014-09-28,15.2521460869565,14.9,15.844,0.211308870026165,14.9524,15.5038,9,2014,271
2014-09-29,15.4638417391304,15.099,15.794,0.125575085457117,15.3032,15.629,9,2014,272
2014-09-30,15.3291130434783,14.884,15.638,0.157107542409129,15.1086,15.5266,9,2014,273
2014-10-01,13.8519617391304,13.486,14.117,0.121308797362465,13.6864,13.9966,10,2014,274
2014-10-02,13.879932173913,13.594,14.109,0.0939978162951796,13.761,13.9986,10,2014,275
2014-10-03,13.8753895652174,13.547,14.19,0.117676479799042,13.7394,14.019,10,2014,276
2014-10-04,13.7232834782609,13.427,13.857,0.0884719959339431,13.5854,13.797,10,2014,277
2014-10-05,13.8882417391304,13.444,14.113,0.129124507063904,13.7004,14.0462,10,2014,278
2014-10-06,13.747252173913,13.256,14.005,0.111473989050421,13.6314,13.9056,10,2014,279
2014-10-07,13.643427826087,13.196,14.021,0.170203888569827,13.4394,13.9282,10,2014,280
2014-10-08,13.6757582608696,13.253,13.928,0.112259540915623,13.5688,13.859,10,2014,281
2014-10-09,13.7361217391304,13.466,14.029,0.11079147848227,13.598,13.8906,10,2014,282
2014-10-10,13.4521617391304,13.174,13.583,0.0659315709862837,13.372,13.531,10,2014,283
2014-10-11,13.1144591304348,12.8,13.27,0.101163981739219,12.967,13.2366,10,2014,284
2014-10-12,12.9947391304348,12.621,13.249,0.157995439827266,12.787,13.212,10,2014,285
2014-10-13,12.8255182608696,12.314,13.412,0.372893665327758,12.365,13.3242,10,2014,286
2014-10-14,12.4684904347826,12.091,13.229,0.257777507504527,12.218,12.8702,10,2014,287
2014-10-15,12.4075634782609,12.26,12.739,0.106741419887445,12.3104,12.581,10,2014,288
2014-10-16,13.4037947826087,13.07,13.696,0.167366493595063,13.1582,13.6176,10,2014,289
2014-10-17,13.9559565217391,13.707,14.275,0.125740052585154,13.7944,14.0966,10,2014,290
2014-10-18,13.5824452173913,13.387,13.768,0.0909052999642017,13.4724,13.728,10,2014,291
2014-10-19,13.3956330434783,13.051,13.651,0.137410988434198,13.2112,13.5756,10,2014,292
2014-10-20,13.1260730434783,12.799,13.436,0.15160770789897,12.9322,13.3386,10,2014,293
2014-10-21,12.5883739130435,12.502,12.667,0.0448544414865742,12.5264,12.6486,10,2014,294
2014-10-22,12.58152,12.508,12.663,0.0358352190844313,12.53,12.6256,10,2014,295
2014-10-23,12.1280208695652,12.02,12.27,0.0555429292107027,12.0558,12.208,10,2014,296
2014-10-24,11.82448,11.741,12.029,0.0665943243963921,11.751,11.9286,10,2014,297
2014-10-25,11.779947826087,11.691,11.856,0.0446784570070095,11.7124,11.836,10,2014,298
2014-10-26,11.7220695652174,11.579,11.885,0.0952518870233969,11.5874,11.8556,10,2014,299
2014-10-27,11.7398365217391,11.6,11.91,0.0842541847826323,11.623,11.859,10,2014,300
2014-10-28,11.6525547826087,11.471,11.802,0.0953725504920868,11.5114,11.766,10,2014,301
2014-10-29,11.5663686956522,11.331,11.866,0.158294700665401,11.352,11.7916,10,2014,302
2014-10-30,11.4691217391304,11.179,11.809,0.195063339477514,11.216,11.7576,10,2014,303
2014-10-31,11.3270260869565,10.971,11.68,0.173313639928264,11.1032,11.5632,10,2014,304
2014-11-01,11.2044191304348,10.742,11.669,0.211237048299192,10.935,11.5296,11,2014,305
2014-11-02,10.9466591304348,10.822,11.299,0.114227760051968,10.8374,11.1256,11,2014,306
2014-11-03,10.8000104347826,10.501,11.377,0.202898070638008,10.564,11.1082,11,2014,307
2014-11-04,10.7641147826087,10.444,11.459,0.228843511281528,10.517,11.1172,11,2014,308
2014-11-05,10.7429686956522,10.466,11.249,0.195670835009674,10.5264,11.048,11,2014,309
2014-11-06,10.7229217391304,10.422,11.224,0.211003738090725,10.482,11.0522,11,2014,310
2014-11-07,10.4235826086957,10.079,10.777,0.182166261243247,10.173,10.6708,11,2014,311
2014-11-08,10.4396643478261,10.201,10.824,0.154191022637182,10.2674,10.6886,11,2014,312
2014-11-09,10.4798139130435,10.259,10.848,0.135770373171679,10.316,10.6822,11,2014,313
2014-11-10,10.455452173913,10.26,10.853,0.124355596361046,10.316,10.6354,11,2014,314
2014-11-11,10.6381165217391,10.291,11.064,0.19255412919698,10.3988,10.9378,11,2014,315
2014-11-12,10.6939773913043,10.275,11.202,0.256094776071598,10.3828,11.0944,11,2014,316
2014-11-13,10.7111686956522,10.245,11.262,0.290547712492043,10.3268,11.1576,11,2014,317
2014-11-14,10.2716730434783,9.99400000000003,10.608,0.139896206747445,10.0904,10.465,11,2014,318
2014-11-15,9.88370260869565,9.673,10.418,0.149077267258934,9.7414,10.083,11,2014,319
2014-11-16,9.86495826086956,9.59899999999999,10.352,0.16909344775486,9.67479999999998,10.1268,11,2014,320
2014-11-17,9.91247130434783,9.64999999999998,10.281,0.136122314312792,9.73099999999999,10.0866,11,2014,321
2014-11-18,9.99047652173913,9.54000000000002,10.526,0.292312954081357,9.60239999999999,10.404,11,2014,322
2014-11-19,9.91686956521739,9.41300000000001,10.464,0.305160982298534,9.51299999999998,10.3436,11,2014,323
2014-11-20,9.96917913043478,9.79500000000002,10.299,0.126691486157309,9.82140000000002,10.1646,11,2014,324
2014-11-21,9.87222608695652,9.779,10.197,0.0858716590441567,9.79899999999998,10.0086,11,2014,325
2014-11-22,9.87982608695652,9.67599999999999,10.307,0.128096875148517,9.7534,10.0742,11,2014,326
2014-11-23,10.0013443478261,9.87400000000002,10.304,0.096935714707952,9.90300000000002,10.144,11,2014,327
2014-11-24,10.1348417391304,9.94900000000001,10.407,0.106863263752457,10.0044,10.2904,11,2014,328
2014-11-25,9.91360173913043,9.64800000000002,10.271,0.141744431880393,9.73479999999998,10.1178,11,2014,329
2014-11-26,9.51585217391304,9.35199999999998,9.726,0.0845838391453663,9.40499999999997,9.6336,11,2014,330
2014-11-27,9.2260452173913,9.09300000000002,9.387,0.0695452729533291,9.13200000000001,9.322,11,2014,331
2014-11-28,8.93046782608696,8.80000000000001,9.14400000000001,0.0751291936602497,8.83539999999999,9.04079999999998,11,2014,332
2014-11-29,8.96887304347826,8.81299999999999,9.21499999999997,0.0838976451660861,8.8604,9.08860000000001,11,2014,333
2014-11-30,8.98356695652174,8.81799999999998,9.22300000000001,0.0870291630021024,8.86900000000003,9.10159999999999,11,2014,334
2014-12-01,8.94789043478261,8.78100000000001,9.20400000000001,0.0942286131095871,8.82400000000001,9.07900000000001,12,2014,335
2014-12-02,9.0382052173913,8.83999999999997,9.32100000000003,0.115699838314373,8.89300000000003,9.2056,12,2014,336
2014-12-03,8.59903652173913,8.36700000000002,9.255,0.17976024602397,8.416,8.8598,12,2014,337
2014-12-04,8.31204695652174,8.04399999999998,9.14299999999997,0.235849844942047,8.07799999999997,8.63940000000001,12,2014,338
2014-12-05,8.1894,7.91000000000003,8.83199999999999,0.213783561458372,7.95100000000002,8.52600000000001,12,2014,339
2014-12-06,8.29170086956522,8.084,8.69200000000001,0.161192920911112,8.1104,8.54399999999998,12,2014,340
2014-12-07,8.04814608695652,7.846,8.45799999999997,0.135408967123741,7.88999999999999,8.25759999999999,12,2014,341
2014-12-08,7.90184347826087,7.60199999999998,8.31599999999997,0.174799426686022,7.67099999999999,8.14060000000001,12,2014,342
2014-12-09,8.04475826086956,7.77800000000002,8.56400000000002,0.173513062689238,7.83539999999999,8.30120000000002,12,2014,343
2014-12-10,8.5503652173913,8.346,8.94,0.124913846995989,8.39800000000002,8.72399999999999,12,2014,344
2014-12-11,7.87364869565217,7.75999999999999,7.99799999999999,0.0578264409778977,7.79300000000001,7.9496,12,2014,345
2014-12-12,7.43705739130435,7.30099999999999,7.66199999999998,0.0755146466408627,7.33600000000001,7.53720000000001,12,2014,346
2014-12-13,7.32874608695652,7.13200000000001,7.65699999999998,0.117302468915857,7.17740000000001,7.49299999999999,12,2014,347
2014-12-14,7.11223652173913,6.85399999999998,7.42399999999998,0.141510910138509,6.92899999999997,7.32320000000001,12,2014,348
2014-12-15,7.14039826086957,6.81799999999998,7.46499999999997,0.159090576387253,6.92339999999999,7.36260000000001,12,2014,349
2014-12-16,6.87362434782609,6.50999999999999,7.29000000000002,0.184912479811729,6.62700000000001,7.11979999999999,12,2014,350
2014-12-17,6.7086747826087,6.43099999999998,7.03800000000001,0.149869712199471,6.50599999999997,6.9136,12,2014,351
2014-12-18,6.07991826086957,5.74400000000003,6.49599999999998,0.190627933384688,5.82280000000001,6.33800000000002,12,2014,352
2014-12-19,6.14789739130435,5.76600000000002,6.55500000000001,0.198997377751737,5.87799999999999,6.4126,12,2014,353
2014-12-20,6.10374608695652,5.63,6.55500000000001,0.228656426106546,5.80599999999998,6.43620000000002,12,2014,354
2014-12-21,6.21054434782609,5.86900000000003,6.49799999999999,0.163579987249205,5.98500000000001,6.42959999999999,12,2014,355
2014-12-22,6.36932869565217,6.05900000000003,6.80099999999999,0.162559412224119,6.15100000000001,6.58800000000002,12,2014,356
2014-12-23,7.1735147826087,6.79199999999997,7.52800000000002,0.176861486503624,6.92820000000002,7.40199999999999,12,2014,357
2014-12-24,7.28922260869565,6.94099999999997,7.69,0.172482163427121,7.05339999999999,7.51060000000001,12,2014,358
2014-12-25,6.34412869565217,5.90899999999999,6.84199999999998,0.225675426315585,6.02939999999999,6.6408,12,2014,359
2014-12-26,6.11971652173913,5.57799999999997,6.72800000000001,0.285697742356989,5.73339999999999,6.51400000000001,12,2014,360
2014-12-27,6.00377565217391,5.39400000000001,6.584,0.318814720311009,5.56099999999998,6.44219999999998,12,2014,361
2014-12-28,5.91785739130435,5.41199999999998,6.41899999999998,0.245222377589271,5.56940000000001,6.2396,12,2014,362
2014-12-29,6.21776,5.76100000000002,6.70600000000002,0.24172181032925,5.92399999999998,6.58739999999999,12,2014,363
2014-12-30,5.81700173913043,5.303,6.45100000000002,0.286119626666052,5.46499999999997,6.2322,12,2014,364
2014-12-31,5.5308347826087,5.15800000000002,6.07999999999998,0.227509150194468,5.26239999999999,5.8716,12,2014,365
2015-01-01,5.83144695652174,5.27300000000002,6.50999999999999,0.318216518809926,5.447,6.31,1,2015,1
2015-01-02,6.44768347826087,5.43400000000003,7.27100000000002,0.449168849918389,5.72560000000002,7.00359999999998,1,2015,2
2015-01-03,6.85491304347826,6.38900000000001,7.55500000000001,0.348009275508605,6.44520000000001,7.4086,1,2015,3
2015-01-04,7.25113217391304,7.08299999999997,7.42599999999999,0.0812697786677694,7.142,7.36599999999999,1,2015,4
2015-01-05,6.96142782608696,6.82999999999998,7.291,0.093262683556825,6.8734,7.1046,1,2015,5
2015-01-06,6.6890347826087,6.40100000000001,7.37099999999998,0.226906707349799,6.46300000000002,7.036,1,2015,6
2015-01-07,6.56566086956522,6.41699999999997,6.97800000000001,0.131347431860641,6.43000000000001,6.7622,1,2015,7
2015-01-08,6.23582434782609,5.923,6.67399999999998,0.180683069299771,6.00679999999998,6.4976,1,2015,8
2015-01-09,6.74384,6.36099999999999,7.38799999999998,0.269615584129654,6.42740000000001,7.1438,1,2015,9
2015-01-10,6.82984869565217,6.64800000000002,7.28300000000002,0.150533498630598,6.68440000000002,7.06460000000001,1,2015,10
2015-01-11,6.68399130434783,6.36500000000001,7.048,0.119241044751889,6.54120000000002,6.84480000000001,1,2015,11
2015-01-12,6.68109043478261,6.57100000000003,7.01100000000002,0.0838094871409438,6.60599999999999,6.8066,1,2015,12
2015-01-13,6.62650782608696,6.50900000000001,6.81799999999998,0.0652933038755141,6.54540000000001,6.71800000000002,1,2015,13
2015-01-14,6.25476869565217,6.12,6.54899999999998,0.0925374416785293,6.14699999999999,6.38099999999997,1,2015,14
2015-01-15,6.20326260869565,6.11000000000001,6.459,0.0812903916870834,6.12200000000001,6.33219999999999,1,2015,15
2015-01-16,6.01348521739131,5.89699999999999,6.27499999999998,0.0788862324685345,5.92399999999998,6.12919999999999,1,2015,16
2015-01-17,5.84588,5.49599999999998,6.23599999999999,0.172412896354272,5.61679999999999,6.09500000000003,1,2015,17
2015-01-18,5.81824347826087,5.49599999999998,6.19200000000001,0.156304401891304,5.6128,6.0326,1,2015,18
2015-01-19,5.29646608695652,5.04500000000002,5.85899999999998,0.182269505481277,5.10139999999999,5.57259999999999,1,2015,19
2015-01-20,5.13371826086957,4.78699999999998,5.79500000000002,0.234126601291929,4.86599999999999,5.48840000000001,1,2015,20
2015-01-21,5.16569565217391,4.78699999999998,5.87299999999999,0.228707052628093,4.89779999999999,5.49760000000001,1,2015,21
2015-01-22,5.23623130434783,4.87799999999999,5.69600000000003,0.175457303126491,4.99299999999999,5.45859999999999,1,2015,22
2015-01-23,5.1764,4.82299999999998,5.54899999999998,0.167959054243703,4.94,5.39119999999999,1,2015,23
2015-01-24,4.96649739130435,4.541,5.38200000000001,0.206404839443741,4.6764,5.2372,1,2015,24
2015-01-25,4.85446260869565,4.33199999999999,5.49299999999999,0.264073414411141,4.48919999999999,5.1974,1,2015,25
2015-01-26,4.66495652173913,4.14999999999998,5.572,0.34062728032173,4.26680000000002,5.18439999999999,1,2015,26
2015-01-27,4.5410747826087,4.00400000000002,5.40300000000002,0.336995512186817,4.14240000000001,5.0534,1,2015,27
2015-01-28,4.14637391304348,3.73000000000002,4.60599999999999,0.222404294135685,3.84580000000001,4.4428,1,2015,28
2015-01-29,4.10750956521739,3.58800000000002,4.64600000000002,0.261898561690713,3.74179999999999,4.43620000000001,1,2015,29
2015-01-30,4.19175304347826,3.70100000000002,4.66500000000002,0.236888059731825,3.863,4.51299999999998,1,2015,30
2015-01-31,4.14067478260869,3.71300000000002,4.51400000000001,0.201776380278358,3.85239999999999,4.399,1,2015,31
2015-02-01,3.99638956521739,3.54300000000001,4.41800000000001,0.217206130269875,3.6934,4.2876,2,2015,32
2015-02-02,3.86106434782609,3.42599999999999,4.35199999999998,0.227132628751972,3.55840000000001,4.17700000000002,2,2015,33
2015-02-03,3.49562434782609,3.02699999999999,3.99900000000002,0.239399826144606,3.17240000000002,3.8298,2,2015,34
2015-02-04,3.19998260869565,2.61399999999998,3.74900000000002,0.273962375103365,2.82720000000002,3.55799999999999,2,2015,35
2015-02-05,3.11336869565217,2.5,4.18700000000001,0.321647511519075,2.73679999999999,3.5502,2,2015,36
2015-02-06,2.85318956521739,2.30900000000003,4.12599999999998,0.349606240270213,2.4552,3.33100000000002,2,2015,37
2015-02-07,2.72998608695652,2.25900000000001,3.63499999999999,0.293903471699757,2.37099999999998,3.13620000000001,2,2015,38
2015-02-08,2.66146608695652,2.22500000000002,3.11200000000002,0.231551685550658,2.3518,2.99460000000001,2,2015,39
2015-02-09,2.68190608695652,2.14600000000002,3.31299999999999,0.280768553638069,2.31599999999997,3.0688,2,2015,40
2015-02-10,2.42287304347826,2.01400000000001,3.30599999999998,0.299389971331874,2.0984,2.88660000000001,2,2015,41
2015-02-11,2.28681391304348,1.93599999999998,3.14499999999998,0.288638589495861,1.99400000000003,2.7096,2,2015,42
2015-02-12,2.36019130434783,2.01100000000002,2.82900000000001,0.200624959784953,2.09880000000002,2.6372,2,2015,43
2015-02-13,2.45318260869565,2.024,3.02100000000002,0.234367574497329,2.14340000000002,2.77919999999999,2,2015,44
2015-02-14,2.36700695652174,1.964,2.928,0.209900009263471,2.08920000000002,2.64739999999999,2,2015,45
2015-02-15,2.4724452173913,2.09800000000001,2.99799999999999,0.197266591333542,2.21319999999998,2.74059999999999,2,2015,46
2015-02-16,2.72413043478261,2.291,3.274,0.226929800874792,2.41699999999997,3.02980000000001,2,2015,47
2015-02-17,2.79088869565218,2.30900000000003,3.36200000000002,0.251155187794936,2.4434,3.1254,2,2015,48
2015-02-18,2.95122608695652,2.43599999999998,3.62900000000002,0.270865442920392,2.5864,3.31759999999999,2,2015,49
2015-02-19,2.66744,2.11000000000001,3.47800000000001,0.303244320489944,2.2748,3.09359999999999,2,2015,50
2015-02-20,2.67815652173913,2.21899999999999,3.38499999999999,0.262650653344259,2.34839999999999,3.05839999999999,2,2015,51
2015-02-21,2.56158434782609,2.12299999999999,3.24299999999999,0.259962311859499,2.2454,2.9256,2,2015,52
2015-02-22,2.38661391304348,1.92099999999999,3.13200000000001,0.27608747379387,2.0554,2.78059999999999,2,2015,53
2015-02-23,1.88568869565217,1.56999999999999,2.35199999999998,0.177824852543433,1.65039999999999,2.14260000000002,2,2015,54
2015-02-24,1.70329043478261,1.423,2.09300000000002,0.159916313574855,1.49200000000002,1.92760000000001,2,2015,55
2015-02-25,1.91052347826087,1.69499999999999,2.23500000000001,0.120403513158511,1.74700000000001,2.07660000000001,2,2015,56
2015-02-26,2.07447478260869,1.91000000000003,2.35500000000002,0.0919597263041265,1.9554,2.19799999999998,2,2015,57
2015-02-27,2.62047652173913,2.52100000000002,2.78100000000001,0.0592265983578105,2.54899999999998,2.70499999999998,2,2015,58
2015-02-28,2.56050086956522,2.42599999999999,2.74000000000001,0.0834595579999208,2.45400000000001,2.67899999999997,2,2015,59
2015-03-01,2.56726956521739,2.44499999999999,2.75200000000001,0.0712544541965059,2.48040000000001,2.66800000000001,3,2015,60
2015-03-02,2.58423304347826,2.48599999999999,2.75200000000001,0.0614871558522404,2.505,2.66800000000001,3,2015,61
2015-03-03,2.23665391304348,2.11200000000002,2.43200000000002,0.0793776547329178,2.13400000000001,2.3486,3,2015,62
2015-03-04,2.02497913043478,1.86799999999999,2.28300000000002,0.0882723627001333,1.90899999999999,2.1456,3,2015,63
2015-03-05,1.87297043478261,1.79199999999997,2.04500000000002,0.0543348198077346,1.80799999999999,1.95160000000001,3,2015,64
2015-03-06,1.89530956521739,1.80599999999998,2.09199999999998,0.0647081210994554,1.82140000000002,1.99280000000001,3,2015,65
2015-03-07,1.85384869565217,1.73500000000001,2.096,0.0741135986116367,1.76400000000001,1.95759999999998,3,2015,66
2015-03-08,2.06880869565217,1.84399999999999,2.32999999999998,0.115178780563948,1.90699999999998,2.23199999999997,3,2015,67
2015-03-09,1.79830434782609,1.48099999999999,2.77999999999997,0.285471679304438,1.51100000000002,2.20999999999998,3,2015,68
2015-03-10,1.78142260869565,1.46100000000001,2.83199999999999,0.29126918685163,1.49240000000001,2.16519999999999,3,2015,69
2015-03-11,2.22056869565217,1.94099999999997,2.74299999999999,0.18465198944632,1.98139999999999,2.47500000000002,3,2015,70
2015-03-12,2.50596173913043,2.24799999999999,2.99900000000002,0.173040111149573,2.29939999999999,2.7596,3,2015,71
2015-03-13,2.4568747826087,2.142,3.32600000000002,0.226943411050909,2.19839999999999,2.74099999999999,3,2015,72
2015-03-14,2.40160869565217,2.108,3.08299999999997,0.205429239394303,2.16399999999999,2.68559999999999,3,2015,73
2015-03-15,2.58003826086957,2.37700000000001,2.90499999999997,0.116225204603491,2.42899999999997,2.74320000000002,3,2015,74
2015-03-16,2.32614956521739,2.125,2.63499999999999,0.123947985166417,2.18000000000001,2.51720000000003,3,2015,75
2015-03-17,2.10702086956522,1.858,2.851,0.258490100328589,1.86700000000002,2.54720000000001,3,2015,76
2015-03-18,2.09993391304348,1.82999999999998,2.892,0.274726070374422,1.86399999999998,2.5816,3,2015,77
2015-03-19,2.11322608695652,1.971,2.64600000000002,0.155628671170869,1.98700000000002,2.35859999999999,3,2015,78
2015-03-20,2.17374782608696,2.07900000000001,2.57400000000001,0.0994049055742947,2.10199999999998,2.32059999999999,3,2015,79
2015-03-21,2.1966,2.13299999999998,2.40100000000001,0.0579178500284353,2.13999999999999,2.28319999999999,3,2015,80
2015-03-22,2.02590608695652,1.86700000000002,2.36399999999998,0.116030100389226,1.89939999999999,2.2056,3,2015,81
2015-03-23,1.86211652173913,1.64999999999998,2.34100000000001,0.168355342185022,1.68299999999999,2.13600000000002,3,2015,82
2015-03-24,1.76623652173913,1.536,2.21800000000002,0.167972111885146,1.57600000000002,2.02100000000002,3,2015,83
2015-03-25,1.81736347826087,1.60000000000002,2.26100000000002,0.160077142950508,1.63640000000001,2.06700000000001,3,2015,84
2015-03-26,1.96906782608696,1.798,2.22899999999998,0.105226157261847,1.83699999999999,2.12280000000001,3,2015,85
2015-03-27,2.27158086956522,2.16199999999998,2.43099999999998,0.0587539899981776,2.1924,2.34960000000001,3,2015,86
2015-03-28,2.36623652173913,2.06700000000001,2.66699999999997,0.164769630296423,2.13480000000002,2.59159999999999,3,2015,87
2015-03-29,2.15234956521739,1.69499999999999,2.68000000000001,0.297891132328899,1.76339999999999,2.55880000000001,3,2015,88
2015-03-30,2.15455304347826,1.65800000000002,2.69400000000002,0.314576979749722,1.74900000000002,2.57660000000001,3,2015,89
2015-03-31,2.1383252173913,1.61200000000002,2.66399999999999,0.297158359992611,1.73500000000001,2.5336,3,2015,90
2015-04-01,2.10070782608696,1.51999999999998,2.56,0.297657442059174,1.67599999999999,2.488,4,2015,91
2015-04-02,2.07193391304348,1.58800000000002,2.57499999999999,0.262971459775133,1.72479999999999,2.43299999999999,4,2015,92
2015-04-03,2.36730434782609,2.03300000000002,2.745,0.190221829696958,2.11599999999999,2.63560000000001,4,2015,93
2015-04-04,2.47811478260869,2.10399999999998,2.91800000000001,0.189412434717715,2.2354,2.76379999999999,4,2015,94
2015-04-05,2.75242260869565,2.54300000000001,3.08199999999999,0.107391889613952,2.625,2.90100000000001,4,2015,95
2015-04-06,2.81545043478261,2.637,3.16800000000001,0.0923093037371146,2.70499999999998,2.9326,4,2015,96
2015-04-07,2.94841391304348,2.63999999999999,3.53899999999999,0.192617878694709,2.7484,3.24599999999998,4,2015,97
2015-04-08,2.98977043478261,2.64800000000002,3.69799999999998,0.222132512549027,2.7496,3.32539999999999,4,2015,98
2015-04-09,3.02648695652174,2.71499999999997,3.666,0.194277835696231,2.82040000000001,3.3264,4,2015,99
2015-04-10,3.31563478260869,3.024,3.56900000000002,0.132487231022016,3.13600000000002,3.48859999999999,4,2015,100
2015-04-11,3.29842956521739,2.85699999999997,3.64800000000002,0.200560064675133,3.04540000000001,3.5928,4,2015,101
2015-04-12,3.23994956521739,2.714,3.57100000000003,0.206736435825654,2.93440000000002,3.483,4,2015,102
2015-04-13,3.5241652173913,3.185,3.89999999999998,0.147792073691055,3.32739999999999,3.72800000000001,4,2015,103
2015-04-14,3.97121565217391,3.584,4.52699999999999,0.265019923184836,3.6164,4.37299999999999,4,2015,104
2015-04-15,4.94162608695652,4.21699999999998,5.46800000000002,0.37459484875264,4.3824,5.38499999999999,4,2015,105
2015-04-16,5.39470086956522,4.84100000000001,5.91500000000002,0.292900104712693,4.96800000000002,5.74360000000001,4,2015,106
2015-04-17,5.49018956521739,5.05700000000002,5.67500000000001,0.122248891727312,5.32060000000001,5.6242,4,2015,107
2015-04-18,5.31142434782609,4.87099999999998,5.74799999999999,0.223253322698781,4.98740000000001,5.59199999999998,4,2015,108
2015-04-19,5.33003826086957,4.64100000000002,5.89699999999999,0.272695498258568,4.9864,5.67959999999999,4,2015,109
2015-04-20,5.29035652173913,4.87099999999998,5.60300000000001,0.182756096448995,5.05339999999999,5.54199999999997,4,2015,110
2015-04-21,5.3012347826087,4.63299999999998,5.589,0.221470588983228,4.92740000000001,5.50059999999999,4,2015,111
2015-04-22,5.13560347826087,4.31200000000001,5.48700000000002,0.26444511491652,4.7174,5.41659999999998,4,2015,112
2015-04-23,5.1558852173913,4.59699999999998,5.411,0.199505470589232,4.82339999999999,5.34800000000001,4,2015,113
2015-04-24,5.53593391304348,5.137,5.71899999999999,0.137256502728584,5.32280000000001,5.6946,4,2015,114
2015-04-25,5.81930434782609,5.22399999999999,6.31599999999997,0.298043608515402,5.3534,6.20639999999999,4,2015,115
2015-04-26,5.83117217391304,5.15300000000002,6.42099999999999,0.336100884853451,5.30900000000003,6.24780000000001,4,2015,116
2015-04-27,5.82700173913043,5.21899999999999,6.24900000000002,0.290945577841051,5.3724,6.16560000000001,4,2015,117
2015-04-28,5.86580347826087,5.37700000000001,6.14999999999998,0.19732062728726,5.5572,6.09059999999999,4,2015,118
2015-04-29,5.99199304347826,5.58999999999997,6.54500000000002,0.232781918443658,5.69839999999999,6.33499999999998,4,2015,119
2015-04-30,6.24672,6.00799999999998,6.68700000000001,0.161837283963975,6.06280000000002,6.5016,4,2015,120
2015-05-01,6.15202434782609,5.863,6.35599999999999,0.0787726147953124,6.04239999999999,6.2306,5,2015,121
2015-05-02,6.15202434782609,5.863,6.35599999999999,0.0787726147953124,6.04239999999999,6.2306,5,2015,122
2015-05-03,6.65724173913043,6.25400000000002,6.88299999999998,0.140199965444215,6.44980000000002,6.81460000000001,5,2015,123
2015-05-04,7.12813391304348,6.61700000000002,7.529,0.239871803336814,6.77579999999998,7.42180000000001,5,2015,124
2015-05-05,7.69764,7.26900000000001,7.988,0.215704649022121,7.34399999999999,7.9246,5,2015,125
2015-05-06,8.0140747826087,7.21600000000001,8.58699999999999,0.435165989765618,7.33600000000001,8.51160000000001,5,2015,126
2015-05-07,8.14058434782609,7.411,8.77699999999999,0.395516787283266,7.51379999999998,8.63000000000001,5,2015,127
2015-05-08,8.21908173913043,7.88900000000001,8.56599999999997,0.172952296288298,7.9734,8.45919999999998,5,2015,128
2015-05-09,7.7571147826087,7.46300000000002,7.86799999999999,0.0834260341758282,7.62879999999999,7.83299999999997,5,2015,129
2015-05-10,7.15067304347826,7.01299999999998,7.27600000000001,0.0629187924732826,7.05900000000003,7.23399999999998,5,2015,130
2015-05-11,7.90594260869565,7.60699999999997,8.178,0.132516445012526,7.72800000000001,8.08839999999999,5,2015,131
2015-05-12,7.96658956521739,7.57499999999999,8.29500000000002,0.168661657156445,7.7366,8.20299999999997,5,2015,132
2015-05-13,8.05538782608695,7.59500000000003,8.392,0.164572567023469,7.8654,8.28680000000002,5,2015,133
2015-05-14,8.0835252173913,7.63400000000001,8.57499999999999,0.201386195217794,7.8244,8.39660000000001,5,2015,134
2015-05-15,8.16199130434783,7.79899999999998,8.488,0.163730971214084,7.94640000000002,8.4016,5,2015,135
2015-05-16,8.1190347826087,7.83999999999997,8.50099999999998,0.145613883161075,7.9398,8.3556,5,2015,136
2015-05-17,8.1192,7.89499999999998,8.34199999999998,0.0989477389952133,7.99299999999999,8.2622,5,2015,137
2015-05-18,8.46980173913044,8.19400000000002,8.76400000000001,0.128880487803014,8.30479999999998,8.6516,5,2015,138
2015-05-19,8.54103304347826,8.28899999999999,8.68700000000001,0.0754766315010287,8.44799999999998,8.649,5,2015,139
2015-05-20,8.88041391304348,8.50099999999998,9.20999999999998,0.143175615762417,8.709,9.08760000000001,5,2015,140
2015-05-21,8.8828052173913,8.45100000000002,9.21100000000001,0.149484795728248,8.70640000000001,9.10000000000002,5,2015,141
2015-05-22,8.87171304347826,8.55900000000003,9.17399999999998,0.123443942984401,8.733,9.05459999999999,5,2015,142
2015-05-23,8.91417913043478,8.58999999999997,9.19299999999998,0.161073741144703,8.68700000000001,9.12299999999999,5,2015,143
2015-05-24,8.84654956521739,8.47500000000002,9.33999999999997,0.1874206932738,8.596,9.09960000000001,5,2015,144
2015-05-25,8.74638086956522,8.44499999999999,8.94499999999999,0.0771955026307899,8.65119999999999,8.83459999999999,5,2015,145
2015-05-26,8.62541043478261,8.322,8.80000000000001,0.101879678447042,8.48199999999997,8.75,5,2015,146
2015-05-27,8.88278608695652,8.60699999999997,9.10899999999998,0.106946913535645,8.7414,9.02459999999999,5,2015,147
2015-05-28,9.74393391304348,9.572,9.90899999999999,0.0727343202291125,9.64640000000001,9.84199999999998,5,2015,148
2015-05-29,10.038252173913,9.87299999999999,10.234,0.0841442725156152,9.93099999999998,10.1376,5,2015,149
2015-05-30,10.18892,9.95999999999998,10.492,0.0992880081954949,10.0724,10.324,5,2015,150
2015-05-31,10.334787826087,10.215,10.68,0.106508887221268,10.233,10.4996,5,2015,151
2015-06-01,10.4905234782609,10.347,10.62,0.0635012611063503,10.4024,10.5726,6,2015,152
2015-06-02,9.93499304347826,9.85599999999999,10.049,0.0383698754009195,9.88299999999998,9.988,6,2015,153
2015-06-03,9.95657739130435,9.73500000000001,10.328,0.106592064099871,9.81639999999999,10.0956,6,2015,154
2015-06-04,10.1071165217391,9.92599999999999,10.544,0.107908249136861,9.98500000000001,10.2648,6,2015,155
2015-06-05,10.6053043478261,10.431,10.864,0.105329611561307,10.458,10.7426,6,2015,156
2015-06-06,11.1502782608696,10.754,11.384,0.125618202856738,10.961,11.2906,6,2015,157
2015-06-07,11.1108069565217,10.727,11.294,0.120201598748795,10.9194,11.2176,6,2015,158
2015-06-08,10.7505686956522,10.406,11.092,0.158851688529408,10.5424,10.9656,6,2015,159
2015-06-09,10.9201843478261,10.621,11.189,0.131737983399862,10.743,11.0966,6,2015,160
2015-06-10,11.0014765217391,10.768,11.234,0.0995497129766541,10.874,11.1362,6,2015,161
2015-06-11,10.1362991304348,9.75099999999998,10.535,0.188826804064043,9.89299999999997,10.4056,6,2015,162
2015-06-12,10.2946747826087,9.815,10.747,0.228032434670881,9.99299999999999,10.6156,6,2015,163
2015-06-13,10.6082956521739,10.147,11.053,0.225374886060488,10.312,10.9252,6,2015,164
2015-06-14,11.0065391304348,10.532,11.483,0.238823243392698,10.6872,11.3426,6,2015,165
2015-06-15,12.8970834782609,12.374,13.447,0.253032933613606,12.584,13.2656,6,2015,166
2015-06-16,12.9698347826087,12.637,13.482,0.182164240823364,12.777,13.2444,6,2015,167
2015-06-17,12.8909113043478,12.458,13.398,0.225681123427043,12.605,13.2078,6,2015,168
2015-06-18,13.079532173913,12.772,13.498,0.140055857167057,12.9074,13.2544,6,2015,169
2015-06-19,13.440492173913,12.919,14.309,0.282592471112707,13.1468,13.8826,6,2015,170
2015-06-20,13.8363304347826,13.36,14.754,0.399287695955931,13.479,14.5296,6,2015,171
2015-06-21,12.9979739130435,11.865,13.49,0.343188006825831,12.5062,13.3722,6,2015,172
2015-06-22,14.2385565217391,13.232,15.203,0.421218160250085,13.6204,14.807,6,2015,173
2015-06-23,13.9813547826087,13.087,14.919,0.477706475461104,13.3154,14.606,6,2015,174
2015-06-24,13.9653339130435,13.085,14.737,0.453134249301145,13.317,14.538,6,2015,175
2015-06-25,14.0257773913043,13.405,14.462,0.296060620693781,13.5664,14.366,6,2015,176
2015-06-26,14.7476434782609,13.792,15.384,0.343707871445802,14.2122,15.1212,6,2015,177
2015-06-27,14.6175739130435,13.409,15.335,0.403270312955611,14.0258,15.0832,6,2015,178
2015-06-28,14.7779982608696,14.001,15.252,0.245930498518382,14.382,15.0416,6,2015,179
2015-06-29,13.5225773913043,13.17,13.793,0.145430948604477,13.2982,13.697,6,2015,180
2015-06-30,13.4854869565217,13.159,13.759,0.135755196075977,13.283,13.6506,6,2015,181
2015-07-01,13.7663582608696,13.395,13.971,0.102369915739626,13.6324,13.8946,7,2015,182
2015-07-02,13.9110765217391,13.498,14.428,0.212344054822694,13.68,14.2446,7,2015,183
2015-07-03,13.9660747826087,13.473,14.291,0.13646825634613,13.8464,14.1698,7,2015,184
2015-07-04,14.564387826087,14.177,14.809,0.0952754169658594,14.458,14.681,7,2015,185
2015-07-05,14.6634313043478,14.362,15.135,0.161477666099659,14.52,14.9292,7,2015,186
2015-07-06,14.9345913043478,14.498,15.3,0.155627385763289,14.7644,15.1668,7,2015,187
2015-07-07,15.0334973913043,14.684,15.303,0.135446003140372,14.8548,15.217,7,2015,188
2015-07-08,15.2568973913043,14.831,15.601,0.175687732493146,15.0244,15.4906,7,2015,189
2015-07-09,15.641892173913,15.042,16.158,0.249082774939174,15.314,15.9798,7,2015,190
2015-07-10,16.0599791304348,15.236,16.785,0.341992923673061,15.6104,16.5228,7,2015,191
2015-07-11,16.3617930434783,15.362,17.148,0.389659532375425,15.841,16.8716,7,2015,192
2015-07-12,16.4786834782609,15.452,17.277,0.400407854770728,15.946,17.0042,7,2015,193
2015-07-13,16.4891356521739,15.447,17.34,0.416116656910973,15.9346,17.0428,7,2015,194
2015-07-14,17.147467826087,16.411,17.789,0.301230169890459,16.757,17.5502,7,2015,195
2015-07-15,16.7242313043478,15.945,17.417,0.320423707500606,16.309,17.152,7,2015,196
2015-07-16,16.2321513043478,15.511,16.858,0.295336853199955,15.8464,16.6254,7,2015,197
2015-07-17,15.8480556521739,15.218,16.358,0.24523229483602,15.5098,16.17,7,2015,198
2015-07-18,15.8969443478261,15.291,16.389,0.235646113853157,15.5722,16.2066,7,2015,199
2015-07-19,16.0256991304348,15.418,16.52,0.23602991361519,15.7104,16.3358,7,2015,200
2015-07-20,15.9091669565217,15.275,16.468,0.255163273452059,15.5806,16.2528,7,2015,201
2015-07-21,16.001492173913,15.497,16.489,0.211726887202428,15.7212,16.2936,7,2015,202
2015-07-22,16.6118226086957,16.057,17.309,0.267467917598358,16.3098,17.0136,7,2015,203
2015-07-23,16.9710226086957,16.384,17.521,0.239117281685889,16.579,17.2596,7,2015,204
2015-07-24,16.9782660869565,16.184,17.609,0.320835837538911,16.4514,17.3252,7,2015,205
2015-07-25,16.8140643478261,16.413,17.343,0.184645732078464,16.5554,17.0396,7,2015,206
2015-07-26,16.1380956521739,15.131,16.765,0.426072947204994,15.5178,16.6776,7,2015,207
2015-07-27,15.8596886956522,15.08,16.388,0.34473068637176,15.35,16.3016,7,2015,208
2015-07-28,16.7634573913043,16.429,17.227,0.125409105486114,16.604,16.9,7,2015,209
2015-07-29,17.0124660869565,16.657,17.406,0.188819120941889,16.7624,17.2776,7,2015,210
2015-07-30,18.1367617391304,17.596,18.803,0.289785058992158,17.7508,18.541,7,2015,211
2015-07-31,18.6702208695652,17.86,19.235,0.285951662996862,18.235,19.0136,7,2015,212
2015-08-01,18.8537217391304,17.974,19.141,0.263822693726663,18.4108,19.0766,8,2015,213
2015-08-02,18.6972330434783,17.973,19,0.222655953926947,18.3386,18.9306,8,2015,214
2015-08-03,18.1673043478261,17.519,18.681,0.206886466445934,17.9196,18.474,8,2015,215
2015-08-04,17.1077913043478,16.581,17.467,0.205596332264538,16.8,17.362,8,2015,216
2015-08-05,16.7166052173913,16.264,17.153,0.194941362506618,16.4404,16.957,8,2015,217
2015-08-06,17.563652173913,17.104,18.219,0.334836224033047,17.1828,18.0594,8,2015,218
2015-08-07,18.1580973913043,17.526,18.639,0.243871498071383,17.8444,18.516,8,2015,219
2015-08-08,17.91872,17.493,18.41,0.23143857757867,17.6374,18.2856,8,2015,220
2015-08-09,16.8299356521739,16.543,17.28,0.179652406444617,16.6304,17.1006,8,2015,221
2015-08-10,16.822107826087,16.267,17.64,0.295146645517526,16.447,17.1752,8,2015,222
2015-08-11,17.2142,16.551,17.916,0.283956283134759,16.8874,17.6812,8,2015,223
2015-08-12,16.9954434782609,16.422,17.266,0.164686799740558,16.7476,17.194,8,2015,224
2015-08-13,16.8672730434783,16.279,17.276,0.206508692193628,16.5742,17.1206,8,2015,225
2015-08-14,17.1503547826087,16.586,17.652,0.251795211657898,16.7942,17.503,8,2015,226
2015-08-15,17.4294330434783,16.874,17.785,0.151687701665428,17.26,17.6144,8,2015,227
2015-08-16,17.6568382608696,17.085,18.376,0.293667752836779,17.262,18.063,8,2015,228
2015-08-17,18.3981895652174,18.052,18.665,0.140707646212891,18.1834,18.556,8,2015,229
2015-08-18,19.1884243478261,18.778,19.919,0.246032151588384,18.8768,19.53,8,2015,230
2015-08-19,19.6199826086957,19.153,20.378,0.313631949420042,19.2114,20.062,8,2015,231
2015-08-20,19.3691965217391,18.873,20.011,0.323774733474774,18.95,19.836,8,2015,232
2015-08-21,19.2631513043478,18.958,19.586,0.183260176792781,19.0248,19.5172,8,2015,233
2015-08-22,18.8314956521739,18.478,19.152,0.155903937965176,18.6174,19.037,8,2015,234
2015-08-23,18.7757495652174,18.538,18.916,0.081484099231144,18.655,18.868,8,2015,235
2015-08-24,18.8102904347826,18.555,19.077,0.128624297571527,18.6568,19.01,8,2015,236
2015-08-25,18.7932104347826,18.471,19.098,0.144486604863573,18.6014,18.9956,8,2015,237
2015-08-26,18.6484956521739,18.172,19.122,0.224468725226381,18.38,18.9466,8,2015,238
2015-08-27,18.4139582608696,17.559,19.24,0.370141189273729,18.0072,18.9602,8,2015,239
2015-08-28,18.331387826087,17.585,19.179,0.364797018913714,17.9686,18.9078,8,2015,240
2015-08-29,18.4210956521739,17.799,19.197,0.402748868543994,17.952,19.036,8,2015,241
2015-08-30,18.5544434782609,18.07,18.887,0.180591671360791,18.325,18.7976,8,2015,242
2015-08-31,18.6719304347826,18.171,19.04,0.185016701465675,18.4078,18.8938,8,2015,243
2015-09-01,19.0725130434783,18.612,19.401,0.159395939710276,18.8498,19.265,9,2015,244
2015-09-02,18.9983808695652,18.55,19.29,0.122643783139613,18.857,19.1548,9,2015,245
2015-09-03,18.8642260869565,18.223,19.209,0.161857804246929,18.6684,19.0856,9,2015,246
2015-09-04,17.6950434782609,17.042,18.06,0.147143438474635,17.537,17.875,9,2015,247
2015-09-05,17.2534852173913,16.583,17.786,0.192419753962247,17.019,17.4762,9,2015,248
2015-09-06,17.3109930434783,16.606,17.799,0.230960039879648,17.0114,17.5986,9,2015,249
2015-09-07,17.5043860869565,16.765,17.784,0.186821983354813,17.1944,17.654,9,2015,250
2015-09-08,17.5682504347826,16.861,18.104,0.280538996951915,17.1818,17.9402,9,2015,251
2015-09-09,17.7851165217391,16.918,18.504,0.344325420365433,17.3256,18.2354,9,2015,252
2015-09-10,16.0665113043478,15.628,16.417,0.181841364013842,15.8202,16.3148,9,2015,253
2015-09-11,15.9496660869565,15.389,16.392,0.292954991395931,15.5304,16.2986,9,2015,254
2015-09-12,15.7703808695652,14.996,16.434,0.359163225123999,15.2768,16.2416,9,2015,255
2015-09-13,15.7826591304348,15.277,16.338,0.319005366216934,15.384,16.2422,9,2015,256
2015-09-14,15.8844695652174,15.427,16.392,0.295584583534611,15.488,16.278,9,2015,257
2015-09-15,15.9594452173913,15.308,16.68,0.420711915355222,15.4462,16.587,9,2015,258
2015-09-16,15.880747826087,15.41,16.352,0.268418235575597,15.49,16.2186,9,2015,259
2015-09-17,16.2842226086957,15.817,16.542,0.162268594313563,16.0584,16.509,9,2015,260
2015-09-18,16.7411617391304,16.489,17.051,0.113723777145589,16.595,16.899,9,2015,261
2015-09-19,16.883972173913,16.618,17.265,0.151131836411039,16.7258,17.1162,9,2015,262
2015-09-20,16.4393130434783,15.859,16.828,0.247414581227111,16.0458,16.7276,9,2015,263
2015-09-21,15.9445982608696,15.527,16.678,0.276101191488231,15.6854,16.3924,9,2015,264
2015-09-22,15.8183634782609,15.436,16.133,0.113026985099591,15.6668,15.9506,9,2015,265
2015-09-23,15.6141373913043,14.998,15.951,0.156787890996779,15.4288,15.8096,9,2015,266
2015-09-24,15.6089669565217,15.035,16.122,0.193936402396556,15.3838,15.8528,9,2015,267
2015-09-25,15.4588886956522,14.902,15.733,0.147681813041918,15.2468,15.6126,9,2015,268
2015-09-26,15.3079373913043,14.833,15.482,0.135994848655303,15.104,15.4406,9,2015,269
2015-09-27,15.2374869565217,14.675,15.496,0.1505566885502,15.0674,15.4226,9,2015,270
2015-09-28,15.1991043478261,14.633,15.474,0.139351132831713,15.025,15.3702,9,2015,271
2015-09-29,15.1547147826087,14.762,15.42,0.122200934264435,15.0196,15.3292,9,2015,272
2015-09-30,15.2821791304348,15.096,15.456,0.0907653726583375,15.1638,15.422,9,2015,273
2015-10-01,14.9343252173913,14.623,15.172,0.12833171157484,14.7474,15.0896,10,2015,274
2015-10-02,13.6280608695652,13.363,13.759,0.0997215711810851,13.4812,13.747,10,2015,275
2015-10-03,13.629467826087,13.304,13.858,0.146842891433089,13.4334,13.817,10,2015,276
2015-10-04,13.4631617391304,13.095,13.717,0.14011468646371,13.257,13.638,10,2015,277
2015-10-05,13.36476,12.988,13.643,0.170709611820612,13.12,13.574,10,2015,278
2015-10-06,13.2780191304348,12.993,13.536,0.163620145147829,13.0484,13.4886,10,2015,279
2015-10-07,13.4476660869565,13.107,13.616,0.124800453189058,13.299,13.591,10,2015,280
2015-10-08,13.4940295652174,13.125,13.689,0.126775738903583,13.3324,13.6516,10,2015,281
2015-10-09,13.2671947826087,13.01,13.417,0.0958578559334599,13.128,13.382,10,2015,282
2015-10-10,13.2071686956522,12.932,13.392,0.0899389130330355,13.085,13.324,10,2015,283
2015-10-11,12.9819791304348,12.741,13.307,0.129727869485295,12.8198,13.186,10,2015,284
2015-10-12,12.9175182608696,12.744,13.275,0.111196764722607,12.7958,13.0926,10,2015,285
2015-10-13,13.2323165217391,13.002,13.551,0.0994728649379353,13.134,13.3798,10,2015,286
2015-10-14,13.2438382608696,12.913,13.701,0.170668647922604,13.068,13.5104,10,2015,287
2015-10-15,13.005972173913,12.54,13.45,0.171996847647468,12.832,13.3024,10,2015,288
2015-10-16,12.3012365217391,12.074,12.504,0.110568312031575,12.151,12.461,10,2015,289
2015-10-17,11.9186086956522,11.642,12.176,0.0826901457430056,11.829,12.0246,10,2015,290
2015-10-18,11.5120173913043,11.283,11.892,0.128382769815569,11.3854,11.7118,10,2015,291
2015-10-19,11.2584452173913,10.991,11.638,0.105705461740258,11.124,11.385,10,2015,292
2015-10-20,11.2387547826087,10.873,11.634,0.13664870411058,11.03,11.3806,10,2015,293
2015-10-21,11.6432434782609,11.477,11.843,0.0893327365952819,11.5194,11.761,10,2015,294
2015-10-22,11.6792,11.408,12.018,0.134082947960573,11.4968,11.861,10,2015,295
2015-10-23,11.4898886956522,11.159,11.999,0.183465150525529,11.288,11.7568,10,2015,296
2015-10-24,11.069292173913,10.744,11.412,0.157368909633172,10.8354,11.2932,10,2015,297
2015-10-25,10.7635443478261,10.626,11.009,0.0743353900073469,10.664,10.855,10,2015,298
2015-10-26,10.692947826087,10.446,10.985,0.117318429915674,10.5034,10.807,10,2015,299
2015-10-27,10.6588156521739,10.476,10.946,0.084356804623516,10.5594,10.765,10,2015,300
2015-10-28,10.4787895652174,10.343,10.891,0.104652948416086,10.395,10.6354,10,2015,301
2015-10-29,10.6096139130435,10.435,11.014,0.123687888989767,10.471,10.7888,10,2015,302
2015-10-30,10.5728747826087,10.17,10.94,0.149278701209357,10.395,10.7912,10,2015,303
2015-10-31,10.4864747826087,10.062,10.824,0.15734611632056,10.323,10.729,10,2015,304
2015-11-01,10.4990173913043,9.988,10.754,0.173785471029423,10.2274,10.7004,11,2015,305
2015-11-02,10.5550069565217,10.021,10.782,0.181179516980053,10.2654,10.742,11,2015,306
2015-11-03,10.4301339130435,10.118,10.683,0.12249164579844,10.254,10.595,11,2015,307
2015-11-04,10.4493269565217,10.266,10.7,0.0935817901612296,10.3334,10.5902,11,2015,308
2015-11-05,10.5548973913043,10.33,10.77,0.107848995495645,10.403,10.6886,11,2015,309
2015-11-06,10.6187530434783,10.414,10.871,0.116378789003493,10.459,10.7816,11,2015,310
2015-11-07,10.429467826087,10.197,10.715,0.147632578784076,10.238,10.6376,11,2015,311
2015-11-08,10.5008782608696,10.237,10.835,0.171726199494395,10.2744,10.7326,11,2015,312
2015-11-09,10.4738243478261,10.236,10.819,0.153076517833644,10.283,10.6936,11,2015,313
2015-11-10,10.7506243478261,10.523,11.006,0.126365674637964,10.5844,10.9236,11,2015,314
2015-11-11,10.708547826087,10.505,11.068,0.125276978391691,10.56,10.8986,11,2015,315
2015-11-12,10.3457408695652,10.145,10.645,0.1057234442861,10.2098,10.494,11,2015,316
2015-11-13,9.82932695652174,9.56099999999998,10.106,0.13939308800253,9.64100000000002,10.0246,11,2015,317
2015-11-14,9.70372,9.40499999999997,10.214,0.196659958388712,9.47340000000001,10.0018,11,2015,318
2015-11-15,9.55717391304348,9.25099999999998,10.132,0.232565627501762,9.303,9.91899999999999,11,2015,319
2015-11-16,9.52022086956522,9.125,10.028,0.228031345076114,9.2308,9.86979999999999,11,2015,320
2015-11-17,9.59416695652174,9.20299999999997,10.36,0.318427002700907,9.28399999999999,10.1126,11,2015,321
2015-11-18,9.42021043478261,8.98700000000002,10.299,0.338941418106946,9.06879999999999,9.9466,11,2015,322
2015-11-19,9.41288347826087,9.01299999999998,10.066,0.258190720343516,9.15199999999999,9.8304,11,2015,323
2015-11-20,9.79278608695652,9.37900000000002,10.37,0.249897730610501,9.47739999999999,10.1484,11,2015,324
2015-11-21,9.8228052173913,9.45299999999997,10.414,0.238336548656921,9.49520000000002,10.158,11,2015,325
2015-11-22,9.69185391304348,9.28399999999999,10.127,0.219406690177378,9.4014,10.0008,11,2015,326
2015-11-23,9.07705913043478,8.72500000000002,9.43200000000002,0.181601259366294,8.834,9.34300000000002,11,2015,327
2015-11-24,8.85414260869565,8.42399999999998,9.36099999999999,0.243981464945772,8.55740000000001,9.2276,11,2015,328
2015-11-25,8.60573739130435,8.32900000000001,9.10300000000001,0.162504051657273,8.41719999999999,8.83959999999998,11,2015,329
2015-11-26,8.62516695652174,8.42000000000002,8.84199999999998,0.109062843279803,8.4808,8.79279999999999,11,2015,330
2015-11-27,8.85448695652174,8.709,9.12799999999999,0.0923281306785125,8.74299999999999,8.9882,11,2015,331
2015-11-28,8.87523304347826,8.51299999999998,9.346,0.224620534725817,8.60540000000001,9.19560000000001,11,2015,332
2015-11-29,8.60185913043478,8.25400000000002,9.23899999999998,0.248232032868643,8.3374,8.99300000000001,11,2015,333
2015-11-30,8.42770434782609,8.09399999999999,8.97199999999998,0.201452892355028,8.18080000000001,8.7262,11,2015,334
2015-12-01,8.36043826086957,8.08499999999998,8.82100000000003,0.185756526225319,8.15100000000001,8.6492,12,2015,335
2015-12-02,8.40685391304348,8.11000000000001,8.83699999999999,0.180151406167338,8.18599999999998,8.67899999999997,12,2015,336
2015-12-03,8.12784695652174,7.89100000000002,8.52499999999998,0.17120066130818,7.9134,8.3908,12,2015,337
2015-12-04,7.9703547826087,7.60199999999998,8.57400000000001,0.274153844321043,7.65600000000001,8.41300000000001,12,2015,338
2015-12-05,8.22748869565217,7.70999999999998,8.82799999999997,0.309866161050178,7.85620000000001,8.69799999999998,12,2015,339
2015-12-06,8.291,7.73700000000002,8.85199999999998,0.30127153876476,7.93099999999998,8.7418,12,2015,340
2015-12-07,8.2336052173913,7.73500000000001,8.81900000000002,0.282794262223,7.8844,8.65260000000001,12,2015,341
2015-12-08,7.91958956521739,7.642,8.435,0.187035972324016,7.67700000000002,8.1698,12,2015,342
2015-12-09,7.93721913043478,7.63799999999998,8.36099999999999,0.204946897131529,7.67040000000001,8.22560000000001,12,2015,343
2015-12-10,8.03210608695652,7.76800000000003,8.536,0.171323483833098,7.81700000000001,8.2646,12,2015,344
2015-12-11,8.23038782608696,7.95799999999997,8.65800000000002,0.158762365508051,8.03399999999999,8.46379999999998,12,2015,345
2015-12-12,8.20209043478261,7.93299999999999,8.73000000000002,0.175939436133838,8.01720000000001,8.46980000000001,12,2015,346
2015-12-13,8.25606434782609,8.01100000000002,8.61000000000001,0.137721798425489,8.08299999999997,8.45299999999997,12,2015,347
2015-12-14,8.60144347826087,8.35199999999998,8.90300000000002,0.139328753639255,8.4184,8.79760000000001,12,2015,348
2015-12-15,8.44128869565217,8.19299999999998,8.86099999999999,0.175226305025913,8.24179999999999,8.7158,12,2015,349
2015-12-16,8.33714782608696,8.09199999999998,8.803,0.189799970052752,8.13400000000001,8.63900000000001,12,2015,350
2015-12-17,8.20155652173913,7.803,8.62200000000001,0.212096954988529,7.9184,8.49460000000001,12,2015,351
2015-12-18,7.86869043478261,7.55799999999999,8.24200000000002,0.172790052550091,7.642,8.11799999999999,12,2015,352
2015-12-19,7.86467652173913,7.41199999999998,8.40899999999999,0.274737435100716,7.48000000000002,8.26720000000002,12,2015,353
2015-12-20,7.85236869565217,7.36099999999999,8.435,0.299013493678139,7.43639999999999,8.28899999999999,12,2015,354
2015-12-21,7.92160173913043,7.60300000000001,8.31799999999998,0.210027108745799,7.6538,8.23500000000001,12,2015,355
2015-12-22,7.98163652173913,7.80799999999999,8.16399999999999,0.0840359869097436,7.86339999999999,8.08959999999998,12,2015,356
2015-12-23,8.48493739130435,8.26800000000003,8.65100000000001,0.0807554676209235,8.375,8.58800000000002,12,2015,357
2015-12-24,8.13242434782609,8.04500000000002,8.20299999999997,0.0452912075662107,8.07100000000003,8.18900000000002,12,2015,358
2015-12-25,8.04282434782609,7.95999999999998,8.12099999999998,0.0361188335617015,7.99000000000001,8.08600000000001,12,2015,359
2015-12-26,8.17377217391304,8.05000000000001,8.32100000000003,0.0618838852386835,8.08939999999999,8.25400000000002,12,2015,360
2015-12-27,8.11930608695652,7.983,8.27600000000001,0.0678903877866762,8.0264,8.20699999999999,12,2015,361
2015-12-28,7.78281565217391,7.63900000000001,7.97000000000003,0.0740706704068009,7.68400000000003,7.88259999999999,12,2015,362
2015-12-29,7.7570747826087,7.59899999999999,7.964,0.0815929578709162,7.64800000000002,7.86599999999999,12,2015,363
2015-12-30,7.42593217391304,7.19600000000003,7.60300000000001,0.105316234878055,7.27600000000001,7.56360000000001,12,2015,364
2015-12-31,6.92432173913044,6.60599999999999,7.16800000000001,0.134112721572423,6.73939999999999,7.0926,12,2015,365
2016-01-01,7.2423252173913,6.846,7.76299999999998,0.234015545600047,6.97040000000002,7.59820000000001,1,2016,1
2016-01-02,7.3084052173913,6.93799999999999,7.77199999999999,0.185720944728135,7.08699999999999,7.57660000000001,1,2016,2
2016-01-03,7.1922852173913,6.71100000000001,7.51600000000002,0.196941453053743,6.90880000000002,7.4366,1,2016,3
2016-01-04,7.06854608695652,6.709,7.43200000000002,0.160762645221995,6.8472,7.27499999999998,1,2016,4
2016-01-05,6.94714260869565,6.61200000000002,7.56900000000002,0.225558294210742,6.7114,7.2716,1,2016,5
2016-01-06,6.76838782608696,6.52499999999998,7.15800000000002,0.167262299562759,6.59699999999998,7.0456,1,2016,6
2016-01-07,6.70640869565217,6.44999999999999,7.21300000000002,0.220303026010089,6.52199999999999,7.1122,1,2016,7
2016-01-08,6.81269217391304,6.59199999999998,7.20999999999998,0.147180543534436,6.6658,7.06460000000001,1,2016,8
2016-01-09,6.83469565217391,6.54899999999998,7.233,0.140361713780323,6.65300000000002,7.03059999999999,1,2016,9
2016-01-10,6.31616,6.03100000000001,6.60399999999998,0.147707624378878,6.1154,6.52300000000002,1,2016,10
2016-01-11,6.15562434782609,5.76400000000001,6.64999999999998,0.219970448043417,5.8734,6.47819999999998,1,2016,11
2016-01-12,6.16623130434783,5.77499999999998,6.65699999999998,0.223249747792491,5.88,6.49719999999999,1,2016,12
2016-01-13,6.2252052173913,5.87599999999998,6.67700000000002,0.196417965181148,5.9784,6.5086,1,2016,13
2016-01-14,6.36004347826087,6.04300000000001,6.69,0.153515868234287,6.161,6.57619999999999,1,2016,14
2016-01-15,6.39294086956522,6.10300000000001,6.65199999999999,0.133310462546378,6.20600000000002,6.5696,1,2016,15
2016-01-16,6.35495826086956,6.16899999999998,6.50400000000002,0.0867237092099405,6.23000000000002,6.47000000000003,1,2016,16
2016-01-17,6.29065913043478,6.142,6.49099999999999,0.0792030336496797,6.18639999999999,6.39860000000001,1,2016,17
2016-01-18,5.71816869565217,5.50700000000001,6.10000000000002,0.138216858825639,5.56299999999999,5.93120000000001,1,2016,18
2016-01-19,5.55773739130435,5.21600000000001,6.39999999999998,0.314003909699818,5.25900000000001,6.0696,1,2016,19
2016-01-20,5.42626086956522,5.00200000000001,6.37900000000002,0.384523599701586,5.03899999999999,6.05559999999999,1,2016,20
2016-01-21,5.4493252173913,5.07400000000001,6.30700000000002,0.317749808949925,5.13739999999999,5.96600000000001,1,2016,21
2016-01-22,5.54526260869565,5.221,5.95400000000001,0.176456987810599,5.31639999999999,5.79540000000002,1,2016,22
2016-01-23,5.42106260869565,5.11099999999999,5.76299999999998,0.154233587644334,5.20980000000001,5.6252,1,2016,23
2016-01-24,5.49878956521739,5.16399999999999,5.91399999999999,0.161122345886245,5.27600000000001,5.69759999999999,1,2016,24
2016-01-25,5.5576,5.28199999999998,5.81299999999999,0.132120536772047,5.37039999999999,5.73199999999997,1,2016,25
2016-01-26,4.94952695652174,4.57799999999997,5.43799999999999,0.217152571374733,4.6742,5.26619999999999,1,2016,26
2016-01-27,4.80104869565217,4.38400000000001,5.666,0.276207260198342,4.48620000000001,5.22800000000002,1,2016,27
2016-01-28,4.67053043478261,4.22399999999999,5.61599999999999,0.304080453139491,4.3318,5.1432,1,2016,28
2016-01-29,4.81144869565217,4.387,5.541,0.259273207699666,4.49240000000001,5.18580000000001,1,2016,29
2016-01-30,5.08260173913043,4.78899999999999,5.45799999999997,0.16746898302586,4.8664,5.3246,1,2016,30
2016-01-31,5.48958608695652,5.267,5.71800000000002,0.117637838853541,5.33199999999999,5.64860000000001,1,2016,31
2016-02-01,5.38293565217391,5.06700000000001,5.97500000000002,0.22489264422621,5.13499999999999,5.72859999999999,2,2016,32
2016-02-02,5.16689565217391,4.81599999999997,5.98099999999999,0.301193363230724,4.86799999999999,5.65119999999998,2,2016,33
2016-02-03,5.10189565217391,4.73700000000002,5.87900000000002,0.31224976528707,4.78920000000001,5.61160000000001,2,2016,34
2016-02-04,4.97901391304348,4.64999999999998,5.48199999999997,0.211744174949172,4.72519999999998,5.30099999999999,2,2016,35
2016-02-05,4.65461391304348,4.26800000000003,5.18299999999999,0.222892297113898,4.36940000000002,4.97140000000001,2,2016,36
2016-02-06,4.57216695652174,4.11799999999999,5.149,0.248266379265245,4.24879999999999,4.90720000000002,2,2016,37
2016-02-07,4.49496695652174,4.113,5.01499999999999,0.225411525989875,4.21420000000002,4.82520000000002,2,2016,38
2016-02-08,4.48305913043478,4.23500000000001,5.04199999999997,0.175974578410148,4.28739999999999,4.73979999999999,2,2016,39
2016-02-09,4.06822434782609,3.726,4.57100000000003,0.19972514240124,3.8174,4.34059999999999,2,2016,40
2016-02-10,3.83843478260869,3.50099999999998,4.39999999999998,0.183813310951182,3.59300000000002,4.07299999999998,2,2016,41
2016-02-11,4.04018086956522,3.58600000000001,4.541,0.272261451989924,3.72739999999999,4.44600000000003,2,2016,42
2016-02-12,4.00366956521739,3.517,4.61099999999999,0.309779119964833,3.62759999999998,4.46119999999999,2,2016,43
2016-02-13,3.71430260869565,3.23099999999999,4.38200000000001,0.295326652392554,3.32640000000001,4.1288,2,2016,44
2016-02-14,3.49152173913043,3.14100000000002,4.11399999999998,0.247313958791246,3.21600000000001,3.8872,2,2016,45
2016-02-15,3.44776,3.10599999999999,4.262,0.289464749588539,3.17099999999999,3.9228,2,2016,46
2016-02-16,3.54326260869565,3.24200000000002,4.05099999999999,0.192286341658227,3.32239999999999,3.8478,2,2016,47
2016-02-17,3.57601043478261,3.25900000000001,3.94200000000001,0.16222751444021,3.35599999999999,3.80260000000001,2,2016,48
2016-02-18,3.50723304347826,3.11399999999998,3.89600000000002,0.191311413915584,3.24780000000002,3.74540000000001,2,2016,49
2016-02-19,3.50917565217391,3.08699999999999,3.92500000000001,0.200129954552752,3.23439999999999,3.75799999999998,2,2016,50
2016-02-20,3.48945043478261,3.08499999999998,3.97500000000002,0.20147217036354,3.22120000000002,3.76619999999999,2,2016,51
2016-02-21,3.73661043478261,3.35699999999997,4.185,0.203587274376711,3.4614,4.01860000000002,2,2016,52
2016-02-22,3.87095652173913,3.54700000000003,4.28199999999998,0.17238446574356,3.642,4.10300000000001,2,2016,53
2016-02-23,3.81623826086957,3.51800000000003,4.245,0.156682074281494,3.6068,4.01320000000001,2,2016,54
2016-02-24,3.62691304347826,3.19999999999999,4.238,0.239636722928505,3.31200000000001,3.9632,2,2016,55
2016-02-25,3.42896695652174,3.11900000000003,3.83299999999997,0.194390857620505,3.18400000000003,3.702,2,2016,56
2016-02-26,3.55587130434783,3.16699999999997,4.06900000000002,0.251960882964921,3.2524,3.93820000000002,2,2016,57
2016-02-27,3.67774956521739,3.346,4.13,0.212100519926156,3.42939999999999,4.01660000000001,2,2016,58
2016-02-28,3.7388747826087,3.39300000000003,4.15499999999997,0.199809748292722,3.49400000000003,4.03840000000001,2,2016,59
2016-02-29,3.88901217391304,3.56700000000001,4.245,0.187222756305733,3.64999999999998,4.16619999999999,2,2016,60
2016-03-01,3.96724,3.61900000000003,4.24299999999999,0.16453039963539,3.726,4.17760000000001,3,2016,61
2016-03-02,3.78103304347826,3.55000000000001,4.05700000000002,0.122554349545977,3.61339999999999,3.94099999999997,3,2016,62
2016-03-03,3.42812695652174,3.26499999999999,3.80900000000003,0.138694119438618,3.291,3.65659999999999,3,2016,63
2016-03-04,3.31627826086957,3.09500000000003,3.74200000000002,0.173686687149987,3.13600000000002,3.60599999999999,3,2016,64
2016-03-05,3.47351826086956,3.154,3.84699999999998,0.166423369471892,3.25539999999999,3.71259999999999,3,2016,65
2016-03-06,3.52830782608696,3.28300000000002,3.82299999999998,0.126751798087588,3.3534,3.69560000000001,3,2016,66
2016-03-07,3.62288173913043,3.37799999999999,3.89699999999999,0.129003511001169,3.44499999999999,3.78920000000002,3,2016,67
2016-03-08,3.73272347826087,3.512,3.983,0.115412297071874,3.57239999999999,3.88499999999999,3,2016,68
2016-03-09,4.02066434782609,3.83600000000001,4.26400000000001,0.0914600712476848,3.89400000000001,4.13299999999998,3,2016,69
2016-03-10,4.76200695652174,4.41300000000001,4.98599999999999,0.138259728644183,4.56599999999997,4.9326,3,2016,70
2016-03-11,4.79476,4.399,5.08999999999997,0.185292277264697,4.53079999999998,5.03560000000001,3,2016,71
2016-03-12,4.66402086956522,4.255,5.00999999999999,0.198938138221317,4.38600000000002,4.91619999999999,3,2016,72
2016-03-13,4.59524869565217,4.27499999999998,4.89100000000002,0.170376583493741,4.37139999999999,4.82560000000001,3,2016,73
2016-03-14,4.21489043478261,4.05599999999998,4.38900000000001,0.0858691178256313,4.10639999999998,4.33919999999999,3,2016,74
2016-03-15,4.02274434782609,3.935,4.18299999999999,0.0495096411110509,3.95939999999999,4.08999999999997,3,2016,75
2016-03-16,4.12697391304348,3.97699999999998,4.29300000000001,0.0704566316889138,4.02600000000001,4.21459999999998,3,2016,76
2016-03-17,4.29999826086957,4.07600000000002,4.50299999999999,0.108685517935081,4.14600000000002,4.44400000000002,3,2016,77
2016-03-18,4.21781739130435,3.76400000000001,4.517,0.177862560111313,3.96340000000001,4.44259999999999,3,2016,78
2016-03-19,4.38025043478261,3.83199999999999,4.68299999999999,0.190605270726979,4.10139999999999,4.58999999999997,3,2016,79
2016-03-20,4.33185043478261,3.78500000000003,4.62599999999998,0.199068558994445,4.0314,4.55359999999998,3,2016,80
2016-03-21,3.96127304347826,3.44499999999999,4.30599999999998,0.22048285676156,3.67599999999999,4.24360000000001,3,2016,81
2016-03-22,3.78197739130435,3.27199999999999,4.13299999999998,0.205693840291706,3.50139999999999,4.05399999999997,3,2016,82
2016-03-23,3.83416,3.39100000000002,4.166,0.19158876946566,3.58680000000002,4.08499999999998,3,2016,83
2016-03-24,3.70529217391304,3.41199999999998,3.99400000000003,0.135013929561285,3.5194,3.8896,3,2016,84
2016-03-25,4.19849217391304,3.96199999999999,4.404,0.116698692661739,4.03300000000002,4.35159999999999,3,2016,85
2016-03-26,4.07091130434782,3.84800000000001,4.267,0.110403965840828,3.91540000000001,4.21499999999997,3,2016,86
2016-03-27,3.88668173913043,3.55399999999997,4.13499999999999,0.148148943077395,3.66739999999999,4.07320000000001,3,2016,87
2016-03-28,3.85697913043478,3.44499999999999,4.09800000000001,0.157197858799314,3.61399999999998,4.03659999999999,3,2016,88
2016-03-29,3.98917739130435,3.58600000000001,4.31599999999997,0.171436785040317,3.74059999999998,4.1986,3,2016,89
2016-03-30,4.04552347826087,3.58600000000001,4.38600000000002,0.181203561553264,3.786,4.26780000000001,3,2016,90
2016-03-31,4.03615130434783,3.61900000000003,4.36900000000003,0.191592272856529,3.75099999999998,4.26900000000001,3,2016,91
2016-04-01,3.99828695652174,3.779,4.18900000000002,0.109571334950395,3.84199999999998,4.1386,4,2016,92
2016-04-02,4.59994260869565,4.47500000000002,4.702,0.0602231492945437,4.51299999999998,4.67959999999999,4,2016,93
2016-04-03,3.98841391304348,3.86399999999998,4.23099999999999,0.0891844728042119,3.88999999999999,4.1226,4,2016,94
2016-04-04,3.8382452173913,3.54700000000003,4.15300000000002,0.192835256836897,3.60199999999998,4.11860000000001,4,2016,95
2016-04-05,3.76354956521739,3.38799999999998,4.11799999999999,0.196470327118279,3.52800000000002,4.05860000000001,4,2016,96
2016-04-06,3.79573565217391,3.44799999999998,4.05700000000002,0.137313013936751,3.58720000000001,3.95060000000001,4,2016,97
2016-04-07,3.86780695652174,3.66199999999998,4.084,0.0709828655304175,3.76339999999999,3.94320000000001,4,2016,98
2016-04-08,4.50087304347826,4.17200000000003,4.803,0.120576877988814,4.3304,4.64300000000003,4,2016,99
2016-04-09,4.43107652173913,4.04300000000001,4.68599999999998,0.132241534332126,4.20760000000001,4.56559999999998,4,2016,100
2016-04-10,4.36562434782609,3.94400000000002,4.58800000000002,0.152490639794598,4.10999999999999,4.52360000000001,4,2016,101
2016-04-11,4.52897913043478,4.30099999999999,4.67599999999999,0.106940829560636,4.36479999999998,4.64300000000003,4,2016,102
2016-04-12,5.0298452173913,4.822,5.24400000000003,0.0998544517819601,4.90039999999999,5.1706,4,2016,103
2016-04-13,4.95742434782609,4.70499999999998,5.16800000000001,0.0830884090996339,4.8614,5.065,4,2016,104
2016-04-14,5.19666260869565,4.53100000000001,5.64600000000002,0.250832073655597,4.87799999999999,5.4856,4,2016,105
2016-04-15,5.66339478260869,5.31999999999999,5.86599999999999,0.0949844603496957,5.52779999999999,5.77800000000002,4,2016,106
2016-04-16,5.73388869565217,5.36500000000001,5.899,0.0899535195163749,5.613,5.8282,4,2016,107
2016-04-17,5.73890434782609,5.34399999999999,5.90800000000002,0.116764673992445,5.56759999999998,5.84460000000001,4,2016,108
2016-04-18,5.73726956521739,5.399,5.89999999999998,0.130928453594365,5.52840000000001,5.875,4,2016,109
2016-04-19,6.34932869565217,6.14999999999998,6.41199999999998,0.0561356445253355,6.26400000000001,6.40300000000002,4,2016,110
2016-04-20,6.77675478260869,6.35199999999998,7.142,0.190946598625737,6.52920000000001,7.01959999999999,4,2016,111
2016-04-21,6.89621391304348,6.45799999999997,7.29599999999999,0.219173752087242,6.616,7.1852,4,2016,112
2016-04-22,6.99912173913043,6.81,7.19799999999998,0.121733110986942,6.83699999999999,7.16399999999999,4,2016,113
2016-04-23,7.56820695652174,7.15199999999999,8.07400000000001,0.26006429241335,7.23399999999998,7.97199999999998,4,2016,114
2016-04-24,7.53284,7.04500000000002,8.04700000000003,0.284375265149013,7.13880000000003,7.95219999999999,4,2016,115
2016-04-25,7.47164347826087,7.13400000000001,7.98500000000001,0.232334358638383,7.21199999999999,7.86660000000002,4,2016,116
2016-04-26,7.02394956521739,6.798,7.20400000000001,0.0819258347509283,6.91739999999999,7.1416,4,2016,117
2016-04-27,7.09242434782609,6.96699999999998,7.22000000000003,0.0770671735042516,6.988,7.19299999999998,4,2016,118
2016-04-28,7.11176347826087,6.89600000000002,7.27999999999997,0.0929797084850827,6.98099999999999,7.23000000000002,4,2016,119
2016-04-29,7.04810608695652,6.92000000000002,7.14800000000002,0.0635806235781935,6.96199999999999,7.13099999999997,4,2016,120
2016-04-30,7.04646956521739,6.87799999999999,7.197,0.0738290380512092,6.94900000000001,7.14300000000003,4,2016,121
2016-05-01,7.01590086956522,6.80399999999997,7.11099999999999,0.0607314209207003,6.9374,7.08359999999999,5,2016,122
2016-05-02,6.76218608695652,6.55599999999998,6.88,0.0735246893598528,6.64699999999999,6.8426,5,2016,123
2016-05-03,6.63515652173913,6.447,6.83699999999999,0.0973336507573931,6.50440000000001,6.77360000000001,5,2016,124
2016-05-04,6.75036869565217,6.608,6.92700000000002,0.0814832001722848,6.6454,6.87059999999999,5,2016,125
2016-05-05,7.23187130434783,7.17000000000002,7.30000000000001,0.0341932527046738,7.18599999999998,7.27999999999997,5,2016,126
2016-05-06,7.62679652173913,7.423,7.74700000000001,0.0801521331457308,7.50700000000001,7.7236,5,2016,127
2016-05-07,7.50074434782609,7.29399999999998,7.65199999999999,0.0762698928084186,7.3954,7.60699999999997,5,2016,128
2016-05-08,7.37222086956522,7.08999999999997,7.601,0.123421919833592,7.17860000000001,7.5062,5,2016,129
2016-05-09,7.42360869565217,7.125,7.72800000000001,0.160442392304202,7.18580000000001,7.63900000000001,5,2016,130
2016-05-10,7.49564695652174,7.09800000000001,7.98399999999998,0.246301221108355,7.18299999999999,7.8776,5,2016,131
2016-05-11,7.90245913043478,7.471,8.70400000000001,0.333487690482086,7.53800000000001,8.45940000000001,5,2016,132
2016-05-12,8.14742086956522,7.661,8.73700000000002,0.300425505876455,7.74440000000002,8.55120000000002,5,2016,133
2016-05-13,8.2346,7.947,8.488,0.16810763724575,7.9938,8.44299999999998,5,2016,134
2016-05-14,8.4394,8.35500000000002,8.548,0.0506869190528101,8.38099999999997,8.5206,5,2016,135
2016-05-15,7.80535130434783,7.71499999999997,7.88900000000001,0.0481353173296703,7.7364,7.86799999999999,5,2016,136
2016-05-16,7.87228869565217,7.517,8.36700000000002,0.244211852097193,7.577,8.23580000000001,5,2016,137
2016-05-17,7.91674434782609,7.45699999999999,8.601,0.312431610409628,7.55399999999997,8.38259999999999,5,2016,138
2016-05-18,8.17173913043478,7.86099999999999,8.69400000000002,0.219875078841168,7.89939999999999,8.49960000000001,5,2016,139
2016-05-19,9.12242086956522,8.928,9.20600000000002,0.0625937923356934,9.02100000000002,9.1936,5,2016,140
2016-05-20,9.24239826086957,8.77999999999997,9.483,0.138887213900789,9.05060000000001,9.3956,5,2016,141
2016-05-21,9.23771826086956,8.61399999999998,9.666,0.213892334920484,8.9664,9.5256,5,2016,142
2016-05-22,9.45544,9.00799999999998,9.92700000000002,0.249883002867243,9.11840000000001,9.81999999999999,5,2016,143
2016-05-23,9.86974782608696,9.23599999999999,10.499,0.362370520994305,9.3854,10.4016,5,2016,144
2016-05-24,9.92665391304348,9.45100000000002,10.492,0.30551584905225,9.5434,10.381,5,2016,145
2016-05-25,10.8143304347826,10.53,11.003,0.125605926654702,10.6264,10.9576,5,2016,146
2016-05-26,12.151787826087,11.736,12.365,0.135056899318873,11.9682,12.32,5,2016,147
2016-05-27,12.0144886956522,11.678,12.128,0.0977394645001172,11.8682,12.121,5,2016,148
2016-05-28,12.0884156521739,11.932,12.12,0.0297993773503931,12.052,12.117,5,2016,149
2016-05-29,11.9220434782609,11.642,12.048,0.0876863065150428,11.7948,12.023,5,2016,150
2016-05-30,12.3177704347826,12.069,12.434,0.0817525127467218,12.1962,12.411,5,2016,151
2016-05-31,12.8657391304348,12.642,13.073,0.0711265357888258,12.775,12.9486,5,2016,152
2016-06-01,12.8435582608696,12.427,13.326,0.240317247486482,12.5468,13.2204,6,2016,153
2016-06-02,12.7522156521739,12.227,13.388,0.312374215128635,12.3632,13.2272,6,2016,154
2016-06-03,12.7679269565217,12.413,13.254,0.216328167810983,12.5142,13.1178,6,2016,155
2016-06-04,12.8899339130435,12.481,13.23,0.15042903502851,12.6954,13.0994,6,2016,156
2016-06-05,13.1284486956522,12.519,13.608,0.247923537711593,12.7984,13.466,6,2016,157
2016-06-06,12.9180260869565,12.22,13.319,0.23692718051191,12.5774,13.2022,6,2016,158
2016-06-07,13.03876,12.461,13.445,0.174197137313114,12.8772,13.3036,6,2016,159
2016-06-08,13.1189530434783,12.573,13.617,0.207506893937676,12.9304,13.4334,6,2016,160
2016-06-09,13.0192573913043,12.304,13.325,0.21866942381037,12.7004,13.2506,6,2016,161
2016-06-10,12.576747826087,11.714,13.332,0.459435141060287,11.911,13.2334,6,2016,162
2016-06-11,12.5260504347826,11.578,13.358,0.508103482589762,11.811,13.249,6,2016,163
2016-06-12,12.5223808695652,11.696,13.163,0.407390009074861,11.9182,13.0566,6,2016,164
2016-06-13,12.2892104347826,11.686,12.771,0.301852149981438,11.8514,12.6766,6,2016,165
2016-06-14,12.1025530434783,11.428,12.759,0.347963738479272,11.6072,12.6266,6,2016,166
2016-06-15,12.1734469565217,11.277,12.971,0.420818114210509,11.5958,12.793,6,2016,167
2016-06-16,12.4928243478261,11.675,13.086,0.422548434968058,11.852,13.037,6,2016,168
2016-06-17,13.2829808695652,12.905,13.729,0.183385291500206,13.0672,13.558,6,2016,169
2016-06-18,13.5986695652174,12.944,14.268,0.348174896019877,13.05,14.0028,6,2016,170
2016-06-19,13.8043182608696,13.377,14.344,0.246770721070102,13.492,14.1812,6,2016,171
2016-06-20,13.7406626086957,13.442,14.096,0.152524154402212,13.5784,13.9832,6,2016,172
2016-06-21,13.2392052173913,12.992,13.644,0.132244044966785,13.0954,13.4466,6,2016,173
2016-06-22,13.3644139130435,13.015,14.126,0.264305109195522,13.0894,13.7738,6,2016,174
2016-06-23,13.9789947826087,13.331,14.79,0.412897197606798,13.4442,14.5686,6,2016,175
2016-06-24,14.3811113043478,13.555,15.323,0.543321121665903,13.6434,15.0326,6,2016,176
2016-06-25,14.6218,13.688,15.424,0.569447143096256,13.813,15.2704,6,2016,177
2016-06-26,14.6528382608696,13.716,15.298,0.464718823906606,13.9242,15.1556,6,2016,178
2016-06-27,14.804052173913,14.495,15.269,0.206074613676845,14.5384,15.0982,6,2016,179
2016-06-28,15.2580191304348,15.049,15.552,0.10296739098139,15.121,15.3926,6,2016,180
2016-06-29,15.7126034782609,15.37,16.159,0.187043444584667,15.47,15.9802,6,2016,181
2016-06-30,15.3061704347826,14.731,16.138,0.417260556005768,14.7934,15.9608,6,2016,182
2016-07-01,15.2510834782609,14.689,16.059,0.402505415794592,14.7554,15.8508,7,2016,183
2016-07-02,15.1348817391304,14.226,16.172,0.503661250226328,14.4384,15.8382,7,2016,184
2016-07-03,15.3504886956522,14.21,16.419,0.574517030427978,14.4752,16.146,7,2016,185
2016-07-04,15.432252173913,14.501,16.478,0.575043859007165,14.6402,16.2786,7,2016,186
2016-07-05,15.9335895652174,15.297,16.572,0.357673398257739,15.4272,16.416,7,2016,187
2016-07-06,16.6535391304348,16.304,17.121,0.203974997056821,16.4594,17.0366,7,2016,188
2016-07-07,16.8417530434783,16.534,17.119,0.125699914570183,16.6794,17.045,7,2016,189
2016-07-08,16.7035373913043,16.312,16.93,0.149204247833564,16.4898,16.8836,7,2016,190
2016-07-09,16.1876504347826,15.641,16.556,0.205121501927386,15.891,16.4416,7,2016,191
2016-07-10,16.8483339130435,16.316,17.202,0.213827195399699,16.5384,17.108,7,2016,192
2016-07-11,17.1523252173913,16.66,17.485,0.197174802548875,16.867,17.3922,7,2016,193
2016-07-12,16.7609547826087,16.312,17.317,0.212456000053645,16.4834,17.054,7,2016,194
2016-07-13,16.4944191304348,16.013,17.212,0.268434245640702,16.1838,16.8864,7,2016,195
2016-07-14,16.4546069565217,15.936,17.215,0.292151007359804,16.1104,16.8728,7,2016,196
2016-07-15,16.4851095652174,16.022,17.135,0.254065905800501,16.1828,16.8496,7,2016,197
2016-07-16,16.7799304347826,16.382,17.253,0.186312404915563,16.5402,17.04,7,2016,198
2016-07-17,17.31968,16.94,17.676,0.137124102085747,17.126,17.4762,7,2016,199
2016-07-18,17.0797356521739,16.766,17.653,0.228855521801664,16.8844,17.5006,7,2016,200
2016-07-19,17.0662869565217,16.658,17.604,0.205279878854026,16.8608,17.43,7,2016,201
2016-07-20,17.1277043478261,16.635,17.782,0.303632662884959,16.728,17.6078,7,2016,202
2016-07-21,17.150092173913,16.495,17.999,0.389096819178394,16.6284,17.7206,7,2016,203
2016-07-22,17.0967356521739,16.582,17.881,0.279169037683753,16.7754,17.5306,7,2016,204
2016-07-23,17.0160260869565,16.745,17.482,0.173407822307556,16.8574,17.3222,7,2016,205
2016-07-24,17.1469756521739,16.75,17.692,0.204865408605465,16.931,17.4954,7,2016,206
2016-07-25,17.2963617391304,16.983,17.776,0.15471212312636,17.1152,17.515,7,2016,207
2016-07-26,18.3016417391304,17.467,18.843,0.320732030188143,17.8478,18.698,7,2016,208
2016-07-27,18.9124208695652,18.309,19.306,0.24819257496455,18.5608,19.2116,7,2016,209
2016-07-28,18.9265443478261,18.401,19.373,0.202226942493481,18.679,19.1806,7,2016,210
2016-07-29,19.0511930434783,18.663,19.542,0.184465569397071,18.8424,19.3134,7,2016,211
2016-07-30,19.1093669565217,18.678,19.556,0.225151755141968,18.8582,19.4216,7,2016,212
2016-07-31,19.1003217391304,18.386,19.613,0.257372151131693,18.7458,19.4202,7,2016,213
2016-08-01,18.471932173913,17.688,18.892,0.255456325848466,18.0974,18.7736,8,2016,214
2016-08-02,18.1798591304348,17.72,18.485,0.13516382877456,18.019,18.368,8,2016,215
2016-08-03,18.104747826087,17.592,18.786,0.291497863185619,17.739,18.5136,8,2016,216
2016-08-04,17.9753739130435,17.437,18.863,0.340701056822074,17.5894,18.5092,8,2016,217
2016-08-05,17.8882991304348,17.535,18.48,0.26593324117588,17.5908,18.31,8,2016,218
2016-08-06,17.3419791304348,17.022,17.537,0.0868747922521788,17.2322,17.431,8,2016,219
2016-08-07,16.4576156521739,15.988,17.477,0.28451585523485,16.1834,16.858,8,2016,220
2016-08-08,16.4415513043478,15.875,16.937,0.204963624870543,16.1544,16.6766,8,2016,221
2016-08-09,16.5488782608696,15.934,16.954,0.230082607034274,16.2304,16.851,8,2016,222
2016-08-10,16.4263391304348,15.956,16.82,0.193253578921047,16.162,16.676,8,2016,223
2016-08-11,16.6400208695652,16.211,17,0.204040414753795,16.3448,16.911,8,2016,224
2016-08-12,17.1328973913044,16.78,17.435,0.164008078251831,16.8954,17.3452,8,2016,225
2016-08-13,17.6322730434783,17.238,17.917,0.173449438013911,17.3788,17.8556,8,2016,226
2016-08-14,18.4582434782609,17.918,18.94,0.24921459873935,18.1184,18.7892,8,2016,227
2016-08-15,18.5949460869565,18.175,19.066,0.195125767218405,18.3764,18.8842,8,2016,228
2016-08-16,18.4894086956522,18.039,19.251,0.261258195798694,18.2074,18.8572,8,2016,229
2016-08-17,18.2033982608696,17.498,18.562,0.186235781199696,17.938,18.43,8,2016,230
2016-08-18,18.0423547826087,17.378,18.714,0.271510684155085,17.667,18.3694,8,2016,231
2016-08-19,18.1469391304348,17.695,18.766,0.278718811225489,17.8064,18.5916,8,2016,232
2016-08-20,18.4579895652174,18.038,18.781,0.145005586444057,18.2686,18.6622,8,2016,233
2016-08-21,18.4565669565217,17.974,18.885,0.161317631859432,18.2752,18.6754,8,2016,234
2016-08-22,17.8062852173913,17.48,18.331,0.155626793956317,17.6214,18.0296,8,2016,235
2016-08-23,17.6896713043478,17.198,18.204,0.211764936395578,17.4134,17.9596,8,2016,236
2016-08-24,17.7220295652174,17.218,18.202,0.242759127321496,17.362,18.058,8,2016,237
2016-08-25,17.8697913043478,17.516,18.259,0.152071153782549,17.655,18.0356,8,2016,238
2016-08-26,18.4896539130435,18.187,18.787,0.165476695669131,18.267,18.7206,8,2016,239
2016-08-27,18.50424,18.02,18.922,0.26810325147129,18.114,18.8286,8,2016,240
2016-08-28,18.4137826086957,17.944,18.826,0.226799431823391,18.0814,18.6906,8,2016,241
2016-08-29,18.016652173913,17.658,18.477,0.214749430338316,17.7474,18.3164,8,2016,242
2016-08-30,17.9402139130435,17.441,18.529,0.232250963207086,17.7018,18.2826,8,2016,243
2016-08-31,17.5539930434783,17.149,17.971,0.145388030435902,17.3594,17.7372,8,2016,244
2016-09-01,17.0585634782609,16.635,17.423,0.169456517158216,16.8278,17.2936,9,2016,245
2016-09-02,16.8405356521739,15.956,17.775,0.323178004637401,16.4864,17.2234,9,2016,246
2016-09-03,16.8962939130435,15.821,17.766,0.332288667294511,16.4986,17.274,9,2016,247
2016-09-04,16.7243095652174,16.13,17.324,0.209978101137066,16.4948,17.0096,9,2016,248
2016-09-05,16.6843617391304,16.216,17.375,0.246415970645787,16.4204,17.0898,9,2016,249
2016-09-06,16.8081252173913,16.294,17.534,0.246998197825061,16.5418,17.1882,9,2016,250
2016-09-07,16.9745269565217,16.154,17.725,0.332913449247997,16.5432,17.425,9,2016,251
2016-09-08,17.88948,17.312,18.331,0.21507885888685,17.5856,18.162,9,2016,252
2016-09-09,17.9375808695652,17.586,18.355,0.198051422200092,17.7164,18.2418,9,2016,253
2016-09-10,17.5181965217391,16.664,18.128,0.333484712762695,17.0658,17.9562,9,2016,254
2016-09-11,17.3169773913043,16.662,17.659,0.187221126903554,17.0342,17.5212,9,2016,255
2016-09-12,17.1858191304348,16.457,17.642,0.204150236702249,16.9074,17.437,9,2016,256
2016-09-13,17.0446643478261,16.363,17.414,0.220467977950588,16.7652,17.3086,9,2016,257
2016-09-14,17.029212173913,16.575,17.379,0.188399836671399,16.7576,17.253,9,2016,258
2016-09-15,16.5792886956522,15.935,17.175,0.348296901853333,16.0986,17.0862,9,2016,259
2016-09-16,16.2353460869565,15.784,16.791,0.237823669522578,15.9028,16.5584,9,2016,260
2016-09-17,16.0980417391304,15.714,16.759,0.248211950701085,15.79,16.48,9,2016,261
2016-09-18,16.0872504347826,15.877,16.406,0.111279852021103,15.9434,16.2336,9,2016,262
2016-09-19,16.5058313043478,16.201,16.817,0.145790926124647,16.3194,16.711,9,2016,263
2016-09-20,16.660067826087,16.342,16.931,0.139878657934705,16.4328,16.8276,9,2016,264
2016-09-21,16.4709947826087,15.762,16.96,0.369962793553415,15.875,16.836,9,2016,265
2016-09-22,16.4222695652174,15.688,16.928,0.37278010822673,15.8364,16.834,9,2016,266
2016-09-23,15.9603217391304,15.382,16.408,0.312931718454823,15.4898,16.308,9,2016,267
2016-09-24,15.5884939130435,15.052,16.223,0.292054830327437,15.1878,16.0362,9,2016,268
2016-09-25,15.2471843478261,14.927,15.671,0.179146468694954,15.012,15.5206,9,2016,269
2016-09-26,14.7234817391304,14.436,15.128,0.14178116301231,14.5234,14.8896,9,2016,270
2016-09-27,14.5845165217391,14.208,14.938,0.159575075954641,14.3518,14.8016,9,2016,271
2016-09-28,14.4304886956522,13.933,14.931,0.220460413366065,14.1594,14.7546,9,2016,272
2016-09-29,14.5325252173913,14.164,15.175,0.237291986237027,14.2704,14.894,9,2016,273
2016-09-30,14.7675408695652,14.426,15.244,0.15939737771881,14.567,14.988,9,2016,274
2016-10-01,15.0138034782609,14.573,15.441,0.189254114482376,14.762,15.2652,10,2016,275
2016-10-02,14.1086904347826,13.78,14.441,0.167483832998929,13.881,14.3456,10,2016,276
2016-10-03,14.1415913043478,13.9,14.418,0.120948667060149,13.976,14.3076,10,2016,277
2016-10-04,14.1217704347826,13.879,14.357,0.106453075636772,13.973,14.285,10,2016,278
2016-10-05,14.0892869565217,13.794,14.309,0.113980617982027,13.9234,14.2582,10,2016,279
2016-10-06,14.1896817391304,13.912,14.407,0.102700155201943,14.062,14.3526,10,2016,280
2016-10-07,14.510052173913,14.165,14.742,0.0956283495897843,14.3848,14.6246,10,2016,281
2016-10-08,14.7614034782609,14.443,15.022,0.11357815459156,14.6304,14.9186,10,2016,282
2016-10-09,14.2425860869565,13.984,14.528,0.147668120031664,14.051,14.4374,10,2016,283
2016-10-10,14.1540695652174,14.013,14.365,0.0962560393814673,14.039,14.3006,10,2016,284
2016-10-11,13.9146973913043,13.614,14.249,0.168473104720275,13.714,14.165,10,2016,285
2016-10-12,13.7555269565217,13.464,14.084,0.139002352098103,13.583,13.9612,10,2016,286
2016-10-13,13.8673704347826,13.285,14.11,0.138261178498433,13.6802,14.0166,10,2016,287
2016-10-14,13.8061217391304,13.217,14.013,0.13934603031381,13.608,13.94,10,2016,288
2016-10-15,13.6903095652174,13.275,13.98,0.142184235990128,13.5176,13.885,10,2016,289
2016-10-16,13.361812173913,12.942,13.768,0.123567299686795,13.216,13.528,10,2016,290
2016-10-17,13.392427826087,13.072,13.803,0.140072434937206,13.232,13.5988,10,2016,291
2016-10-18,13.4578904347826,13.064,13.938,0.19647138125944,13.2124,13.7398,10,2016,292
2016-10-19,13.6622330434783,13.33,14.123,0.204180501770954,13.407,13.9648,10,2016,293
2016-10-20,13.7592660869565,13.531,14.146,0.149607816509679,13.5814,13.99,10,2016,294
2016-10-21,13.72624,13.504,14.051,0.126865871172245,13.5734,13.9146,10,2016,295
2016-10-22,12.9988573913043,12.913,13.064,0.0307265194929638,12.9528,13.035,10,2016,296
2016-10-23,12.9230260869565,12.714,12.986,0.0425637175302213,12.884,12.966,10,2016,297
2016-10-24,12.5213565217391,12.16,12.8,0.167974580752033,12.2762,12.734,10,2016,298
2016-10-25,11.8608017391304,11.583,12.159,0.15070126088329,11.6446,12.067,10,2016,299
2016-10-26,11.7565582608696,11.53,12.021,0.121748983484663,11.599,11.938,10,2016,300
2016-10-27,11.6575373913043,11.482,11.859,0.093307226847832,11.55,11.8046,10,2016,301
2016-10-28,11.674627826087,11.644,11.739,0.0210774395458614,11.652,11.707,10,2016,302
2016-10-29,11.4282313043478,11.26,11.636,0.0845005436401048,11.3114,11.535,10,2016,303
2016-10-30,11.3275373913043,11.111,11.555,0.107822548646687,11.181,11.4752,10,2016,304
2016-10-31,11.3498626086957,11.07,11.687,0.17260748883592,11.1264,11.5946,10,2016,305
2016-11-01,11.3284747826087,10.992,11.707,0.196155476734326,11.054,11.5946,11,2016,306
2016-11-02,11.2544243478261,11.021,11.504,0.138696196581667,11.066,11.4476,11,2016,307
2016-11-03,10.8989008695652,10.754,11.189,0.114720424817567,10.789,11.0966,11,2016,308
2016-11-04,10.7255339130435,10.462,11.078,0.152727188906156,10.5354,10.9586,11,2016,309
2016-11-05,10.8002208695652,10.46,11.183,0.161159252884168,10.5754,11.0098,11,2016,310
2016-11-06,10.6835391304348,10.251,11.119,0.226562345257198,10.3704,10.9956,11,2016,311
2016-11-07,10.4479808695652,10.094,10.997,0.22793976063117,10.1774,10.7776,11,2016,312
2016-11-08,10.3583356521739,10.029,10.945,0.204036881867588,10.1214,10.6514,11,2016,313
2016-11-09,10.3745356521739,10.067,10.827,0.171325835311475,10.1534,10.619,11,2016,314
2016-11-10,10.3543026086957,10.084,10.751,0.14681026263916,10.1642,10.5562,11,2016,315
2016-11-11,10.2039773913043,9.67000000000002,10.788,0.275910083274272,9.82299999999998,10.5808,11,2016,316
2016-11-12,10.3591617391304,9.90100000000001,11.027,0.259509360026224,10.007,10.7208,11,2016,317
2016-11-13,10.5728139130435,10.293,10.983,0.157821653680825,10.3704,10.7952,11,2016,318
2016-11-14,10.9192573913043,10.707,11.157,0.110801230716876,10.7704,11.0708,11,2016,319
2016-11-15,10.5733913043478,10.386,10.807,0.107687450672155,10.428,10.7276,11,2016,320
2016-11-16,10.2528243478261,9.94,10.716,0.194675676237032,10.005,10.53,11,2016,321
2016-11-17,10.318172173913,9.94400000000002,10.941,0.249445314804704,10.0084,10.6868,11,2016,322
2016-11-18,10.5109530434783,10.175,11.11,0.221573222464257,10.2604,10.8498,11,2016,323
2016-11-19,10.5949739130435,10.3,11.123,0.188743362292756,10.372,10.8756,11,2016,324
2016-11-20,10.8903165217391,10.631,11.257,0.150738278347967,10.6958,11.1092,11,2016,325
2016-11-21,10.1142086956522,9.767,10.612,0.228409662212109,9.80500000000001,10.4356,11,2016,326
2016-11-22,9.78545739130435,9.41800000000001,10.626,0.297616509279928,9.47500000000002,10.2972,11,2016,327
2016-11-23,10.0134886956522,9.67200000000003,10.643,0.264901571611087,9.70100000000002,10.4406,11,2016,328
2016-11-24,10.2186260869565,9.97500000000002,10.672,0.178383530594264,10.022,10.499,11,2016,329
2016-11-25,10.3737217391304,10.139,10.66,0.131690042842006,10.201,10.562,11,2016,330
2016-11-26,9.68911826086956,9.49000000000001,9.90300000000002,0.102943880031766,9.54700000000003,9.82859999999999,11,2016,331
2016-11-27,9.58068695652174,9.46499999999997,9.84399999999999,0.079848066224209,9.49000000000001,9.69499999999999,11,2016,332
2016-11-28,9.31028869565217,9.154,9.70299999999997,0.126563669758153,9.173,9.48620000000002,11,2016,333
2016-11-29,9.3137147826087,9.19,9.72899999999998,0.120884380677965,9.19640000000002,9.48119999999999,11,2016,334
2016-11-30,9.37915478260869,9.24200000000002,9.62200000000001,0.0903192674752241,9.26839999999999,9.5086,11,2016,335
2016-12-01,9.4937947826087,9.23599999999999,9.98399999999998,0.176837785588249,9.29239999999999,9.75099999999998,12,2016,336
2016-12-02,9.45275826086957,9.18099999999998,10.08,0.198868162333748,9.23740000000001,9.7512,12,2016,337
2016-12-03,9.61755478260869,9.35399999999998,10.087,0.173149559852923,9.4134,9.86740000000002,12,2016,338
2016-12-04,9.6628852173913,9.26799999999997,10.154,0.22677336928755,9.36940000000002,9.99780000000001,12,2016,339
2016-12-05,9.37086260869565,8.99000000000001,10.008,0.268536185981211,9.06139999999999,9.75839999999998,12,2016,340
2016-12-06,8.98307652173913,8.68900000000002,9.48199999999997,0.200143618438906,8.73899999999998,9.25559999999998,12,2016,341
2016-12-07,8.87139478260869,8.60899999999998,9.39299999999997,0.175013674848226,8.6814,9.14619999999999,12,2016,342
2016-12-08,8.81396347826087,8.54500000000002,9.108,0.141467989466274,8.62099999999998,9.00419999999999,12,2016,343
2016-12-09,8.74975652173913,8.36399999999998,9.642,0.326952494479577,8.40199999999999,9.27020000000002,12,2016,344
2016-12-10,8.59257739130435,8.20600000000002,9.49599999999998,0.315912334866351,8.24900000000002,9.06400000000002,12,2016,345
2016-12-11,8.39470086956522,8.11399999999998,9.11200000000002,0.227279366342605,8.15499999999997,8.7236,12,2016,346
2016-12-12,8.38657043478261,8.10899999999998,8.85500000000002,0.157189131832284,8.197,8.6168,12,2016,347
2016-12-13,8.24906956521739,7.923,8.86000000000001,0.180574447363827,8.0332,8.49259999999999,12,2016,348
2016-12-14,8.05874608695652,7.78199999999998,8.733,0.202687590783594,7.8484,8.35920000000001,12,2016,349
2016-12-15,7.96239478260869,7.69299999999998,8.79300000000001,0.24926711874696,7.71340000000001,8.32280000000002,12,2016,350
2016-12-16,8.10722782608696,7.88200000000001,8.63400000000001,0.178349992379735,7.92000000000002,8.38159999999999,12,2016,351
2016-12-17,8.40085913043478,8.16699999999997,8.67700000000002,0.119597521835562,8.23740000000001,8.55860000000001,12,2016,352
2016-12-18,8.25250782608696,8.00299999999999,8.44799999999998,0.112544870763447,8.09300000000002,8.4016,12,2016,353
2016-12-19,7.47153565217391,7.22399999999999,7.97300000000001,0.197729609040143,7.25999999999999,7.7766,12,2016,354
2016-12-20,7.35091478260869,7.10699999999997,7.88900000000001,0.21293433916358,7.12539999999999,7.68099999999998,12,2016,355
2016-12-21,7.66548173913043,7.39999999999998,8.27100000000002,0.215916624597223,7.4408,8.0026,12,2016,356
2016-12-22,8.49030782608696,8.245,8.77800000000002,0.12743365093886,8.322,8.66920000000001,12,2016,357
2016-12-23,8.22686434782609,8.04599999999999,8.46300000000002,0.104999978589101,8.09199999999998,8.37360000000001,12,2016,358
2016-12-24,7.81024695652174,7.60699999999997,8.30000000000001,0.176137264991738,7.6344,8.10039999999999,12,2016,359
2016-12-25,7.52278956521739,7.32499999999999,8.18400000000003,0.177716622183558,7.3424,7.77199999999999,12,2016,360
2016-12-26,7.4319547826087,7.26600000000002,8.09500000000003,0.149467748052625,7.29399999999998,7.63419999999999,12,2016,361
2016-12-27,7.65259826086956,7.49000000000001,7.88499999999999,0.0915361564695664,7.53880000000001,7.78460000000001,12,2016,362
2016-12-28,7.8404452173913,7.55099999999999,8.13499999999999,0.137378784228158,7.6538,8.02459999999999,12,2016,363
2016-12-29,7.88463652173913,7.56299999999999,8.19200000000001,0.147146949666797,7.68440000000002,8.0816,12,2016,364
2016-12-30,7.74383826086957,7.43000000000001,8.12400000000002,0.157308491823414,7.52999999999997,7.9608,12,2016,365
2016-12-31,7.75236,7.46800000000002,8.11500000000001,0.151266157198459,7.56039999999999,7.97460000000001,12,2016,366
2017-01-01,7.58238086956522,7.25,8.005,0.17513413271476,7.35139999999999,7.83980000000001,1,2017,1
2017-01-02,7.72630086956522,7.49200000000002,8.024,0.119613699860694,7.56440000000001,7.9006,1,2017,2
2017-01-03,7.42350608695652,7.22699999999998,7.649,0.0995843778302206,7.28899999999999,7.56059999999999,1,2017,3
2017-01-04,7.35461565217391,7.15899999999999,7.57799999999997,0.0986038960995526,7.2198,7.48920000000001,1,2017,4
2017-01-05,6.7810452173913,6.45999999999998,7.30500000000001,0.202963758219125,6.53340000000001,7.06820000000001,1,2017,5
2017-01-06,6.93241217391304,6.637,7.40100000000001,0.179793567819426,6.714,7.18719999999998,1,2017,6
2017-01-07,6.70963826086957,6.46600000000001,7.05399999999997,0.138201998038301,6.53500000000003,6.9086,1,2017,7
2017-01-08,6.4569147826087,6.185,6.78100000000001,0.137476160900488,6.26740000000001,6.64260000000002,1,2017,8
2017-01-09,6.71268,6.39300000000003,7.06900000000002,0.168670323143722,6.48399999999998,6.93620000000001,1,2017,9
2017-01-10,6.44713913043478,6.13999999999999,6.73599999999999,0.154600208639696,6.23040000000001,6.65360000000001,1,2017,10
2017-01-11,6.16292695652174,5.77499999999998,6.73199999999997,0.216823283156515,5.8844,6.46980000000001,1,2017,11
2017-01-12,5.2600452173913,4.84699999999998,6.12700000000001,0.282686510921643,4.94600000000003,5.68580000000001,1,2017,12
2017-01-13,5.28903652173913,4.85300000000001,5.94999999999999,0.261024389882088,4.97399999999999,5.68299999999999,1,2017,13
2017-01-14,5.38671130434783,4.976,6.01999999999998,0.227619027623132,5.09180000000001,5.70820000000001,1,2017,14
2017-01-15,5.76612347826087,5.34100000000001,6.39699999999999,0.238296773629807,5.45999999999998,6.10199999999998,1,2017,15
2017-01-16,6.09332,5.58800000000002,6.75200000000001,0.268430270859285,5.7378,6.46360000000001,1,2017,16
2017-01-17,6.25341739130435,5.709,6.95400000000001,0.286627627610389,5.87179999999998,6.64459999999999,1,2017,17
2017-01-18,5.90154956521739,5.351,6.74400000000003,0.316832643414056,5.4998,6.35500000000002,1,2017,18
2017-01-19,5.68935652173913,5.053,6.77999999999997,0.402086756099215,5.21340000000001,6.28720000000001,1,2017,19
2017-01-20,5.67333565217391,5.07400000000001,6.76100000000002,0.38997563181963,5.21899999999999,6.26060000000001,1,2017,20
2017-01-21,5.91013043478261,5.44999999999999,6.577,0.269006389628501,5.57239999999999,6.29880000000002,1,2017,21
2017-01-22,6.02723130434783,5.66699999999997,6.52800000000002,0.201341512344682,5.76339999999999,6.30900000000003,1,2017,22
2017-01-23,6.16809565217391,5.92000000000002,6.51900000000001,0.135051556416322,5.99000000000001,6.35359999999999,1,2017,23
2017-01-24,6.06846782608696,5.80200000000002,6.48000000000002,0.149463402316505,5.87440000000001,6.26400000000001,1,2017,24
2017-01-25,5.66797043478261,5.38099999999997,6.19900000000001,0.16868017330598,5.45640000000001,5.89720000000002,1,2017,25
2017-01-26,5.45653043478261,5.15199999999999,5.976,0.16480068849751,5.23740000000001,5.6576,1,2017,26
2017-01-27,5.16337565217391,4.89600000000002,5.62299999999999,0.139888188670435,4.96880000000002,5.3246,1,2017,27
2017-01-28,4.91618086956522,4.63400000000001,5.32299999999998,0.147896429939298,4.71840000000001,5.10859999999999,1,2017,28
2017-01-29,4.90115304347826,4.62099999999998,5.71600000000001,0.205273789006937,4.65039999999999,5.1696,1,2017,29
2017-01-30,4.86746956521739,4.529,5.714,0.216809423602164,4.59500000000003,5.1654,1,2017,30
2017-01-31,4.98766086956522,4.74799999999999,5.726,0.172677131545623,4.79700000000003,5.1892,1,2017,31
2017-02-01,4.76580173913043,4.52199999999999,5.089,0.132821376726177,4.58699999999999,4.9436,2,2017,32
2017-02-02,4.59175304347826,4.34500000000003,5.04300000000001,0.195847265617318,4.37599999999998,4.88019999999999,2,2017,33
2017-02-03,4.57550782608696,4.32900000000001,5.09199999999998,0.203587227214743,4.35899999999998,4.89860000000001,2,2017,34
2017-02-04,4.64035652173913,4.45999999999998,4.99799999999999,0.142726987216387,4.48199999999997,4.86420000000001,2,2017,35
2017-02-05,4.83021391304348,4.67399999999998,5.11599999999999,0.114867403398794,4.70239999999999,4.98760000000001,2,2017,36
2017-02-06,4.84778086956522,4.69200000000001,5.04899999999998,0.090523163816759,4.72739999999999,4.96960000000001,2,2017,37
2017-02-07,4.96295130434783,4.82400000000001,5.20600000000002,0.0834287928611033,4.8544,5.07299999999998,2,2017,38
2017-02-08,5.1314052173913,4.99099999999999,5.45299999999997,0.0970668667866826,5.0154,5.27520000000001,2,2017,39
2017-02-09,4.98775304347826,4.86099999999999,5.303,0.0919215023789649,4.88499999999999,5.1242,2,2017,40
2017-02-10,4.96919652173913,4.84399999999999,5.28300000000002,0.0939384555832064,4.86900000000003,5.11120000000002,2,2017,41
2017-02-11,4.7642,4.63799999999998,5.03500000000003,0.0875899139819131,4.6574,4.88520000000002,2,2017,42
2017-02-12,4.8558747826087,4.70799999999997,5.11099999999999,0.0930855605103115,4.73899999999998,4.98599999999999,2,2017,43
2017-02-13,4.5147652173913,4.22699999999998,5.03500000000003,0.19555355765113,4.291,4.81700000000001,2,2017,44
2017-02-14,4.37120869565217,4.03199999999998,4.89100000000002,0.203447837472747,4.1188,4.66300000000001,2,2017,45
2017-02-15,4.13314956521739,3.66800000000001,4.72800000000001,0.252997270155741,3.81499999999999,4.50419999999999,2,2017,46
2017-02-16,3.58798608695652,3.41800000000001,3.87400000000002,0.108013580646135,3.45239999999999,3.745,2,2017,47
2017-02-17,3.58601391304348,3.36099999999999,3.94,0.130859846620947,3.4184,3.77360000000001,2,2017,48
2017-02-18,3.82154434782609,3.45100000000002,4.39300000000003,0.266272255352695,3.51999999999998,4.26619999999999,2,2017,49
2017-02-19,3.76343652173913,3.339,4.04700000000003,0.198104860106047,3.4784,4.005,2,2017,50
2017-02-20,3.86551652173913,3.40800000000002,4.44600000000003,0.229116685854631,3.5818,4.14860000000001,2,2017,51
2017-02-21,3.80580869565217,3.27999999999997,4.45400000000001,0.251709690351676,3.48979999999998,4.11660000000001,2,2017,52
2017-02-22,3.87165217391304,3.49299999999999,4.35899999999998,0.203434835917494,3.6128,4.13400000000001,2,2017,53
2017-02-23,3.99450086956522,3.72500000000002,4.46100000000001,0.151520744946255,3.798,4.19200000000001,2,2017,54
2017-02-24,4.47336,4.16199999999998,4.89300000000003,0.163644631125397,4.25299999999999,4.68820000000002,2,2017,55
2017-02-25,3.54420347826087,3.31900000000002,3.77699999999999,0.121616859912836,3.37700000000001,3.71020000000001,2,2017,56
2017-02-26,3.59556347826087,3.12,4.00700000000001,0.230699509797124,3.26980000000001,3.90419999999999,2,2017,57
2017-02-27,3.63122086956522,2.95400000000001,4.13799999999998,0.313085373551124,3.15599999999998,4.02100000000002,2,2017,58
2017-02-28,3.69596695652174,2.97000000000003,4.25200000000001,0.328092630468214,3.19739999999999,4.11399999999998,2,2017,59
2017-03-01,3.74422434782609,3.15100000000001,4.26900000000001,0.293144902566843,3.30320000000002,4.12620000000001,3,2017,60
2017-03-02,3.57014782608696,3.24900000000002,3.88099999999997,0.155568668161551,3.34639999999999,3.76860000000001,3,2017,61
2017-03-03,3.31486434782609,3.01600000000002,3.822,0.189883732164304,3.08800000000002,3.59500000000003,3,2017,62
2017-03-04,3.1226852173913,2.80799999999999,3.58299999999997,0.207271296339654,2.87299999999999,3.43799999999999,3,2017,63
2017-03-05,3.16029391304348,2.86399999999998,3.649,0.193741059493377,2.93000000000001,3.43900000000002,3,2017,64
2017-03-06,3.21491304347826,2.96100000000001,3.50799999999998,0.130675754079079,3.04139999999999,3.39720000000002,3,2017,65
2017-03-07,3.24296,2.916,3.589,0.176203181341831,3.0058,3.47999999999997,3,2017,66
2017-03-08,3.27822086956522,2.78899999999999,4.08600000000001,0.366156648921968,2.85239999999999,3.84399999999999,3,2017,67
2017-03-09,3.28207652173913,2.77499999999998,4.125,0.387735354250314,2.83939999999999,3.8886,3,2017,68
2017-03-10,3.25487826086957,2.77600000000001,3.99099999999999,0.319109490123478,2.86780000000002,3.7212,3,2017,69
2017-03-11,2.70196,2.245,3.45100000000002,0.319872835360231,2.3124,3.1756,3,2017,70
2017-03-12,2.13238608695652,1.85000000000002,2.66199999999998,0.170632765237631,1.92140000000001,2.37059999999999,3,2017,71
2017-03-13,2.38120869565217,1.97800000000001,3.11099999999999,0.275772260471404,2.06900000000002,2.79760000000001,3,2017,72
2017-03-14,2.49308695652174,2.16000000000003,3.25,0.268481397340808,2.20600000000002,2.89999999999999,3,2017,73
2017-03-15,2.60823826086957,2.21499999999997,3.27999999999997,0.274164325321878,2.2894,3.03779999999999,3,2017,74
2017-03-16,2.61763130434782,2.30000000000001,3.33100000000002,0.249115682783268,2.36200000000002,3.02800000000001,3,2017,75
2017-03-17,2.65718782608696,2.29399999999998,3.43099999999998,0.277437621186181,2.3604,3.1076,3,2017,76
2017-03-18,2.77743304347826,2.41699999999997,3.55000000000001,0.276347585668542,2.48399999999998,3.21780000000001,3,2017,77
2017-03-19,3.18004,2.82299999999998,3.66699999999997,0.223591877458696,2.91139999999999,3.52839999999999,3,2017,78
2017-03-20,3.54013913043478,3.11000000000001,3.87200000000001,0.204209851710998,3.25999999999999,3.79599999999999,3,2017,79
2017-03-21,3.52894260869565,3.01499999999999,4.10300000000001,0.304544267695542,3.1274,3.95879999999998,3,2017,80
2017-03-22,3.01818782608696,2.58100000000002,3.84399999999999,0.345916531680498,2.64400000000001,3.57879999999999,3,2017,81
2017-03-23,2.914,2.46899999999999,3.887,0.378159632056455,2.50900000000001,3.50519999999998,3,2017,82
2017-03-24,2.96922434782609,2.584,3.66699999999997,0.288074727950063,2.66279999999998,3.4326,3,2017,83
2017-03-25,3.1441947826087,2.375,3.84500000000003,0.382439979997199,2.59079999999998,3.6216,3,2017,84
2017-03-26,3.09871304347826,2.25200000000001,3.83499999999998,0.395794190465041,2.5178,3.58720000000002,3,2017,85
2017-03-27,3.08765043478261,2.46199999999999,3.71499999999997,0.318490567682582,2.63179999999998,3.5054,3,2017,86
2017-03-28,3.10905565217391,2.733,3.43299999999999,0.180028831504015,2.8518,3.34319999999999,3,2017,87
2017-03-29,3.22450260869565,2.79700000000003,3.56200000000001,0.219223827778042,2.8894,3.45999999999998,3,2017,88
2017-03-30,3.21555304347826,2.71100000000001,3.59399999999999,0.251324970204687,2.82600000000002,3.4736,3,2017,89
2017-03-31,3.24318956521739,2.83299999999997,3.56400000000002,0.204508709923269,2.92820000000002,3.47159999999999,3,2017,90
2017-04-01,3.68595304347826,3.34100000000001,4.02100000000002,0.164562262409588,3.46680000000001,3.9076,4,2017,91
2017-04-02,3.76905043478261,3.25799999999998,4.33600000000001,0.237011656520234,3.54000000000002,4.1346,4,2017,92
2017-04-03,3.70248869565217,3.19099999999997,4.274,0.226733353024497,3.48700000000002,4.0382,4,2017,93
2017-04-04,3.61650608695652,3.25999999999999,4.08999999999997,0.190346052589496,3.44499999999999,3.9256,4,2017,94
2017-04-05,3.56454782608696,3.35300000000001,3.80200000000002,0.112376408571613,3.41800000000001,3.71920000000002,4,2017,95
2017-04-06,3.57734434782609,3.42099999999999,3.75,0.0841567499961452,3.46199999999999,3.68900000000002,4,2017,96
2017-04-07,3.71090782608696,3.54000000000002,3.81200000000001,0.0522305948958591,3.64340000000002,3.77819999999999,4,2017,97
2017-04-08,3.76328,3.58999999999997,3.98399999999998,0.0905369572449696,3.64939999999999,3.89860000000001,4,2017,98
2017-04-09,3.80973391304348,3.60599999999999,4.09500000000003,0.107164111737174,3.685,3.97159999999999,4,2017,99
2017-04-10,3.8726052173913,3.66500000000002,4.029,0.0719206078973692,3.78800000000001,3.98700000000002,4,2017,100
2017-04-11,3.79063652173913,3.613,3.91800000000001,0.0587976663039734,3.71940000000001,3.86660000000001,4,2017,101
2017-04-12,4.82054956521739,4.71899999999999,4.93599999999998,0.0460412316611618,4.76140000000001,4.8846,4,2017,102
2017-04-13,5.27933043478261,5.10899999999998,5.51600000000002,0.0915186926831768,5.16800000000001,5.41159999999999,4,2017,103
2017-04-14,6.2496852173913,5.95499999999998,6.51400000000001,0.120270702393661,6.09279999999999,6.41060000000001,4,2017,104
2017-04-15,6.57869217391304,6.315,6.78199999999998,0.101979386750073,6.4424,6.71199999999999,4,2017,105
2017-04-16,6.89761043478261,6.74299999999999,6.98599999999999,0.0539132213004866,6.8174,6.95999999999998,4,2017,106
2017-04-17,6.89275826086956,6.63799999999998,7.01800000000003,0.0837474571693732,6.76999999999998,6.99299999999999,4,2017,107
2017-04-18,6.88869217391304,6.60000000000002,7.08299999999997,0.103759072604302,6.7472,7.01999999999998,4,2017,108
2017-04-19,6.91360869565217,6.69,7.089,0.0859299503679993,6.79839999999999,7.02600000000001,4,2017,109
2017-04-20,6.92720173913043,6.721,7.09399999999999,0.0799823869794801,6.82239999999999,7.03399999999999,4,2017,110
2017-04-21,6.88699652173913,6.70499999999998,7.02800000000002,0.0673799874269101,6.798,6.97560000000001,4,2017,111
2017-04-22,6.82606260869565,6.541,7.01299999999998,0.106146287739367,6.67899999999997,6.95959999999999,4,2017,112
2017-04-23,7.76446086956522,7.435,7.90699999999998,0.127713453690665,7.56139999999999,7.89499999999998,4,2017,113
2017-04-24,8.2371652173913,7.745,8.42700000000002,0.166374212481991,7.97139999999999,8.40899999999999,4,2017,114
2017-04-25,8.36722260869565,7.88299999999998,8.55000000000001,0.160504320098202,8.10780000000002,8.53199999999998,4,2017,115
2017-04-26,8.39137739130435,8.00700000000001,8.54300000000001,0.12622709959682,8.1884,8.5266,4,2017,116
2017-04-27,8.27382086956522,7.96100000000001,8.387,0.107058456707318,8.09920000000001,8.38,4,2017,117
2017-04-28,7.15997565217391,6.72500000000002,7.49799999999999,0.167646621349948,6.93780000000002,7.38059999999998,4,2017,118
2017-04-29,7.00525391304348,6.63,7.32400000000001,0.159662508437375,6.79139999999999,7.22159999999999,4,2017,119
2017-04-30,6.82184347826087,6.43799999999999,7.15600000000001,0.164163330715614,6.60479999999999,7.0456,4,2017,120
2017-05-01,6.80966086956522,6.44200000000001,7.10899999999998,0.152796572133307,6.60639999999998,7.01560000000001,5,2017,121
2017-05-02,6.62822434782609,6.28500000000003,6.89699999999999,0.137494035721962,6.4434,6.8116,5,2017,122
2017-05-03,6.41788695652174,6.108,6.63900000000001,0.113669899638941,6.25280000000001,6.55099999999999,5,2017,123
2017-05-04,6.42748869565217,6.14699999999999,6.596,0.0979487677764401,6.28340000000001,6.53800000000001,5,2017,124
2017-05-05,6.53229739130435,6.20699999999999,6.72199999999998,0.105791262376784,6.38099999999997,6.6586,5,2017,125
2017-05-06,6.28513043478261,5.89999999999998,6.65600000000001,0.16285357790106,6.06719999999999,6.5016,5,2017,126
2017-05-07,6.9601652173913,6.87,7.05399999999997,0.041112603600624,6.90340000000001,7.01299999999998,5,2017,127
2017-05-08,6.93553565217391,6.80399999999997,7.11099999999999,0.0675933348662834,6.85639999999999,7.0326,5,2017,128
2017-05-09,6.95688347826087,6.77999999999997,7.19600000000003,0.0944023857793996,6.84399999999999,7.09399999999999,5,2017,129
2017-05-10,6.86994260869565,6.637,7.14699999999999,0.119684523653821,6.71840000000001,7.04060000000001,5,2017,130
2017-05-11,7.46641913043478,7.30599999999998,7.66300000000001,0.0756120668333472,7.36500000000001,7.5686,5,2017,131
2017-05-12,8.41724,8.05799999999999,8.73399999999998,0.14294179561555,8.21880000000002,8.60619999999999,5,2017,132
2017-05-13,8.15824869565217,7.82299999999998,8.48500000000001,0.140099053040805,7.964,8.33299999999997,5,2017,133
2017-05-14,7.90140347826087,7.48899999999998,8.25400000000002,0.155919931615521,7.68299999999999,8.10000000000002,5,2017,134
2017-05-15,7.93848869565217,7.584,8.14300000000003,0.132716982130611,7.75700000000001,8.11260000000001,5,2017,135
2017-05-16,8.04478434782609,7.77100000000002,8.18400000000003,0.102077490370292,7.8952,8.16300000000001,5,2017,136
2017-05-17,8.00905739130435,7.74299999999999,8.14699999999999,0.0988106723249471,7.86580000000001,8.12559999999999,5,2017,137
2017-05-18,8.95111130434783,8.77499999999998,9.08800000000002,0.0807866040543676,8.83299999999997,9.05200000000002,5,2017,138
2017-05-19,9.78045043478261,9.60399999999998,9.95100000000002,0.0870006842196587,9.66279999999998,9.9016,5,2017,139
2017-05-20,9.74953913043478,9.52600000000001,9.96899999999999,0.109978101000113,9.59899999999999,9.90199999999999,5,2017,140
2017-05-21,9.83255130434782,9.67899999999997,10.025,0.0803534031737666,9.7284,9.947,5,2017,141
2017-05-22,10.1526173913043,9.964,10.37,0.08977427972311,10.0354,10.281,5,2017,142
2017-05-23,10.3022817391304,10.042,10.534,0.107736195088567,10.1624,10.4506,5,2017,143
2017-05-24,10.0111043478261,9.63,10.349,0.162478053940901,9.79839999999999,10.236,5,2017,144
2017-05-25,9.89869391304348,9.50700000000001,10.237,0.164472295882044,9.68240000000001,10.1252,5,2017,145
2017-05-26,9.43221391304348,8.97899999999998,9.83699999999999,0.211235113030059,9.14939999999999,9.72720000000001,5,2017,146
2017-05-27,8.96552695652174,8.60199999999998,9.30599999999998,0.168573784402437,8.74700000000001,9.20680000000001,5,2017,147
2017-05-28,8.82666086956522,8.47199999999998,9.26299999999998,0.191444103383983,8.58499999999998,9.10779999999999,5,2017,148
2017-05-29,8.58405565217391,8.29599999999999,9.05900000000003,0.174926805096709,8.3734,8.8476,5,2017,149
2017-05-30,8.57685217391304,8.26600000000002,8.91199999999998,0.15294262568196,8.3824,8.80000000000001,5,2017,150
2017-05-31,10.4388434782609,9.77300000000002,10.907,0.256454021909843,10.0822,10.7668,5,2017,151
2017-06-01,10.8865547826087,10.493,11.226,0.184903289649628,10.6092,11.106,6,2017,152
2017-06-02,11.0775913043478,10.428,11.573,0.350583786295732,10.543,11.4996,6,2017,153
2017-06-03,11.110347826087,10.532,11.684,0.300201936782649,10.6638,11.511,6,2017,154
2017-06-04,11.0905739130435,10.447,11.732,0.344008160224235,10.643,11.5358,6,2017,155
2017-06-05,11.04996,10.471,11.566,0.268403305929987,10.6674,11.4264,6,2017,156
2017-06-06,10.9816852173913,10.602,11.244,0.133657905050497,10.806,11.1666,6,2017,157
2017-06-07,11.3562713043478,10.995,11.653,0.132931839680752,11.18,11.5332,6,2017,158
2017-06-08,11.2934226086956,11.035,11.542,0.107836551259802,11.1524,11.4466,6,2017,159
2017-06-09,11.4063704347826,11.144,11.671,0.129339019832395,11.2338,11.585,6,2017,160
2017-06-10,11.5286347826087,11.274,11.849,0.129008044102353,11.3624,11.711,6,2017,161
2017-06-11,12.0419095652174,11.647,12.323,0.153937537093671,11.83,12.2436,6,2017,162
2017-06-12,13.4737443478261,12.742,14.056,0.305996047146962,13.0176,13.8628,6,2017,163
2017-06-13,14.4326504347826,13.292,15.416,0.501469545553272,13.7416,15.1306,6,2017,164
2017-06-14,14.595187826087,13.539,15.58,0.528891681398879,13.8314,15.3022,6,2017,165
2017-06-15,14.5506747826087,13.604,15.41,0.459654127249468,13.8854,15.1584,6,2017,166
2017-06-16,14.5348260869565,13.856,15.166,0.328366892958862,14.0582,14.9546,6,2017,167
2017-06-17,14.5991391304348,14.055,15.094,0.253276456046344,14.2384,14.9212,6,2017,168
2017-06-18,14.5118991304348,14.058,14.902,0.200938226806832,14.223,14.7646,6,2017,169
2017-06-19,13.4862417391304,13.359,13.69,0.0828826192177758,13.387,13.612,6,2017,170
2017-06-20,13.3820191304348,13.134,13.571,0.117837459582151,13.231,13.539,6,2017,171
2017-06-21,13.3660747826087,12.701,13.799,0.277921779110133,12.9058,13.6546,6,2017,172
2017-06-22,13.3693791304348,12.546,14.227,0.411279704559461,12.7428,13.9052,6,2017,173
2017-06-23,13.4498017391304,12.796,14.319,0.40881257344415,12.8742,14.0256,6,2017,174
2017-06-24,13.8578034782609,13.463,14.599,0.326415328283467,13.527,14.3862,6,2017,175
2017-06-25,14.6857043478261,14.005,15.479,0.42219149869038,14.12,15.2758,6,2017,176
2017-06-26,14.5904243478261,13.801,15.27,0.446876957044287,13.938,15.1288,6,2017,177
2017-06-27,14.635787826087,13.857,15.394,0.437844574341294,14.0374,15.1878,6,2017,178
2017-06-28,14.7944069565217,14.309,15.356,0.27665240260641,14.453,15.1718,6,2017,179
2017-06-29,14.9122295652174,14.49,15.479,0.237758836389249,14.6378,15.2694,6,2017,180
2017-06-30,14.5663356521739,14.178,14.878,0.172989386691475,14.32,14.7912,6,2017,181
2017-07-01,14.0386173913043,13.662,14.396,0.185855371752368,13.777,14.2786,7,2017,182
2017-07-02,14.7478260869565,14.195,15.298,0.262857748948735,14.398,15.0992,7,2017,183
2017-07-03,15.0312956521739,14.558,15.797,0.293776242030836,14.7034,15.4806,7,2017,184
2017-07-04,15.2542695652174,14.823,15.896,0.261721469422038,14.938,15.64,7,2017,185
2017-07-05,15.4383286956522,14.846,16.231,0.425948032353382,14.9198,16.0372,7,2017,186
2017-07-06,15.5976330434783,14.93,16.488,0.443457109892142,15.0446,16.2548,7,2017,187
2017-07-07,15.6417565217391,15.136,16.324,0.324480721344837,15.2554,16.1398,7,2017,188
2017-07-08,15.5979269565217,15.298,15.958,0.147617896732892,15.4554,15.8626,7,2017,189
2017-07-09,15.5703408695652,15.187,16.214,0.236971165087371,15.307,15.9546,7,2017,190
2017-07-10,15.6856260869565,15.333,16.309,0.273710586899746,15.4474,16.1882,7,2017,191
2017-07-11,15.617827826087,15.202,16.036,0.200858436266645,15.3394,15.8728,7,2017,192
2017-07-12,15.2739130434783,14.86,15.753,0.220628922277318,14.9774,15.5722,7,2017,193
2017-07-13,14.4046713043478,13.973,14.918,0.218403491617544,14.1068,14.7034,7,2017,194
2017-07-14,15.5607756521739,14.916,15.97,0.215599254243934,15.254,15.8236,7,2017,195
2017-07-15,16.4641826086957,16.087,17.028,0.196354377361093,16.1948,16.7138,7,2017,196
2017-07-16,17.1166573913043,16.318,17.82,0.297551949922347,16.7332,17.4732,7,2017,197
2017-07-17,17.9828730434783,17.497,18.579,0.273228579537831,17.6528,18.3596,7,2017,198
2017-07-18,18.1458608695652,17.888,18.405,0.0912589728256557,18.0164,18.2386,7,2017,199
2017-07-19,18.5614226086957,18.313,19.034,0.154115529237218,18.409,18.7928,7,2017,200
2017-07-20,19.2056747826087,18.849,19.496,0.150684686964613,18.9822,19.3776,7,2017,201
2017-07-21,19.5995982608696,19.186,19.974,0.153696554962768,19.3938,19.8026,7,2017,202
2017-07-22,19.3075860869565,18.735,19.865,0.247833678523059,19.0204,19.6586,7,2017,203
2017-07-23,18.4385913043478,17.324,19.368,0.438528472483383,17.852,19.0196,7,2017,204
2017-07-24,16.8091304347826,15.895,17.633,0.412866745883079,16.279,17.371,7,2017,205
2017-07-25,16.8329669565217,15.831,17.466,0.383747554151654,16.3096,17.3386,7,2017,206
2017-07-26,16.8998591304348,15.806,17.561,0.417190532073185,16.303,17.4162,7,2017,207
2017-07-27,16.6820973913043,15.683,17.37,0.377148166676346,16.152,17.171,7,2017,208
2017-07-28,16.3952573913043,15.556,17.02,0.286846709375572,16.0044,16.7596,7,2017,209
2017-07-29,16.2627165217391,15.812,16.58,0.148836748446844,16.0716,16.4662,7,2017,210
2017-07-30,16.307347826087,15.915,16.8,0.226648088803232,15.9994,16.6226,7,2017,211
2017-07-31,16.3905217391304,15.9,16.829,0.278809500854983,15.9978,16.743,7,2017,212
2017-08-01,16.5349495652174,16.035,17.042,0.289810251323964,16.1266,16.8996,8,2017,213
2017-08-02,16.6968330434783,16.339,17.045,0.204265028925939,16.41,16.9676,8,2017,214
2017-08-03,17.0687147826087,16.741,17.473,0.13140111492712,16.9098,17.2502,8,2017,215
2017-08-04,17.3231408695652,16.909,17.577,0.138053375462516,17.1184,17.47,8,2017,216
2017-08-05,17.5866313043478,17.036,17.93,0.167805812342604,17.346,17.7916,8,2017,217
2017-08-06,17.3938695652174,16.754,18.067,0.320489312354462,17.0274,17.8392,8,2017,218
2017-08-07,16.8082347826087,16.12,17.658,0.311127233752507,16.4144,17.2318,8,2017,219
2017-08-08,16.227212173913,15.853,16.66,0.204848470021997,15.9724,16.5394,8,2017,220
2017-08-09,16.1209686956522,15.656,16.976,0.351410308034986,15.721,16.7368,8,2017,221
2017-08-10,16.2113269565217,15.526,17.034,0.383423553183931,15.6914,16.7406,8,2017,222
2017-08-11,16.0491130434783,15.661,16.734,0.267143835156876,15.76,16.5018,8,2017,223
2017-08-12,16.1498660869565,15.712,16.578,0.210101139941449,15.8628,16.437,8,2017,224
2017-08-13,17.1244939130435,16.595,18.003,0.323482632400298,16.7624,17.6156,8,2017,225
2017-08-14,17.5821617391304,16.892,18.361,0.379121738509164,17.165,18.1628,8,2017,226
2017-08-15,17.4130226086957,16.69,18.204,0.399255995148694,16.9526,18.0382,8,2017,227
2017-08-16,17.3884591304348,16.789,17.988,0.342244621822593,16.946,17.8976,8,2017,228
2017-08-17,17.3480052173913,16.474,18.104,0.409362091884903,16.7164,17.9122,8,2017,229
2017-08-18,17.4161147826087,16.79,17.996,0.311995601082262,16.9676,17.8456,8,2017,230
2017-08-19,16.93528,16.554,17.295,0.151659874820805,16.7424,17.1492,8,2017,231
2017-08-20,16.8020330434783,16.198,17.252,0.26151872962477,16.3884,17.1006,8,2017,232
2017-08-21,16.8922295652174,16.176,17.5,0.324646378772058,16.4314,17.296,8,2017,233
2017-08-22,16.7278504347826,16.355,17.05,0.183447222695301,16.435,16.9556,8,2017,234
2017-08-23,15.6423147826087,15.227,16.533,0.349281138384637,15.3274,16.2246,8,2017,235
2017-08-24,15.5912052173913,15.105,16.619,0.414911345604586,15.213,16.3046,8,2017,236
2017-08-25,15.6668591304348,15.052,16.411,0.380281771540252,15.1674,16.254,8,2017,237
2017-08-26,15.7398539130435,15.079,16.546,0.400840518758475,15.2164,16.375,8,2017,238
2017-08-27,15.7506852173913,15.196,16.528,0.334509573995546,15.3666,16.256,8,2017,239
2017-08-28,15.8250834782609,15.138,16.616,0.357546946292668,15.3554,16.284,8,2017,240
2017-08-29,15.9556695652174,15.47,16.484,0.233180991813632,15.6844,16.2996,8,2017,241
2017-08-30,15.6811217391304,15.281,16.497,0.247064774047955,15.3948,16.0426,8,2017,242
2017-08-31,15.3572904347826,14.466,16.117,0.276236177850844,14.9926,15.7164,8,2017,243
2017-09-01,14.8901617391304,14.038,15.697,0.387445709264706,14.29,15.3768,9,2017,244
2017-09-02,14.2512730434783,13.32,15.089,0.416756703672601,13.5354,14.6472,9,2017,245
2017-09-03,14.225067826087,13.474,14.886,0.342259621781058,13.664,14.604,9,2017,246
2017-09-04,14.4577773913043,13.858,14.99,0.260146526341212,14.0838,14.7918,9,2017,247
2017-09-05,14.6430817391304,14.318,14.976,0.117946240324676,14.494,14.7978,9,2017,248
2017-09-06,14.5982365217391,14.273,14.869,0.0977319436529337,14.4954,14.737,9,2017,249
2017-09-07,14.3723895652174,13.889,14.886,0.255903920672709,14.0214,14.7522,9,2017,250
2017-09-08,14.2204991304348,13.544,15.014,0.41743978628475,13.6874,14.868,9,2017,251
2017-09-09,14.1480034782609,13.822,14.547,0.208822599439479,13.8726,14.4826,9,2017,252
2017-09-10,14.2602104347826,13.865,14.794,0.210229671724769,13.9764,14.5138,9,2017,253
2017-09-11,14.2546382608696,13.799,14.84,0.235173687605389,13.9384,14.5572,9,2017,254
2017-09-12,14.5168208695652,14.155,14.932,0.173477993410831,14.316,14.7966,9,2017,255
2017-09-13,15.1608382608696,14.796,15.429,0.117820775413004,15.0008,15.2966,9,2017,256
2017-09-14,15.3529252173913,15.159,15.475,0.0580705413924256,15.2784,15.4202,9,2017,257
2017-09-15,15.5110156521739,15.291,15.732,0.0984082803937395,15.379,15.64,9,2017,258
2017-09-16,16.2014660869565,15.965,16.497,0.11447432565716,16.053,16.359,9,2017,259
2017-09-17,16.1056086956522,15.778,16.388,0.131773568834641,15.9254,16.2776,9,2017,260
2017-09-18,15.9854730434783,15.682,16.22,0.118115555922264,15.8164,16.1306,9,2017,261
2017-09-19,15.4145234782609,15.149,15.642,0.107039390263677,15.276,15.561,9,2017,262
2017-09-20,15.2535026086957,14.913,15.568,0.161498771562448,15.039,15.4796,9,2017,263
2017-09-21,15.3449408695652,14.963,15.626,0.168722603865017,15.105,15.5662,9,2017,264
2017-09-22,16.3779460869565,16.012,16.677,0.182716080512547,16.121,16.6176,9,2017,265
2017-09-23,16.233947826087,15.455,16.874,0.343676713910457,15.7466,16.683,9,2017,266
2017-09-24,16.4091617391304,16.026,16.829,0.204186991391263,16.1194,16.6806,9,2017,267
2017-09-25,16.5371565217391,16.029,16.947,0.218393955294407,16.2286,16.8196,9,2017,268
2017-09-26,16.7189391304348,16.293,16.98,0.149405761784125,16.5116,16.9026,9,2017,269
2017-09-27,15.722372173913,15.247,16.031,0.158517018699543,15.4784,15.912,9,2017,270
2017-09-28,15.7137165217391,15.083,16.167,0.271055553124939,15.3348,16.039,9,2017,271
2017-09-29,15.5746139130435,14.816,16.193,0.308016963786586,15.1694,15.9614,9,2017,272
2017-09-30,14.5642539130435,14.112,14.962,0.217505140027755,14.2484,14.8396,9,2017,273
2017-10-01,14.4491808695652,13.93,14.799,0.196748248156248,14.174,14.683,10,2017,274
2017-10-02,14.4923043478261,13.958,14.983,0.22390221445112,14.2204,14.8002,10,2017,275
2017-10-03,14.296852173913,13.479,14.904,0.282422436809135,13.9422,14.63,10,2017,276
2017-10-04,14.5333234782609,13.88,15.206,0.284172690763968,14.1374,14.9212,10,2017,277
2017-10-05,15.1700643478261,14.535,15.68,0.278801624863198,14.7838,15.5194,10,2017,278
2017-10-06,15.0801686956522,14.55,15.467,0.240939481740823,14.7448,15.393,10,2017,279
2017-10-07,14.861427826087,14.106,15.255,0.263248106878059,14.4784,15.1732,10,2017,280
2017-10-08,15.0638104347826,14.749,15.407,0.158996638019105,14.857,15.3006,10,2017,281
2017-10-09,15.1172295652174,14.751,15.52,0.173459720783043,14.881,15.3596,10,2017,282
2017-10-10,15.2555252173913,14.723,15.873,0.260796867113231,14.8814,15.6438,10,2017,283
2017-10-11,14.8105130434783,14.045,15.17,0.228709467009905,14.5206,15.0986,10,2017,284
2017-10-12,13.6283217391304,13.207,14.086,0.177461864570281,13.3904,13.84,10,2017,285
2017-10-13,13.4267234782609,13.033,13.685,0.153504877591321,13.1974,13.6052,10,2017,286
2017-10-14,13.4956834782609,13.127,13.74,0.121070115264587,13.3378,13.667,10,2017,287
2017-10-15,13.6444852173913,13.103,13.88,0.109819059486,13.528,13.772,10,2017,288
2017-10-16,12.9583739130435,12.783,13.115,0.0685035491933298,12.877,13.058,10,2017,289
2017-10-17,12.8477130434783,12.537,13.057,0.0964160703797914,12.7314,12.9772,10,2017,290
2017-10-18,12.8771773913043,12.318,13.236,0.148140788495875,12.7456,13.076,10,2017,291
2017-10-19,12.8957443478261,12.24,13.213,0.1656177193213,12.7104,13.0558,10,2017,292
2017-10-20,12.9656834782609,12.424,13.212,0.140230139320844,12.7856,13.155,10,2017,293
2017-10-21,12.7909826086957,12.387,13.27,0.236739509832709,12.465,13.1276,10,2017,294
2017-10-22,12.4595443478261,12.02,12.907,0.251194340894535,12.1574,12.812,10,2017,295
2017-10-23,12.2671443478261,12.039,12.829,0.185946486528096,12.0944,12.5624,10,2017,296
2017-10-24,12.4135339130435,12.289,12.7,0.0900931678883965,12.3154,12.5492,10,2017,297
2017-10-25,12.6496086956522,12.466,12.91,0.098076367142394,12.522,12.7836,10,2017,298
2017-10-26,12.6522330434783,12.48,12.762,0.0698764062230205,12.5524,12.7386,10,2017,299
2017-10-27,12.7312260869565,12.422,12.945,0.118263220037995,12.555,12.8912,10,2017,300
2017-10-28,12.6232834782609,11.737,12.983,0.303626750257945,12.0982,12.914,10,2017,301
2017-10-29,12.4135286956522,11.545,12.786,0.317991944533766,11.8842,12.702,10,2017,302
2017-10-30,12.4716052173913,12.168,12.661,0.109118732956989,12.2846,12.592,10,2017,303
2017-10-31,12.5202852173913,12.33,12.749,0.0825640414971375,12.42,12.635,10,2017,304
2017-11-01,12.5517547826087,12.337,12.679,0.068595369968343,12.4544,12.629,11,2017,305
2017-11-02,12.3717443478261,12.027,12.503,0.103828183413557,12.2146,12.4836,11,2017,306
2017-11-03,12.3978556521739,12.078,12.589,0.11350756332634,12.2474,12.5606,11,2017,307
2017-11-04,12.3542347826087,12.047,12.515,0.0963351917594896,12.2154,12.4776,11,2017,308
2017-11-05,12.1948086956522,11.903,12.473,0.139867352269478,12.01,12.382,11,2017,309
2017-11-06,11.6812034782609,11.44,11.862,0.119765531628587,11.5074,11.8256,11,2017,310
2017-11-07,11.5238417391304,11.258,11.715,0.121328337589356,11.334,11.659,11,2017,311
2017-11-08,10.91604,10.571,11.281,0.190829502682569,10.672,11.2062,11,2017,312
2017-11-09,10.3564191304348,10.099,11.012,0.14432716650816,10.1768,10.5054,11,2017,313
2017-11-10,10.1958382608696,9.95400000000001,10.627,0.142429638832218,10.0408,10.4082,11,2017,314
2017-11-11,10.2013234782609,9.96699999999998,10.646,0.142152564611094,10.0634,10.4176,11,2017,315
2017-11-12,10.0928956521739,9.93099999999998,10.348,0.0800822284192298,10.0014,10.2114,11,2017,316
2017-11-13,9.80759652173913,9.36700000000002,10.203,0.182416695669449,9.5624,10.0786,11,2017,317
2017-11-14,9.77672521739131,9.38600000000002,10.173,0.1967017701595,9.50860000000001,10.0702,11,2017,318
2017-11-15,9.7687652173913,9.59100000000001,9.94499999999999,0.0854612745638836,9.64999999999998,9.87900000000002,11,2017,319
2017-11-16,9.36406434782609,8.95400000000001,9.80599999999998,0.204802771696702,9.08439999999999,9.64459999999999,11,2017,320
2017-11-17,9.19537739130435,8.70299999999997,9.94400000000002,0.264970036785068,8.87280000000002,9.5894,11,2017,321
2017-11-18,9.1943252173913,8.70600000000002,9.988,0.274975305145081,8.87639999999999,9.616,11,2017,322
2017-11-19,9.26163652173913,8.858,9.755,0.220806508044598,8.98120000000001,9.59059999999999,11,2017,323
2017-11-20,9.23110260869565,8.93099999999998,9.745,0.188073346143913,8.9984,9.4882,11,2017,324
2017-11-21,9.10269739130435,8.68599999999998,9.608,0.246575278969238,8.78260000000001,9.45600000000002,11,2017,325
2017-11-22,8.99200173913043,8.56599999999997,9.33800000000002,0.2045295315236,8.70699999999999,9.2596,11,2017,326
2017-11-23,9.0192747826087,8.625,9.38600000000002,0.196484001105692,8.76720000000001,9.31599999999997,11,2017,327
2017-11-24,8.88361565217391,8.29599999999999,9.464,0.317287293448464,8.4322,9.30019999999998,11,2017,328
2017-11-25,8.80919130434783,7.88400000000001,9.51799999999997,0.455583060496505,8.13439999999999,9.3504,11,2017,329
2017-11-26,8.78061043478261,7.95999999999998,9.464,0.456725603120711,8.07100000000003,9.32499999999999,11,2017,330
2017-11-27,8.6491547826087,8.10500000000002,9.11700000000002,0.273581648707139,8.2662,9.01859999999999,11,2017,331
2017-11-28,8.70104173913044,8.21199999999999,9.197,0.24162229356908,8.38799999999998,9.06900000000002,11,2017,332
2017-11-29,8.61452869565217,8.17599999999999,9.04500000000002,0.209232333713727,8.351,8.9436,11,2017,333
2017-11-30,8.53713913043478,8.09300000000002,9.05399999999997,0.239242914726078,8.24179999999999,8.91300000000001,11,2017,334
2017-12-01,8.30491652173913,7.93799999999999,8.79500000000002,0.2306165497514,8.03340000000001,8.66100000000001,12,2017,335
2017-12-02,8.04966086956522,7.69400000000002,8.49200000000002,0.221454720321226,7.7798,8.37960000000001,12,2017,336
2017-12-03,7.82331304347826,7.48199999999997,8.14100000000002,0.154459672195683,7.59739999999999,8.00099999999998,12,2017,337
2017-12-04,7.69223652173913,7.39699999999999,8.19600000000003,0.184946832142615,7.47199999999998,7.96699999999998,12,2017,338
2017-12-05,7.79846086956522,7.56400000000002,8.10899999999998,0.126422628344102,7.6324,7.96999999999998,12,2017,339
2017-12-06,7.95086260869565,7.53699999999998,8.46899999999999,0.227964283474892,7.65539999999999,8.27739999999999,12,2017,340
2017-12-07,7.87678608695652,7.45699999999999,8.53100000000001,0.247783985840172,7.57180000000001,8.23399999999998,12,2017,341
2017-12-08,7.86514086956522,7.40899999999999,8.33299999999997,0.240982706413102,7.54019999999998,8.20699999999999,12,2017,342
2017-12-09,7.91610782608696,7.43099999999998,8.36599999999999,0.242578351560816,7.5802,8.24200000000002,12,2017,343
2017-12-10,7.78952695652174,7.43700000000001,8.12900000000002,0.179355093899281,7.54040000000001,8.02600000000001,12,2017,344
2017-12-11,6.55861043478261,6.23700000000002,7.02800000000002,0.178402633227465,6.32879999999998,6.81999999999999,12,2017,345
2017-12-12,6.80493217391304,6.322,7.24200000000002,0.236741196977441,6.47739999999999,7.12380000000001,12,2017,346
2017-12-13,6.74461913043478,6.20999999999998,7.31,0.285983313728178,6.3664,7.15379999999998,12,2017,347
2017-12-14,6.64845913043478,6.096,7.29000000000002,0.314105856647768,6.25200000000001,7.12200000000001,12,2017,348
2017-12-15,6.54846956521739,6.01499999999999,7.34199999999998,0.340840340936033,6.15279999999999,7.0664,12,2017,349
2017-12-16,6.38924695652174,5.904,6.92700000000002,0.252009432833846,6.04939999999999,6.74000000000001,12,2017,350
2017-12-17,6.02378260869565,5.68599999999998,6.57400000000001,0.232588044196788,5.76980000000001,6.3776,12,2017,351
2017-12-18,5.92655304347826,5.51600000000002,6.53800000000001,0.272191416980137,5.59920000000001,6.33520000000001,12,2017,352
2017-12-19,6.24066608695652,5.80900000000003,6.97000000000003,0.288260147606421,5.9118,6.67519999999998,12,2017,353
2017-12-20,6.55407130434783,6.10199999999998,7.24599999999998,0.262240168655868,6.24240000000001,6.93599999999998,12,2017,354
2017-12-21,6.72128869565217,6.279,7.375,0.239346810306083,6.42700000000002,7.05920000000002,12,2017,355
2017-12-22,6.51536347826087,6.15800000000002,7.18799999999999,0.258468799406479,6.238,6.92500000000002,12,2017,356
2017-12-23,6.5960452173913,6.28699999999998,6.98199999999997,0.16733752754849,6.3774,6.82160000000001,12,2017,357
2017-12-24,6.51430086956522,6.15600000000001,6.786,0.164022449755005,6.27539999999999,6.7252,12,2017,358
2017-12-25,5.92816347826087,5.58499999999998,6.50799999999998,0.196537141000776,5.68179999999999,6.19820000000001,12,2017,359
2017-12-26,5.42184173913043,5.07499999999999,6.13799999999998,0.226028106382853,5.15300000000002,5.74780000000001,12,2017,360
2017-12-27,5.23062434782609,4.82799999999997,5.96300000000002,0.263466455028557,4.91500000000002,5.61700000000002,12,2017,361
2017-12-28,5.1964747826087,4.84399999999999,5.839,0.223003974060103,4.92240000000002,5.51100000000002,12,2017,362
2017-12-29,5.24770782608695,5.00700000000001,5.61399999999998,0.139071891986613,5.07839999999999,5.45999999999998,12,2017,363
2017-12-30,5.00501217391304,4.74000000000001,5.41899999999998,0.150462185247713,4.8174,5.22300000000001,12,2017,364
2017-12-31,4.62552869565217,4.25099999999998,5.11500000000001,0.198223904990341,4.36740000000001,4.91560000000001,12,2017,365
2018-01-01,4.87761217391304,4.387,5.47899999999998,0.275779056501483,4.52699999999999,5.2852,1,2018,1
2018-01-02,5.25631826086956,4.68299999999999,6.04199999999997,0.324557819693959,4.86099999999999,5.7394,1,2018,2
2018-01-03,5.5294,4.78899999999999,6.346,0.35660186272893,5.0768,6.0336,1,2018,3
2018-01-04,5.6816052173913,4.97300000000001,6.31200000000001,0.292273532402042,5.2908,6.07400000000001,1,2018,4
2018-01-05,4.87450956521739,4.45699999999999,5.26100000000002,0.190577234736042,4.62080000000001,5.13259999999999,1,2018,5
2018-01-06,4.98045565217391,4.66300000000001,5.11200000000002,0.100364723552036,4.8294,5.089,1,2018,6
2018-01-07,5.12570434782609,4.91000000000003,5.46100000000001,0.104687952935255,5.0058,5.28079999999999,1,2018,7
2018-01-08,5.52793043478261,4.96899999999999,5.88799999999998,0.223936539112005,5.20100000000002,5.80260000000001,1,2018,8
2018-01-09,5.50660347826087,4.86399999999998,6.04300000000001,0.258810444110959,5.1552,5.84999999999998,1,2018,9
2018-01-10,5.40050086956522,4.76299999999998,5.964,0.265051430646478,5.0368,5.7504,1,2018,10
2018-01-11,5.43341217391304,4.80500000000001,5.90800000000002,0.255906693425631,5.06959999999999,5.75980000000001,1,2018,11
2018-01-12,5.27221913043478,4.79199999999997,5.69600000000003,0.211684756699095,4.97279999999998,5.54180000000001,1,2018,12
2018-01-13,5.07176695652174,4.70699999999999,5.60899999999998,0.226007356931279,4.78739999999999,5.4006,1,2018,13
2018-01-14,4.81930086956522,4.44299999999998,5.43299999999999,0.221973854086911,4.54599999999999,5.11900000000003,1,2018,14
2018-01-15,4.97175304347826,4.60699999999997,5.48500000000001,0.236179200744718,4.68000000000001,5.32400000000001,1,2018,15
2018-01-16,5.20501043478261,4.685,5.72300000000001,0.251549109707744,4.8748,5.5566,1,2018,16
2018-01-17,4.84985913043478,4.245,5.28899999999999,0.267089081922436,4.47040000000002,5.19759999999999,1,2018,17
2018-01-18,4.61366434782609,3.64499999999998,5.33699999999999,0.371037255516294,4.09779999999998,5.09319999999999,1,2018,18
2018-01-19,4.43427652173913,3.50599999999997,5.24900000000002,0.388600681425813,3.90579999999998,4.9702,1,2018,19
2018-01-20,3.66870260869565,2.774,4.86799999999999,0.481821645233464,3.0648,4.36799999999999,1,2018,20
2018-01-21,3.5736,2.88,4.41899999999998,0.339132804714391,3.13200000000001,4.03699999999998,1,2018,21
2018-01-22,3.61154260869565,2.92200000000003,4.38499999999999,0.338911479264356,3.15899999999999,4.08139999999999,1,2018,22
2018-01-23,3.36186434782609,2.72800000000001,4.25599999999997,0.366943846445854,2.88819999999999,3.89260000000002,1,2018,23
2018-01-24,3.41054956521739,2.88099999999997,4.15800000000002,0.307012893807567,3.0194,3.85039999999999,1,2018,24
2018-01-25,3.38069913043478,2.88600000000002,4.07999999999998,0.297092322930415,3.0104,3.81399999999998,1,2018,25
2018-01-26,3.46021913043478,2.98700000000002,4.28899999999999,0.289981269338533,3.10139999999999,3.86359999999999,1,2018,26
2018-01-27,3.51485391304348,3.048,4.07900000000001,0.267616807440986,3.16699999999997,3.90520000000001,1,2018,27
2018-01-28,3.56354434782609,3.11399999999998,3.98700000000002,0.220259953399741,3.2548,3.85619999999999,1,2018,28
2018-01-29,3.82162434782609,3.39999999999998,4.30900000000003,0.221047895779286,3.524,4.12360000000001,1,2018,29
2018-01-30,3.68710782608696,3.31299999999999,4.22899999999998,0.238880998010354,3.38739999999999,4.03920000000002,1,2018,30
2018-01-31,3.6737652173913,3.26999999999998,4.30200000000002,0.276449021531696,3.34279999999999,4.09079999999999,1,2018,31
2018-02-01,3.79632,3.44499999999999,4.27499999999998,0.211017268642889,3.53540000000002,4.10659999999998,2,2018,32
2018-02-02,3.67398260869565,3.35399999999998,4.13299999999998,0.170405111824851,3.4518,3.90199999999999,2,2018,33
2018-02-03,3.46262782608696,3.13499999999999,3.96199999999999,0.214228411899024,3.214,3.7898,2,2018,34
2018-02-04,3.53120347826087,3.23199999999997,4.02699999999999,0.218313990834651,3.29239999999999,3.87,2,2018,35
2018-02-05,3.56942434782609,3.23599999999999,4.34899999999999,0.276172566548824,3.29700000000003,3.9926,2,2018,36
2018-02-06,3.38232347826087,2.88400000000001,4.28199999999998,0.33997176003095,2.9998,3.89299999999998,2,2018,37
2018-02-07,3.30714608695652,2.89100000000002,4.16300000000001,0.332490186721383,2.93940000000001,3.81580000000001,2,2018,38
2018-02-08,3.13162956521739,2.73399999999998,3.601,0.190954434325277,2.9038,3.41560000000001,2,2018,39
2018-02-09,2.98437391304348,2.47000000000003,3.67000000000002,0.277963282514613,2.66040000000002,3.40119999999998,2,2018,40
2018-02-10,2.99495826086957,2.45499999999998,3.63499999999999,0.27721835378707,2.6564,3.4016,2,2018,41
2018-02-11,3.55362608695652,3.08800000000002,3.98599999999999,0.212249395613967,3.24820000000001,3.83100000000002,2,2018,42
2018-02-12,3.42310086956522,3.00999999999999,3.94900000000001,0.242712373866299,3.13039999999999,3.79159999999998,2,2018,43
2018-02-13,3.37226434782609,2.98899999999998,3.935,0.244477783130653,3.08939999999999,3.74099999999999,2,2018,44
2018-02-14,3.52644,3.15899999999999,4.16500000000002,0.245382747605245,3.25,3.8956,2,2018,45
2018-02-15,3.93039826086956,3.55599999999998,4.59699999999998,0.274554183447527,3.62139999999999,4.34300000000002,2,2018,46
2018-02-16,4.06959130434783,3.755,4.61799999999999,0.219919849814364,3.8304,4.42319999999999,2,2018,47
2018-02-17,4.04710434782609,3.72300000000001,4.62799999999999,0.236371208013115,3.8004,4.44259999999999,2,2018,48
2018-02-18,4.0882347826087,3.76800000000003,4.58699999999999,0.178104955278293,3.86580000000001,4.34699999999998,2,2018,49
2018-02-19,4.05009217391304,3.66500000000002,4.58600000000001,0.191996271172699,3.8174,4.32719999999999,2,2018,50
2018-02-20,3.98577043478261,3.51600000000002,4.45400000000001,0.210346974418515,3.7044,4.27040000000001,2,2018,51
2018-02-21,4.21058086956522,3.69299999999998,4.54000000000002,0.208228717011109,3.90899999999999,4.46199999999999,2,2018,52
2018-02-22,4.54629217391304,3.81599999999997,5.13900000000001,0.303254745417262,4.13799999999998,4.95799999999997,2,2018,53
2018-02-23,4.50114782608696,3.69299999999998,5.24700000000001,0.373283557095514,4.0116,5.02900000000001,2,2018,54
2018-02-24,4.17101739130435,3.613,4.92700000000002,0.367618240065319,3.69039999999999,4.697,2,2018,55
2018-02-25,4.21601913043478,3.45600000000002,5.03800000000001,0.445862759914623,3.57999999999998,4.82400000000002,2,2018,56
2018-02-26,4.17380347826087,3.28399999999999,4.81299999999999,0.461084089908744,3.4878,4.74200000000002,2,2018,57
2018-02-27,4.41053565217391,4.01600000000002,4.77699999999999,0.209281477840554,4.10139999999999,4.69499999999999,2,2018,58
2018-02-28,4.21820347826087,3.61599999999999,4.72199999999998,0.342445039190129,3.73399999999998,4.66579999999998,2,2018,59
2018-03-01,4.09504347826087,3.613,4.46600000000001,0.22466192918896,3.76640000000001,4.37599999999998,3,2018,60
2018-03-02,4.40075826086957,4.108,4.779,0.153388029042088,4.19540000000001,4.61019999999999,3,2018,61
2018-03-03,4.22014782608696,3.91500000000002,4.60300000000001,0.159242328620125,4.0074,4.43839999999999,3,2018,62
2018-03-04,3.82999652173913,3.51299999999998,4.077,0.135582277583943,3.64380000000001,4.00659999999999,3,2018,63
2018-03-05,3.93347130434783,3.57799999999997,4.13999999999999,0.0934043071450314,3.80940000000002,4.02600000000001,3,2018,64
2018-03-06,4.32748695652174,4.065,4.79000000000002,0.15222090844869,4.14600000000002,4.5508,3,2018,65
2018-03-07,3.91013739130435,3.572,4.06099999999998,0.100132996455941,3.75959999999999,4.01060000000001,3,2018,66
2018-03-08,3.33616695652174,3.14300000000003,3.584,0.0932639651682748,3.21039999999999,3.46260000000001,3,2018,67
2018-03-09,3.27058608695652,2.90300000000002,3.55000000000001,0.177059604763037,3.0034,3.4896,3,2018,68
2018-03-10,3.31792173913044,2.99000000000001,3.57999999999998,0.155625866233325,3.09039999999999,3.5136,3,2018,69
2018-03-11,3.39430956521739,2.93000000000001,3.73199999999997,0.219235712717263,3.06980000000002,3.6816,3,2018,70
2018-03-12,3.58155826086957,3.23599999999999,3.83600000000001,0.164022687934473,3.3534,3.803,3,2018,71
2018-03-13,3.42134956521739,3.00200000000001,3.72699999999998,0.205619598781637,3.12,3.68460000000001,3,2018,72
2018-03-14,3.24613565217391,2.97699999999998,3.495,0.135626391796712,3.05479999999998,3.42260000000001,3,2018,73
2018-03-15,3.66285217391304,3.31999999999999,4.04399999999998,0.196044688582027,3.39939999999999,3.93960000000001,3,2018,74
2018-03-16,3.63300695652174,3.06999999999999,4.36000000000001,0.36026989489002,3.14920000000002,4.1626,3,2018,75
2018-03-17,3.59246260869565,2.96699999999998,4.36900000000003,0.389346712167205,3.05980000000001,4.15980000000001,3,2018,76
2018-03-18,3.61375130434782,3.14800000000002,4.315,0.323495982334053,3.2164,4.1216,3,2018,77
2018-03-19,3.71519652173913,3.39300000000003,4.35599999999999,0.256926319760724,3.45619999999998,4.1534,3,2018,78
2018-03-20,3.73763826086957,3.411,4.30099999999999,0.229437779584799,3.47739999999999,4.10680000000001,3,2018,79
2018-03-21,3.72637217391304,3.47000000000003,4.14699999999999,0.184066863867958,3.50200000000001,4.00419999999999,3,2018,80
2018-03-22,3.5359252173913,3.41899999999998,3.822,0.0935043253424619,3.4424,3.68200000000002,3,2018,81
2018-03-23,3.35970608695652,3.07100000000003,3.67700000000002,0.107901146273178,3.25599999999997,3.51499999999999,3,2018,82
2018-03-24,3.58123826086957,3.35399999999998,3.89400000000001,0.128992668931552,3.399,3.73660000000001,3,2018,83
2018-03-25,3.50750782608696,3.012,3.97399999999999,0.280224473593343,3.09100000000001,3.8726,3,2018,84
2018-03-26,3.54425913043478,2.90699999999998,4.07799999999997,0.329243035292231,3.06320000000001,3.96260000000001,3,2018,85
2018-03-27,3.65506086956522,3.233,4.10199999999998,0.259802272944477,3.29580000000002,4.02800000000002,3,2018,86
2018-03-28,4.33684869565217,4.00900000000001,4.73199999999997,0.194823398260115,4.08939999999999,4.6276,3,2018,87
2018-03-29,4.29955826086957,4.05900000000003,4.649,0.154456954741605,4.10839999999999,4.52959999999998,3,2018,88
2018-03-30,4.33315130434783,4.125,4.642,0.137573963866751,4.16399999999999,4.5362,3,2018,89
2018-03-31,4.34386434782609,4.226,4.47399999999999,0.0613143982603197,4.262,4.43099999999998,3,2018,90
2018-04-01,4.35526782608695,4.18299999999999,4.50599999999997,0.0970758239762432,4.21439999999999,4.47399999999999,4,2018,91
2018-04-02,4.36601217391304,4.18799999999999,4.54300000000001,0.106231806515982,4.21899999999999,4.50400000000002,4,2018,92
2018-04-03,4.19910086956522,4.06900000000002,4.322,0.0576681626662864,4.12,4.27699999999999,4,2018,93
2018-04-04,4.24027652173913,3.56299999999999,4.43599999999998,0.132684708104906,4.1104,4.38660000000001,4,2018,94
2018-04-05,4.18171130434783,3.43400000000003,4.38600000000002,0.159656578723925,3.96840000000001,4.34699999999998,4,2018,95
2018-04-06,4.12485391304348,3.70699999999999,4.36200000000002,0.13454765957859,3.93299999999999,4.30359999999998,4,2018,96
2018-04-07,4.07680869565217,3.85500000000002,4.27699999999999,0.108353491029733,3.9264,4.22800000000001,4,2018,97
2018-04-08,3.94080869565217,3.78100000000001,4.012,0.0460457460103277,3.8758,3.98899999999998,4,2018,98
2018-04-09,3.96312695652174,3.76499999999999,4.084,0.0605664281292107,3.88339999999999,4.029,4,2018,99
2018-04-10,3.97545565217391,3.70499999999998,4.14800000000002,0.128566897262305,3.76579999999999,4.125,4,2018,100
2018-04-11,4.13117565217391,3.791,4.39100000000002,0.152325785902289,3.8854,4.29000000000002,4,2018,101
2018-04-12,4.46934434782609,4.24000000000001,4.70400000000001,0.105490837318068,4.31639999999999,4.61900000000003,4,2018,102
2018-04-13,4.54435304347826,4.423,4.66800000000001,0.055077128880676,4.47800000000001,4.62,4,2018,103
2018-04-14,4.54076347826087,4.49200000000002,4.58100000000002,0.0200398485011825,4.51400000000001,4.56799999999998,4,2018,104
2018-04-15,5.23516695652174,5.154,5.30799999999999,0.0349507361652249,5.18639999999999,5.28199999999998,4,2018,105
2018-04-16,4.44193565217391,4.30500000000001,4.53300000000002,0.0482205772999464,4.37599999999998,4.50299999999999,4,2018,106
2018-04-17,4.40022086956522,4.29300000000001,4.5,0.0460754371131281,4.33999999999997,4.46300000000002,4,2018,107
2018-04-18,4.39270086956522,4.29500000000002,4.49599999999998,0.0434169989823825,4.3374,4.452,4,2018,108
2018-04-19,4.93413391304348,4.57499999999999,5.09699999999998,0.107783534913383,4.77140000000001,5.05200000000002,4,2018,109
2018-04-20,4.9662052173913,4.38299999999998,5.30099999999999,0.15020447030485,4.76100000000002,5.13999999999999,4,2018,110
2018-04-21,5.15977391304348,4.73399999999998,5.49700000000001,0.111304277435451,5.024,5.29760000000001,4,2018,111
2018-04-22,5.54080173913043,5.17500000000001,5.77499999999998,0.134740280549453,5.35899999999998,5.69799999999998,4,2018,112
2018-04-23,5.92361217391304,5.572,6.30000000000001,0.166737460361416,5.71439999999999,6.1696,4,2018,113
2018-04-24,5.96406434782609,5.709,6.38,0.150982788662656,5.76400000000001,6.16159999999999,4,2018,114
2018-04-25,6.18338086956522,6.07100000000003,6.44400000000002,0.0905894901793238,6.0874,6.32179999999998,4,2018,115
2018-04-26,6.59819652173913,6.35899999999998,6.899,0.142801943648648,6.4014,6.80000000000001,4,2018,116
2018-04-27,6.92494956521739,6.49099999999999,7.41500000000002,0.273378569751978,6.55940000000002,7.2836,4,2018,117
2018-04-28,7.0276347826087,6.77600000000001,7.28699999999998,0.146935355813576,6.82239999999999,7.23660000000001,4,2018,118
2018-04-29,7.29540869565217,6.94999999999999,7.66199999999998,0.165699283454981,7.09540000000002,7.50299999999999,4,2018,119
2018-04-30,7.47555478260869,7.13999999999999,7.84199999999998,0.180161184241296,7.27140000000001,7.74860000000001,4,2018,120
2018-05-01,7.56724869565217,7.33199999999999,7.76600000000002,0.0971790566592089,7.45799999999997,7.70359999999999,5,2018,121
2018-05-02,7.56420347826087,7.50400000000002,7.61099999999999,0.0259887805142774,7.53100000000001,7.59800000000001,5,2018,122
2018-05-03,7.84187304347826,7.79399999999998,7.89499999999998,0.0216922460886992,7.81639999999999,7.87299999999999,5,2018,123
2018-05-04,8.50627826086957,8.32299999999998,8.63099999999997,0.0791196275733995,8.3904,8.60399999999998,5,2018,124
2018-05-05,9.48815130434783,9.20800000000003,9.67500000000001,0.109701160718244,9.3208,9.6226,5,2018,125
2018-05-06,9.74993913043478,9.41000000000003,9.94400000000002,0.105587396875922,9.60139999999999,9.88200000000001,5,2018,126
2018-05-07,9.80762260869565,9.34800000000001,10.013,0.132038764673327,9.6192,9.93960000000001,5,2018,127
2018-05-08,9.82093739130435,9.31799999999998,10.081,0.137936028613625,9.64819999999999,9.96659999999999,5,2018,128
2018-05-09,9.8153947826087,9.47500000000002,10.007,0.108055004256428,9.6522,9.928,5,2018,129
2018-05-10,8.9856747826087,8.79000000000002,9.13299999999998,0.078350683401334,8.87700000000001,9.08959999999998,5,2018,130
2018-05-11,10.7856504347826,10.343,11.032,0.156077845857702,10.5484,10.9732,5,2018,131
2018-05-12,10.8511060869565,10.436,11.147,0.175285523812877,10.5974,11.0686,5,2018,132
2018-05-13,10.8853913043478,10.452,11.084,0.164072416219105,10.624,11.059,5,2018,133
2018-05-14,10.6060591304348,10.357,10.768,0.0798815105700307,10.4914,10.706,5,2018,134
2018-05-15,10.9821808695652,10.412,11.566,0.269720997897012,10.624,11.3356,5,2018,135
2018-05-16,10.9621704347826,10.247,11.617,0.328141597764759,10.5008,11.3676,5,2018,136
2018-05-17,10.6205026086957,10.158,10.963,0.161649358913314,10.3784,10.7962,5,2018,137
2018-05-18,10.2510434782609,9.74599999999998,10.767,0.249536496855956,9.9048,10.5896,5,2018,138
2018-05-19,11.0663756521739,10.361,11.571,0.290390326227355,10.6354,11.435,5,2018,139
2018-05-20,11.0905130434783,10.428,11.467,0.205828231100772,10.7742,11.3256,5,2018,140
2018-05-21,11.1509043478261,10.661,11.455,0.178013778873626,10.872,11.3336,5,2018,141
2018-05-22,10.90548,10.233,11.351,0.267792607621763,10.4892,11.1946,5,2018,142
2018-05-23,10.77964,10.404,11.106,0.191460071619098,10.5194,11.042,5,2018,143
2018-05-24,10.924732173913,10.322,11.373,0.247156218689523,10.5996,11.2816,5,2018,144
2018-05-25,11.0243791304348,10.614,11.422,0.21310267008125,10.7514,11.3452,5,2018,145
2018-05-26,11.0137113043478,10.835,11.187,0.0872915344120099,10.902,11.145,5,2018,146
2018-05-27,10.8900226086957,10.527,11.183,0.131044136419936,10.7214,11.0756,5,2018,147
2018-05-28,11.4845843478261,10.857,12.077,0.270367177290396,11.1294,11.8524,5,2018,148
2018-05-29,12.2725026086957,11.589,12.867,0.27925194294985,11.9072,12.6462,5,2018,149
2018-05-30,12.3135269565217,11.75,12.879,0.24509045948652,11.9978,12.6486,5,2018,150
2018-05-31,12.4075547826087,11.856,12.998,0.249572275302986,12.0924,12.7516,5,2018,151
2018-06-01,12.9453147826087,12.449,13.407,0.212519406879131,12.6726,13.2376,6,2018,152
2018-06-02,12.64884,12.193,13.434,0.327230579873247,12.2838,13.1616,6,2018,153
2018-06-03,12.3924452173913,12.007,13.234,0.339438576300258,12.0514,12.937,6,2018,154
2018-06-04,12.4238991304348,12.025,13.158,0.26387728165335,12.1254,12.8214,6,2018,155
2018-06-05,11.9997756521739,11.652,12.608,0.222629064705053,11.766,12.3534,6,2018,156
2018-06-06,11.842547826087,11.478,12.265,0.179437770966559,11.59,12.0884,6,2018,157
2018-06-07,12.3007843478261,11.634,13.12,0.421103940050447,11.753,12.9288,6,2018,158
2018-06-08,12.90888,12.242,13.479,0.255907201985162,12.5792,13.273,6,2018,159
2018-06-09,13.125387826087,12.593,13.675,0.210653680296048,12.8904,13.429,6,2018,160
2018-06-10,13.1602834782609,12.893,13.594,0.205386848359796,12.9254,13.5078,6,2018,161
2018-06-11,13.0642365217391,12.774,13.349,0.128684890732608,12.8784,13.2416,6,2018,162
2018-06-12,12.8144765217391,12.309,13.163,0.184016357746246,12.5414,13.019,6,2018,163
2018-06-13,12.4950104347826,12.238,12.777,0.10385496400973,12.3472,12.6186,6,2018,164
2018-06-14,12.3822086956522,11.976,12.779,0.149041764815926,12.185,12.5766,6,2018,165
2018-06-15,12.3003547826087,11.906,12.815,0.211085908268637,12.093,12.6504,6,2018,166
2018-06-16,12.3629808695652,11.984,12.919,0.223368060774489,12.1528,12.722,6,2018,167
2018-06-17,12.4782817391304,12.108,12.864,0.163689401417267,12.302,12.7568,6,2018,168
2018-06-18,13.2228939130435,12.852,13.757,0.199171474318981,13.0124,13.5242,6,2018,169
2018-06-19,13.4694834782609,13.174,13.837,0.130988958713907,13.299,13.6432,6,2018,170
2018-06-20,13.9695443478261,13.571,14.403,0.234145457259541,13.6334,14.2976,6,2018,171
2018-06-21,14.0776086956522,13.484,14.725,0.376695028535761,13.6094,14.6356,6,2018,172
2018-06-22,14.1345165217391,13.637,14.759,0.308935712652876,13.7434,14.6004,6,2018,173
2018-06-23,14.0556173913043,13.807,14.466,0.119324841569065,13.878,14.1636,6,2018,174
2018-06-24,14.0645495652174,13.58,14.363,0.169925872019295,13.8308,14.2766,6,2018,175
2018-06-25,14.0326226086957,13.575,14.592,0.20120950089651,13.7992,14.3196,6,2018,176
2018-06-26,14.031827826087,13.595,14.639,0.236505931575412,13.7518,14.362,6,2018,177
2018-06-27,13.9679634782609,13.54,14.553,0.216488028787019,13.7158,14.2636,6,2018,178
2018-06-28,14.0164973913044,13.535,14.463,0.204458977365236,13.7324,14.2876,6,2018,179
2018-06-29,14.4014904347826,14.035,14.809,0.18680866367683,14.1768,14.6872,6,2018,180
2018-06-30,14.4848765217391,14.176,15.037,0.219850559923513,14.2674,14.846,6,2018,181
2018-07-01,14.9094573913043,14.503,15.462,0.217705282619165,14.6144,15.1986,7,2018,182
2018-07-02,15.3976782608696,14.955,15.871,0.209561012372,15.0924,15.6626,7,2018,183
2018-07-03,17.0099495652174,16.462,17.496,0.213158279585227,16.7182,17.2806,7,2018,184
2018-07-04,17.6201947826087,16.902,18.148,0.274573556541459,17.2446,17.97,7,2018,185
2018-07-05,17.3054782608696,16.687,17.899,0.268770809836126,16.9584,17.667,7,2018,186
2018-07-06,16.4286852173913,16.113,16.793,0.190866536840859,16.1854,16.7192,7,2018,187
2018-07-07,16.2117808695652,15.713,16.919,0.255234456640134,15.945,16.6152,7,2018,188
2018-07-08,15.985067826087,15.626,16.379,0.167087024597423,15.795,16.2102,7,2018,189
2018-07-09,15.7976904347826,15.538,16.489,0.24431988690713,15.572,16.195,7,2018,190
2018-07-10,16.2735913043478,15.807,16.65,0.206047899426448,15.983,16.5306,7,2018,191
2018-07-11,16.193467826087,15.724,16.957,0.327796840378822,15.8438,16.7248,7,2018,192
2018-07-12,16.2412,15.716,16.915,0.330325470371733,15.8684,16.7598,7,2018,193
2018-07-13,16.55948,15.929,17.241,0.315731244377173,16.1784,17.0178,7,2018,194
2018-07-14,16.7928695652174,16.262,17.564,0.331962088053535,16.3834,17.2694,7,2018,195
2018-07-15,17.2135982608696,16.807,17.744,0.176185215925057,16.9718,17.458,7,2018,196
2018-07-16,17.5487026086957,16.853,18,0.202135171190486,17.302,17.8056,7,2018,197
2018-07-17,17.4763391304348,16.971,17.994,0.169088563426013,17.27,17.705,7,2018,198
2018-07-18,17.4649130434783,16.768,17.94,0.20396349528278,17.171,17.7038,7,2018,199
2018-07-19,17.3889791304348,16.727,17.774,0.199913996097022,17.1382,17.6368,7,2018,200
2018-07-20,17.278052173913,16.686,17.758,0.214813071785043,17.0184,17.592,7,2018,201
2018-07-21,17.174907826087,16.429,17.997,0.373809483315623,16.779,17.7622,7,2018,202
2018-07-22,17.17828,16.382,17.829,0.342341369251578,16.7318,17.658,7,2018,203
2018-07-23,17.1117808695652,16.334,17.828,0.318119727394311,16.6708,17.5236,7,2018,204
2018-07-24,16.8460608695652,16.081,17.984,0.403325913444312,16.3704,17.4378,7,2018,205
2018-07-25,16.906012173913,16.157,18.101,0.411478876377871,16.42,17.5174,7,2018,206
2018-07-26,17.0936834782609,16.433,18.005,0.332949532104563,16.674,17.565,7,2018,207
2018-07-27,17.13268,16.552,17.698,0.254029598264503,16.774,17.4482,7,2018,208
2018-07-28,17.4028939130435,16.816,17.873,0.254383721130353,17.0398,17.7396,7,2018,209
2018-07-29,17.51804,16.845,18.414,0.361419269880724,17.1124,18.0988,7,2018,210
2018-07-30,17.7143530434783,17.043,18.655,0.368052818064636,17.33,18.3276,7,2018,211
2018-07-31,17.7631234782609,17.191,18.572,0.314500866184954,17.4074,18.2676,7,2018,212
2018-08-01,17.794532173913,17.263,18.305,0.249270731298722,17.4546,18.1222,8,2018,213
2018-08-02,18.0923565217391,17.502,18.816,0.314881825941794,17.6754,18.5346,8,2018,214
2018-08-03,18.3942347826087,17.844,18.98,0.266822022740667,18.0418,18.7728,8,2018,215
2018-08-04,18.7758434782609,18.349,19.334,0.190347444622437,18.5664,19.049,8,2018,216
2018-08-05,19.0829165217391,18.71,19.669,0.211296124556721,18.8544,19.425,8,2018,217
2018-08-06,19.11224,18.681,19.868,0.279382210692749,18.8104,19.5778,8,2018,218
2018-08-07,19.137987826087,18.797,19.698,0.202938856047939,18.8914,19.4366,8,2018,219
2018-08-08,19.0868939130435,18.75,19.456,0.171741857825736,18.851,19.322,8,2018,220
2018-08-09,19.0425113043478,18.616,19.809,0.281952623088372,18.766,19.499,8,2018,221
2018-08-10,19.0829756521739,18.446,19.706,0.267946162031879,18.7592,19.45,8,2018,222
2018-08-11,18.9523234782609,18.609,19.203,0.109152067892289,18.8234,19.0956,8,2018,223
2018-08-12,18.96512,18.552,19.344,0.150367869000909,18.7532,19.1516,8,2018,224
2018-08-13,18.7480956521739,18.204,19.273,0.233808878958901,18.4236,19.0546,8,2018,225
2018-08-14,18.4455739130435,17.7,19.24,0.338989630669672,18.024,18.922,8,2018,226
2018-08-15,18.7904365217391,18.023,19.354,0.25644361278535,18.447,19.1156,8,2018,227
2018-08-16,18.8103443478261,18.086,19.592,0.348535352110743,18.412,19.378,8,2018,228
2018-08-17,18.7304139130435,17.99,19.634,0.390647210423503,18.2888,19.3646,8,2018,229
2018-08-18,18.5211669565217,18.172,18.903,0.166622170453736,18.296,18.758,8,2018,230
2018-08-19,18.2100626086957,17.61,18.753,0.262005152441847,17.8282,18.5764,8,2018,231
2018-08-20,18.069772173913,17.379,18.637,0.266798927128733,17.6726,18.4246,8,2018,232
2018-08-21,17.9762173913043,17.221,18.719,0.448895737306868,17.3444,18.558,8,2018,233
2018-08-22,18.0479182608696,17.322,18.51,0.315511881967186,17.6028,18.462,8,2018,234
2018-08-23,18.256772173913,17.458,18.6,0.216132787431147,17.9412,18.4736,8,2018,235
2018-08-24,18.2586086956522,17.568,18.615,0.19960698735667,17.9744,18.523,8,2018,236
2018-08-25,18.356507826087,17.928,18.763,0.195432165240073,18.0844,18.6142,8,2018,237
2018-08-26,18.3396434782609,18.033,18.86,0.193593353729124,18.0974,18.6286,8,2018,238
2018-08-27,18.5728556521739,18.094,18.941,0.157715137172239,18.4174,18.8144,8,2018,239
2018-08-28,18.6284852173913,18.091,19.022,0.169103877237553,18.3876,18.8026,8,2018,240
2018-08-29,18.9771060869565,18.507,19.267,0.151094350202887,18.7616,19.1552,8,2018,241
2018-08-30,18.9253669565217,18.46,19.412,0.250655021934948,18.6594,19.3272,8,2018,242
2018-08-31,18.7751669565217,18.246,19.346,0.289672336734616,18.4174,19.2166,8,2018,243
2018-09-01,18.1145443478261,17.812,18.513,0.169925596646584,17.8868,18.34,9,2018,244
2018-09-02,18.0906469565217,17.704,18.563,0.23023335129621,17.8014,18.4522,9,2018,245
2018-09-03,18.1368695652174,17.78,18.657,0.181322941431943,17.907,18.39,9,2018,246
2018-09-04,18.7673026086957,18.342,19.053,0.108642457307299,18.6378,18.9122,9,2018,247
2018-09-05,20.0011860869565,18.953,20.599,0.380951378939878,19.452,20.473,9,2018,248
2018-09-06,20.1532191304348,19.324,20.894,0.407734401469999,19.5348,20.65,9,2018,249
2018-09-07,19.9642486956522,19.063,20.829,0.465570972064179,19.312,20.571,9,2018,250
2018-09-08,18.4015182608696,17.599,19.161,0.342607580088724,17.9594,18.8662,9,2018,251
2018-09-09,17.0488139130435,16.331,17.798,0.32225363084618,16.612,17.484,9,2018,252
2018-09-10,17.0307930434783,16.289,17.777,0.32745698542471,16.587,17.4726,9,2018,253
2018-09-11,17.21508,16.545,17.881,0.296019281790288,16.8376,17.6208,9,2018,254
2018-09-12,16.5867339130435,16.258,16.827,0.1106230556135,16.4528,16.743,9,2018,255
2018-09-13,16.5969182608696,16.178,17.078,0.256896843267085,16.254,16.9858,9,2018,256
2018-09-14,16.6400034782609,16.164,17.268,0.308377054356166,16.2518,17.1356,9,2018,257
2018-09-15,16.7185756521739,16.329,16.994,0.128174155118325,16.6,16.9318,9,2018,258
2018-09-16,17.1923043478261,16.703,17.555,0.194009311080529,16.9136,17.4336,9,2018,259
2018-09-17,17.513,17.129,17.776,0.156486243008359,17.2908,17.7036,9,2018,260
2018-09-18,17.4663113043478,16.992,17.767,0.188248359176426,17.1862,17.6982,9,2018,261
2018-09-19,15.883547826087,15.313,16.413,0.239602641564256,15.571,16.2088,9,2018,262
2018-09-20,15.8436208695652,15.283,16.24,0.191665264927504,15.5604,16.0722,9,2018,263
2018-09-21,15.6875686956522,15.157,15.989,0.171509129776603,15.4388,15.8806,9,2018,264
2018-09-22,15.4367895652174,14.958,15.786,0.170875790501251,15.1988,15.644,9,2018,265
2018-09-23,15.4328139130435,15.07,15.776,0.156619810250442,15.2304,15.643,9,2018,266
2018-09-24,15.3706243478261,15.102,15.652,0.120090564396299,15.2208,15.5406,9,2018,267
2018-09-25,15.339307826087,15.016,15.653,0.139965529073731,15.164,15.5372,9,2018,268
2018-09-26,15.2482434782609,14.911,15.545,0.141450696357692,15.0638,15.4448,9,2018,269
2018-09-27,15.3191547826087,15.056,15.488,0.0862113441562824,15.2068,15.4346,9,2018,270
2018-09-28,15.4437495652174,15.237,15.594,0.0785829411295494,15.3434,15.5506,9,2018,271
2018-09-29,15.4801686956522,15.113,15.776,0.136566792866351,15.3214,15.6732,9,2018,272
2018-09-30,15.3442573913043,15.11,15.623,0.110187343680972,15.2088,15.4966,9,2018,273
2018-10-01,15.2114295652174,14.994,15.399,0.102131814273244,15.0554,15.349,10,2018,274
2018-10-02,15.083612173913,14.786,15.265,0.105830287145606,14.9308,15.2076,10,2018,275
2018-10-03,14.964332173913,14.608,15.126,0.110487576002195,14.8056,15.0896,10,2018,276
2018-10-04,15.0153756521739,14.572,15.324,0.153858847814319,14.8044,15.2082,10,2018,277
2018-10-05,14.9670765217391,14.475,15.358,0.178988946347841,14.732,15.1954,10,2018,278
2018-10-06,14.8206539130435,13.985,15.266,0.270781422223573,14.4054,15.132,10,2018,279
2018-10-07,14.3305773913043,13.898,14.677,0.207190440373183,14.033,14.606,10,2018,280
2018-10-08,14.093252173913,13.785,14.443,0.153352957836886,13.9008,14.307,10,2018,281
2018-10-09,14.194212173913,13.82,14.555,0.163970487458753,13.9818,14.4164,10,2018,282
2018-10-10,13.981412173913,13.587,14.358,0.171926192102833,13.758,14.2146,10,2018,283
2018-10-11,13.7092782608696,13.418,13.867,0.105923855682019,13.5522,13.833,10,2018,284
2018-10-12,13.5696156521739,13.231,13.827,0.152539685012496,13.3714,13.7826,10,2018,285
2018-10-13,13.7958347826087,13.416,14.066,0.158606053860385,13.59,14.0222,10,2018,286
2018-10-14,13.7223391304348,13.363,13.992,0.13609317922401,13.5474,13.915,10,2018,287
2018-10-15,13.7613252173913,13.326,14.047,0.183345640838671,13.5254,14.0246,10,2018,288
2018-10-16,13.728452173913,13.163,13.996,0.204214439604125,13.4478,13.969,10,2018,289
2018-10-17,13.3969304347826,12.891,13.658,0.204325427124651,13.066,13.625,10,2018,290
2018-10-18,12.8265704347826,12.536,13.066,0.136277737625992,12.6284,13,10,2018,291
2018-10-19,12.6534956521739,12.313,12.923,0.163596500196471,12.441,12.878,10,2018,292
2018-10-20,12.3946504347826,12.079,12.681,0.152437939262066,12.2064,12.626,10,2018,293
2018-10-21,12.1323008695652,11.699,12.497,0.187182302042283,11.8762,12.3636,10,2018,294
2018-10-22,11.6459652173913,11.292,11.948,0.171429668354821,11.4154,11.87,10,2018,295
2018-10-23,11.1816434782609,10.849,11.678,0.226569054448911,10.9164,11.5188,10,2018,296
2018-10-24,10.9184695652174,10.662,11.185,0.133817620031874,10.723,11.1006,10,2018,297
2018-10-25,10.9016417391304,10.585,11.216,0.153105803629334,10.6674,11.099,10,2018,298
2018-10-26,10.8399652173913,10.585,11.126,0.133814430925632,10.6484,11.017,10,2018,299
2018-10-27,10.9299130434783,10.718,11.165,0.112854749638562,10.7788,11.086,10,2018,300
2018-10-28,10.4370608695652,10.268,10.636,0.0903742207311446,10.3184,10.565,10,2018,301
2018-10-29,10.0843443478261,9.93900000000002,10.382,0.0959702136856091,9.9744,10.222,10,2018,302
2018-10-30,10.1453686956522,9.92000000000002,10.61,0.157048705446565,9.97639999999999,10.383,10,2018,303
2018-10-31,10.255667826087,9.98000000000002,10.728,0.168458565893712,10.062,10.5134,10,2018,304
2018-11-01,10.3814991304348,10.124,10.653,0.134522265747426,10.2,10.5706,11,2018,305
2018-11-02,10.5564382608696,10.36,10.773,0.101590878269129,10.419,10.6936,11,2018,306
2018-11-03,10.8750452173913,10.647,11.059,0.110716331070727,10.717,11.0196,11,2018,307
2018-11-04,10.8395304347826,10.588,11.044,0.122337535140143,10.667,10.999,11,2018,308
2018-11-05,10.4881060869565,10.259,10.716,0.115950762473929,10.3294,10.6472,11,2018,309
2018-11-06,9.78638260869565,9.22300000000001,10.316,0.290661398327167,9.3808,10.1696,11,2018,310
2018-11-07,9.61881391304348,8.90899999999999,10.364,0.358911010411969,9.13539999999999,10.098,11,2018,311
2018-11-08,9.55708347826087,8.72500000000002,10.39,0.372714250975015,9.0794,10.0672,11,2018,312
2018-11-09,9.50752347826087,8.85199999999998,10.286,0.340351512883924,9.06039999999999,9.97699999999999,11,2018,313
2018-11-10,9.45069565217391,9.08100000000002,9.98000000000002,0.210387073747127,9.1814,9.73719999999999,11,2018,314
2018-11-11,8.95975130434782,8.71499999999997,9.48599999999999,0.210930349306943,8.755,9.31900000000002,11,2018,315
2018-11-12,8.92598434782609,8.61799999999999,9.44,0.223780149932274,8.70699999999999,9.29019999999999,11,2018,316
2018-11-13,8.98305043478261,8.75400000000002,9.37,0.160188007667033,8.81299999999999,9.2492,11,2018,317
2018-11-14,8.97472869565217,8.75799999999998,9.327,0.145341911413923,8.815,9.20680000000001,11,2018,318
2018-11-15,8.61395130434783,8.06299999999999,9.44499999999999,0.443968394040423,8.125,9.2766,11,2018,319
2018-11-16,8.37997217391304,8.06799999999998,8.97199999999998,0.276054309516728,8.09399999999999,8.81820000000001,11,2018,320
2018-11-17,8.18089739130435,7.99400000000003,8.38,0.085449813562009,8.05840000000001,8.2886,11,2018,321
2018-11-18,8.21787652173913,7.95600000000002,8.55700000000002,0.13609962681777,8.0384,8.41460000000001,11,2018,322
2018-11-19,7.95864347826087,7.714,8.20699999999999,0.12931929741823,7.78739999999999,8.13999999999999,11,2018,323
2018-11-20,7.99403304347826,7.709,8.31400000000002,0.160959851575224,7.78800000000001,8.22699999999998,11,2018,324
2018-11-21,7.94623304347826,7.63799999999998,8.36599999999999,0.196848182415189,7.7004,8.23399999999998,11,2018,325
2018-11-22,7.93154434782609,7.60300000000001,8.51499999999999,0.228256169965688,7.67399999999998,8.2692,11,2018,326
2018-11-23,7.85704695652174,7.53800000000001,8.52600000000001,0.251567932416897,7.57600000000002,8.23399999999999,11,2018,327
2018-11-24,7.7713147826087,7.49700000000001,8.40600000000001,0.237344631095827,7.517,8.17159999999999,11,2018,328
2018-11-25,7.84869217391304,7.58199999999999,8.31400000000002,0.183755113298609,7.63600000000002,8.1336,11,2018,329
2018-11-26,7.77502956521739,7.46499999999997,8.19299999999998,0.177612792338908,7.55099999999999,8.02819999999999,11,2018,330
2018-11-27,7.38207304347826,6.95400000000001,7.98199999999997,0.248980209014971,7.08239999999998,7.74299999999999,11,2018,331
2018-11-28,7.30168173913043,6.91399999999999,7.87700000000001,0.218265001952005,7.04540000000001,7.6276,11,2018,332
2018-11-29,7.38054434782609,7.00900000000001,7.89600000000002,0.219115233151833,7.1394,7.72720000000001,11,2018,333
2018-11-30,7.46216,7.166,8.05099999999999,0.22821726643018,7.22899999999998,7.83680000000001,11,2018,334
2018-12-01,7.46879304347826,7.11700000000002,7.983,0.225494463926782,7.19739999999999,7.8042,12,2018,335
2018-12-02,7.26865739130435,6.97800000000001,7.673,0.171477375850935,7.0564,7.517,12,2018,336
2018-12-03,6.99657739130435,6.63499999999999,7.51900000000001,0.216306412174688,6.72040000000002,7.2898,12,2018,337
2018-12-04,6.72681565217391,6.27999999999997,7.38200000000001,0.300969242814672,6.35599999999999,7.18620000000001,12,2018,338
2018-12-05,6.58547304347826,6.05000000000001,7.35300000000001,0.347652338784488,6.13980000000001,7.1202,12,2018,339
2018-12-06,6.56334434782609,6.16899999999998,7.13099999999997,0.244630297108297,6.24879999999999,6.91560000000001,12,2018,340
2018-12-07,6.76008,6.358,7.29899999999998,0.220032165529487,6.46880000000002,7.06700000000001,12,2018,341
2018-12-08,6.70740869565217,6.29500000000002,7.35000000000002,0.281160452896004,6.37400000000002,7.12679999999999,12,2018,342
2018-12-09,6.37059304347826,5.80900000000003,7.09399999999999,0.35258922011269,5.93400000000003,6.94139999999999,12,2018,343
2018-12-10,6.27076869565217,5.60500000000002,6.99000000000001,0.365301036272762,5.82919999999999,6.85160000000001,12,2018,344
2018-12-11,6.0030347826087,5.678,6.85899999999998,0.269613949407094,5.76800000000003,6.45299999999997,12,2018,345
2018-12-12,6.0148747826087,5.56599999999997,6.911,0.310388929295453,5.73700000000002,6.54300000000002,12,2018,346
2018-12-13,6.04189565217391,5.654,6.82799999999997,0.280480379791461,5.7694,6.4906,12,2018,347
2018-12-14,6.05665565217391,5.62099999999998,6.47800000000001,0.190533643672995,5.78899999999999,6.30160000000001,12,2018,348
2018-12-15,6.38031652173913,6.00400000000002,7.08100000000002,0.268257385872205,6.1104,6.79620000000002,12,2018,349
2018-12-16,6.36033565217391,5.923,7.20499999999998,0.303165506652014,6.077,6.82780000000001,12,2018,350
2018-12-17,6.32024695652174,5.97000000000003,6.74099999999999,0.195086422965284,6.077,6.61019999999999,12,2018,351
2018-12-18,6.15589739130435,5.75299999999999,7.02499999999998,0.326969483989076,5.81099999999998,6.66920000000002,12,2018,352
2018-12-19,6.11631130434783,5.61000000000001,7.08699999999999,0.394562579829367,5.6634,6.72959999999998,12,2018,353
2018-12-20,6.1385947826087,5.75200000000001,6.84300000000002,0.286106759222986,5.827,6.5944,12,2018,354
2018-12-21,5.99611130434783,5.73399999999998,6.48199999999997,0.197370814612594,5.77340000000001,6.29899999999998,12,2018,355
2018-12-22,5.61080695652174,5.178,6.54899999999998,0.376113324284231,5.22239999999999,6.24260000000002,12,2018,356
2018-12-23,5.54105043478261,5.06200000000001,6.54000000000002,0.427505114457641,5.09739999999999,6.25479999999998,12,2018,357
2018-12-24,5.78986782608696,5.41899999999998,6.601,0.323019438134167,5.44799999999998,6.33159999999999,12,2018,358
2018-12-25,5.34499130434783,5.07600000000002,5.83499999999998,0.176170930599703,5.14100000000002,5.60000000000002,12,2018,359
2018-12-26,5.15691130434783,4.76299999999998,5.72399999999999,0.199812989556069,4.88739999999999,5.42280000000001,12,2018,360
2018-12-27,5.15020869565217,4.79300000000001,5.54199999999997,0.177933339887211,4.91199999999998,5.39720000000002,12,2018,361
2018-12-28,5.30397913043478,4.887,5.89800000000002,0.228408078742375,5.00599999999997,5.62,12,2018,362
2018-12-29,5.24868869565217,4.774,5.96600000000001,0.32516048912394,4.84920000000001,5.77139999999998,12,2018,363
2018-12-30,5.16873043478261,4.68900000000002,6.03699999999998,0.341009858178977,4.75700000000001,5.72659999999999,12,2018,364
2018-12-31,5.21199478260869,4.82799999999997,5.91199999999998,0.275033279533187,4.8878,5.64400000000002,12,2018,365
2019-01-01,5.44218956521739,4.95100000000002,6.34899999999999,0.368791212986351,5.00639999999999,5.98960000000001,1,2019,1
2019-01-02,5.4470452173913,4.89499999999998,6.58999999999997,0.429169546559384,4.93599999999998,6.07500000000001,1,2019,2
2019-01-03,5.65170260869565,5.16300000000001,6.37200000000001,0.302290997127606,5.2704,6.08400000000001,1,2019,3
2019-01-04,5.39912869565217,5.08699999999999,5.822,0.177468652954253,5.1684,5.64619999999999,1,2019,4
2019-01-05,5.15758608695652,4.81299999999999,5.68400000000003,0.207137179076853,4.88839999999999,5.4496,1,2019,5
2019-01-06,5.11306260869565,4.654,5.738,0.272206091688022,4.74340000000001,5.48700000000002,1,2019,6
2019-01-07,5.1471252173913,4.71899999999999,5.75599999999997,0.258919535293698,4.81280000000002,5.51720000000003,1,2019,7
2019-01-08,5.26071652173913,4.96100000000001,5.69099999999997,0.176763157714391,5.0444,5.5196,1,2019,8
2019-01-09,5.10426086956522,4.82499999999999,5.38299999999998,0.135833822367237,4.9254,5.29000000000002,1,2019,9
2019-01-10,4.98961217391304,4.61700000000002,5.72800000000001,0.286362032120859,4.70100000000002,5.4548,1,2019,10
2019-01-11,4.94993217391304,4.49799999999999,5.76299999999998,0.315979485823516,4.62700000000001,5.45459999999999,1,2019,11
2019-01-12,5.12497739130435,4.87700000000001,5.63,0.171263600167437,4.9624,5.39800000000002,1,2019,12
2019-01-13,4.98934608695652,4.69999999999999,5.55599999999998,0.181842333823974,4.80240000000001,5.26419999999998,1,2019,13
2019-01-14,5.00581913043478,4.79899999999998,5.375,0.126855367653002,4.8734,5.19820000000001,1,2019,14
2019-01-15,4.82511826086956,4.59100000000001,5.20100000000002,0.129403132338406,4.68179999999999,5.0206,1,2019,15
2019-01-16,4.57418782608696,4.35000000000002,5.06400000000002,0.166742022124389,4.39800000000002,4.8498,1,2019,16
2019-01-17,4.45552,4.18299999999999,5.00900000000001,0.242538267105323,4.21539999999999,4.8486,1,2019,17
2019-01-18,4.44642260869565,4.16899999999998,4.99099999999999,0.221509276144974,4.21499999999997,4.78899999999999,1,2019,18
2019-01-19,4.58210260869565,4.37299999999999,4.85899999999998,0.107760242858477,4.44400000000002,4.73660000000001,1,2019,19
2019-01-20,4.4096852173913,4.34800000000001,4.49799999999999,0.0349980095090497,4.363,4.459,1,2019,20
2019-01-21,4.04483304347826,3.899,4.30200000000002,0.0987118953270007,3.9288,4.19159999999999,1,2019,21
2019-01-22,3.95774260869565,3.73199999999997,4.30799999999999,0.137523985276329,3.7918,4.16159999999999,1,2019,22
2019-01-23,3.87719304347826,3.66800000000001,4.27600000000001,0.136796827729879,3.71600000000001,4.07759999999998,1,2019,23
2019-01-24,3.68549739130435,3.38499999999999,4.01100000000002,0.153262713952079,3.47800000000001,3.8966,1,2019,24
2019-01-25,3.53068869565217,3.166,3.95400000000001,0.176630094766479,3.28920000000001,3.76440000000001,1,2019,25
2019-01-26,3.49565913043478,3.11599999999999,4.01900000000001,0.183606585881425,3.24639999999999,3.73500000000001,1,2019,26
2019-01-27,3.33361739130435,3.09800000000001,3.73500000000001,0.13206072292783,3.17500000000001,3.52400000000001,1,2019,27
2019-01-28,3.13694086956522,2.964,3.56099999999998,0.10490312429593,3.017,3.27499999999998,1,2019,28
2019-01-29,2.94741565217391,2.69400000000002,3.57100000000003,0.171572942702148,2.75200000000001,3.1928,1,2019,29
2019-01-30,2.90590608695652,2.697,3.404,0.139215428081251,2.7454,3.10500000000002,1,2019,30
2019-01-31,3.08852173913043,2.94499999999999,3.28899999999999,0.0688594422314513,2.99940000000001,3.18400000000003,1,2019,31
2019-02-01,2.94769391304348,2.54700000000003,3.82499999999999,0.269300481531557,2.6644,3.35160000000001,2,2019,32
2019-02-02,2.85521391304348,2.41800000000001,3.82600000000002,0.29677021193359,2.54239999999999,3.29180000000001,2,2019,33
2019-02-03,2.87114608695652,2.48099999999999,3.68799999999999,0.252662759247616,2.59399999999999,3.23920000000001,2,2019,34
2019-02-04,3.51986608695652,3.18900000000002,3.89499999999998,0.158425048440383,3.30439999999999,3.7372,2,2019,35
2019-02-05,3.71024695652174,3.34399999999999,4.185,0.17920077566881,3.4744,3.95619999999999,2,2019,36
2019-02-06,3.59577913043478,3.32900000000001,4.04500000000002,0.149140878548755,3.4202,3.81320000000002,2,2019,37
2019-02-07,3.42484695652174,3.16300000000001,3.70400000000001,0.135775117235204,3.2404,3.6176,2,2019,38
2019-02-08,2.9432347826087,2.69099999999997,3.64699999999999,0.221066291886103,2.7318,3.29660000000001,2,2019,39
2019-02-09,2.7599652173913,2.411,3.57100000000003,0.287647278756842,2.45999999999998,3.23000000000002,2,2019,40
2019-02-10,2.77753739130435,2.47399999999999,3.38900000000001,0.216951370400414,2.53340000000001,3.09659999999999,2,2019,41
2019-02-11,2.75752,2.50799999999998,3.14400000000001,0.144993352725201,2.58680000000002,2.9776,2,2019,42
2019-02-12,2.5470052173913,2.31200000000001,3.08499999999998,0.194867617819056,2.33699999999999,2.85159999999998,2,2019,43
2019-02-13,2.75872869565217,2.52699999999999,3.19200000000001,0.153491409130502,2.58299999999997,2.995,2,2019,44
2019-02-14,2.89185565217391,2.65100000000001,3.12599999999998,0.113584202746101,2.72899999999998,3.03960000000001,2,2019,45
2019-02-15,2.90670260869565,2.56999999999999,3.25400000000002,0.172734101847082,2.67080000000002,3.1432,2,2019,46
2019-02-16,2.73045739130435,2.29399999999998,3.39400000000001,0.255579210690999,2.4184,3.09480000000001,2,2019,47
2019-02-17,2.63459478260869,2.17599999999999,3.35000000000002,0.278180739207645,2.298,3.03920000000002,2,2019,48
2019-02-18,2.25638086956522,1.803,2.79300000000001,0.255813383328228,1.93099999999998,2.63320000000001,2,2019,49
2019-02-19,2.11150782608696,1.58999999999997,2.60699999999997,0.282105435706266,1.7268,2.50460000000001,2,2019,50
2019-02-20,2.04869043478261,1.44299999999998,2.63299999999998,0.328249917794416,1.59540000000002,2.4896,2,2019,51
2019-02-21,1.8949147826087,1.44900000000001,2.298,0.232772349287755,1.5684,2.2032,2,2019,52
2019-02-22,2.28086086956522,1.83100000000002,2.80399999999997,0.282764103273891,1.92140000000001,2.6826,2,2019,53
2019-02-23,2.15957043478261,1.70499999999998,2.74200000000002,0.288930114940443,1.80179999999999,2.5604,2,2019,54
2019-02-24,2.1420452173913,1.74099999999999,2.572,0.224703291877082,1.8494,2.44999999999999,2,2019,55
2019-02-25,2.32877913043478,1.95799999999997,2.791,0.195821965244998,2.07239999999999,2.59659999999999,2,2019,56
2019-02-26,2.33845043478261,2.06799999999998,3.07400000000001,0.209237225692907,2.13,2.63459999999999,2,2019,57
2019-02-27,2.42719130434783,2.11200000000002,3.18400000000003,0.203964252506562,2.209,2.70400000000001,2,2019,58
2019-02-28,2.60003130434783,2.19400000000002,3.15100000000001,0.210084798859198,2.3304,2.8966,2,2019,59
2019-03-01,2.55301739130435,2.11599999999999,3.00700000000001,0.212571528548109,2.27340000000002,2.85000000000002,3,2019,60
2019-03-02,2.23478956521739,1.83499999999998,2.75599999999997,0.217000592242931,1.9602,2.55599999999998,3,2019,61
2019-03-03,2.23940173913043,1.95499999999998,2.51800000000003,0.131464878513938,2.05439999999999,2.40699999999998,3,2019,62
2019-03-04,1.67263304347826,1.29000000000002,2.19299999999998,0.211726927757395,1.3944,1.95999999999998,3,2019,63
2019-03-05,1.46622956521739,1.072,1.84800000000001,0.195835366473998,1.1924,1.72199999999998,3,2019,64
2019-03-06,1.40364,1.03899999999999,1.75200000000001,0.184880470284675,1.15039999999999,1.64619999999999,3,2019,65
2019-03-07,1.73824347826087,1.411,2.29700000000003,0.200428104156118,1.4998,2.03819999999999,3,2019,66
2019-03-08,2.05313913043478,1.38200000000001,2.81099999999998,0.401858242183844,1.505,2.61620000000001,3,2019,67
2019-03-09,2.10975304347826,1.34500000000003,2.87400000000002,0.447315338521894,1.49299999999999,2.7442,3,2019,68
2019-03-10,2.34249391304348,1.80700000000002,2.995,0.34806074434976,1.8974,2.863,3,2019,69
2019-03-11,2.18101043478261,1.66800000000001,2.59699999999998,0.256839942354157,1.80200000000002,2.50299999999999,3,2019,70
2019-03-12,2.28713043478261,1.798,2.88600000000002,0.287891110177959,1.92339999999999,2.7032,3,2019,71
2019-03-13,2.28628173913044,1.714,2.92200000000003,0.324479949392786,1.85979999999998,2.75979999999998,3,2019,72
2019-03-14,2.36237217391304,1.92599999999999,2.90499999999997,0.26515508036989,2.02319999999999,2.74400000000003,3,2019,73
2019-03-15,2.54575826086956,2.23099999999999,2.827,0.151042471576595,2.33100000000002,2.74299999999999,3,2019,74
2019-03-16,2.68465391304348,2.25099999999998,3.22800000000001,0.240174117040088,2.36439999999999,3.00799999999998,3,2019,75
2019-03-17,2.50907304347826,2.11900000000003,3.024,0.262189338095117,2.185,2.89999999999998,3,2019,76
2019-03-18,2.54359652173913,2.16300000000001,3.04199999999997,0.252681515786051,2.25,2.94480000000001,3,2019,77
2019-03-19,2.56600173913043,2.17700000000002,3.048,0.220013267727345,2.30780000000002,2.9112,3,2019,78
2019-03-20,2.63634956521739,2.16300000000001,3.18000000000001,0.25342000345033,2.32640000000001,3.0246,3,2019,79
2019-03-21,2.72290956521739,2.17000000000002,3.35899999999998,0.314238561192613,2.33100000000001,3.17359999999999,3,2019,80
2019-03-22,3.01825391304348,2.65100000000001,3.36000000000001,0.183261199175284,2.76600000000002,3.2646,3,2019,81
2019-03-23,3.27423826086957,2.78300000000002,3.601,0.245653931950386,2.9074,3.55599999999998,3,2019,82
2019-03-24,3.08358434782609,2.28699999999998,3.49700000000001,0.361325105907082,2.51859999999999,3.45299999999997,3,2019,83
2019-03-25,2.96125391304348,2.09199999999998,3.46800000000002,0.386789580157332,2.3704,3.40699999999998,3,2019,84
2019-03-26,3.16599652173913,2.64699999999999,3.48199999999997,0.235525063925285,2.81679999999998,3.44159999999999,3,2019,85
2019-03-27,3.3158,2.42200000000003,3.54000000000002,0.145645158502169,3.13739999999999,3.46699999999998,3,2019,86
2019-03-28,3.35138434782609,2.85199999999998,3.50999999999999,0.120744208416308,3.18080000000001,3.4806,3,2019,87
2019-03-29,3.36039652173913,2.99099999999999,3.59100000000001,0.134873315143163,3.17439999999999,3.52999999999997,3,2019,88
2019-03-30,3.41548869565217,2.93799999999999,3.79399999999998,0.179711420222534,3.16380000000001,3.64959999999999,3,2019,89
2019-03-31,3.77312,3.32900000000001,4.02300000000002,0.144566591964379,3.57239999999999,3.95020000000002,3,2019,90
2019-04-01,3.76313391304348,3.375,3.995,0.123327251473125,3.625,3.93200000000002,4,2019,91
2019-04-02,3.7983652173913,3.42000000000002,4.036,0.118202826513277,3.67099999999999,3.96199999999999,4,2019,92
2019-04-03,3.84625913043478,3.43700000000001,4.01999999999998,0.126858040151813,3.65940000000001,3.9896,4,2019,93
2019-04-04,3.93823130434783,3.53100000000001,4.12599999999998,0.123025692314857,3.76720000000001,4.08860000000001,4,2019,94
2019-04-05,4.06523652173913,3.62200000000001,4.23700000000002,0.123084429204587,3.89720000000001,4.18700000000001,4,2019,95
2019-04-06,4.11454434782609,3.71100000000001,4.26999999999998,0.122904091521685,3.93700000000001,4.24099999999999,4,2019,96
2019-04-07,3.94493217391304,3.55200000000002,4.29399999999998,0.153335915744201,3.74200000000002,4.15559999999999,4,2019,97
2019-04-08,3.59161739130435,3.315,4.11099999999999,0.171256546079455,3.41500000000002,3.85060000000001,4,2019,98
2019-04-09,3.64109913043478,3.38299999999998,3.89400000000001,0.107367464280397,3.4904,3.77800000000002,4,2019,99
2019-04-10,3.82832695652174,3.48000000000002,4.00700000000001,0.118516678225997,3.6564,3.96100000000001,4,2019,100
2019-04-11,3.87235478260869,3.54000000000002,4.03899999999999,0.113029363336329,3.71000000000001,4.00900000000001,4,2019,101
2019-04-12,3.72898956521739,3.411,3.95999999999998,0.146072543772727,3.53639999999999,3.91899999999998,4,2019,102
2019-04-13,3.5684852173913,3.34199999999998,3.94099999999997,0.157660231112585,3.39600000000002,3.80260000000001,4,2019,103
2019-04-14,3.77386782608696,3.54500000000002,4.05000000000001,0.11442606330306,3.63839999999999,3.94059999999998,4,2019,104
2019-04-15,4.71086956521739,4.428,4.82299999999998,0.0851384117729375,4.5804,4.80359999999998,4,2019,105
2019-04-16,4.86632695652174,4.43700000000001,5.13600000000002,0.190312600593218,4.55799999999999,5.0866,4,2019,106
2019-04-17,4.91300521739131,4.35699999999997,5.18400000000003,0.195006883575225,4.59199999999998,5.1276,4,2019,107
2019-04-18,4.97008869565217,4.57299999999998,5.18099999999998,0.115043821952985,4.81639999999999,5.1276,4,2019,108
2019-04-19,5.15787826086956,5.00900000000001,5.298,0.0732273853290352,5.04399999999998,5.2526,4,2019,109
2019-04-20,4.9189547826087,4.827,4.98000000000002,0.0306204943879764,4.87700000000001,4.959,4,2019,110
2019-04-21,5.35032173913043,5.18799999999999,5.48099999999999,0.0634536440616722,5.26600000000002,5.43360000000001,4,2019,111
2019-04-22,5.41624347826087,5.23899999999998,5.572,0.0745277105474769,5.3174,5.517,4,2019,112
2019-04-23,5.9623652173913,5.57999999999998,6.10000000000002,0.134366777306787,5.7438,6.09159999999999,4,2019,113
2019-04-24,6.27758260869565,5.78500000000003,6.43000000000001,0.126843052532495,6.08840000000001,6.40960000000001,4,2019,114
2019-04-25,6.33118608695652,5.77100000000002,6.786,0.133260395118487,6.2124,6.505,4,2019,115
2019-04-26,6.58208173913043,6.08100000000002,7.08699999999999,0.243717646502017,6.27340000000001,6.93960000000001,4,2019,116
2019-04-27,6.51245043478261,6.29199999999997,6.76499999999999,0.119361237918373,6.358,6.67859999999998,4,2019,117
2019-04-28,6.21155652173913,5.76600000000002,6.59800000000001,0.16193546222234,5.97979999999999,6.4068,4,2019,118
2019-04-29,6.03465739130435,5.73899999999998,6.23199999999997,0.098215342461985,5.8984,6.15300000000002,4,2019,119
2019-04-30,5.95683130434783,5.75,6.19499999999999,0.105714300376273,5.82299999999998,6.10819999999998,4,2019,120
2019-05-01,6.68938608695652,6.52699999999999,6.81799999999998,0.0735144192722314,6.58339999999998,6.78300000000002,5,2019,121
2019-05-02,7.12162086956522,6.94099999999997,7.279,0.0865004012957712,7.00039999999999,7.23660000000001,5,2019,122
2019-05-03,7.67915478260869,7.375,7.89300000000003,0.126499447219928,7.48979999999998,7.82799999999997,5,2019,123
2019-05-04,7.60352173913043,7.20299999999997,7.82400000000001,0.169493863672861,7.3264,7.78199999999998,5,2019,124
2019-05-05,7.73231826086957,7.02499999999998,8.363,0.331991595435003,7.26100000000001,8.15939999999999,5,2019,125
2019-05-06,8.61167826086957,7.61900000000003,9.09699999999998,0.36439572307244,8.009,9.00559999999998,5,2019,126
2019-05-07,8.76546956521739,7.87799999999999,9.14800000000002,0.246661666520453,8.38180000000002,8.99960000000001,5,2019,127
2019-05-08,8.61757739130435,7.839,9.101,0.221116190884412,8.36780000000002,8.89999999999998,5,2019,128
2019-05-09,8.89225565217391,8.04899999999998,9.30000000000001,0.255375802263567,8.5204,9.2056,5,2019,129
2019-05-10,8.94552869565217,8.24099999999999,9.23500000000001,0.184925492466493,8.71840000000001,9.14699999999999,5,2019,130
2019-05-11,8.88358260869565,8.53699999999998,9.11599999999999,0.137862691284608,8.6754,9.04660000000001,5,2019,131
2019-05-12,8.39288347826087,8.17899999999997,8.625,0.0985768169401648,8.2654,8.52760000000001,5,2019,132
2019-05-13,8.31842434782609,8.09100000000001,8.56900000000002,0.105636501675746,8.18440000000002,8.46360000000001,5,2019,133
2019-05-14,7.38862086956522,7.06900000000002,7.60199999999998,0.132683134564452,7.18400000000003,7.54399999999998,5,2019,134
2019-05-15,7.5894747826087,6.94200000000001,7.90899999999999,0.203668615281736,7.25459999999999,7.79859999999999,5,2019,135
2019-05-16,8.10617391304348,7.40100000000001,8.52199999999999,0.215688059566447,7.84880000000002,8.39879999999998,5,2019,136
2019-05-17,8.36873391304348,8.01600000000002,8.666,0.169491030919597,8.12440000000001,8.58199999999999,5,2019,137
2019-05-18,8.80292173913043,8.476,8.98000000000002,0.0807317522155037,8.7044,8.91000000000003,5,2019,138
2019-05-19,8.59847826086956,8.142,8.79399999999998,0.13570308256329,8.38499999999998,8.72920000000001,5,2019,139
2019-05-20,8.16158434782609,7.76299999999998,8.40800000000002,0.148901925367928,7.94440000000001,8.34899999999999,5,2019,140
2019-05-21,8.43794086956522,8.202,8.88900000000001,0.171489071733393,8.2388,8.69900000000001,5,2019,141
2019-05-22,8.14385913043478,7.803,8.67899999999997,0.201077366451061,7.8746,8.41220000000001,5,2019,142
2019-05-23,8.34081217391304,7.89800000000002,8.83600000000001,0.228187738720573,8.00459999999999,8.63059999999998,5,2019,143
2019-05-24,8.75418956521739,8.267,9.017,0.198787291714967,8.42360000000001,8.97199999999998,5,2019,144
2019-05-25,9.01126086956522,8.291,9.50299999999999,0.320048082378391,8.54200000000002,9.4206,5,2019,145
2019-05-26,9.13246260869565,8.61500000000001,9.59399999999999,0.257577243737564,8.783,9.48399999999998,5,2019,146
2019-05-27,10.7742330434783,10.258,11.186,0.195767162295047,10.511,11.0414,5,2019,147
2019-05-28,10.8670626086957,10.471,11.249,0.158861891600658,10.6868,11.0946,5,2019,148
2019-05-29,10.7676991304348,10.411,11.143,0.13902267725153,10.644,10.9968,5,2019,149
2019-05-30,10.53812,10.105,10.826,0.169884459199045,10.285,10.7468,5,2019,150
2019-05-31,10.6669095652174,10.045,10.923,0.1395335765506,10.4854,10.801,5,2019,151
2019-06-01,10.7305565217391,10.171,11.15,0.151083265647167,10.5464,10.917,6,2019,152
2019-06-02,10.6792139130435,10.402,10.858,0.102614011451456,10.5214,10.7946,6,2019,153
2019-06-03,10.6547773913043,10.032,11.179,0.317141944682198,10.1668,11.0058,6,2019,154
2019-06-04,10.716,10.021,11.401,0.38821188402592,10.1384,11.159,6,2019,155
2019-06-05,10.6085808695652,10.02,11.064,0.285818959017309,10.1632,10.9236,6,2019,156
2019-06-06,11.0541965217391,10.96,11.105,0.0276276509297234,11.012,11.085,6,2019,157
2019-06-07,12.7890747826087,12.341,13.081,0.128350265153859,12.6194,12.952,6,2019,158
2019-06-08,12.7498434782609,12.217,13.117,0.168490696571313,12.525,12.9682,6,2019,159
2019-06-09,12.8130417391304,12.445,13.08,0.107983472395358,12.6808,12.961,6,2019,160
2019-06-10,12.5131773913043,12.373,12.651,0.0705691385855676,12.418,12.6116,6,2019,161
2019-06-11,12.3231373913043,11.926,13.086,0.25360584986111,12.0024,12.6996,6,2019,162
2019-06-12,12.5391843478261,12.124,13.229,0.234777960412278,12.298,12.9002,6,2019,163
2019-06-13,12.3394573913043,11.985,12.814,0.160673575132304,12.1174,12.5542,6,2019,164
2019-06-14,12.1238382608696,11.662,12.698,0.25774549191643,11.7764,12.495,6,2019,165
2019-06-15,11.951907826087,11.438,12.649,0.303183762639415,11.578,12.378,6,2019,166
2019-06-16,12.0369826086957,11.62,12.393,0.187899826090261,11.792,12.3162,6,2019,167
2019-06-17,12.0125669565217,11.639,12.261,0.133403746324472,11.793,12.1492,6,2019,168
2019-06-18,12.6073704347826,12.386,12.855,0.0875419670128926,12.5014,12.7282,6,2019,169
2019-06-19,12.5914973913043,12.408,12.744,0.0589253313914666,12.5068,12.663,6,2019,170
2019-06-20,12.593692173913,12.267,12.917,0.155352328095105,12.386,12.8152,6,2019,171
2019-06-21,12.7189669565217,12.368,13.081,0.177416007374693,12.4764,12.9652,6,2019,172
2019-06-22,13.8681426086957,13.398,14.119,0.150181691969889,13.6434,14.036,6,2019,173
2019-06-23,13.8686556521739,13.536,14.171,0.153382023004861,13.652,14.0476,6,2019,174
2019-06-24,13.9882452173913,13.534,14.375,0.231933722451829,13.662,14.2852,6,2019,175
2019-06-25,14.1799582608696,13.758,14.574,0.215442106819207,13.8832,14.4792,6,2019,176
2019-06-26,14.1996313043478,13.786,14.436,0.130311071382866,13.9874,14.333,6,2019,177
2019-06-27,14.401707826087,13.875,14.906,0.255559688149243,14.054,14.7602,6,2019,178
2019-06-28,14.5904660869565,14.092,15.051,0.236812761747858,14.2684,14.9202,6,2019,179
2019-06-29,15.1791182608696,14.672,15.636,0.239069158707379,14.8416,15.4992,6,2019,180
2019-06-30,15.3771147826087,14.796,16.003,0.257244208138521,15.0558,15.7504,6,2019,181
2019-07-01,15.9565669565217,15.064,16.753,0.352442762724415,15.4998,16.446,7,2019,182
2019-07-02,16.3904243478261,15.597,16.793,0.247652302272329,15.974,16.6636,7,2019,183
2019-07-03,16.7342034782609,16.07,17.281,0.281267802976743,16.3112,17.1028,7,2019,184
2019-07-04,17.7522591304348,16.809,18.251,0.354107614672825,17.1932,18.1312,7,2019,185
2019-07-05,17.6502,16.568,18.251,0.422929895921429,17.0322,18.163,7,2019,186
2019-07-06,17.1179965217391,16.128,17.92,0.435002639250762,16.5502,17.7216,7,2019,187
2019-07-07,16.6778939130435,16.032,17.423,0.30558404846649,16.327,17.1452,7,2019,188
2019-07-08,16.4192,15.949,16.967,0.256768527384203,16.0652,16.744,7,2019,189
2019-07-09,16.3260834782609,15.795,16.825,0.172483458748622,16.0884,16.518,7,2019,190
2019-07-10,16.7465686956522,16.139,17.494,0.307405760286555,16.3452,17.2022,7,2019,191
2019-07-11,16.827627826087,16.234,17.581,0.345519611616788,16.4704,17.3898,7,2019,192
2019-07-12,16.9892660869565,16.014,17.826,0.431113900987785,16.4234,17.5876,7,2019,193
2019-07-13,17.1834382608696,16.146,18.275,0.450000862481289,16.6168,17.8008,7,2019,194
2019-07-14,17.3113669565217,16.432,18.489,0.41900816930527,16.8068,17.8954,7,2019,195
2019-07-15,17.9889634782609,17.307,18.578,0.242046206868973,17.6634,18.2776,7,2019,196
2019-07-16,18.4496973913043,17.909,18.756,0.130098818955175,18.28,18.591,7,2019,197
2019-07-17,18.4438365217391,17.812,18.781,0.146092571441497,18.2702,18.611,7,2019,198
2019-07-18,18.2733443478261,17.601,18.566,0.145809119524344,18.076,18.3986,7,2019,199
2019-07-19,16.8979652173913,16.462,17.494,0.266033149097486,16.5954,17.3092,7,2019,200
2019-07-20,17.2755826086957,16.699,17.704,0.244096206208063,16.9154,17.571,7,2019,201
2019-07-21,18.1113408695652,17.18,18.817,0.424588940768524,17.4842,18.64,7,2019,202
2019-07-22,18.9006973913043,18.38,19.239,0.18270444777587,18.6392,19.116,7,2019,203
2019-07-23,19.1490782608696,18.796,19.371,0.139007441446341,18.9408,19.313,7,2019,204
2019-07-24,18.7307913043478,18.56,18.869,0.0622003752708603,18.644,18.8126,7,2019,205
2019-07-25,18.3744330434783,18.191,18.628,0.109636580311789,18.2574,18.556,7,2019,206
2019-07-26,18.538747826087,18.355,18.766,0.101472988070638,18.415,18.6916,7,2019,207
2019-07-27,18.9639095652174,18.675,19.662,0.214744915112987,18.7564,19.2818,7,2019,208
2019-07-28,19.3372556521739,19.092,20.16,0.219778703314359,19.178,19.6672,7,2019,209
2019-07-29,19.7528,19.469,20.185,0.172058089210354,19.534,20.009,7,2019,210
2019-07-30,20.0099930434783,19.619,20.409,0.151620813319483,19.8076,20.2006,7,2019,211
2019-07-31,20.1105582608696,19.636,20.563,0.184802040231229,19.829,20.3118,7,2019,212
2019-08-01,19.9446886956522,19.507,20.432,0.224240247580703,19.67,20.3322,8,2019,213
2019-08-02,19.8432782608696,19.404,20.68,0.342472592250771,19.5602,20.4532,8,2019,214
2019-08-03,19.7805356521739,19.378,20.296,0.229495640834958,19.5132,20.1336,8,2019,215
2019-08-04,18.6193739130435,18.018,19.16,0.30394781268739,18.167,19.0068,8,2019,216
2019-08-05,18.0093182608696,17.382,18.534,0.287144486321512,17.6002,18.3906,8,2019,217
2019-08-06,17.8408504347826,17.277,18.224,0.215732473771006,17.56,18.0996,8,2019,218
2019-08-07,17.7241704347826,17.204,18.206,0.219632260349876,17.4246,18.0254,8,2019,219
2019-08-08,18.0360226086957,17.343,18.741,0.347937603807074,17.569,18.5162,8,2019,220
2019-08-09,17.433147826087,16.824,18.153,0.335818362932846,16.9852,17.8946,8,2019,221
2019-08-10,17.1650573913043,16.767,17.836,0.25922424845337,16.89,17.6116,8,2019,222
2019-08-11,17.2642486956522,16.85,17.837,0.224330088408507,17.014,17.6078,8,2019,223
2019-08-12,17.7810556521739,17.148,18.183,0.173376753457896,17.545,18,8,2019,224
2019-08-13,17.9855426086957,17.317,18.367,0.18951026516508,17.7384,18.225,8,2019,225
2019-08-14,17.7617982608696,17.329,18.151,0.157789027973705,17.5322,17.9706,8,2019,226
2019-08-15,17.5542643478261,17.197,18.08,0.135739077814283,17.39,17.7216,8,2019,227
2019-08-16,17.8515808695652,17.163,18.573,0.290306374236921,17.46,18.2246,8,2019,228
2019-08-17,17.9667739130435,17.171,18.67,0.340415345324241,17.52,18.4278,8,2019,229
2019-08-18,18.5673756521739,17.708,19.326,0.339606271460364,18.1228,19.018,8,2019,230
2019-08-19,18.7021269565217,18.216,19.565,0.311709749886844,18.427,19.2046,8,2019,231
2019-08-20,18.8940052173913,18.308,19.69,0.433605938299775,18.43,19.5498,8,2019,232
2019-08-21,19.118652173913,18.436,19.776,0.323541698583997,18.6432,19.5596,8,2019,233
2019-08-22,19.071987826087,18.416,19.539,0.279986594112819,18.6624,19.4028,8,2019,234
2019-08-23,18.6856991304348,18.267,19.083,0.210346565487728,18.4444,18.985,8,2019,235
2019-08-24,17.6890608695652,17.13,18.371,0.342791722884302,17.2684,18.1262,8,2019,236
2019-08-25,17.1840017391304,16.689,17.507,0.201981150146225,16.8444,17.4082,8,2019,237
2019-08-26,16.7550904347826,16.071,17.336,0.297349426942061,16.3324,17.142,8,2019,238
2019-08-27,16.7508504347826,16.109,17.324,0.287157373894899,16.3494,17.1228,8,2019,239
2019-08-28,16.7273304347826,16.289,17.237,0.22342910082731,16.464,17.0666,8,2019,240
2019-08-29,17.39712,16.928,17.788,0.15495108096199,17.179,17.5846,8,2019,241
2019-08-30,17.7018713043478,17.164,18.285,0.256729722969431,17.389,18.0696,8,2019,242
2019-08-31,17.4092486956522,16.916,17.91,0.249025436467597,17.0772,17.7412,8,2019,243
2019-09-01,17.1841373913043,16.24,17.999,0.301991906766994,16.8208,17.643,9,2019,244
2019-09-02,17.2779860869565,16.621,17.955,0.310615730783667,16.8424,17.671,9,2019,245
2019-09-03,16.9776173913043,16.556,17.272,0.159566277482303,16.7118,17.144,9,2019,246
2019-09-04,16.7914956521739,16.33,17.372,0.294904058511762,16.405,17.2044,9,2019,247
2019-09-05,16.5755652173913,15.921,17.293,0.354785505461572,16.1024,17.0974,9,2019,248
2019-09-06,16.2825686956522,15.792,16.932,0.291478338843293,15.8966,16.7288,9,2019,249
2019-09-07,15.42332,14.879,15.746,0.162988259340747,15.2074,15.6336,9,2019,250
2019-09-08,15.3447234782609,14.734,15.637,0.197588576851412,15.0394,15.5816,9,2019,251
2019-09-09,15.3248469565217,14.788,15.624,0.210105285255485,15.0434,15.5706,9,2019,252
2019-09-10,15.366627826087,14.833,15.782,0.224269982405876,15.073,15.62,9,2019,253
2019-09-11,15.6059895652174,15.087,15.958,0.187081407020041,15.3502,15.8646,9,2019,254
2019-09-12,15.5678330434783,15.129,16.108,0.242465112876008,15.2652,15.909,9,2019,255
2019-09-13,15.1937652173913,14.642,15.892,0.343784946413302,14.767,15.7128,9,2019,256
2019-09-14,15.275252173913,14.852,15.884,0.288396414760411,14.915,15.6884,9,2019,257
2019-09-15,15.4956730434783,15.056,16.236,0.346448618883718,15.0964,16.0378,9,2019,258
2019-09-16,15.3713808695652,14.927,15.991,0.296899980781563,15.0346,15.8486,9,2019,259
2019-09-17,14.9482834782609,14.708,15.288,0.11420853834886,14.801,15.09,9,2019,260
2019-09-18,14.6545356521739,14.236,15.237,0.199731077996512,14.3528,14.9082,9,2019,261
2019-09-19,14.7339895652174,14.183,15.303,0.214098246429939,14.424,14.9862,9,2019,262
2019-09-20,15.2664886956522,14.867,15.827,0.276160458320132,14.9714,15.7126,9,2019,263
2019-09-21,15.3879965217391,14.995,16.02,0.278057341218141,15.0614,15.8276,9,2019,264
2019-09-22,15.457667826087,15.154,15.771,0.183791217874832,15.2064,15.733,9,2019,265
2019-09-23,15.6230260869565,15.379,15.805,0.0624381590738306,15.552,15.6986,9,2019,266
2019-09-24,15.5545669565217,15.301,15.749,0.0819375683573597,15.451,15.662,9,2019,267
2019-09-25,15.5621982608696,15.205,15.993,0.211375474656283,15.2714,15.8402,9,2019,268
2019-09-26,15.4855008695652,15.047,15.957,0.258437814751091,15.131,15.8306,9,2019,269
2019-09-27,15.2420834782609,14.98,15.665,0.166565679008074,15.0274,15.4632,9,2019,270
2019-09-28,15.171787826087,14.877,15.561,0.171408268835132,14.9594,15.4146,9,2019,271
2019-09-29,15.1983582608696,14.76,15.725,0.283191222741957,14.8134,15.5772,9,2019,272
2019-09-30,14.8039182608696,14.291,15.326,0.261406005246344,14.465,15.1812,9,2019,273
2019-10-01,13.9715513043478,13.48,14.468,0.197476520178515,13.6946,14.2176,10,2019,274
2019-10-02,13.619267826087,13.16,14.34,0.258190982020065,13.3138,14.0062,10,2019,275
2019-10-03,13.6839443478261,13.215,14.443,0.272622859236484,13.3852,14.1096,10,2019,276
2019-10-04,13.1189043478261,12.722,13.911,0.202624451967354,12.8594,13.3348,10,2019,277
2019-10-05,12.9291182608696,12.454,13.858,0.247072609756209,12.5992,13.1624,10,2019,278
2019-10-06,13.0359895652174,12.597,13.842,0.236748657272209,12.7332,13.3076,10,2019,279
2019-10-07,13.2935739130435,12.827,13.798,0.224781832318772,12.9952,13.6046,10,2019,280
2019-10-08,13.1844869565217,12.843,13.517,0.1515867505689,12.9844,13.3912,10,2019,281
2019-10-09,13.31176,13.064,13.519,0.0945364712174289,13.195,13.4416,10,2019,282
2019-10-10,13.3905617391304,13.154,13.596,0.0913970123393874,13.2734,13.519,10,2019,283
2019-10-11,13.4497060869565,13.189,13.632,0.0830438502265245,13.3422,13.5606,10,2019,284
2019-10-12,13.6661808695652,13.369,13.924,0.133203697654866,13.4698,13.8292,10,2019,285
2019-10-13,13.1183269565217,12.853,13.416,0.148041408959971,12.921,13.33,10,2019,286
2019-10-14,12.7524469565217,12.589,13.136,0.117535302222761,12.6364,12.941,10,2019,287
2019-10-15,12.6643826086957,12.417,13.087,0.146800558167196,12.4838,12.8798,10,2019,288
2019-10-16,12.6133060869565,12.268,12.995,0.161109568018586,12.4074,12.8286,10,2019,289
2019-10-17,12.5416695652174,12.264,12.915,0.105782691073005,12.4144,12.68,10,2019,290
2019-10-18,12.2264660869565,11.994,12.492,0.109159770773022,12.0888,12.3656,10,2019,291
2019-10-19,12.2681147826087,12.023,12.523,0.110224639362337,12.1264,12.4202,10,2019,292
2019-10-20,12.367,12.169,12.545,0.0860732003518831,12.228,12.4706,10,2019,293
2019-10-21,12.4940539130435,12.365,12.602,0.0570663366156528,12.4084,12.564,10,2019,294
2019-10-22,12.4786052173913,12.371,12.657,0.0691931521700384,12.4004,12.5882,10,2019,295
2019-10-23,12.1828173913043,12.023,12.314,0.0513752307163868,12.115,12.2456,10,2019,296
2019-10-24,12.1567217391304,11.871,12.306,0.0977277691400032,12.0248,12.283,10,2019,297
2019-10-25,12.1372695652174,11.817,12.307,0.115777219219624,11.9824,12.281,10,2019,298
2019-10-26,12.2331269565217,12.031,12.402,0.0959335728745881,12.092,12.3596,10,2019,299
2019-10-27,12.2419234782609,11.998,12.427,0.114978324218721,12.0654,12.385,10,2019,300
2019-10-28,12.1734330434783,11.943,12.395,0.116078679704052,12.009,12.3246,10,2019,301
2019-10-29,11.6059339130435,11.462,11.835,0.0950519341695113,11.503,11.77,10,2019,302
2019-10-30,11.507852173913,11.289,11.868,0.150825916882524,11.379,11.7776,10,2019,303
2019-10-31,11.6750782608696,11.566,11.801,0.0507294778928742,11.606,11.7456,10,2019,304
2019-11-01,11.7473965217391,11.556,11.949,0.105798124716158,11.6134,11.8896,11,2019,305
2019-11-02,11.7507495652174,11.46,12.03,0.160803816766718,11.5414,11.9592,11,2019,306
2019-11-03,11.3423617391304,11.142,11.512,0.0967687782446549,11.215,11.465,11,2019,307
2019-11-04,11.2279582608696,11.061,11.408,0.0977209548377001,11.094,11.3456,11,2019,308
2019-11-05,11.1791739130435,11.003,11.316,0.0848762022098078,11.059,11.2836,11,2019,309
2019-11-06,10.9060956521739,10.774,11.021,0.0628816118312747,10.8184,10.9916,11,2019,310
2019-11-07,10.2157895652174,10.164,10.359,0.0454718877313492,10.1734,10.2866,11,2019,311
2019-11-08,10.2179252173913,9.96199999999999,10.463,0.117606040699313,10.0494,10.372,11,2019,312
2019-11-09,10.3503165217391,9.96100000000001,10.615,0.157228292226247,10.1264,10.535,11,2019,313
2019-11-10,10.4355930434783,9.99599999999998,10.783,0.198591235197244,10.1632,10.6826,11,2019,314
2019-11-11,10.3321426086957,9.767,10.715,0.255907009958297,9.9842,10.6746,11,2019,315
2019-11-12,9.78712869565217,9.38099999999997,10.155,0.185670282468278,9.53100000000001,10.0346,11,2019,316
2019-11-13,9.38812347826087,9.09500000000003,9.834,0.184427271639707,9.17099999999999,9.66000000000003,11,2019,317
2019-11-14,9.48335130434783,9.14299999999997,9.80700000000002,0.155283909012239,9.27140000000001,9.6972,11,2019,318
2019-11-15,9.69354608695652,9.24400000000003,10.158,0.226246814629801,9.387,10.016,11,2019,319
2019-11-16,9.61422434782609,9.21100000000001,10.221,0.267735600956226,9.25039999999999,9.94,11,2019,320
2019-11-17,9.43192173913043,8.78100000000001,10.186,0.295435813077119,9.10000000000002,9.88080000000001,11,2019,321
2019-11-18,9.37786782608696,8.97899999999998,10.036,0.202109864018973,9.16500000000002,9.69240000000001,11,2019,322
2019-11-19,9.44890782608696,9.19,9.762,0.118267841909519,9.28300000000002,9.60680000000001,11,2019,323
2019-11-20,8.81253217391304,8.60599999999999,9.07499999999999,0.106666182483878,8.66739999999999,8.95919999999998,11,2019,324
2019-11-21,8.83706608695652,8.596,9.13600000000002,0.123953539463232,8.673,9.00919999999999,11,2019,325
2019-11-22,8.89783826086956,8.56900000000002,9.31,0.170409610842093,8.6754,9.1346,11,2019,326
2019-11-23,8.66946434782609,8.38799999999998,9.02300000000002,0.143176683685223,8.48139999999999,8.8676,11,2019,327
2019-11-24,8.42436173913043,8.214,8.67099999999999,0.103801545763506,8.27800000000002,8.5576,11,2019,328
2019-11-25,8.46796347826087,8.22899999999998,8.726,0.120755824071199,8.30019999999999,8.62200000000001,11,2019,329
2019-11-26,8.39483304347826,7.98199999999997,9.02699999999999,0.261787103877179,8.0572,8.77959999999998,11,2019,330
2019-11-27,8.3287147826087,7.84100000000001,8.96800000000002,0.30500819439597,7.92439999999999,8.77499999999998,11,2019,331
2019-11-28,8.13369391304348,7.80700000000002,8.57400000000001,0.192922869752878,7.88839999999999,8.40800000000002,11,2019,332
2019-11-29,7.85809913043478,7.596,8.33199999999999,0.162541944999622,7.661,8.08959999999998,11,2019,333
2019-11-30,7.82924347826087,7.49700000000001,8.279,0.189858969816905,7.58339999999998,8.09300000000002,11,2019,334
2019-12-01,7.95099652173913,7.63499999999999,8.53300000000002,0.177877889412619,7.72639999999999,8.18740000000001,12,2019,335
2019-12-02,8.07843130434782,7.774,8.63400000000001,0.174317819382353,7.8638,8.3236,12,2019,336
2019-12-03,8.21494956521739,7.88900000000001,8.654,0.175523574845277,7.98339999999999,8.45699999999999,12,2019,337
2019-12-04,7.69688173913043,7.43299999999999,8.04500000000002,0.137610354564551,7.51140000000002,7.88179999999999,12,2019,338
2019-12-05,7.64788347826087,7.40199999999999,7.95499999999998,0.126739871823479,7.47699999999998,7.81460000000001,12,2019,339
2019-12-06,6.9546852173913,6.721,7.40499999999997,0.153416242935436,6.77100000000002,7.18120000000001,12,2019,340
2019-12-07,6.88042086956522,6.42599999999999,7.35699999999997,0.228341834300956,6.57720000000002,7.18960000000001,12,2019,341
2019-12-08,6.92109565217391,6.50400000000002,7.41199999999998,0.213071031240489,6.63400000000001,7.20919999999998,12,2019,342
2019-12-09,6.95945913043478,6.63,7.43099999999998,0.181542907213478,6.72239999999999,7.21579999999999,12,2019,343
2019-12-10,7.49183826086957,7.24299999999999,7.798,0.138928665664475,7.31,7.68719999999998,12,2019,344
2019-12-11,7.27088869565217,7.00299999999999,7.834,0.174460676541866,7.06539999999999,7.5146,12,2019,345
2019-12-12,7.25486434782609,6.99299999999999,7.85899999999998,0.181616250381583,7.04740000000002,7.517,12,2019,346
2019-12-13,7.5034452173913,7.28199999999998,7.82799999999997,0.123376198894145,7.34500000000003,7.67859999999998,12,2019,347
2019-12-14,7.69574782608696,7.48700000000002,7.90800000000002,0.109714393514345,7.54740000000002,7.84500000000003,12,2019,348
2019-12-15,7.96018434782609,7.68400000000003,8.22399999999999,0.13157898264709,7.77999999999997,8.13520000000002,12,2019,349
2019-12-16,7.98672869565217,7.71499999999997,8.25700000000001,0.128780934354328,7.80840000000001,8.1576,12,2019,350
2019-12-17,7.8372852173913,7.61599999999999,8.03199999999998,0.111876839516131,7.68000000000001,7.9856,12,2019,351
2019-12-18,6.98504173913043,6.90699999999998,7.12799999999999,0.0438022360784467,6.93400000000003,7.04399999999998,12,2019,352
2019-12-19,6.68625913043478,6.50799999999998,6.90499999999997,0.113766604941606,6.55200000000002,6.8556,12,2019,353
2019-12-20,6.25371478260869,5.72899999999998,6.97899999999998,0.372817204053457,5.82839999999999,6.83219999999999,12,2019,354
2019-12-21,6.31128173913043,5.834,6.98199999999997,0.308514741255394,5.9424,6.7848,12,2019,355
2019-12-22,6.38695130434783,5.95400000000001,7.06700000000001,0.246505764032522,6.07100000000003,6.73920000000002,12,2019,356
2019-12-23,6.55290434782609,5.94499999999999,7.19299999999998,0.324674899686271,6.13360000000001,7.04500000000002,12,2019,357
2019-12-24,6.46533043478261,5.89300000000003,7.14999999999998,0.347387038811367,6.04599999999999,7.03159999999999,12,2019,358
2019-12-25,6.47544,6.07999999999998,7.01400000000001,0.228938672615212,6.18820000000001,6.80719999999999,12,2019,359
2019-12-26,6.64203826086957,6.38600000000002,7.02800000000002,0.143947962664145,6.459,6.84659999999999,12,2019,360
2019-12-27,6.62173739130435,6.41300000000001,6.83800000000002,0.105199787910709,6.47399999999999,6.7622,12,2019,361
2019-12-28,6.85593913043478,6.601,7.06799999999998,0.123881721643795,6.67899999999997,7.02119999999999,12,2019,362
2019-12-29,6.89086086956522,6.65199999999999,7.10599999999999,0.120908356961852,6.72040000000002,7.053,12,2019,363
2019-12-30,6.76103130434783,6.577,6.98599999999999,0.0989883447589739,6.62639999999999,6.89100000000002,12,2019,364
2019-12-31,6.59644,6.43700000000001,6.75999999999999,0.0837478345447866,6.4808,6.70799999999997,12,2019,365
2020-01-01,6.02363826086957,5.767,6.52999999999997,0.199766574400828,5.81299999999999,6.346,1,2020,1
2020-01-02,6.01970782608696,5.721,6.66800000000001,0.244033194873095,5.774,6.41859999999999,1,2020,2
2020-01-03,6.04298086956522,5.80099999999999,6.47399999999999,0.181761861230151,5.84500000000003,6.3332,1,2020,3
2020-01-04,5.79850956521739,5.52499999999998,6.04899999999998,0.123521850522208,5.6324,5.9616,1,2020,4
2020-01-05,5.68547826086956,5.26999999999998,6.00900000000001,0.175738459250353,5.43900000000002,5.90459999999998,1,2020,5
2020-01-06,5.66335304347826,5.25599999999997,6.00700000000001,0.181379073143841,5.41000000000003,5.9006,1,2020,6
2020-01-07,5.46402956521739,5.14999999999998,5.85399999999998,0.191404084372875,5.226,5.75219999999998,1,2020,7
2020-01-08,5.08492,4.74099999999999,5.54300000000001,0.222001523678733,4.81299999999999,5.44200000000002,1,2020,8
2020-01-09,5.15312869565217,4.77100000000002,5.67099999999999,0.237812697051602,4.8724,5.53420000000002,1,2020,9
2020-01-10,5.1913652173913,4.77100000000002,5.66500000000002,0.216961128297775,4.92939999999999,5.52860000000001,1,2020,10
2020-01-11,5.73133739130435,5.50700000000001,5.98500000000001,0.117668572428807,5.56900000000002,5.88660000000001,1,2020,11
2020-01-12,5.74130608695652,5.49299999999999,6.06400000000002,0.134922497618378,5.56139999999999,5.91659999999998,1,2020,12
2020-01-13,5.68223304347826,5.46100000000001,5.99200000000002,0.11980363413902,5.524,5.83999999999997,1,2020,13
2020-01-14,6.00108,5.74599999999998,6.26900000000001,0.132800853760743,5.81879999999999,6.17880000000001,1,2020,14
2020-01-15,6.00339652173913,5.78699999999998,6.20999999999998,0.107940698594032,5.85199999999998,6.14360000000002,1,2020,15
2020-01-16,5.52233913043478,5.233,5.94400000000002,0.171034324598543,5.31280000000002,5.77980000000001,1,2020,16
2020-01-17,5.30850608695652,4.85899999999998,6.14699999999999,0.326936662686945,4.95579999999999,5.82480000000001,1,2020,17
2020-01-18,5.11877565217391,4.59500000000003,6.10300000000001,0.390215744978527,4.7054,5.73859999999999,1,2020,18
2020-01-19,5.07386608695652,4.62799999999999,5.74900000000002,0.28056080191138,4.73939999999999,5.51419999999998,1,2020,19
2020-01-20,4.68737043478261,4.29599999999999,5.173,0.218572236272868,4.39939999999999,4.99799999999999,1,2020,20
2020-01-21,4.55055130434783,4.05799999999999,5.178,0.272944884216072,4.19739999999999,4.9366,1,2020,21
2020-01-22,4.58741217391304,4.12700000000001,5.09300000000002,0.251830453288427,4.25520000000001,4.93900000000002,1,2020,22
2020-01-23,4.91120869565217,4.56200000000001,5.52100000000002,0.205997500731269,4.65600000000001,5.2056,1,2020,23
2020-01-24,4.85182956521739,4.45999999999998,5.55500000000001,0.256283356960004,4.55740000000001,5.2396,1,2020,24
2020-01-25,4.77271304347826,4.48099999999999,5.13799999999998,0.159195088018077,4.56,4.98000000000002,1,2020,25
2020-01-26,4.5756452173913,4.18400000000003,5.36500000000001,0.287915721627332,4.25719999999999,5.02199999999999,1,2020,26
2020-01-27,4.48348347826087,4.01900000000001,5.36599999999999,0.32991177575046,4.1234,4.99460000000001,1,2020,27
2020-01-28,4.54536,4.197,5.08699999999999,0.211990107585911,4.2774,4.84680000000002,1,2020,28
2020-01-29,4.89809913043478,4.45600000000002,5.64400000000001,0.258133056436068,4.5794,5.28140000000001,1,2020,29
2020-01-30,4.82512173913044,4.30700000000002,5.60500000000002,0.268589480798442,4.4636,5.19799999999998,1,2020,30
2020-01-31,4.70486086956522,4.18099999999998,5.5,0.274352423692596,4.33739999999999,5.08760000000001,1,2020,31
2020-02-01,4.79746086956522,4.34699999999998,5.47300000000001,0.248760120062958,4.47699999999998,5.15699999999998,2,2020,32
2020-02-02,4.34694086956522,3.77199999999999,5.21499999999997,0.341608202104234,3.93280000000002,4.8514,2,2020,33
2020-02-03,4.53732695652174,4.01800000000003,5.34399999999999,0.299598333115986,4.1676,4.98279999999999,2,2020,34
2020-02-04,4.78433565217391,4.17099999999999,5.55399999999997,0.321916409332901,4.372,5.23819999999998,2,2020,35
2020-02-05,4.53245565217391,3.99299999999999,5.37400000000002,0.311432725547652,4.14180000000002,4.9906,2,2020,36
2020-02-06,4.50688869565217,3.96100000000001,5.30099999999999,0.307335006800544,4.11940000000002,4.952,2,2020,37
2020-02-07,4.83762086956522,4.23000000000002,5.58800000000002,0.319174952705851,4.42280000000001,5.2742,2,2020,38
2020-02-08,4.71189391304348,4.13200000000001,5.435,0.305235941552021,4.31780000000001,5.13320000000001,2,2020,39
2020-02-09,4.14885391304348,3.642,4.82100000000003,0.255934421480919,3.81539999999999,4.5096,2,2020,40
2020-02-10,4.1562052173913,3.74099999999999,4.654,0.195607299588164,3.88280000000001,4.41159999999999,2,2020,41
2020-02-11,4.22900173913043,3.88999999999999,4.62299999999999,0.159118833369463,4.00440000000001,4.4366,2,2020,42
2020-02-12,4.17366956521739,3.85899999999998,4.52800000000002,0.152926807305548,3.95640000000001,4.37200000000001,2,2020,43
2020-02-13,3.91148173913043,3.58299999999997,4.34100000000001,0.165758837658143,3.68340000000001,4.1242,2,2020,44
2020-02-14,3.90577739130435,3.53899999999999,4.43299999999999,0.194342398309373,3.649,4.16399999999999,2,2020,45
2020-02-15,3.93974608695652,3.58600000000001,4.35899999999998,0.182163215710545,3.69099999999997,4.17519999999998,2,2020,46
2020-02-16,3.95122260869565,3.61200000000002,4.488,0.212497360123332,3.6934,4.2554,2,2020,47
2020-02-17,3.97286086956522,3.649,4.56400000000002,0.221571638667859,3.7114,4.29880000000002,2,2020,48
2020-02-18,3.99041913043478,3.65899999999999,4.536,0.21873520652642,3.7234,4.30899999999998,2,2020,49
2020-02-19,3.95151130434783,3.60500000000002,4.50299999999999,0.225331608815147,3.67099999999999,4.28480000000001,2,2020,50
2020-02-20,3.72436347826087,3.36000000000001,4.34199999999998,0.259210685543778,3.41300000000001,4.12059999999999,2,2020,51
2020-02-21,3.78645043478261,3.43900000000002,4.40300000000002,0.238349976692224,3.50400000000002,4.15619999999998,2,2020,52
2020-02-22,4.00122260869565,3.64499999999998,4.55000000000001,0.233941352972949,3.72300000000001,4.36900000000003,2,2020,53
2020-02-23,4.28049739130435,3.87099999999998,4.87900000000002,0.276746452300258,3.93599999999998,4.68399999999998,2,2020,54
2020-02-24,4.36706956521739,3.94999999999999,5.065,0.298618926802928,3.9904,4.80439999999999,2,2020,55
2020-02-25,4.3535947826087,3.96899999999999,4.95999999999998,0.264173441681416,4.02999999999997,4.7426,2,2020,56
2020-02-26,4.38384,4.00299999999999,4.88900000000001,0.215880456660496,4.11360000000001,4.69580000000001,2,2020,57
2020-02-27,4.35176,3.87,4.976,0.288262574118859,3.97080000000001,4.78059999999999,2,2020,58
2020-02-28,4.38223130434782,3.97199999999998,4.97199999999998,0.259510931864163,4.06700000000001,4.79119999999998,2,2020,59
2020-02-29,4.16991130434783,3.84300000000002,4.62799999999999,0.214386193246132,3.88139999999999,4.46400000000001,2,2020,60
2020-03-01,3.94779130434783,3.70100000000002,4.38999999999999,0.176645203158247,3.74900000000002,4.23000000000002,3,2020,61
2020-03-02,3.93982608695652,3.63900000000001,4.51800000000003,0.232509018253391,3.66399999999999,4.2982,3,2020,62
2020-03-03,4.07634260869565,3.82900000000001,4.48700000000002,0.161510064335585,3.88139999999999,4.31919999999999,3,2020,63
2020-03-04,4.55113739130435,4.26100000000002,4.91199999999998,0.164350204750542,4.33379999999997,4.78959999999998,3,2020,64
2020-03-05,4.46850434782609,4.10899999999998,5.04399999999998,0.259675882602626,4.13980000000001,4.85420000000001,3,2020,65
2020-03-06,4.56179130434783,4.20799999999997,5.16899999999998,0.265320110900579,4.24240000000001,4.96659999999999,3,2020,66
2020-03-07,4.63665043478261,4.42200000000003,5.00999999999999,0.13938447777116,4.47399999999999,4.85060000000001,3,2020,67
2020-03-08,4.67273217391304,4.45600000000002,5.00700000000001,0.129510904890993,4.51640000000001,4.87360000000001,3,2020,68
2020-03-09,5.26193913043478,4.94200000000001,5.63499999999999,0.180745624038312,5.0264,5.5136,3,2020,69
2020-03-10,5.18004347826087,4.73899999999998,5.77999999999997,0.301133092205639,4.8064,5.63240000000001,3,2020,70
2020-03-11,5.12949043478261,4.80000000000001,5.55099999999999,0.234812697606258,4.8414,5.488,3,2020,71
2020-03-12,5.07022608695652,4.75700000000001,5.38499999999999,0.183221009555878,4.82739999999999,5.34199999999998,3,2020,72
2020-03-13,5.15806086956522,4.89400000000001,5.47699999999998,0.135935158691858,4.97199999999998,5.3332,3,2020,73
2020-03-14,5.06206608695652,4.887,5.40699999999998,0.114332386398647,4.92740000000001,5.22840000000001,3,2020,74
2020-03-15,4.86925565217391,4.64100000000002,5.04599999999999,0.102282312556471,4.72639999999999,4.99559999999999,3,2020,75
2020-03-16,4.82133913043478,4.38900000000001,5.07499999999999,0.156054873253421,4.6104,5.01299999999998,3,2020,76
2020-03-17,4.83293565217391,4.35599999999999,5.19099999999997,0.219617836502373,4.55120000000001,5.13099999999997,3,2020,77
2020-03-18,4.79301739130435,4.38999999999999,5.19,0.216858187681746,4.52380000000001,5.09659999999999,3,2020,78
2020-03-19,4.8290747826087,4.39800000000002,5.12299999999999,0.187371901814162,4.57280000000001,5.0746,3,2020,79
2020-03-20,4.65755130434783,4.33100000000002,4.91000000000003,0.138991716573939,4.46439999999999,4.8402,3,2020,80
2020-03-21,4.73862608695652,4.28300000000002,4.98099999999999,0.153584321848255,4.49539999999999,4.9078,3,2020,81
2020-03-22,4.75901391304348,4.32900000000001,4.995,0.148695874928405,4.5272,4.92899999999997,3,2020,82
2020-03-23,4.70295130434783,4.26100000000002,4.952,0.159994003788566,4.47139999999999,4.8956,3,2020,83
2020-03-24,4.49437043478261,4.25599999999997,4.81700000000001,0.135339630192644,4.3244,4.70299999999997,3,2020,84
2020-03-25,4.55072347826087,4.24299999999999,4.86099999999999,0.139921263530176,4.36799999999999,4.74300000000001,3,2020,85
2020-03-26,4.61380347826087,4.52800000000002,4.73599999999999,0.0353840746734157,4.57400000000001,4.6612,3,2020,86
2020-03-27,5.20793217391304,4.798,5.54000000000002,0.160435406883429,4.95579999999999,5.40980000000001,3,2020,87
2020-03-28,5.24193565217391,4.80799999999999,5.56400000000002,0.161124827813278,5.01600000000002,5.44560000000001,3,2020,88
2020-03-29,5.21173043478261,4.76600000000002,5.54700000000003,0.178423756725657,4.94540000000001,5.44499999999999,3,2020,89
2020-03-30,4.70560173913043,4.548,4.82400000000001,0.0460845269115738,4.63900000000001,4.75700000000001,3,2020,90
2020-03-31,4.50982260869565,4.31099999999998,4.666,0.0722352658629968,4.41139999999999,4.59899999999999,3,2020,91
2020-04-01,4.55544347826087,4.29899999999998,4.77999999999997,0.10126915797625,4.41160000000001,4.66699999999997,4,2020,92
2020-04-02,4.5419652173913,4.34800000000001,4.733,0.0805849834312367,4.4434,4.64400000000001,4,2020,93
2020-04-03,4.7617252173913,4.714,4.86799999999999,0.0314461705968354,4.733,4.81,4,2020,94
2020-04-04,5.48743130434783,5.24799999999999,5.63299999999998,0.079786376764992,5.37639999999999,5.5856,4,2020,95
2020-04-05,5.84065739130435,5.50400000000002,5.97500000000002,0.0899092409788446,5.702,5.9376,4,2020,96
2020-04-06,5.90707130434783,5.43200000000002,6.274,0.189228104135293,5.65539999999999,6.15499999999997,4,2020,97
2020-04-07,5.90653913043478,5.35199999999998,6.34500000000003,0.214300323594302,5.63339999999999,6.17340000000002,4,2020,98
2020-04-08,5.86950086956522,5.42599999999999,6.08800000000002,0.125476469951294,5.71039999999999,6.036,4,2020,99
2020-04-09,5.91609739130435,5.548,6.08999999999997,0.127910564261241,5.72040000000002,6.06,4,2020,100
2020-04-10,5.1725147826087,4.93599999999998,5.33100000000002,0.10074485335717,5.01339999999999,5.28100000000001,4,2020,101
2020-04-11,5.2275147826087,4.75,5.44200000000001,0.142621289077636,5.04979999999998,5.399,4,2020,102
2020-04-12,5.24157043478261,4.72000000000003,5.541,0.164278503312233,5.04500000000002,5.46339999999999,4,2020,103
2020-04-13,5.57622086956522,5.12299999999999,5.81999999999999,0.154239919845049,5.34519999999999,5.7586,4,2020,104
2020-04-14,6.36032173913043,6.04199999999997,6.85399999999998,0.251158033867252,6.10300000000001,6.79340000000001,4,2020,105
2020-04-15,6.29487652173913,5.87700000000001,6.822,0.258486071552195,5.95360000000001,6.70799999999998,4,2020,106
2020-04-16,6.21058434782609,5.79399999999998,6.69600000000003,0.240437078989886,5.85300000000001,6.56659999999999,4,2020,107
2020-04-17,6.17306608695652,5.81799999999998,6.42899999999997,0.162082513768466,5.91239999999999,6.37200000000001,4,2020,108
2020-04-18,5.84700173913043,5.495,6.08999999999997,0.146685927481174,5.59880000000002,5.983,4,2020,109
2020-04-19,5.7991547826087,5.43400000000003,6.06999999999999,0.163977760582839,5.54899999999998,5.9616,4,2020,110
2020-04-20,6.06653913043478,5.36900000000003,6.28199999999998,0.18101812751913,5.81160000000001,6.23500000000001,4,2020,111
2020-04-21,6.15285739130435,5.49099999999999,6.40199999999999,0.173485373300693,5.93940000000001,6.363,4,2020,112
2020-04-22,5.76942608695652,5.25999999999999,6.108,0.228013786369883,5.4134,6.05559999999999,4,2020,113
2020-04-23,5.65318434782609,5.19200000000001,6.07900000000001,0.237747444759717,5.33140000000001,5.9676,4,2020,114
2020-04-24,5.81874086956522,5.30000000000001,6.21899999999999,0.260190450180433,5.4218,6.14999999999998,4,2020,115
2020-04-25,5.89092173913043,5.31700000000001,6.36000000000001,0.288635210612519,5.42939999999999,6.23159999999998,4,2020,116
2020-04-26,5.84631826086957,5.41699999999997,6.16399999999999,0.228180856040054,5.4888,6.10159999999999,4,2020,117
2020-04-27,5.87478260869565,5.59399999999999,6.13200000000001,0.130105584475264,5.68700000000001,6.0448,4,2020,118
2020-04-28,5.94084695652174,5.56599999999997,6.19499999999999,0.139577389347372,5.73199999999997,6.10300000000001,4,2020,119
2020-04-29,5.99601217391304,5.59399999999999,6.25900000000001,0.142101137578189,5.7798,6.1576,4,2020,120
2020-04-30,5.91953217391304,5.56799999999998,6.20299999999997,0.141342783684279,5.72040000000002,6.10659999999998,4,2020,121
2020-05-01,7.42499130434783,7.14400000000001,7.61399999999998,0.114291141743566,7.25039999999999,7.55799999999999,5,2020,122
2020-05-02,7.70227304347826,7.34399999999999,8.00999999999999,0.157815543831612,7.47380000000002,7.90300000000002,5,2020,123
2020-05-03,8.05246608695652,7.77100000000002,8.32499999999999,0.143797192457653,7.87539999999999,8.267,5,2020,124
2020-05-04,7.82727130434783,7.46100000000001,8.18799999999999,0.178691184746578,7.57839999999999,8.0936,5,2020,125
2020-05-05,7.75810260869565,7.34500000000003,8.10399999999998,0.18519850422936,7.50860000000001,8.00919999999999,5,2020,126
2020-05-06,7.83327826086956,7.42700000000002,8.11500000000001,0.143040694230801,7.65699999999998,8.02959999999998,5,2020,127
2020-05-07,7.94558956521739,7.51800000000003,8.21499999999997,0.145885731244769,7.71680000000001,8.11780000000001,5,2020,128
2020-05-08,8.043,7.63799999999998,8.35300000000001,0.173676317944141,7.79000000000002,8.25900000000001,5,2020,129
2020-05-09,7.44533043478261,6.75599999999997,7.93400000000003,0.296859406701845,7.01480000000001,7.81099999999998,5,2020,130
2020-05-10,6.8399547826087,6.30700000000002,7.815,0.432003602918314,6.38499999999999,7.59420000000002,5,2020,131
2020-05-11,6.69557043478261,6.15199999999999,7.68799999999999,0.433255919127333,6.30740000000001,7.44919999999999,5,2020,132
2020-05-12,6.85422260869565,6.55000000000001,7.44900000000001,0.240197035502653,6.63039999999999,7.26400000000002,5,2020,133
2020-05-13,7.10786434782609,6.64300000000003,7.63099999999997,0.284224347697851,6.767,7.54399999999998,5,2020,134
2020-05-14,7.25931304347826,6.56900000000002,8.07900000000001,0.371404884518507,6.8634,7.81360000000001,5,2020,135
2020-05-15,7.33942608695652,6.94900000000001,7.96100000000001,0.284167604665419,7.00539999999999,7.78100000000002,5,2020,136
2020-05-16,7.37976347826087,7.12700000000001,7.59399999999999,0.119989022676217,7.2148,7.54700000000003,5,2020,137
2020-05-17,9.57316173913043,9.274,9.71800000000002,0.0915874704075076,9.44980000000002,9.685,5,2020,138
2020-05-18,9.85603304347826,9.58999999999997,10.065,0.0790720613888937,9.77499999999998,9.96619999999998,5,2020,139
2020-05-19,9.87874086956522,9.57400000000001,10.134,0.11717675077671,9.733,10.0364,5,2020,140
2020-05-20,9.82225043478261,9.49200000000002,10.092,0.112597630400298,9.6644,9.94999999999999,5,2020,141
2020-05-21,9.80486434782609,9.27100000000002,10.267,0.203496626598114,9.49440000000002,10.0142,5,2020,142
2020-05-22,10.142987826087,9.99299999999999,10.336,0.0721851437173125,10.0574,10.244,5,2020,143
2020-05-23,10.2101443478261,10.061,10.41,0.0809781557322842,10.117,10.3236,5,2020,144
2020-05-24,10.0664556521739,9.863,10.287,0.107831125382574,9.916,10.233,5,2020,145
2020-05-25,10.0919113043478,9.80000000000001,10.318,0.12451753914576,9.90100000000001,10.248,5,2020,146
2020-05-26,10.0994504347826,9.78500000000003,10.448,0.148484764627439,9.90619999999999,10.3086,5,2020,147
2020-05-27,10.1840747826087,9.82400000000001,10.55,0.16767139436532,9.9614,10.4208,5,2020,148
2020-05-28,11.3012626086957,10.816,11.726,0.20489148715567,11.0204,11.5734,5,2020,149
2020-05-29,12.1725286956522,11.882,12.453,0.128608021249957,12.004,12.3536,5,2020,150
2020-05-30,11.5240817391304,11.206,11.795,0.125394118461375,11.3436,11.6966,5,2020,151
2020-05-31,11.5041773913043,10.964,12.067,0.23612537236396,11.2042,11.809,5,2020,152
2020-06-01,11.4991895652174,10.964,12.155,0.258746813467867,11.181,11.865,6,2020,153
2020-06-02,11.5654747826087,11.21,11.913,0.176151737055032,11.3378,11.8374,6,2020,154
2020-06-03,11.8245513043478,11.328,12.25,0.182649491236611,11.6114,12.0984,6,2020,155
2020-06-04,11.7512434782609,11.018,12.489,0.293405357281119,11.3874,12.169,6,2020,156
2020-06-05,11.9077634782609,11.434,12.277,0.17890786483377,11.6372,12.1426,6,2020,157
2020-06-06,12.4386313043478,12.157,12.707,0.130036123609626,12.272,12.6236,6,2020,158
2020-06-07,12.6872226086957,12.469,12.919,0.0936538171515214,12.5664,12.8248,6,2020,159
2020-06-08,12.7232626086957,12.388,13.029,0.128076029154771,12.5404,12.884,6,2020,160
2020-06-09,12.5665652173913,11.928,13.081,0.294647936448855,12.0916,12.8842,6,2020,161
2020-06-10,12.4598886956522,11.823,12.932,0.271313789289723,12.0554,12.7776,6,2020,162
2020-06-11,12.7613043478261,12.16,13.332,0.270653878955405,12.3924,13.134,6,2020,163
2020-06-12,13.1976052173913,12.995,13.575,0.110241620794099,13.067,13.3616,6,2020,164
2020-06-13,13.2526591304348,12.952,13.647,0.14836409441451,13.0514,13.4566,6,2020,165
2020-06-14,13.3772956521739,12.991,13.719,0.129363664657727,13.2338,13.561,6,2020,166
2020-06-15,13.3995582608696,12.944,13.887,0.191164421076391,13.1438,13.6406,6,2020,167
2020-06-16,13.8766330434783,13.531,14.296,0.172677125000855,13.6384,14.113,6,2020,168
2020-06-17,14.6760104347826,14.302,15.233,0.260982163732306,14.3844,15.096,6,2020,169
2020-06-18,14.5927686956522,14.227,14.783,0.0912176651365546,14.4928,14.706,6,2020,170
2020-06-19,15.1942347826087,14.746,15.569,0.183426737762088,14.9394,15.4232,6,2020,171
2020-06-20,15.4590956521739,14.881,16.031,0.245572862719822,15.1484,15.7934,6,2020,172
2020-06-21,15.5870504347826,15.115,15.969,0.181110846077433,15.3494,15.826,6,2020,173
2020-06-22,16.17832,15.655,16.483,0.180084122425676,15.9154,16.3996,6,2020,174
2020-06-23,16.5121443478261,15.882,17.045,0.248307704393566,16.1632,16.8282,6,2020,175
2020-06-24,16.0208556521739,15.62,16.67,0.173258648461708,15.8664,16.278,6,2020,176
2020-06-25,16.0014365217391,15.56,16.731,0.309274928810384,15.6364,16.4452,6,2020,177
2020-06-26,15.8237391304348,15.349,16.472,0.329624093971859,15.428,16.3086,6,2020,178
2020-06-27,15.7034643478261,15.417,16.077,0.137765069299305,15.5084,15.8756,6,2020,179
2020-06-28,16.0124643478261,15.432,16.556,0.205041624987658,15.7374,16.2556,6,2020,180
2020-06-29,16.230572173913,15.745,16.61,0.168209492510683,15.9896,16.4196,6,2020,181
2020-06-30,16.1991965217391,15.638,16.584,0.195103371122645,15.9338,16.4434,6,2020,182
2020-07-01,17.2120434782609,16.359,17.818,0.325345246569289,16.773,17.6126,7,2020,183
2020-07-02,17.306572173913,16.432,17.934,0.352524644540394,16.8074,17.7252,7,2020,184
2020-07-03,17.4989617391304,16.519,18.142,0.367713599444571,16.9668,17.942,7,2020,185
2020-07-04,17.5835269565217,16.59,18.268,0.376457102544304,17.0594,18.0678,7,2020,186
2020-07-05,17.2694260869565,16.542,17.653,0.232394438996447,16.941,17.5492,7,2020,187
2020-07-06,17.0607860869565,16.529,17.468,0.137938396394253,16.9204,17.248,7,2020,188
2020-07-07,17.0915391304348,16.743,17.5,0.194103868120785,16.813,17.3266,7,2020,189
2020-07-08,17.3034191304348,17.046,17.74,0.196100930376969,17.082,17.628,7,2020,190
2020-07-09,18.3538173913044,17.697,18.97,0.362288524944928,17.8894,18.8652,7,2020,191
2020-07-10,18.5937286956522,17.8,19.181,0.29898634696819,18.2418,18.994,7,2020,192
2020-07-11,18.387692173913,17.781,18.916,0.213355784529748,18.1224,18.671,7,2020,193
2020-07-12,18.4845704347826,17.674,19.06,0.279897818890832,18.0584,18.7686,7,2020,194
2020-07-13,18.8356173913043,17.981,19.523,0.327688578646044,18.424,19.3388,7,2020,195
2020-07-14,18.5146086956522,18.003,18.803,0.177816924979799,18.2548,18.712,7,2020,196
2020-07-15,18.2491826086957,17.955,18.577,0.114347869403349,18.1274,18.4078,7,2020,197
2020-07-16,18.1172782608696,17.786,18.492,0.146907265768736,17.93,18.3252,7,2020,198
2020-07-17,18.3711252173913,18.184,18.553,0.0715008465185611,18.275,18.47,7,2020,199
2020-07-18,18.6715043478261,18.043,19.044,0.242790354709467,18.2832,18.913,7,2020,200
2020-07-19,18.9888660869565,18.664,19.345,0.123837244885066,18.8174,19.1474,7,2020,201
2020-07-20,19.1876330434783,18.738,19.661,0.188335213289398,18.956,19.4482,7,2020,202
2020-07-21,19.2995426086957,18.638,19.996,0.283585716094754,18.9054,19.6606,7,2020,203
2020-07-22,19.5821669565217,19.234,19.952,0.188627455649207,19.3314,19.8256,7,2020,204
2020-07-23,20.3120973913043,19.843,20.734,0.212838926460543,20.019,20.5894,7,2020,205
2020-07-24,20.2059860869565,19.751,20.771,0.215043208885153,19.92,20.499,7,2020,206
2020-07-25,20.1908052173913,19.761,20.798,0.209697783965185,19.9164,20.4782,7,2020,207
2020-07-26,20.1100469565217,19.647,20.785,0.289686168445192,19.7188,20.5004,7,2020,208
2020-07-27,19.9149217391304,19.419,20.425,0.231378588801677,19.6008,20.232,7,2020,209
2020-07-28,19.990332173913,19.504,20.385,0.178568990146054,19.754,20.2262,7,2020,210
2020-07-29,20.19952,19.702,20.535,0.195016069738999,19.9198,20.424,7,2020,211
2020-07-30,20.3526504347826,19.727,20.936,0.264878358569856,19.9664,20.6952,7,2020,212
2020-07-31,20.60232,19.745,21.139,0.252413586551832,20.2724,20.9058,7,2020,213
2020-08-01,20.2829913043478,19.486,20.92,0.367459412432014,19.714,20.759,8,2020,214
2020-08-02,19.8397686956522,19.068,20.533,0.373863542147734,19.2994,20.3392,8,2020,215
2020-08-03,19.8150226086956,19.188,20.313,0.310310591586917,19.3678,20.2234,8,2020,216
2020-08-04,18.9871513043478,18.433,19.504,0.250461642888488,18.6454,19.3198,8,2020,217
2020-08-05,18.1975495652174,17.853,18.775,0.242645252081768,17.9414,18.615,8,2020,218
2020-08-06,18.1918591304348,17.651,19.061,0.421284280834198,17.742,18.8566,8,2020,219
2020-08-07,18.0694086956522,17.462,18.956,0.436715191470185,17.563,18.7674,8,2020,220
2020-08-08,18.3829286956522,17.786,19.179,0.417660420214974,17.8858,19.0146,8,2020,221
2020-08-09,18.2171217391304,17.576,19.243,0.52840406530789,17.6914,19.0466,8,2020,222
2020-08-10,19.365427826087,18.854,19.847,0.250698935017254,19.0394,19.7148,8,2020,223
2020-08-11,19.6734626086957,19.133,20.233,0.290123759925522,19.2702,20.0636,8,2020,224
2020-08-12,19.8883234782609,19.475,20.351,0.266289642917562,19.5254,20.252,8,2020,225
2020-08-13,20.048652173913,19.641,20.873,0.311076019577317,19.7064,20.5212,8,2020,226
2020-08-14,19.9176626086957,19.451,20.667,0.367142403578473,19.5168,20.5066,8,2020,227
2020-08-15,19.9719373913043,19.539,20.762,0.315335548691301,19.6136,20.4278,8,2020,228
2020-08-16,19.8064,19.585,20.288,0.181258021569462,19.637,20.1222,8,2020,229
2020-08-17,19.3809391304348,19.178,19.474,0.0483085839676222,19.3204,19.4296,8,2020,230
2020-08-18,19.2670139130435,19.111,19.397,0.0541329163115157,19.1954,19.33,8,2020,231
2020-08-19,19.3213686956522,18.862,19.95,0.282305002962704,18.9858,19.7818,8,2020,232
2020-08-20,19.1985686956522,18.521,20.026,0.409131282092889,18.648,19.8352,8,2020,233
2020-08-21,19.216572173913,18.744,19.674,0.227595700110261,18.9024,19.5416,8,2020,234
2020-08-22,19.26836,18.609,19.529,0.164262020227436,19.0384,19.4518,8,2020,235
2020-08-23,19.0504782608696,18.439,19.512,0.212653238366855,18.7894,19.3566,8,2020,236
2020-08-24,18.840692173913,18.4,19.285,0.202054045081427,18.5884,19.1412,8,2020,237
2020-08-25,18.9194852173913,18.322,19.41,0.228441872783919,18.5894,19.2102,8,2020,238
2020-08-26,18.7667113043478,18.003,19.519,0.325269071346213,18.297,19.1816,8,2020,239
2020-08-27,18.2413026086957,16.936,19.513,0.486579931994388,17.5948,18.83,8,2020,240
2020-08-28,17.3049547826087,16.37,17.833,0.396422808687886,16.6736,17.7416,8,2020,241
2020-08-29,17.0628382608696,15.949,17.768,0.457945365863045,16.341,17.5896,8,2020,242
2020-08-30,16.5424747826087,15.614,17.146,0.400791680368831,15.912,17.015,8,2020,243
2020-08-31,16.2117565217391,15.465,16.78,0.256786642252763,15.7872,16.4256,8,2020,244
2020-09-01,16.431227826087,15.759,17.007,0.183119699408522,16.1966,16.6176,9,2020,245
2020-09-02,16.3391043478261,15.874,17.075,0.180352808223285,16.108,16.55,9,2020,246
2020-09-03,16.543987826087,15.871,17.079,0.17051696817884,16.352,16.7316,9,2020,247
2020-09-04,16.7762556521739,16.215,17.419,0.283835807357977,16.4146,17.1752,9,2020,248
2020-09-05,16.9203443478261,16.366,17.5,0.279871049883593,16.555,17.2836,9,2020,249
2020-09-06,16.9242747826087,16.336,17.378,0.205432587620258,16.6794,17.199,9,2020,250
2020-09-07,16.9459408695652,16.513,17.399,0.179591803848882,16.7698,17.2268,9,2020,251
2020-09-08,16.8810817391304,16.545,17.34,0.197220649517928,16.697,17.205,9,2020,252
2020-09-09,16.8401443478261,16.499,17.075,0.130098133820482,16.665,17.011,9,2020,253
2020-09-10,16.5558069565217,16.07,16.794,0.147199511272182,16.3392,16.7196,9,2020,254
2020-09-11,16.6508869565217,16.097,16.965,0.174352208973164,16.4124,16.894,9,2020,255
2020-09-12,16.5954626086957,15.901,17.055,0.222537265195851,16.3508,16.8706,9,2020,256
2020-09-13,16.4928660869565,15.872,16.81,0.222058129881587,16.1138,16.7382,9,2020,257
2020-09-14,16.0934608695652,15.424,16.546,0.257640685392034,15.7394,16.4248,9,2020,258
2020-09-15,15.3832834782609,14.945,15.822,0.13150701676437,15.2348,15.535,9,2020,259
2020-09-16,14.9524017391304,14.34,15.267,0.21821474813493,14.64,15.1856,9,2020,260
2020-09-17,14.8051947826087,14.345,15.276,0.24319737250562,14.4662,15.1266,9,2020,261
2020-09-18,14.3351860869565,13.979,14.769,0.230870489845174,14.0642,14.6686,9,2020,262
2020-09-19,13.8447930434783,13.379,14.303,0.159918546188167,13.648,14.0416,9,2020,263
2020-09-20,13.3968243478261,12.949,13.958,0.185757481450576,13.1146,13.602,9,2020,264
2020-09-21,13.2557582608696,12.802,13.796,0.20788454731988,12.9438,13.4626,9,2020,265
2020-09-22,13.1839791304348,12.863,13.731,0.194415911391095,12.9288,13.4466,9,2020,266
2020-09-23,13.5258834782609,13.285,13.913,0.1495483047656,13.366,13.7672,9,2020,267
2020-09-24,13.4775913043478,13.116,14.096,0.242626033043276,13.2014,13.8526,9,2020,268
2020-09-25,13.4601808695652,13.216,13.779,0.15721316001585,13.273,13.6756,9,2020,269
2020-09-26,13.5355286956522,13.28,13.805,0.101567499367357,13.399,13.6736,9,2020,270
2020-09-27,13.8671026086957,13.624,14.2,0.113187604020865,13.7104,14.0136,9,2020,271
2020-09-28,13.9365113043478,13.72,14.272,0.102533581449937,13.8134,14.0806,9,2020,272
2020-09-29,14.4673426086957,14.233,14.633,0.062481962638858,14.389,14.5482,9,2020,273
2020-09-30,14.4397234782609,14.17,14.733,0.129601406041026,14.258,14.6044,9,2020,274
2020-10-01,14.4019634782609,14.036,14.808,0.234872595878063,14.0984,14.719,10,2020,275
2020-10-02,14.2597339130435,13.838,14.836,0.287135402169278,13.9314,14.692,10,2020,276
2020-10-03,14.0031982608696,13.677,14.344,0.178090703303799,13.7794,14.259,10,2020,277
2020-10-04,13.7261982608696,13.442,14.009,0.128566902541151,13.5484,13.8932,10,2020,278
2020-10-05,13.752092173913,13.521,13.862,0.0551967989209474,13.685,13.82,10,2020,279
2020-10-06,13.6537513043478,13.3,14.138,0.237985657623224,13.3864,14.0078,10,2020,280
2020-10-07,13.6788295652174,13.277,14.211,0.266353558805093,13.379,14.0786,10,2020,281
2020-10-08,13.2844139130435,12.827,13.863,0.30810727545107,12.911,13.749,10,2020,282
2020-10-09,12.7200486956522,12.345,12.986,0.150506546771621,12.4838,12.8922,10,2020,283
2020-10-10,12.579732173913,12.231,12.922,0.162600452761661,12.3744,12.7706,10,2020,284
2020-10-11,12.4667339130435,12.026,13.111,0.232290684650566,12.1908,12.8166,10,2020,285
2020-10-12,12.3943982608696,12.02,12.762,0.18426444694547,12.127,12.6276,10,2020,286
2020-10-13,12.3248591304348,12.091,12.617,0.135962471697318,12.136,12.515,10,2020,287
2020-10-14,12.1247304347826,11.977,12.356,0.0930188922532023,12.0014,12.2546,10,2020,288
2020-10-15,11.8704956521739,11.637,12.208,0.144046690426664,11.6904,12.088,10,2020,289
2020-10-16,11.924332173913,11.72,12.368,0.162809916500105,11.7354,12.1622,10,2020,290
2020-10-17,12.0199304347826,11.921,12.385,0.105343268467819,11.938,12.1836,10,2020,291
2020-10-18,11.9077860869565,11.647,12.377,0.154509410698,11.7494,12.1592,10,2020,292
2020-10-19,11.7571530434783,11.539,12.124,0.112332574077644,11.6434,11.9206,10,2020,293
2020-10-20,11.862652173913,11.724,12.151,0.0858171668334178,11.768,11.986,10,2020,294
2020-10-21,11.9958034782609,11.873,12.145,0.0716365292457373,11.903,12.0956,10,2020,295
2020-10-22,12.1270260869565,11.991,12.313,0.0818051842395046,12.023,12.2432,10,2020,296
2020-10-23,12.0464347826087,11.873,12.213,0.0844766147500622,11.928,12.159,10,2020,297
2020-10-24,12.1442208695652,11.914,12.389,0.115308032768083,11.9974,12.3182,10,2020,298
2020-10-25,12.1221982608696,11.769,12.367,0.100689931802084,11.9918,12.2686,10,2020,299
2020-10-26,11.8633095652174,11.448,12.065,0.108756231728145,11.7358,11.979,10,2020,300
2020-10-27,11.7150765217391,11.542,12.058,0.126898630516272,11.599,11.9224,10,2020,301
2020-10-28,11.5480747826087,11.421,11.736,0.0640299606530654,11.463,11.634,10,2020,302
2020-10-29,10.8638295652174,10.711,11.225,0.123870248636213,10.726,11.0468,10,2020,303
2020-10-30,10.830172173913,10.693,11.114,0.0849773279333228,10.7258,10.9556,10,2020,304
2020-10-31,10.6003895652174,10.316,10.985,0.177062011703489,10.3878,10.8554,10,2020,305
2020-11-01,10.5898034782609,10.298,11.002,0.185332861830523,10.3604,10.8454,11,2020,306
2020-11-02,10.4023617391304,10.116,10.618,0.134029306420456,10.2114,10.575,11,2020,307
2020-11-03,10.1156486956522,9.90300000000002,10.307,0.100158872373817,9.97180000000001,10.2406,11,2020,308
2020-11-04,10.35432,9.89800000000002,10.754,0.214555959579176,10.077,10.6596,11,2020,309
2020-11-05,10.3636660869565,9.72899999999998,10.816,0.262334653047144,10.035,10.746,11,2020,310
2020-11-06,10.4534191304348,9.90499999999997,10.861,0.226439375821847,10.142,10.7556,11,2020,311
2020-11-07,10.1125565217391,9.858,10.319,0.103606397306311,9.964,10.242,11,2020,312
2020-11-08,10.5031391304348,10.081,10.803,0.149946964314909,10.3004,10.7024,11,2020,313
2020-11-09,10.9185495652174,10.752,11.102,0.0891475730819182,10.8074,11.0476,11,2020,314
2020-11-10,10.9823756521739,10.825,11.163,0.0908950351784287,10.8594,11.1116,11,2020,315
2020-11-11,10.9317826086957,10.775,11.082,0.0810012025772871,10.82,11.043,11,2020,316
2020-11-12,10.5777408695652,10.466,10.75,0.0634962808530503,10.493,10.663,11,2020,317
2020-11-13,10.1025165217391,9.952,10.311,0.0937035282547715,9.9784,10.234,11,2020,318
2020-11-14,9.97832347826087,9.63600000000002,10.382,0.175032221190213,9.72040000000002,10.1966,11,2020,319
2020-11-15,9.83094434782609,9.411,10.256,0.202920420968102,9.52399999999999,10.0736,11,2020,320
2020-11-16,9.60091130434783,9.31900000000002,9.88999999999999,0.167589075989913,9.35699999999997,9.82020000000002,11,2020,321
2020-11-17,9.58043130434783,9.25299999999999,9.84100000000001,0.152785729561708,9.36099999999999,9.78059999999999,11,2020,322
2020-11-18,9.59041913043478,9.37,9.84800000000001,0.131376457179303,9.43099999999998,9.78340000000002,11,2020,323
2020-11-19,9.16283826086956,8.911,9.39800000000002,0.146255539567269,8.96439999999999,9.36000000000001,11,2020,324
2020-11-20,8.76136173913043,8.46199999999999,9.08699999999999,0.17938853147136,8.51499999999999,8.9966,11,2020,325
2020-11-21,8.78079478260869,8.40100000000001,9.21800000000002,0.251953959154657,8.45980000000001,9.12700000000001,11,2020,326
2020-11-22,8.74120869565217,8.26900000000001,9.202,0.275474620382307,8.375,9.11260000000001,11,2020,327
2020-11-23,8.45473217391304,8.25,8.75700000000001,0.129388906478996,8.30599999999998,8.65119999999998,11,2020,328
2020-11-24,8.29807304347826,8.11000000000001,8.67399999999998,0.148474360649701,8.15100000000001,8.54300000000001,11,2020,329
2020-11-25,8.37887130434783,8.18400000000003,8.69900000000001,0.132892967834509,8.22639999999999,8.58760000000001,11,2020,330
2020-11-26,8.42315478260869,8.25200000000001,8.66199999999998,0.106968858214827,8.29500000000002,8.58259999999998,11,2020,331
2020-11-27,7.69448173913043,7.48199999999997,8.00200000000001,0.1192530729066,7.53979999999999,7.86420000000001,11,2020,332
2020-11-28,7.53484,7.32600000000002,7.88200000000001,0.120006005076226,7.37900000000002,7.70060000000001,11,2020,333
2020-11-29,7.54047478260869,7.30500000000001,7.923,0.132352892397716,7.36700000000002,7.70999999999998,11,2020,334
2020-11-30,7.65390956521739,7.36599999999999,8.07799999999997,0.170743808828592,7.43340000000001,7.8846,11,2020,335
2020-12-01,7.73218086956522,7.43799999999999,8.05399999999997,0.156662352416743,7.52300000000002,7.94799999999998,12,2020,336
2020-12-02,7.59258260869565,7.04899999999998,8.04700000000003,0.271113421840185,7.20720000000001,7.95619999999999,12,2020,337
2020-12-03,7.52389565217391,6.78399999999999,8.05099999999999,0.31806019673032,7.0634,7.9256,12,2020,338
2020-12-04,7.58252,7.05799999999999,8.01400000000001,0.258950076309905,7.21060000000001,7.9172,12,2020,339
2020-12-05,7.57638608695652,7.20299999999997,7.89600000000002,0.182281190907628,7.31700000000001,7.81519999999999,12,2020,340
2020-12-06,7.30178782608696,6.88799999999998,7.77100000000002,0.207591892732334,7.02920000000001,7.5928,12,2020,341
2020-12-07,7.04655652173913,6.649,7.536,0.20127843107782,6.77539999999999,7.31599999999997,12,2020,342
2020-12-08,6.67645043478261,6.274,7.19200000000001,0.205208139162975,6.40340000000001,6.95919999999998,12,2020,343
2020-12-09,6.6098347826087,6.25400000000002,7.07999999999998,0.182993865704901,6.37139999999999,6.86500000000001,12,2020,344
2020-12-10,6.36114434782609,6.02499999999998,6.79700000000003,0.1676545364353,6.13400000000001,6.5806,12,2020,345
2020-12-11,6.38237391304348,5.94,6.755,0.192086773585737,6.11219999999998,6.60899999999998,12,2020,346
2020-12-12,6.45448173913043,6.01900000000001,6.88,0.188897450001791,6.19799999999998,6.70219999999999,12,2020,347
2020-12-13,6.64326434782609,6.178,7.06200000000001,0.235456210074393,6.30399999999997,6.93400000000003,12,2020,348
2020-12-14,6.57026782608696,6.18400000000003,7.00299999999999,0.191738237807696,6.30200000000001,6.80860000000001,12,2020,349
2020-12-15,6.32181913043478,6.07499999999999,6.80700000000002,0.16781229761018,6.11700000000002,6.54760000000001,12,2020,350
2020-12-16,6.32369565217391,6.09300000000002,6.67899999999997,0.135995194493462,6.1574,6.51259999999999,12,2020,351
2020-12-17,6.05754956521739,5.68299999999999,6.637,0.212550802852788,5.78399999999999,6.35420000000001,12,2020,352
2020-12-18,5.69442608695652,5.26999999999998,6.35599999999999,0.28012312066825,5.34899999999999,6.09960000000001,12,2020,353
2020-12-19,5.58137043478261,5.04599999999999,6.29000000000002,0.3422273835496,5.149,6.09460000000001,12,2020,354
2020-12-20,5.23193739130435,4.62200000000001,5.83299999999997,0.318923755664235,4.80839999999999,5.68860000000001,12,2020,355
2020-12-21,5.01664695652174,4.39699999999999,5.56299999999999,0.321073643500716,4.57799999999997,5.43200000000002,12,2020,356
2020-12-22,5.21913043478261,4.40300000000002,6.19999999999999,0.452282136548364,4.64560000000001,5.89419999999999,12,2020,357
2020-12-23,5.45474434782609,4.57999999999998,6.62400000000002,0.497785247168031,4.85319999999999,6.19879999999999,12,2020,358
2020-12-24,5.56135304347826,4.73500000000001,6.56900000000002,0.462500869821527,5.0004,6.24620000000001,12,2020,359
2020-12-25,5.69794086956522,5.09899999999999,6.26400000000001,0.291439040397019,5.29359999999998,6.09659999999999,12,2020,360
2020-12-26,5.71658434782609,5.17200000000003,6.14600000000002,0.253590061451108,5.35880000000001,6.04420000000001,12,2020,361
2020-12-27,5.89457043478261,5.67200000000003,6.28800000000001,0.164325709630689,5.71300000000002,6.14160000000001,12,2020,362
2020-12-28,5.99801043478261,5.70299999999997,6.80500000000001,0.240460714653398,5.75099999999998,6.33179999999998,12,2020,363
2020-12-29,5.99095130434783,5.69200000000001,6.86200000000002,0.235895242785549,5.75539999999999,6.33219999999999,12,2020,364
2020-12-30,5.97156,5.69,6.70999999999998,0.207627982780379,5.76579999999999,6.30960000000001,12,2020,365
2020-12-31,6.17404173913043,5.84399999999999,6.56999999999999,0.179541823950557,5.9504,6.4292,12,2020,366
2021-01-01,6.29143130434783,6.01100000000002,6.62900000000002,0.167736078557028,6.09340000000001,6.5336,1,2021,1
2021-01-02,6.17384173913043,5.61000000000001,6.62,0.25366008078201,5.81179999999998,6.50200000000001,1,2021,2
2021-01-03,5.89423652173913,5.32900000000001,6.41399999999999,0.261002689431199,5.52140000000001,6.23599999999999,1,2021,3
2021-01-04,5.54262260869565,4.959,6.21199999999999,0.283684681367642,5.15300000000002,5.9222,1,2021,4
2021-01-05,5.38365739130435,4.83299999999997,6.017,0.268070533603032,5.01800000000003,5.738,1,2021,5
2021-01-06,5.49800695652174,4.98000000000002,5.99900000000002,0.264985286463447,5.12660000000001,5.85579999999998,1,2021,6
2021-01-07,5.50315304347826,4.85399999999998,6.21600000000001,0.342175379701944,5.04939999999999,5.96880000000001,1,2021,7
2021-01-08,5.39200173913043,4.59100000000001,6.209,0.400274881591647,4.86240000000001,5.916,1,2021,8
2021-01-09,5.16066782608695,4.44999999999999,5.863,0.363138999588681,4.68679999999998,5.6794,1,2021,9
2021-01-10,4.73939826086956,4.173,5.24700000000001,0.292029495307194,4.30759999999999,5.12099999999998,1,2021,10
2021-01-11,4.63692,4.22199999999998,5.113,0.203976882272825,4.35839999999999,4.88820000000001,1,2021,11
2021-01-12,4.5902452173913,4.15499999999997,4.94200000000001,0.202028650572572,4.29199999999997,4.82900000000001,1,2021,12
2021-01-13,4.82219826086956,4.39400000000001,5.36900000000003,0.21067026516371,4.53279999999999,5.0994,1,2021,13
2021-01-14,4.83176869565217,4.44,5.30099999999999,0.194323638217915,4.56780000000001,5.09100000000001,1,2021,14
2021-01-15,4.99944869565217,4.56900000000002,5.61399999999998,0.230114250658906,4.69879999999998,5.31599999999997,1,2021,15
2021-01-16,4.86145391304348,4.39600000000002,5.5,0.263457077306898,4.50679999999998,5.2034,1,2021,16
2021-01-17,4.81397043478261,4.13,5.50799999999998,0.388051054728104,4.26800000000002,5.3332,1,2021,17
2021-01-18,4.8355252173913,4.05900000000003,5.65499999999997,0.429969866427229,4.22300000000001,5.38580000000001,1,2021,18
2021-01-19,4.73800173913043,4.166,5.38999999999999,0.348896810414666,4.29299999999999,5.22720000000001,1,2021,19
2021-01-20,4.47506956521739,4.00200000000001,5.06400000000002,0.206174172915369,4.24700000000001,4.75799999999999,1,2021,20
2021-01-21,4.51285391304348,4.22000000000003,5.13200000000001,0.207960964109965,4.27699999999999,4.8324,1,2021,21
2021-01-22,4.56901391304348,4.32499999999999,4.99099999999999,0.161593275125148,4.38999999999999,4.81200000000001,1,2021,22
2021-01-23,4.88748,4.29599999999999,5.36399999999998,0.252788137319254,4.54000000000002,5.21419999999999,1,2021,23
2021-01-24,5.12494260869565,4.37599999999998,5.81599999999997,0.34146655706304,4.6694,5.60180000000001,1,2021,24
2021-01-25,5.16902608695652,4.45299999999997,5.899,0.339848061482183,4.7234,5.64839999999999,1,2021,25
2021-01-26,5.12964869565217,4.47300000000001,5.81400000000002,0.308516324305988,4.71499999999997,5.54420000000001,1,2021,26
2021-01-27,4.77188695652174,4.25700000000001,5.363,0.254717735600746,4.4254,5.11719999999999,1,2021,27
2021-01-28,4.64896347826087,4.06200000000001,5.36200000000002,0.301695598004803,4.25280000000001,5.07520000000002,1,2021,28
2021-01-29,4.79499304347826,3.96199999999999,5.702,0.435742407787621,4.23940000000001,5.43679999999999,1,2021,29
2021-01-30,4.73362260869565,3.88,5.73700000000002,0.469898627043126,4.148,5.4388,1,2021,30
2021-01-31,4.72197565217391,4.22800000000001,5.62799999999999,0.348904336946316,4.32799999999997,5.24839999999999,1,2021,31
2021-02-01,4.37384173913043,4.06299999999999,5.339,0.276925538106379,4.1324,4.79999999999998,2,2021,32
2021-02-02,4.32441217391304,4.00799999999998,4.964,0.208857900256661,4.08939999999999,4.63019999999999,2,2021,33
2021-02-03,4.18577913043478,3.86700000000002,4.52199999999999,0.174452867697905,3.94839999999999,4.42200000000003,2,2021,34
2021-02-04,4.30734434782609,3.81799999999998,5.08100000000002,0.28611495283438,3.94739999999999,4.68439999999999,2,2021,35
2021-02-05,4.00426956521739,3.16300000000001,4.95699999999999,0.475420626556877,3.41479999999999,4.70799999999998,2,2021,36
2021-02-06,4.17670260869565,3.35199999999998,4.94799999999998,0.439757080048876,3.60559999999999,4.822,2,2021,37
2021-02-07,4.13759652173913,3.37299999999999,5,0.436881473957792,3.57039999999999,4.7556,2,2021,38
2021-02-08,3.91264,3.21300000000002,4.43599999999998,0.336954696858779,3.4244,4.3452,2,2021,39
2021-02-09,3.82451130434783,3.06,4.49000000000001,0.371925139700152,3.28880000000001,4.31120000000001,2,2021,40
2021-02-10,3.46594260869565,2.721,4.11700000000002,0.361068249327776,2.95079999999999,3.93059999999999,2,2021,41
2021-02-11,3.36757565217391,2.709,4.10899999999998,0.329379678980525,2.9202,3.78840000000001,2,2021,42
2021-02-12,3.30905565217391,2.66399999999999,3.99299999999999,0.326163567639961,2.86919999999999,3.75559999999998,2,2021,43
2021-02-13,3.3083147826087,2.654,3.911,0.31185436726761,2.87280000000002,3.69900000000001,2,2021,44
2021-02-14,3.2014747826087,2.60300000000001,3.72399999999999,0.265583997173424,2.8066,3.5192,2,2021,45
2021-02-15,3.17838260869565,2.54300000000001,3.90300000000002,0.316978224518604,2.74799999999998,3.60819999999998,2,2021,46
2021-02-16,3.05314782608696,2.36500000000001,3.84899999999999,0.373129790392988,2.5682,3.58879999999998,2,2021,47
2021-02-17,3.03069043478261,2.31999999999999,3.84500000000003,0.391218308147256,2.52340000000002,3.60599999999999,2,2021,48
2021-02-18,3.0651652173913,2.37700000000001,3.822,0.363426543398524,2.58459999999998,3.58019999999999,2,2021,49
2021-02-19,2.75247130434783,2.14999999999998,3.548,0.297381631874799,2.34380000000002,3.14260000000002,2,2021,50
2021-02-20,3.01734260869565,2.47899999999998,3.64300000000003,0.251138035208478,2.66960000000001,3.36359999999999,2,2021,51
2021-02-21,2.85450086956522,2.27699999999999,3.52800000000002,0.272603468671342,2.47339999999999,3.22460000000001,2,2021,52
2021-02-22,2.45171652173913,1.92099999999999,3.09500000000003,0.265479366551407,2.0828,2.77819999999999,2,2021,53
2021-02-23,2.66226956521739,2.18599999999998,3.37200000000001,0.261722061853716,2.32180000000001,3.02220000000002,2,2021,54
2021-02-24,3.0502,2.37299999999999,3.69900000000001,0.351309278356313,2.56719999999999,3.56099999999999,2,2021,55
2021-02-25,3.15321913043478,2.327,3.95799999999997,0.467229018129778,2.5322,3.7732,2,2021,56
2021-02-26,3.12425739130435,2.40199999999999,3.899,0.424271172377942,2.57379999999998,3.7106,2,2021,57
2021-02-27,3.26643130434783,2.12599999999998,4.10399999999998,0.549551269332174,2.42120000000001,3.94159999999999,2,2021,58
2021-02-28,3.22613739130435,1.96699999999998,4.18299999999999,0.616907249318304,2.28879999999999,3.99040000000001,2,2021,59
2021-03-01,3.21177913043478,2.12900000000002,4.125,0.551603656612962,2.4006,3.90920000000002,3,2021,60
2021-03-02,3.01226608695652,2.47199999999998,3.69200000000001,0.303235560878013,2.62259999999999,3.44419999999999,3,2021,61
2021-03-03,2.63758260869565,1.95799999999997,3.61399999999998,0.409556639321105,2.13400000000001,3.25319999999998,3,2021,62
2021-03-04,2.62748695652174,1.97899999999998,3.53399999999999,0.386837471503458,2.1444,3.19499999999999,3,2021,63
2021-03-05,2.63452347826087,1.976,3.44400000000002,0.367185347136352,2.15880000000002,3.15419999999999,3,2021,64
2021-03-06,2.88444173913043,2.37200000000001,3.81400000000002,0.326833524838934,2.5074,3.35759999999999,3,2021,65
2021-03-07,2.88334782608695,2.20100000000002,3.89999999999998,0.389603963203944,2.40499999999997,3.43120000000001,3,2021,66
2021-03-08,2.74225043478261,2.13799999999998,3.47699999999998,0.327275363652677,2.31639999999999,3.2096,3,2021,67
2021-03-09,2.66684347826087,1.86900000000003,3.66399999999999,0.472551717046979,2.04380000000001,3.32919999999998,3,2021,68
2021-03-10,2.77346260869565,1.84399999999999,3.84500000000003,0.532622279798201,2.05460000000001,3.48760000000001,3,2021,69
2021-03-11,3.05973043478261,2.43900000000002,3.69400000000002,0.316999525212582,2.62639999999999,3.48000000000002,3,2021,70
2021-03-12,3.62005565217391,2.86399999999998,4.27199999999999,0.363693136099474,3.1044,4.08959999999998,3,2021,71
2021-03-13,3.63101913043478,3.15300000000002,4.40499999999997,0.248236774368885,3.35099999999999,3.98580000000001,3,2021,72
2021-03-14,3.38559478260869,2.86700000000002,4.36900000000003,0.336219281420938,2.99780000000002,3.8836,3,2021,73
2021-03-15,3.39622608695652,2.82499999999999,4.423,0.3684021639059,2.97080000000001,3.959,3,2021,74
2021-03-16,3.58651304347826,2.971,4.62200000000001,0.385195325021503,3.13039999999999,4.18339999999999,3,2021,75
2021-03-17,3.74143304347826,3.28300000000002,4.49599999999998,0.289299313228444,3.39079999999999,4.1696,3,2021,76
2021-03-18,3.88734434782609,3.48199999999997,4.267,0.205709809725497,3.60199999999998,4.16279999999999,3,2021,77
2021-03-19,3.76537391304348,3.26999999999998,4.38400000000001,0.292851821257365,3.4024,4.21039999999999,3,2021,78
2021-03-20,3.69971130434782,2.99200000000002,4.45600000000002,0.395354174732304,3.16279999999998,4.29519999999999,3,2021,79
2021-03-21,3.96182086956522,3.38400000000001,4.58999999999997,0.31533047911986,3.57040000000001,4.45219999999999,3,2021,80
2021-03-22,4.4933947826087,4.01100000000002,5.30500000000001,0.369109422093176,4.08499999999998,5.06820000000001,3,2021,81
2021-03-23,4.56332695652174,4.00700000000001,5.51800000000003,0.424776917332569,4.11179999999999,5.2202,3,2021,82
2021-03-24,4.61410434782609,4.18099999999998,5.43000000000001,0.348726442859879,4.22139999999999,5.15119999999998,3,2021,83
2021-03-25,4.98890260869565,4.70999999999998,5.29300000000001,0.150188409814674,4.78639999999999,5.1912,3,2021,84
2021-03-26,5.3148852173913,4.89300000000003,6.077,0.352612085682337,4.93700000000001,5.88940000000001,3,2021,85
2021-03-27,5.40662608695652,4.94400000000002,6.29899999999998,0.374629323438924,5.01140000000001,6.01100000000002,3,2021,86
2021-03-28,5.08662608695652,4.72399999999999,5.678,0.292462674019425,4.76100000000002,5.5576,3,2021,87
2021-03-29,5.04727652173913,4.69400000000002,5.41500000000002,0.193414185353336,4.80679999999999,5.34059999999999,3,2021,88
2021-03-30,5.07148695652174,4.63099999999997,5.46499999999997,0.209484249913868,4.80000000000001,5.3776,3,2021,89
2021-03-31,5.05579652173913,4.82499999999999,5.33299999999997,0.136861989496957,4.892,5.2636,3,2021,90
2021-04-01,5.04321391304348,4.88,5.17099999999999,0.0682166140049408,4.95100000000002,5.13400000000001,4,2021,91
2021-04-02,5.02984347826087,4.50799999999998,5.173,0.122768243696627,4.8432,5.14800000000002,4,2021,92
2021-04-03,5.0362347826087,4.48500000000001,5.25799999999998,0.144674170164549,4.82999999999998,5.20459999999999,4,2021,93
2021-04-04,5.0867547826087,4.738,5.435,0.174057654072931,4.846,5.3162,4,2021,94
2021-04-05,5.34686782608696,5.13,5.47899999999998,0.0830465420365023,5.22979999999999,5.44799999999998,4,2021,95
2021-04-06,5.72411130434783,5.19600000000003,5.90600000000001,0.15405029313909,5.478,5.88900000000001,4,2021,96
2021-04-07,5.73507652173913,5.01600000000002,6.19299999999998,0.240919488022731,5.37320000000001,6.041,4,2021,97
2021-04-08,5.80745913043478,5.21199999999999,6.33699999999999,0.26579106432928,5.44980000000002,6.1928,4,2021,98
2021-04-09,6.51520695652174,6.04500000000002,6.82600000000002,0.218865782189778,6.1394,6.75299999999999,4,2021,99
2021-04-10,7.04619652173913,6.71300000000002,7.53300000000002,0.200107918588839,6.80840000000001,7.36019999999999,4,2021,100
2021-04-11,7.10006782608696,6.84500000000003,7.41699999999997,0.11775734184693,6.98199999999997,7.27520000000001,4,2021,101
2021-04-12,6.89467652173913,6.55900000000003,7.10399999999998,0.141381115847182,6.68700000000001,7.072,4,2021,102
2021-04-13,7.06441391304348,6.63499999999999,7.49000000000001,0.208694780251801,6.77999999999997,7.3246,4,2021,103
2021-04-14,7.24512695652174,6.76900000000001,7.70999999999998,0.240186671495456,6.96399999999999,7.57619999999999,4,2021,104
2021-04-15,7.48391304347826,6.98500000000001,7.88299999999998,0.239529451798831,7.1838,7.80340000000001,4,2021,105
2021-04-16,7.47051304347826,6.97699999999998,7.76299999999998,0.204097834930455,7.1814,7.7066,4,2021,106
2021-04-17,7.17577565217391,6.87400000000002,7.536,0.16907191869694,6.95939999999999,7.4196,4,2021,107
2021-04-18,7.15652173913043,6.64100000000002,7.59300000000002,0.22114032736526,6.8748,7.48119999999999,4,2021,108
2021-04-19,7.20235304347826,6.76100000000002,7.64300000000003,0.193205210053819,7.0048,7.5148,4,2021,109
2021-04-20,7.1810052173913,6.69600000000003,7.50999999999999,0.177119917371046,6.9192,7.4018,4,2021,110
2021-04-21,7.16680869565217,6.81799999999998,7.43700000000001,0.140937212380767,6.97380000000002,7.34800000000001,4,2021,111
2021-04-22,6.84118608695652,6.435,7.26800000000003,0.213999182195415,6.59639999999999,7.16840000000001,4,2021,112
2021-04-23,6.82397217391304,6.11000000000001,7.65100000000001,0.4307993129113,6.32819999999999,7.49359999999999,4,2021,113
2021-04-24,6.75430260869565,6.00099999999998,7.50700000000001,0.416288611326339,6.2576,7.37860000000001,4,2021,114
2021-04-25,6.59265565217391,6.22199999999998,7.02600000000001,0.232372605010704,6.3232,6.95400000000001,4,2021,115
2021-04-26,6.39521913043478,5.95699999999999,6.86099999999999,0.211012188121511,6.09300000000002,6.6914,4,2021,116
2021-04-27,6.41375826086957,5.892,6.98000000000002,0.230528469517963,6.1268,6.72380000000001,4,2021,117
2021-04-28,6.42499304347826,6.048,6.74299999999999,0.154568196850629,6.2316,6.63,4,2021,118
2021-04-29,6.56681739130435,6.334,6.80399999999997,0.114733229636099,6.40899999999999,6.71980000000001,4,2021,119
2021-04-30,7.33231130434783,7.22899999999998,7.41199999999998,0.0317201195926448,7.28899999999999,7.37200000000001,4,2021,120
2021-05-01,7.50063304347826,7.25099999999998,7.71199999999999,0.0906548146647809,7.37900000000002,7.6362,5,2021,121
2021-05-02,7.47050782608696,7.12099999999998,7.774,0.135489059401087,7.30900000000003,7.68460000000001,5,2021,122
2021-05-03,7.61462086956522,7.41000000000003,7.71699999999998,0.0613260741331155,7.52439999999999,7.6866,5,2021,123
2021-05-04,7.61118260869565,7.447,7.79199999999997,0.0733089475276238,7.517,7.71960000000001,5,2021,124
2021-05-05,7.56057391304348,7.27600000000001,7.84199999999998,0.132591120523322,7.3944,7.75059999999999,5,2021,125
2021-05-06,7.44917565217391,7.11700000000002,7.73199999999997,0.16409631774279,7.21920000000001,7.65659999999999,5,2021,126
2021-05-07,7.43709043478261,7.065,7.714,0.179987142869269,7.16500000000002,7.64760000000001,5,2021,127
2021-05-08,7.52842434782609,7.29899999999998,7.75099999999998,0.127139559928583,7.34540000000002,7.69560000000001,5,2021,128
2021-05-09,8.17538608695652,7.94600000000003,8.416,0.111173564657089,8.01740000000001,8.32379999999999,5,2021,129
2021-05-10,9.05857913043478,8.81999999999999,9.16800000000001,0.0579843807751418,8.99099999999999,9.13299999999998,5,2021,130
2021-05-11,8.98700173913043,8.46699999999998,9.476,0.285686107925777,8.5538,9.3068,5,2021,131
2021-05-12,9.04909217391304,8.44499999999999,9.55900000000003,0.342862443630436,8.52739999999999,9.44759999999999,5,2021,132
2021-05-13,9.14524347826087,8.601,9.90300000000002,0.362117230120647,8.67700000000002,9.66399999999999,5,2021,133
2021-05-14,9.43438608695652,9.113,10.146,0.271356375884038,9.14999999999998,9.8702,5,2021,134
2021-05-15,9.76271826086957,9.48700000000002,10.322,0.211706169882477,9.54479999999999,10.1416,5,2021,135
2021-05-16,9.98854608695652,9.59300000000002,10.342,0.233097572430493,9.63299999999998,10.2736,5,2021,136
2021-05-17,10.5408956521739,10.193,10.842,0.141328242115265,10.3564,10.7472,5,2021,137
2021-05-18,11.8090313043478,11.175,12.165,0.194565814472089,11.5608,12.046,5,2021,138
2021-05-19,11.9376782608696,11.404,12.264,0.197736421710412,11.6434,12.183,5,2021,139
2021-05-20,12.1275704347826,11.57,12.484,0.192352594802259,11.8538,12.3636,5,2021,140
2021-05-21,12.2686191304348,11.776,12.596,0.157577853052902,12.058,12.4712,5,2021,141
2021-05-22,12.4861043478261,11.976,12.731,0.150537826396509,12.2474,12.6446,5,2021,142
2021-05-23,12.6096052173913,11.719,13.018,0.245329471222035,12.2718,12.891,5,2021,143
2021-05-24,12.2055913043478,11.058,12.755,0.295953549410333,11.816,12.581,5,2021,144
2021-05-25,11.9871391304348,11.091,12.434,0.268582908090605,11.56,12.2116,5,2021,145
2021-05-26,11.9475913043478,11.285,12.307,0.227101271967226,11.59,12.2122,5,2021,146
2021-05-27,11.9539060869565,11.692,12.141,0.0867356403351462,11.8372,12.072,5,2021,147
2021-05-28,12.0059304347826,11.873,12.137,0.0563438797289623,11.927,12.082,5,2021,148
2021-05-29,12.0698956521739,11.908,12.201,0.0500198173119482,12.01,12.1436,5,2021,149
2021-05-30,11.2239965217391,10.803,11.587,0.192838696982953,10.9354,11.468,5,2021,150
2021-05-31,11.5091947826087,10.601,12.322,0.446725909981377,10.8644,12.1052,5,2021,151
2021-06-01,11.8321339130435,11.103,12.906,0.508408661465829,11.339,12.657,6,2021,152
2021-06-02,11.8987026086957,11.239,12.973,0.498754302149911,11.393,12.7404,6,2021,153
2021-06-03,12.2336,11.642,12.927,0.341360620415904,11.775,12.7372,6,2021,154
2021-06-04,12.3441895652174,11.876,12.738,0.225950583298686,11.9994,12.6116,6,2021,155
2021-06-05,12.4651739130435,12.107,12.751,0.167210119481331,12.224,12.6832,6,2021,156
2021-06-06,12.4251217391304,12.111,12.633,0.127912232256079,12.234,12.5822,6,2021,157
2021-06-07,14.092812173913,13.535,14.538,0.214823506339339,13.801,14.373,6,2021,158
2021-06-08,15.0711791304348,14.804,15.228,0.0935193299212998,14.9424,15.1906,6,2021,159
2021-06-09,15.3410973913043,15.175,15.599,0.100475286420772,15.209,15.4746,6,2021,160
2021-06-10,15.0301252173913,14.836,15.315,0.107370674046526,14.8914,15.1782,6,2021,161
2021-06-11,15.0596730434783,14.876,15.261,0.0931691217501267,14.936,15.1882,6,2021,162
2021-06-12,14.7914086956522,14.71,14.911,0.0576984072226521,14.719,14.8716,6,2021,163
2021-06-13,14.7797965217391,14.207,15.263,0.32285327784037,14.3234,15.1936,6,2021,164
2021-06-14,14.7060956521739,14.042,15.344,0.383916520894722,14.1648,15.2034,6,2021,165
2021-06-15,14.6777252173913,14.158,15.043,0.291445791017216,14.2324,15.0046,6,2021,166
2021-06-16,14.7353773913043,14.266,15.256,0.278595929299858,14.3394,15.1112,6,2021,167
2021-06-17,14.82636,14.177,15.462,0.373343991551858,14.2674,15.315,6,2021,168
2021-06-18,14.7610452173913,14.093,15.503,0.42130668814767,14.2004,15.3254,6,2021,169
2021-06-19,14.6956034782609,14.319,15.109,0.246487016828945,14.3524,15.0156,6,2021,170
2021-06-20,14.8918660869565,14.775,14.997,0.0378422981245112,14.847,14.9456,6,2021,171
2021-06-21,15.6074208695652,15.345,15.844,0.122149307088657,15.4454,15.7756,6,2021,172
2021-06-22,14.629587826087,14.409,14.784,0.0853816938778272,14.4974,14.7226,6,2021,173
2021-06-23,14.7232365217391,14.244,15.121,0.209988367991452,14.3964,14.993,6,2021,174
2021-06-24,14.6002434782609,13.886,15.147,0.367966438007702,14.063,15.076,6,2021,175
2021-06-25,14.7369060869565,13.862,15.557,0.44779958132246,14.125,15.3832,6,2021,176
2021-06-26,14.962452173913,14.565,15.333,0.217533610822789,14.6364,15.2396,6,2021,177
2021-06-27,15.1768139130435,14.976,15.378,0.0903760348801311,15.0594,15.306,6,2021,178
2021-06-28,15.0740313043478,14.904,15.176,0.0525375166520192,15.006,15.1446,6,2021,179
2021-06-29,15.3413234782609,15.141,15.437,0.0576064358496101,15.2624,15.4076,6,2021,180
2021-06-30,15.8440643478261,15.649,15.953,0.0657484200354735,15.7504,15.924,6,2021,181
2021-07-01,15.7896191304348,15.561,15.936,0.0833152945703675,15.6744,15.894,7,2021,182
2021-07-02,15.6072504347826,15.411,15.751,0.0777689996883609,15.4934,15.706,7,2021,183
2021-07-03,14.4858313043478,14.239,14.725,0.117212206946867,14.315,14.637,7,2021,184
2021-07-04,15.1454573913043,14.89,15.361,0.1106448213494,14.9794,15.2852,7,2021,185
2021-07-05,15.324132173913,15.158,15.517,0.0708473103557119,15.243,15.4306,7,2021,186
2021-07-06,15.2834747826087,15.124,15.477,0.0726107874462726,15.1954,15.392,7,2021,187
2021-07-07,15.2835756521739,15.048,15.455,0.0693354776819487,15.192,15.3742,7,2021,188
2021-07-08,15.8792191304348,15.567,16.185,0.138452009255331,15.691,16.07,7,2021,189
2021-07-09,15.9830295652174,15.702,16.217,0.112342561127789,15.8254,16.1316,7,2021,190
2021-07-10,16.2034556521739,15.778,16.517,0.187624210282682,15.9424,16.451,7,2021,191
2021-07-11,16.4098382608696,15.887,17.098,0.30213156777775,16.0294,16.7968,7,2021,192
2021-07-12,16.3705791304348,16.012,16.759,0.195590289217478,16.0964,16.6338,7,2021,193
2021-07-13,16.6579495652174,16.361,17.109,0.173325887580476,16.439,16.9036,7,2021,194
2021-07-14,17.6904034782609,17.248,18.159,0.216315199403802,17.3894,17.9818,7,2021,195
2021-07-15,17.9033808695652,17.44,18.396,0.240900060203834,17.579,18.2436,7,2021,196
2021-07-16,17.89596,17.458,18.402,0.244933106419301,17.5714,18.2488,7,2021,197
2021-07-17,18.11772,17.617,18.613,0.247883837861953,17.7686,18.4478,7,2021,198
2021-07-18,17.616347826087,17.278,18.11,0.181504295045132,17.4144,17.8946,7,2021,199
2021-07-19,17.6886434782609,17.417,17.905,0.0767347564342496,17.605,17.794,7,2021,200
2021-07-20,17.9065843478261,17.467,18.075,0.117447947245041,17.721,18.0006,7,2021,201
2021-07-21,18.0222886956522,17.622,18.186,0.0816159750336897,17.9304,18.1076,7,2021,202
2021-07-22,17.732052173913,17.205,18.046,0.190216511678014,17.4568,17.9976,7,2021,203
2021-07-23,17.4728782608696,16.671,17.884,0.168613744724037,17.2804,17.658,7,2021,204
2021-07-24,17.2423495652174,16.418,17.872,0.338741225730489,16.766,17.6446,7,2021,205
2021-07-25,17.375547826087,16.938,17.688,0.152932157049785,17.1714,17.5716,7,2021,206
2021-07-26,17.45532,17.095,17.832,0.166326025921847,17.2004,17.6646,7,2021,207
2021-07-27,17.4810886956522,17.183,17.875,0.142366757050599,17.2964,17.6956,7,2021,208
2021-07-28,17.5442904347826,17.007,18.122,0.288492925587304,17.1792,17.9796,7,2021,209
2021-07-29,17.5631947826087,16.891,18.267,0.381282555437231,17.0698,18.1082,7,2021,210
2021-07-30,17.0410330434783,16.452,17.442,0.294593248111792,16.5658,17.3666,7,2021,211
2021-07-31,16.9192904347826,16.314,17.348,0.29571576338306,16.443,17.249,7,2021,212
2021-08-01,17.1372504347826,16.958,17.295,0.0875227788905475,17.0124,17.247,8,2021,213
2021-08-02,17.4323095652174,16.849,17.827,0.290128569653617,16.989,17.772,8,2021,214
2021-08-03,17.4511513043478,16.76,17.915,0.362626168927662,16.8796,17.8546,8,2021,215
2021-08-04,17.4867026086957,17.11,17.813,0.199580920452116,17.1866,17.7266,8,2021,216
2021-08-05,18.303572173913,18.169,18.365,0.0458249349143027,18.233,18.35,8,2021,217
2021-08-06,18.4762382608696,18.041,18.78,0.217359135201415,18.1654,18.7366,8,2021,218
2021-08-07,18.5061704347826,17.916,18.969,0.262181897178273,18.122,18.8128,8,2021,219
2021-08-08,18.4849826086957,18.03,18.769,0.194064448444267,18.1864,18.7176,8,2021,220
2021-08-09,18.6853756521739,18.206,19.058,0.15387677124957,18.4944,18.897,8,2021,221
2021-08-10,18.8238382608696,18.389,19.103,0.129928377202769,18.6832,18.9866,8,2021,222
2021-08-11,19.4898365217391,18.838,20.014,0.280377273931054,19.067,19.825,8,2021,223
2021-08-12,20.241,19.666,20.848,0.281642160587169,19.8362,20.5826,8,2021,224
2021-08-13,21.0533043478261,20.695,21.391,0.199782563594161,20.7594,21.288,8,2021,225
2021-08-14,21.1984973913043,20.754,21.629,0.235744516181308,20.8504,21.4916,8,2021,226
2021-08-15,21.0375147826087,20.554,21.356,0.217400526431267,20.7618,21.3066,8,2021,227
2021-08-16,20.0092834782609,19.788,20.434,0.167778666176952,19.829,20.269,8,2021,228
2021-08-17,19.6122904347826,19.205,19.783,0.115177113251973,19.433,19.72,8,2021,229
2021-08-18,19.4061130434783,19.165,19.634,0.0868024274714564,19.298,19.535,8,2021,230
2021-08-19,19.299627826087,18.927,19.66,0.150065794831356,19.1054,19.5052,8,2021,231
2021-08-20,18.9878573913043,18.614,19.245,0.115055374534226,18.8402,19.1392,8,2021,232
2021-08-21,19.0087530434783,18.671,19.262,0.10559335361579,18.885,19.1516,8,2021,233
2021-08-22,19.5694191304348,18.986,19.814,0.172103283093343,19.3246,19.763,8,2021,234
2021-08-23,19.7752191304348,19.447,20.046,0.128656894481021,19.597,19.945,8,2021,235
2021-08-24,19.770132173913,19.292,20.1,0.180176432863878,19.5346,19.9966,8,2021,236
2021-08-25,19.8174243478261,19.352,20.227,0.156063154257986,19.6654,20.0386,8,2021,237
2021-08-26,19.8154243478261,19.545,20.075,0.120620813257163,19.6734,19.9856,8,2021,238
2021-08-27,19.6794417391304,19.115,20.041,0.211823606018442,19.3678,19.929,8,2021,239
2021-08-28,19.2847304347826,19.006,19.762,0.193629874382272,19.074,19.6024,8,2021,240
2021-08-29,19.0675669565217,18.46,19.51,0.20944388441316,18.765,19.3366,8,2021,241
2021-08-30,18.5813356521739,17.951,19.063,0.256586640756125,18.2484,18.948,8,2021,242
2021-08-31,18.6234730434783,17.85,19.509,0.451266153942086,18.0478,19.2946,8,2021,243
2021-09-01,18.5384191304348,17.76,19.363,0.43413613608039,17.959,19.158,9,2021,244
2021-09-02,17.4029582608696,16.42,17.883,0.331993815793598,16.9026,17.769,9,2021,245
2021-09-03,17.1348452173913,16.208,17.783,0.356191334736504,16.6424,17.6196,9,2021,246
2021-09-04,17.1330660869565,16.403,17.779,0.347102896432762,16.669,17.6382,9,2021,247
2021-09-05,17.3064504347826,16.797,17.72,0.242321389150967,17.018,17.638,9,2021,248
2021-09-06,17.0619495652174,16.777,17.449,0.155214348459092,16.8514,17.2782,9,2021,249
2021-09-07,17.14972,16.487,17.692,0.31802162265146,16.6754,17.5532,9,2021,250
2021-09-08,17.2482417391304,16.534,17.846,0.373626729169078,16.7032,17.7396,9,2021,251
2021-09-09,17.2514365217391,16.799,17.649,0.242365172954059,16.9014,17.535,9,2021,252
2021-09-10,17.0938139130435,16.893,17.266,0.0871481086280635,16.97,17.2072,9,2021,253
2021-09-11,16.9620104347826,16.459,17.562,0.319951112166592,16.5304,17.3634,9,2021,254
2021-09-12,16.8767495652174,16.32,17.625,0.381622772718658,16.3958,17.3522,9,2021,255
2021-09-13,16.8089217391304,16.325,17.35,0.311104975388142,16.3994,17.206,9,2021,256
2021-09-14,16.7576469565217,16.351,17.185,0.23212392060273,16.43,17.046,9,2021,257
2021-09-15,16.7776765217391,16.536,17.034,0.142789322604674,16.5858,16.9728,9,2021,258
2021-09-16,16.7304834782609,16.478,17.01,0.143044896786258,16.5284,16.909,9,2021,259
2021-09-17,16.8085530434783,16.504,17.158,0.176476963644458,16.5552,17.041,9,2021,260
2021-09-18,16.86564,16.638,17.074,0.104412213097428,16.7082,16.9916,9,2021,261
2021-09-19,16.9579826086957,16.724,17.462,0.136039409552419,16.7904,17.1114,9,2021,262
2021-09-20,16.9943113043478,16.698,17.667,0.202443553781808,16.814,17.3222,9,2021,263
2021-09-21,17.0150660869565,16.661,17.614,0.209330305521141,16.7718,17.3106,9,2021,264
2021-09-22,17.1601460869565,16.962,17.557,0.135802247398284,17.0064,17.3622,9,2021,265
2021-09-23,17.3439739130435,17.222,17.552,0.0801401495453813,17.251,17.4642,9,2021,266
2021-09-24,17.5561217391304,17.484,17.684,0.0386205402522321,17.511,17.6096,9,2021,267
2021-09-25,17.6400765217391,17.384,17.829,0.0945104628266062,17.502,17.756,9,2021,268
2021-09-26,17.6128713043478,17.27,17.983,0.17016723930275,17.4176,17.8916,9,2021,269
2021-09-27,17.5752817391304,17.213,18.005,0.200180608165405,17.3344,17.893,9,2021,270
2021-09-28,17.6037826086957,17.252,17.861,0.12180801014156,17.473,17.797,9,2021,271
2021-09-29,17.3189286956522,16.882,17.644,0.202563914619894,17.018,17.563,9,2021,272
2021-09-30,15.936947826087,15.425,16.277,0.125965680539728,15.8024,16.0846,9,2021,273
2021-10-01,15.9786295652174,15.421,16.276,0.133374065262531,15.8454,16.1442,10,2021,274
2021-10-02,15.9934904347826,15.498,16.343,0.130178794880619,15.8334,16.1532,10,2021,275
2021-10-03,15.7879895652174,15.456,16.067,0.145065478051413,15.582,15.9782,10,2021,276
2021-10-04,15.2112469565217,14.913,15.513,0.143126457402766,15.012,15.4038,10,2021,277
2021-10-05,15.2208,15.014,15.537,0.137554449149549,15.042,15.4176,10,2021,278
2021-10-06,15.4086,15.191,15.706,0.108997107016559,15.2548,15.558,10,2021,279
2021-10-07,15.6833791304348,15.284,16.07,0.178975157160919,15.4424,15.933,10,2021,280
2021-10-08,15.7395739130435,15.333,16.14,0.201350521279014,15.4774,16.0322,10,2021,281
2021-10-09,15.6723669565217,15.319,15.935,0.108718666215045,15.5544,15.829,10,2021,282
2021-10-10,15.4974643478261,15.072,15.783,0.15000789188955,15.2844,15.6806,10,2021,283
2021-10-11,15.3379965217391,15.157,15.672,0.11204516256751,15.205,15.5216,10,2021,284
2021-10-12,15.4409304347826,15.25,15.745,0.109823355295116,15.3074,15.6102,10,2021,285
2021-10-13,15.6752904347826,15.434,15.965,0.130262523038468,15.5128,15.862,10,2021,286
2021-10-14,15.5596695652174,15.191,15.911,0.170877838148684,15.3064,15.787,10,2021,287
2021-10-15,15.587692173913,15.365,15.919,0.108932838327896,15.435,15.7346,10,2021,288
2021-10-16,15.7066956521739,15.471,15.901,0.0880867854759651,15.5814,15.8206,10,2021,289
2021-10-17,14.8312608695652,14.496,15.174,0.151118852028022,14.6264,15.0346,10,2021,290
2021-10-18,14.6841617391304,14.376,14.898,0.0869784301654335,14.569,14.791,10,2021,291
2021-10-19,14.5815513043478,14.321,14.771,0.0677898761690388,14.5032,14.669,10,2021,292
2021-10-20,14.2480852173913,13.879,14.614,0.180679943143295,13.9788,14.4882,10,2021,293
2021-10-21,14.2842034782609,13.856,14.571,0.202104792190112,13.965,14.5376,10,2021,294
2021-10-22,14.411867826087,14.042,14.668,0.167582815113077,14.1754,14.6202,10,2021,295
2021-10-23,14.264372173913,13.941,14.683,0.225055704892142,13.992,14.5936,10,2021,296
2021-10-24,13.9493095652174,13.567,14.418,0.214463023206756,13.67,14.2682,10,2021,297
2021-10-25,13.675427826087,13.281,14.07,0.174348897043595,13.4114,13.899,10,2021,298
2021-10-26,13.5634817391304,13.29,13.819,0.13373685456428,13.3784,13.7472,10,2021,299
2021-10-27,12.420667826087,12.213,12.627,0.0748685439682647,12.3214,12.52,10,2021,300
2021-10-28,12.4296817391304,12.204,12.705,0.115193404693043,12.28,12.5856,10,2021,301
2021-10-29,12.3945808695652,12.06,12.821,0.207480127882507,12.1286,12.6836,10,2021,302
2021-10-30,12.3068434782609,11.994,12.735,0.222206804486285,12.0264,12.64,10,2021,303
2021-10-31,12.2937965217391,11.743,12.705,0.267606370114502,11.9184,12.6262,10,2021,304
2021-11-01,12.257427826087,11.542,12.76,0.316128691749118,11.831,12.6246,11,2021,305
2021-11-02,12.1740382608696,11.72,12.576,0.238477061031215,11.836,12.4616,11,2021,306
2021-11-03,11.8619947826087,11.566,12.189,0.152601214394749,11.6884,12.1,11,2021,307
2021-11-04,11.7220573913043,11.36,12.202,0.236487821529692,11.409,12.0732,11,2021,308
2021-11-05,11.2277669565217,10.972,11.531,0.151222744381993,11.0244,11.424,11,2021,309
2021-11-06,11.04752,10.723,11.468,0.139888666034878,10.867,11.2148,11,2021,310
2021-11-07,11.4467669565217,11.181,11.725,0.137049450447271,11.2788,11.6516,11,2021,311
2021-11-08,11.4010956521739,11.163,11.718,0.164725321676033,11.2194,11.658,11,2021,312
2021-11-09,11.3407773913043,11.012,11.719,0.201315739608429,11.1054,11.6482,11,2021,313
2021-11-10,11.3503426086956,11.125,11.561,0.127595653168392,11.1794,11.5106,11,2021,314
2021-11-11,11.2956382608696,11.027,11.629,0.150455734853412,11.1024,11.51,11,2021,315
2021-11-12,11.30944,10.879,11.708,0.218429362042034,10.973,11.5632,11,2021,316
2021-11-13,11.3639373913043,10.805,11.844,0.295141794736278,10.9092,11.72,11,2021,317
2021-11-14,11.33264,10.903,11.768,0.237463257675044,10.9954,11.6436,11,2021,318
2021-11-15,11.0559165217391,10.687,11.54,0.212487490892499,10.8104,11.3816,11,2021,319
2021-11-16,11.0285495652174,10.613,11.681,0.262315448107834,10.7554,11.4412,11,2021,320
2021-11-17,11.272652173913,10.769,11.943,0.287216342220106,10.9354,11.7158,11,2021,321
2021-11-18,11.153667826087,10.7,11.543,0.210808934558916,10.855,11.4326,11,2021,322
2021-11-19,11.0861339130435,10.619,11.638,0.255435819034471,10.7814,11.4842,11,2021,323
2021-11-20,11.0314017391304,10.557,11.662,0.282147366165103,10.7184,11.4806,11,2021,324
2021-11-21,11.0874904347826,10.591,11.575,0.242351264410377,10.772,11.4482,11,2021,325
2021-11-22,10.8499843478261,10.433,11.121,0.179528752363832,10.58,11.0662,11,2021,326
2021-11-23,10.6882452173913,10.125,11.165,0.266424017004553,10.3222,11.0448,11,2021,327
2021-11-24,10.6038260869565,10.026,11.225,0.307969699086158,10.215,11.073,11,2021,328
2021-11-25,10.484132173913,9.899,11.226,0.334393579668203,10.0824,11.001,11,2021,329
2021-11-26,10.6209113043478,10.127,11.154,0.247239189567616,10.2894,10.9694,11,2021,330
2021-11-27,10.4216069565217,9.84100000000001,10.836,0.252399837559977,10.046,10.726,11,2021,331
2021-11-28,9.67099130434783,9.25599999999997,10.277,0.220422705077769,9.3904,10.0054,11,2021,332
2021-11-29,9.45509391304348,9.03899999999999,10.321,0.286383374444129,9.15899999999999,9.89739999999999,11,2021,333
2021-11-30,9.44781391304348,8.983,10.31,0.282758102896849,9.1172,9.88259999999999,11,2021,334
2021-12-01,9.48757043478261,9.06,10.258,0.260024586405834,9.19139999999999,9.8872,12,2021,335
2021-12-02,9.63962782608696,9.19499999999999,10.065,0.229387885494889,9.32760000000001,9.9548,12,2021,336
2021-12-03,9.29749391304348,8.78800000000001,10.124,0.361484246066855,8.87700000000001,9.8236,12,2021,337
2021-12-04,9.23083304347826,8.68700000000001,10.153,0.393204129882179,8.77939999999999,9.8078,12,2021,338
2021-12-05,9.33032869565217,8.82999999999998,10.056,0.31831767293046,8.95379999999998,9.80960000000001,12,2021,339
2021-12-06,9.38801217391304,8.875,9.87900000000002,0.247696949107537,9.04,9.7088,12,2021,340
2021-12-07,8.85686260869565,8.39300000000003,9.46300000000002,0.254267692576065,8.5284,9.2274,12,2021,341
2021-12-08,8.78096695652174,8.28300000000002,9.50200000000001,0.279860413103752,8.43340000000001,9.18839999999999,12,2021,342
2021-12-09,8.55998260869565,8.048,9.298,0.291781300331512,8.1874,8.97859999999999,12,2021,343
2021-12-10,8.37174260869565,7.791,9.56200000000001,0.359818227207592,7.95480000000001,8.89559999999999,12,2021,344
2021-12-11,8.58162086956522,7.84100000000001,9.334,0.359582111671432,8.08119999999998,9.06320000000002,12,2021,345
2021-12-12,8.42452347826087,7.46300000000002,9.935,0.602000091786147,7.69360000000002,9.30499999999998,12,2021,346
2021-12-13,8.31783304347826,7.35199999999998,9.94799999999998,0.626987010035228,7.57839999999999,9.2376,12,2021,347
2021-12-14,8.32935826086957,7.46499999999997,9.488,0.486583542569423,7.7078,9.0376,12,2021,348
2021-12-15,8.32714434782609,7.58299999999997,9.35199999999998,0.394017357147724,7.83079999999999,8.85759999999999,12,2021,349
2021-12-16,8.16210086956522,7.41899999999998,9.07499999999999,0.379176078515518,7.6676,8.70679999999998,12,2021,350
2021-12-17,8.34304173913043,7.62,9.12700000000001,0.357057801365737,7.85779999999997,8.83219999999999,12,2021,351
2021-12-18,8.03447652173913,7.45999999999998,8.63600000000002,0.292319998615675,7.6286,8.42859999999998,12,2021,352
2021-12-19,7.7670052173913,6.97300000000001,8.904,0.449494499244183,7.19,8.39739999999999,12,2021,353
2021-12-20,7.73674608695652,6.89400000000001,8.923,0.482129193379976,7.12379999999999,8.4156,12,2021,354
2021-12-21,7.57713217391304,6.75400000000002,8.221,0.406335107310972,7.0074,8.1132,12,2021,355
2021-12-22,7.44499826086957,6.63299999999998,8.14999999999998,0.431442340328728,6.87020000000002,8.029,12,2021,356
2021-12-23,7.55642260869565,6.66800000000001,8.49799999999999,0.476052990759017,6.92040000000001,8.20599999999998,12,2021,357
2021-12-24,7.49768173913044,6.75099999999998,8.34800000000001,0.3957229496617,6.9794,8.0626,12,2021,358
2021-12-25,7.19519478260869,6.37299999999999,8.267,0.461331560467667,6.6274,7.89400000000001,12,2021,359
2021-12-26,6.98386608695652,6.125,7.983,0.443484913830942,6.38839999999999,7.5894,12,2021,360
2021-12-27,6.87838434782609,6.03100000000001,7.81299999999999,0.410118496641743,6.29839999999999,7.35859999999999,12,2021,361
2021-12-28,6.61779304347826,5.887,7.32999999999998,0.349002581712678,6.1212,7.04439999999998,12,2021,362
2021-12-29,6.99022956521739,6.24900000000002,7.73700000000002,0.358876362240878,6.484,7.4486,12,2021,363
2021-12-30,7.24505913043478,6.58999999999997,7.83699999999999,0.311599492753533,6.80360000000001,7.64200000000001,12,2021,364
2021-12-31,6.9972747826087,6.31700000000001,7.59399999999999,0.318719854991435,6.54380000000001,7.39999999999998,12,2021,365
2022-01-01,7.2519652173913,6.392,8.05799999999999,0.42384468365338,6.66360000000001,7.82139999999999,1,2022,1
2022-01-02,7.25965913043478,6.36799999999999,8.24400000000003,0.466898274346877,6.63720000000002,7.9136,1,2022,2
2022-01-03,7.20150956521739,6.358,8.18900000000002,0.451631308916976,6.61080000000002,7.8564,1,2022,3
2022-01-04,7.34482608695652,6.46600000000001,8.25700000000001,0.450136151700143,6.73820000000002,7.97500000000002,1,2022,4
2022-01-05,7.10074260869565,6.298,7.86200000000002,0.385982000054416,6.5584,7.60500000000002,1,2022,5
2022-01-06,6.59318782608696,5.863,7.17899999999997,0.346804701878832,6.0994,7.0376,1,2022,6
2022-01-07,6.49540173913043,5.71699999999998,7.13900000000001,0.374274778874425,5.96300000000002,6.98540000000002,1,2022,7
2022-01-08,6.40424695652174,5.60500000000002,7.10000000000002,0.384521764906376,5.85380000000001,6.90840000000002,1,2022,8
2022-01-09,6.31736695652174,5.54700000000003,6.97800000000001,0.367113843606516,5.7946,6.79580000000001,1,2022,9
2022-01-10,6.28302086956522,5.58199999999999,6.88499999999999,0.333992253424649,5.803,6.71659999999999,1,2022,10
2022-01-11,6.05179826086956,5.45499999999998,6.839,0.296769677461133,5.64939999999999,6.45120000000001,1,2022,11
2022-01-12,5.96454260869565,5.30799999999999,6.78699999999998,0.329288105285298,5.51079999999998,6.40220000000002,1,2022,12
2022-01-13,6.09798086956522,5.43599999999998,6.81200000000001,0.322123931367294,5.6498,6.51320000000001,1,2022,13
2022-01-14,6.41632,6.01600000000002,6.81999999999999,0.195642509435597,6.1462,6.67859999999999,1,2022,14
2022-01-15,5.94627826086956,5.57600000000002,6.41399999999999,0.196121582313714,5.68440000000002,6.21699999999998,1,2022,15
2022-01-16,5.92319826086957,5.53500000000003,6.471,0.208430468683721,5.6454,6.21260000000001,1,2022,16
2022-01-17,6.05846608695652,5.69600000000003,6.5,0.192760765453129,5.8064,6.3306,1,2022,17
2022-01-18,6.25701739130435,5.80900000000003,6.93200000000002,0.262938062638568,5.93799999999999,6.64060000000002,1,2022,18
2022-01-19,6.12488695652174,5.65800000000002,6.94099999999997,0.299883507150577,5.78420000000001,6.589,1,2022,19
2022-01-20,6.11368695652174,5.70499999999998,6.75900000000001,0.227036419940495,5.83100000000002,6.42359999999999,1,2022,20
2022-01-21,6.21406434782609,5.75400000000002,6.714,0.233328575350598,5.89680000000002,6.51419999999998,1,2022,21
2022-01-22,6.17780347826087,5.65100000000001,6.60399999999998,0.247157015340012,5.8244,6.49460000000001,1,2022,22
2022-01-23,6.26203826086956,5.80599999999998,6.66699999999997,0.224769999200349,5.94680000000001,6.55279999999998,1,2022,23
2022-01-24,5.66808869565217,5.15699999999998,6.37599999999998,0.273196437592265,5.31139999999999,6.04199999999997,1,2022,24
2022-01-25,5.11644695652174,4.67500000000001,5.76499999999999,0.239715816549797,4.803,5.44259999999999,1,2022,25
2022-01-26,4.84372347826087,4.38999999999999,5.44400000000002,0.245913390298192,4.512,5.16519999999999,1,2022,26
2022-01-27,4.84295652173913,4.43700000000001,5.471,0.223504475837929,4.54300000000001,5.13660000000001,1,2022,27
2022-01-28,5.17234782608695,4.78899999999999,6.00400000000002,0.229469758564041,4.89819999999999,5.47959999999998,1,2022,28
2022-01-29,5.28692869565217,4.85000000000002,5.83299999999997,0.227917263231547,4.98399999999998,5.5844,1,2022,29
2022-01-30,4.77391130434783,4.16500000000002,5.45100000000002,0.290937300848996,4.38579999999999,5.16199999999998,1,2022,30
2022-01-31,4.42805391304348,3.78500000000003,5.09399999999999,0.299449056613038,4.0164,4.81299999999999,1,2022,31
2022-02-01,4.44280695652174,3.77699999999999,5.13299999999998,0.305236669392402,4.02100000000002,4.83459999999999,2,2022,32
2022-02-02,4.57677565217391,3.95600000000002,5.27499999999998,0.291381289468187,4.17839999999999,4.96920000000002,2,2022,33
2022-02-03,4.95235652173913,4.36099999999999,5.49900000000002,0.266387099831283,4.58499999999998,5.3034,2,2022,34
2022-02-04,4.59176869565217,3.983,5.39600000000002,0.303772965139002,4.21039999999999,5.03059999999999,2,2022,35
2022-02-05,4.37819478260869,3.661,5.29300000000001,0.327446009019664,3.94259999999998,4.8072,2,2022,36
2022-02-06,4.31900347826087,3.60599999999999,5.13400000000001,0.301029898827144,3.8928,4.68580000000001,2,2022,37
2022-02-07,4.38186956521739,3.755,5.24799999999999,0.311553898048449,3.97359999999999,4.80260000000001,2,2022,38
2022-02-08,4.54780173913043,4.07499999999999,5.11900000000003,0.227957203782973,4.24700000000001,4.85840000000001,2,2022,39
2022-02-09,4.19836695652174,3.70299999999997,4.75,0.274988892940645,3.83379999999997,4.57919999999998,2,2022,40
2022-02-10,4.06331304347826,3.52300000000002,4.87400000000002,0.351801960772094,3.6548,4.61000000000001,2,2022,41
2022-02-11,4.02117217391304,3.51400000000001,4.83199999999999,0.346492378794021,3.63480000000002,4.57859999999999,2,2022,42
2022-02-12,4.26429565217391,3.84300000000002,4.70100000000002,0.216537029765833,3.97139999999999,4.5558,2,2022,43
2022-02-13,3.77004173913043,3.35199999999998,4.15100000000001,0.212820805183424,3.47519999999998,4.05599999999998,2,2022,44
2022-02-14,3.34420347826087,2.94400000000002,4.05000000000001,0.240492457859977,3.04979999999998,3.673,2,2022,45
2022-02-15,3.27232173913043,2.81900000000002,4.00700000000001,0.265323277530934,2.9638,3.66619999999998,2,2022,46
2022-02-16,3.28743652173913,2.803,4.02999999999997,0.260600330224879,2.9424,3.6336,2,2022,47
2022-02-17,3.3465547826087,3.077,3.94,0.178171178038236,3.14100000000002,3.61139999999999,2,2022,48
2022-02-18,3.57349565217391,2.95299999999997,4.31099999999998,0.337785501230723,3.14159999999999,4.06919999999999,2,2022,49
2022-02-19,3.26368,2.69900000000001,4.49099999999999,0.399268536602319,2.83999999999997,3.89260000000002,2,2022,50
2022-02-20,3.19331652173913,2.68200000000002,4.40699999999998,0.379482322957681,2.80200000000002,3.811,2,2022,51
2022-02-21,3.47786260869565,2.94900000000001,4.428,0.323387945540197,3.10639999999999,3.96840000000002,2,2022,52
2022-02-22,3.72278608695652,3.09199999999998,4.48399999999998,0.32935616289369,3.27220000000001,4.17819999999999,2,2022,53
2022-02-23,3.52150434782609,2.83600000000001,4.45799999999997,0.38326566631267,3.02939999999999,4.08319999999998,2,2022,54
2022-02-24,3.37882434782609,2.82100000000003,4.267,0.351255838690993,2.94980000000002,3.88780000000002,2,2022,55
2022-02-25,3.44194086956522,2.76600000000002,4.29399999999998,0.336766485100652,2.97399999999998,3.87960000000001,2,2022,56
2022-02-26,2.82626260869565,2.303,3.45299999999997,0.241263180377212,2.48700000000002,3.13200000000002,2,2022,57
2022-02-27,2.58994086956522,2.00099999999998,3.37200000000001,0.355150284697193,2.15680000000001,3.13320000000001,2,2022,58
2022-02-28,2.77897565217391,2.12900000000002,3.65800000000002,0.355713249377158,2.32480000000002,3.25500000000001,2,2022,59
2022-03-01,2.8458052173913,2.20999999999998,3.56400000000002,0.327652122247284,2.40159999999999,3.26520000000002,3,2022,60
2022-03-02,2.68621043478261,2.14600000000002,3.291,0.29814223138433,2.29160000000001,3.11099999999999,3,2022,61
2022-03-03,2.65557391304348,2.09199999999998,3.25799999999998,0.313835402077316,2.24019999999999,3.1046,3,2022,62
2022-03-04,2.92111130434782,2.05099999999999,3.601,0.430462106602221,2.307,3.50179999999999,3,2022,63
2022-03-05,3.08393391304348,2.50599999999997,3.65100000000001,0.314508918373397,2.68040000000001,3.56,3,2022,64
2022-03-06,3.26153565217391,2.92700000000002,3.51800000000003,0.141315688183259,3.06139999999999,3.447,3,2022,65
2022-03-07,3.69612521739131,2.70600000000002,4.49799999999999,0.458715072124663,3.005,4.2742,3,2022,66
2022-03-08,3.58688695652174,2.56299999999999,4.43099999999998,0.471648136380106,2.91120000000002,4.19259999999999,3,2022,67
2022-03-09,3.50733217391304,2.85899999999998,4.28199999999998,0.341299105424747,3.04799999999999,4.00039999999999,3,2022,68
2022-03-10,3.34571826086957,3.01999999999998,3.95999999999998,0.233040030201708,3.07040000000001,3.70060000000001,3,2022,69
2022-03-11,3.30308695652174,2.96699999999998,3.78100000000001,0.206232538706212,3.03979999999999,3.60500000000002,3,2022,70
2022-03-12,3.44177217391304,3.10300000000001,3.82499999999999,0.184651990004205,3.19520000000001,3.69560000000001,3,2022,71
2022-03-13,3.52901043478261,3.07600000000002,4.166,0.291032667974245,3.1804,3.96080000000001,3,2022,72
2022-03-14,3.48107652173913,2.911,4.214,0.368904293021217,2.99759999999999,3.99719999999999,3,2022,73
2022-03-15,3.47077565217391,2.97199999999998,4.02499999999998,0.294263931576836,3.08239999999998,3.89680000000001,3,2022,74
2022-03-16,3.53519304347826,3.04500000000002,4.28399999999999,0.309922873321685,3.12879999999999,3.97360000000001,3,2022,75
2022-03-17,3.55504,3.11099999999999,4.40600000000001,0.328581944446172,3.17099999999999,4.04500000000002,3,2022,76
2022-03-18,3.58613739130435,3.15699999999998,4.28100000000001,0.29006567845142,3.24240000000001,4.02360000000001,3,2022,77
2022-03-19,3.94744869565217,3.62200000000001,4.24700000000001,0.155683366216782,3.73339999999999,4.1552,3,2022,78
2022-03-20,4.43764347826087,4.01400000000001,4.76800000000003,0.174573406946669,4.19159999999999,4.66759999999999,3,2022,79
2022-03-21,4.52766434782609,4.05399999999997,4.82299999999998,0.17385583267747,4.2574,4.7324,3,2022,80
2022-03-22,4.51849391304348,4.06099999999998,4.79899999999998,0.174940635668732,4.23919999999999,4.71699999999998,3,2022,81
2022-03-23,4.49632347826087,4.07499999999999,4.75299999999999,0.174393782420033,4.245,4.7066,3,2022,82
2022-03-24,4.48001217391304,4.07900000000001,4.75200000000001,0.167250104372205,4.24639999999999,4.70299999999997,3,2022,83
2022-03-25,4.32511652173913,3.97800000000001,4.56400000000002,0.148777944074155,4.11080000000002,4.50559999999998,3,2022,84
2022-03-26,4.37417739130435,4.096,4.56900000000002,0.117225206185821,4.209,4.5208,3,2022,85
2022-03-27,3.75222782608696,3.45799999999997,4.05200000000002,0.137011133826068,3.56799999999998,3.93799999999999,3,2022,86
2022-03-28,3.83029913043478,3.52600000000001,4.13999999999999,0.172136667553186,3.62039999999999,4.0816,3,2022,87
2022-03-29,3.92313391304348,3.43700000000001,4.21899999999999,0.172703279652142,3.709,4.16859999999999,3,2022,88
2022-03-30,4.01907826086957,3.69799999999998,4.32999999999998,0.166210644018737,3.8254,4.279,3,2022,89
2022-03-31,4.04417565217391,3.74200000000002,4.31700000000001,0.145508248141577,3.85639999999999,4.2706,3,2022,90
2022-04-01,4.2634347826087,4.06799999999998,4.483,0.104608889172891,4.12299999999999,4.41199999999998,4,2022,91
2022-04-02,4.48059304347826,4.22300000000001,4.858,0.172543499399346,4.28440000000001,4.7526,4,2022,92
2022-04-03,4.3924852173913,4.15699999999998,4.75700000000001,0.15547575420929,4.20999999999998,4.63200000000001,4,2022,93
2022-04-04,4.61209043478261,4.26100000000002,4.88799999999998,0.157387819113205,4.3894,4.81460000000001,4,2022,94
2022-04-05,4.71941739130435,4.31299999999999,5.00200000000001,0.170679405984814,4.4808,4.9388,4,2022,95
2022-04-06,4.83562086956522,4.50400000000002,5.12,0.145900909941956,4.63980000000001,5.03560000000001,4,2022,96
2022-04-07,5.00065217391304,4.70799999999997,5.20799999999997,0.128618432216744,4.81280000000002,5.16759999999999,4,2022,97
2022-04-08,5.2119947826087,4.90800000000002,5.51400000000001,0.151403946530453,5.01079999999999,5.4366,4,2022,98
2022-04-09,5.22417043478261,4.81099999999998,5.649,0.160873970287344,5.04540000000001,5.48140000000001,4,2022,99
2022-04-10,5.26971478260869,4.84100000000001,5.49799999999999,0.101047468959814,5.14400000000001,5.39480000000002,4,2022,100
2022-04-11,5.50171478260869,5.24400000000003,5.72500000000002,0.108220039945945,5.37299999999999,5.66800000000001,4,2022,101
2022-04-12,5.62384173913043,5.46800000000002,5.78800000000001,0.0863608283882048,5.512,5.74559999999999,4,2022,102
2022-04-13,5.38434086956522,5.31799999999998,5.44299999999998,0.0316037969525962,5.34100000000001,5.42700000000002,4,2022,103
2022-04-14,6.25211652173913,6.12200000000001,6.38099999999997,0.0581879567901005,6.17700000000002,6.32900000000001,4,2022,104
2022-04-15,6.41962782608696,6.26499999999999,6.57499999999999,0.0782414109543201,6.31599999999997,6.51600000000002,4,2022,105
2022-04-16,6.456,6.23899999999998,6.61700000000002,0.0779258335859788,6.358,6.56059999999999,4,2022,106
2022-04-17,6.27124173913043,6.04700000000003,6.541,0.143762564354779,6.08100000000002,6.45859999999999,4,2022,107
2022-04-18,6.17519478260869,5.96600000000001,6.52499999999998,0.1391958749761,6.02600000000001,6.41500000000002,4,2022,108
2022-04-19,6.13156,5.887,6.35300000000001,0.119020140596436,5.99799999999999,6.3102,4,2022,109
2022-04-20,6.11123652173913,5.791,6.38099999999997,0.156940254911141,5.9184,6.34100000000001,4,2022,110
2022-04-21,6.22779652173913,5.82299999999998,6.57400000000001,0.219841926078144,5.93019999999999,6.50919999999999,4,2022,111
2022-04-22,6.76673739130435,6.625,6.93099999999998,0.0807805922685614,6.67000000000002,6.887,4,2022,112
2022-04-23,6.85211652173913,6.654,7.05099999999999,0.0969664907909567,6.7054,6.976,4,2022,113
2022-04-24,6.67162434782609,6.36099999999999,7.04300000000001,0.161027855161328,6.47899999999998,6.91319999999998,4,2022,114
2022-04-25,6.58094956521739,6.26400000000001,6.88299999999998,0.170203421731098,6.31940000000001,6.80160000000001,4,2022,115
2022-04-26,6.17456,5.89699999999999,6.30399999999997,0.0814182183038726,6.06299999999999,6.279,4,2022,116
2022-04-27,5.9602747826087,5.71899999999999,6.11500000000001,0.102290497925089,5.80940000000002,6.0866,4,2022,117
2022-04-28,5.92497043478261,5.60000000000002,6.32999999999998,0.234960284646806,5.6514,6.2682,4,2022,118
2022-04-29,6.22154434782609,5.63600000000002,6.72300000000001,0.335318197778695,5.72040000000002,6.66699999999997,4,2022,119
2022-04-30,6.86662086956522,6.346,7.14800000000002,0.168621327764144,6.64699999999998,7.08860000000001,4,2022,120
2022-05-01,7.03722260869565,6.42700000000002,7.54599999999999,0.239290711135413,6.71300000000001,7.33619999999999,5,2022,121
2022-05-02,7.37173217391304,6.89699999999999,7.834,0.210975504113294,7.08079999999999,7.66579999999998,5,2022,122
2022-05-03,7.43089217391304,7.178,7.74799999999999,0.132736051747139,7.26600000000002,7.64520000000001,5,2022,123
2022-05-04,7.39703826086956,7.16199999999998,7.56,0.0795736150116952,7.28279999999999,7.49900000000002,5,2022,124
2022-05-05,7.09342260869565,7.00700000000001,7.20600000000002,0.0467885432626318,7.0394,7.1626,5,2022,125
2022-05-06,7.14573043478261,7.03800000000001,7.28500000000003,0.0583941195757776,7.07600000000002,7.23359999999999,5,2022,126
2022-05-07,7.49704,7.27100000000002,7.68700000000001,0.0939738461651235,7.37139999999999,7.62400000000002,5,2022,127
2022-05-08,8.34215826086956,7.98099999999999,8.517,0.115496192059503,8.17899999999997,8.4788,5,2022,128
2022-05-09,8.80743652173913,8.29500000000002,9.03300000000002,0.145657905700676,8.61740000000001,8.97659999999999,5,2022,129
2022-05-10,9.07463826086957,8.50999999999999,9.27699999999999,0.143993664919814,8.8786,9.2066,5,2022,130
2022-05-11,9.44353739130435,8.863,9.88,0.279460826529608,9.03399999999998,9.80359999999998,5,2022,131
2022-05-12,9.42845913043478,9.05099999999999,9.81900000000002,0.201568616850178,9.15100000000001,9.7108,5,2022,132
2022-05-13,9.86920869565217,9.608,10.131,0.123535652406675,9.71439999999999,10.044,5,2022,133
2022-05-14,10.1839234782609,9.92700000000002,10.485,0.134192089119686,10.013,10.379,5,2022,134
2022-05-15,10.033812173913,9.678,10.417,0.165491084819314,9.82140000000002,10.269,5,2022,135
2022-05-16,10.6784017391304,10.087,11.102,0.267871238369113,10.275,11.005,5,2022,136
2022-05-17,10.1994782608696,9.709,10.633,0.275734506826419,9.81,10.5232,5,2022,137
2022-05-18,10.1578208695652,9.76299999999998,10.625,0.226641547826812,9.83439999999999,10.4288,5,2022,138
2022-05-19,10.1292417391304,9.90300000000002,10.365,0.108736915174694,9.96800000000002,10.2698,5,2022,139
2022-05-20,10.4353339130435,10.107,10.692,0.128626839802542,10.2422,10.6,5,2022,140
2022-05-21,11.0566626086957,10.689,11.273,0.141972825503109,10.8292,11.209,5,2022,141
2022-05-22,11.2676956521739,10.937,11.51,0.138778329117451,11.0614,11.435,5,2022,142
2022-05-23,10.8222956521739,10.437,11.201,0.189887917331016,10.5282,11.0582,5,2022,143
2022-05-24,10.9076852173913,10.497,11.259,0.181860229020973,10.6634,11.1528,5,2022,144
2022-05-25,11.2199460869565,10.529,11.566,0.277836337057204,10.8148,11.525,5,2022,145
2022-05-26,11.5558104347826,10.898,11.871,0.235127011185832,11.1832,11.805,5,2022,146
2022-05-27,11.4668069565217,11.099,11.659,0.126162452462898,11.2674,11.593,5,2022,147
2022-05-28,11.8128834782609,11.278,12.188,0.273863852569079,11.4154,12.142,5,2022,148
2022-05-29,12.0690208695652,11.376,12.767,0.412681242517843,11.4812,12.5436,5,2022,149
2022-05-30,11.9026660869565,11.475,12.359,0.221421728128978,11.5984,12.2062,5,2022,150
2022-05-31,12.0776260869565,11.902,12.304,0.0852592133709108,11.9728,12.202,5,2022,151
2022-06-01,12.188307826087,11.883,12.481,0.143744889409427,11.9914,12.3856,6,2022,152
2022-06-02,12.0207269565217,11.772,12.278,0.121415089357327,11.8494,12.18,6,2022,153
2022-06-03,12.3672156521739,12.007,12.714,0.173703917555405,12.1232,12.6,6,2022,154
2022-06-04,13.0846069565217,12.86,13.174,0.0809071517166997,12.9522,13.162,6,2022,155
2022-06-05,13.273187826087,12.859,13.558,0.175161934608687,13.0074,13.4986,6,2022,156
2022-06-06,13.3204191304348,12.975,13.571,0.142627447680996,13.1024,13.4826,6,2022,157
2022-06-07,13.2089982608696,12.896,13.305,0.070583617329361,13.122,13.284,6,2022,158
2022-06-08,13.0711634782609,12.911,13.136,0.0485487763106382,13.001,13.123,6,2022,159
2022-06-09,13.4102834782609,13.031,13.899,0.195184317397468,13.13,13.654,6,2022,160
2022-06-10,13.4999182608696,13.067,14.143,0.226483430250767,13.202,13.8042,6,2022,161
2022-06-11,13.68504,13.331,14.124,0.176021766154867,13.4718,13.9336,6,2022,162
2022-06-12,13.9336260869565,13.605,14.256,0.14006340406404,13.7624,14.1466,6,2022,163
2022-06-13,14.1236869565217,13.867,14.285,0.115826462558754,13.9484,14.259,6,2022,164
2022-06-14,16.0197565217391,15.691,16.278,0.128195000045482,15.8518,16.197,6,2022,165
2022-06-15,16.0425826086957,15.684,16.345,0.151703462266245,15.8416,16.2524,6,2022,166
2022-06-16,15.9765060869565,15.603,16.316,0.166851577771073,15.7512,16.2076,6,2022,167
2022-06-17,15.9315460869565,15.55,16.249,0.158564688701343,15.7168,16.1518,6,2022,168
2022-06-18,15.7713565217391,15.393,16.072,0.145515507471573,15.5694,15.9626,6,2022,169
2022-06-19,13.1566782608696,12.428,13.899,0.373609914789512,12.6018,13.639,6,2022,170
2022-06-20,13.1918330434783,12.295,13.898,0.423473433736336,12.5388,13.7158,6,2022,171
2022-06-21,13.2922556521739,12.403,14.203,0.461021701702852,12.6578,13.908,6,2022,172
2022-06-22,13.5020956521739,12.961,13.929,0.20075099306852,13.271,13.7882,6,2022,173
2022-06-23,13.8501582608696,13.273,14.39,0.289947990645219,13.457,14.2432,6,2022,174
2022-06-24,15.5929947826087,15.167,16.264,0.227598762819228,15.3744,15.9576,6,2022,175
2022-06-25,15.9377026086957,15.242,16.494,0.254458625108557,15.6146,16.2658,6,2022,176
2022-06-26,16.2186017391304,15.369,16.677,0.300222094904334,15.766,16.5746,6,2022,177
2022-06-27,16.3518017391304,15.768,16.917,0.311856030277857,15.8646,16.7144,6,2022,178
2022-06-28,15.9921391304348,15.637,16.353,0.169371593564445,15.7272,16.2002,6,2022,179
2022-06-29,15.6642713043478,15.346,16.261,0.245837194634412,15.3974,16.076,6,2022,180
2022-06-30,14.9317982608696,14.718,15.25,0.156056825386087,14.7344,15.156,6,2022,181
2022-07-01,15.1684017391304,14.937,15.502,0.149797390448311,14.9884,15.384,7,2022,182
2022-07-02,15.7996365217391,15.386,16.09,0.144984962773348,15.5884,15.984,7,2022,183
2022-07-03,16.0981982608696,15.674,16.604,0.234096585825655,15.7774,16.436,7,2022,184
2022-07-04,16.0638556521739,15.676,16.695,0.191412697047034,15.8386,16.3108,7,2022,185
2022-07-05,16.0545269565217,15.71,16.378,0.114350668959968,15.8998,16.1922,7,2022,186
2022-07-06,16.1325373913043,15.791,16.533,0.191801912851959,15.8504,16.361,7,2022,187
2022-07-07,16.3147773913043,15.767,16.927,0.32942485913404,15.845,16.7096,7,2022,188
2022-07-08,16.2638608695652,15.856,16.696,0.252777307859271,15.9084,16.5696,7,2022,189
2022-07-09,16.1894347826087,15.788,16.876,0.335676412397903,15.814,16.7144,7,2022,190
2022-07-10,16.238092173913,15.662,17.286,0.471653149655295,15.709,16.9506,7,2022,191
2022-07-11,16.230692173913,15.67,17.012,0.419380189156704,15.7198,16.8576,7,2022,192
2022-07-12,16.3074904347826,15.838,16.955,0.347911257902422,15.8924,16.81,7,2022,193
2022-07-13,16.4233947826087,16.21,16.751,0.145398583405599,16.2522,16.6576,7,2022,194
2022-07-14,16.7541895652174,16.57,17.057,0.123761180731611,16.621,16.939,7,2022,195
2022-07-15,16.9548991304348,16.497,17.378,0.231027157059281,16.597,17.256,7,2022,196
2022-07-16,17.0120973913043,16.553,17.441,0.229361317993661,16.665,17.296,7,2022,197
2022-07-17,17.1496295652174,16.813,17.505,0.181784898433812,16.9268,17.43,7,2022,198
2022-07-18,17.40848,16.955,18.038,0.284083291020317,17.082,17.876,7,2022,199
2022-07-19,17.3267982608696,17.055,17.74,0.183020431630413,17.121,17.6344,7,2022,200
2022-07-20,17.4242782608696,17.078,17.838,0.1819877732533,17.1808,17.6752,7,2022,201
2022-07-21,17.7769182608696,17.462,18.171,0.171577357114283,17.556,18.0106,7,2022,202
2022-07-22,18.1870504347826,17.722,18.766,0.28128412464258,17.8274,18.5882,7,2022,203
2022-07-23,18.3962660869565,18.167,19.052,0.207730990143552,18.2204,18.755,7,2022,204
2022-07-24,18.7662260869565,18.362,19.413,0.204177318444202,18.511,19.0346,7,2022,205
2022-07-25,18.6852817391304,18.005,18.979,0.175382599972966,18.4388,18.8446,7,2022,206
2022-07-26,18.4111408695652,17.828,18.948,0.250713732355403,18.0868,18.78,7,2022,207
2022-07-27,17.9386834782609,17.499,18.774,0.282029807877526,17.6418,18.3862,7,2022,208
2022-07-28,17.1514486956522,16.623,18.048,0.306959712699275,16.842,17.6554,7,2022,209
2022-07-29,17.4654747826087,17.201,18.215,0.218800090867604,17.2588,17.8052,7,2022,210
2022-07-30,17.7115373913043,17.429,18.241,0.184609423591802,17.5134,17.999,7,2022,211
2022-07-31,18.4594226086957,18.291,18.806,0.101898719154404,18.374,18.6152,7,2022,212
2022-08-01,18.7157965217391,18.436,19.056,0.161525972243274,18.506,18.953,8,2022,213
2022-08-02,19.4817495652174,18.909,19.726,0.17005266624958,19.2394,19.66,8,2022,214
2022-08-03,19.9882382608696,19.655,20.151,0.107336638359195,19.8178,20.0996,8,2022,215
2022-08-04,20.2073408695652,19.825,20.486,0.134151399140034,20.034,20.37,8,2022,216
2022-08-05,20.5809130434783,20.035,21.019,0.216064771438447,20.3074,20.9012,8,2022,217
2022-08-06,20.798747826087,20.247,21.16,0.183707598083742,20.535,21.0146,8,2022,218
2022-08-07,21.0005513043478,20.527,21.123,0.116103028832347,20.8372,21.1036,8,2022,219
2022-08-08,20.9492069565217,20.266,21.531,0.278272158824072,20.6048,21.3198,8,2022,220
2022-08-09,20.6450695652174,19.793,21.243,0.308978702110396,20.2292,21.0382,8,2022,221
2022-08-10,20.3121356521739,19.461,20.992,0.326430871656787,19.8698,20.7336,8,2022,222
2022-08-11,18.6198660869565,18.117,18.879,0.173683102272931,18.3662,18.828,8,2022,223
2022-08-12,18.2937339130435,17.828,18.766,0.243694682059189,18.0298,18.645,8,2022,224
2022-08-13,18.0395443478261,17.427,18.614,0.248172142329574,17.7438,18.4094,8,2022,225
2022-08-14,18.1037826086957,17.434,18.456,0.176886771723056,17.8518,18.3122,8,2022,226
2022-08-15,18.1273843478261,17.623,18.407,0.114891116906965,17.9862,18.2482,8,2022,227
2022-08-16,18.1652173913043,17.65,18.574,0.167559099907538,17.947,18.3934,8,2022,228
2022-08-17,18.3040052173913,17.494,19.039,0.363255084025389,17.8088,18.7998,8,2022,229
2022-08-18,18.1574782608696,17.395,18.78,0.290745729513642,17.7388,18.531,8,2022,230
2022-08-19,17.997747826087,17.506,18.498,0.25243192905463,17.6464,18.3392,8,2022,231
2022-08-20,17.9893739130435,17.364,18.706,0.314163261804136,17.5784,18.423,8,2022,232
2022-08-21,18.222707826087,17.412,18.755,0.229456754728558,17.9694,18.504,8,2022,233
2022-08-22,18.1794139130435,17.245,18.983,0.352545530429194,17.7414,18.6802,8,2022,234
2022-08-23,18.4555773913043,17.864,19.083,0.268967519722469,18.1308,18.858,8,2022,235
2022-08-24,18.5657495652174,17.908,19.127,0.291845473459381,18.1408,18.9416,8,2022,236
2022-08-25,18.9245791304348,18.368,19.398,0.195546906380697,18.6952,19.2414,8,2022,237
2022-08-26,19.167,18.754,19.612,0.228796190667833,18.8954,19.4692,8,2022,238
2022-08-27,19.11544,18.913,19.372,0.0765672221789139,19.023,19.2116,8,2022,239
2022-08-28,18.8087843478261,18.518,18.967,0.073811173284409,18.7224,18.901,8,2022,240
2022-08-29,18.7597617391304,18.51,19.184,0.150893427319152,18.6294,19.0102,8,2022,241
2022-08-30,18.6621808695652,18.475,18.817,0.070961136607654,18.5904,18.776,8,2022,242
2022-08-31,17.8494730434783,17.533,18.09,0.112071245167234,17.695,17.986,8,2022,243
2022-09-01,17.1336313043478,16.702,17.668,0.266146791635318,16.812,17.524,9,2022,244
2022-09-02,16.7713669565217,16.442,17.469,0.248088832761714,16.534,17.1748,9,2022,245
2022-09-03,16.7669982608696,16.391,17.263,0.249356541253602,16.463,17.157,9,2022,246
2022-09-04,16.9396173913043,16.527,17.453,0.244284840546254,16.6524,17.341,9,2022,247
2022-09-05,17.0746991304348,16.893,17.388,0.133949539029483,16.919,17.2866,9,2022,248
2022-09-06,16.8712956521739,16.454,17.282,0.225911848535197,16.5378,17.167,9,2022,249
2022-09-07,16.7405965217391,16.167,17.341,0.33901373758831,16.249,17.1762,9,2022,250
2022-09-08,17.2716191304348,17.102,17.461,0.0884647175635456,17.1518,17.379,9,2022,251
2022-09-09,17.3815443478261,17,17.813,0.188868197959783,17.122,17.6316,9,2022,252
2022-09-10,17.5471860869565,17.089,17.965,0.206270521473832,17.2494,17.814,9,2022,253
2022-09-11,17.7654486956522,17.302,18.116,0.130986462559042,17.6106,17.954,9,2022,254
2022-09-12,18.3345426086956,17.839,18.783,0.197871243753814,18.097,18.6186,9,2022,255
2022-09-13,18.4214747826087,18.005,18.847,0.159592410857764,18.239,18.6396,9,2022,256
2022-09-14,18.1072730434783,17.559,18.552,0.237587761640073,17.7988,18.4246,9,2022,257
2022-09-15,17.5572904347826,16.991,18.067,0.278481204669797,17.1464,17.8782,9,2022,258
2022-09-16,16.20764,15.677,16.709,0.286576477561033,15.7958,16.608,9,2022,259
2022-09-17,15.9558243478261,15.282,16.643,0.317683309477279,15.5052,16.4032,9,2022,260
2022-09-18,15.8144991304348,15.06,16.483,0.375229754819207,15.221,16.2256,9,2022,261
2022-09-19,15.874227826087,15.358,16.359,0.223761411461412,15.5292,16.1426,9,2022,262
2022-09-20,15.1701217391304,14.814,15.747,0.264704751303831,14.847,15.5432,9,2022,263
2022-09-21,15.1134608695652,14.425,15.896,0.412197905153799,14.6014,15.672,9,2022,264
2022-09-22,15.2469147826087,14.327,16.036,0.405835488769596,14.727,15.8136,9,2022,265
2022-09-23,15.2552713043478,14.871,15.783,0.241614350173926,15.0104,15.6252,9,2022,266
2022-09-24,14.6319808695652,14.281,15.225,0.208878925592636,14.365,14.921,9,2022,267
2022-09-25,14.4039530434783,13.848,14.986,0.260121030970039,14.0082,14.7346,9,2022,268
2022-09-26,14.4984313043478,14.152,15.073,0.215113862712803,14.217,14.814,9,2022,269
2022-09-27,14.5373808695652,14.22,15.053,0.192811924707334,14.294,14.8026,9,2022,270
2022-09-28,14.5081965217391,14.162,14.954,0.214329514426807,14.244,14.8,9,2022,271
2022-09-29,14.5620104347826,14.288,15.138,0.170513683519042,14.357,14.78,9,2022,272
2022-09-30,14.5280260869565,14.288,15.232,0.176787991933287,14.332,14.744,9,2022,273
2022-10-01,14.3150973913043,14.101,15.002,0.180430536915787,14.1714,14.5878,10,2022,274
2022-10-02,14.2387826086957,14.021,14.629,0.128717405306053,14.0704,14.4272,10,2022,275
2022-10-03,13.6650973913043,13.362,14.403,0.205720246370409,13.48,13.9712,10,2022,276
2022-10-04,13.5381530434783,13.315,13.972,0.139359488838122,13.41,13.7612,10,2022,277
2022-10-05,13.5280695652174,13.39,13.786,0.0719796624561545,13.454,13.6292,10,2022,278
2022-10-06,13.5834695652174,13.248,13.951,0.187639561149422,13.3574,13.8766,10,2022,279
2022-10-07,13.8015652173913,13.554,14.028,0.121047168106195,13.6334,13.9616,10,2022,280
2022-10-08,13.7288956521739,13.459,14.025,0.121140585095872,13.5854,13.9026,10,2022,281
2022-10-09,13.3815860869565,12.812,13.888,0.286351211855002,12.9514,13.7576,10,2022,282
2022-10-10,13.2026747826087,12.71,13.55,0.212832237447181,12.8634,13.447,10,2022,283
2022-10-11,13.2047565217391,13.034,13.485,0.109182645245129,13.072,13.3486,10,2022,284
2022-10-12,13.1950156521739,12.869,13.556,0.122241670010625,13.0216,13.3306,10,2022,285
2022-10-13,13.2866539130435,13.098,13.506,0.0774619174579616,13.1764,13.381,10,2022,286
2022-10-14,13.4938104347826,13.289,13.753,0.107112841744281,13.351,13.6406,10,2022,287
2022-10-15,13.5082452173913,13.102,13.874,0.170997495877645,13.2918,13.7396,10,2022,288
2022-10-16,13.4872347826087,13.046,13.858,0.175423237847534,13.2764,13.7286,10,2022,289
2022-10-17,13.4446834782609,13.11,13.755,0.147479334128037,13.2464,13.6466,10,2022,290
2022-10-18,13.6196626086957,13.417,13.722,0.0457583896095966,13.562,13.675,10,2022,291
2022-10-19,13.5910347826087,13.339,13.738,0.0698691821965524,13.5244,13.702,10,2022,292
2022-10-20,13.350827826087,13.116,13.564,0.115667536566232,13.191,13.5116,10,2022,293
2022-10-21,13.107907826087,12.962,13.264,0.0658996454176493,13.012,13.1912,10,2022,294
2022-10-22,13.2341791304348,13.179,13.313,0.0318618683974915,13.192,13.28,10,2022,295
2022-10-23,13.3009426086956,13.252,13.396,0.0355156417934163,13.264,13.3576,10,2022,296
2022-10-24,13.36132,13.322,13.452,0.0277372289098202,13.329,13.4026,10,2022,297
2022-10-25,13.5240382608696,13.474,13.639,0.0345720768643192,13.485,13.574,10,2022,298
2022-10-26,13.713612173913,13.646,13.788,0.033328177978348,13.668,13.7556,10,2022,299
2022-10-27,13.5171965217391,13.23,13.834,0.127101490306191,13.3878,13.7022,10,2022,300
2022-10-28,13.2163617391304,12.938,13.426,0.115917884835968,13.0658,13.374,10,2022,301
2022-10-29,12.780907826087,12.596,12.914,0.0883250462146489,12.653,12.884,10,2022,302
2022-10-30,12.6287547826087,12.41,12.793,0.0903630542617889,12.5154,12.7546,10,2022,303
2022-10-31,12.6322504347826,12.543,12.824,0.05340457537902,12.569,12.701,10,2022,304
2022-11-01,12.757987826087,12.713,12.891,0.0401344629073544,12.7164,12.818,11,2022,305
2022-11-02,12.6782991304348,12.544,12.92,0.0955504732771806,12.579,12.8366,11,2022,306
2022-11-03,12.6653513043478,12.375,12.963,0.150089212938939,12.4654,12.8886,11,2022,307
2022-11-04,12.7778834782609,12.465,12.971,0.108428328525829,12.6244,12.9316,11,2022,308
2022-11-05,12.9886939130435,12.82,13.142,0.0718656572924511,12.8954,13.092,11,2022,309
2022-11-06,13.0314556521739,12.926,13.148,0.053171745580731,12.961,13.106,11,2022,310
2022-11-07,12.832012173913,12.593,13.007,0.0965581996220699,12.696,12.955,11,2022,311
2022-11-08,12.7721547826087,12.481,12.982,0.128077320562298,12.585,12.918,11,2022,312
2022-11-09,12.5344417391304,12.185,12.872,0.153308846567948,12.359,12.7862,11,2022,313
2022-11-10,12.116667826087,11.782,12.529,0.188149301096511,11.88,12.4096,11,2022,314
2022-11-11,11.5886243478261,11.032,12.288,0.273995386603532,11.267,12.0136,11,2022,315
2022-11-12,11.4766104347826,11.252,11.772,0.113228814136932,11.347,11.6384,11,2022,316
2022-11-13,11.2248660869565,11.097,11.637,0.0972119947924418,11.122,11.3488,11,2022,317
2022-11-14,10.81276,10.674,11.074,0.0939677541251849,10.693,10.946,11,2022,318
2022-11-15,10.7612539130435,10.54,11.031,0.121743153179798,10.59,10.9176,11,2022,319
2022-11-16,10.5365686956522,10.245,10.935,0.163240833586568,10.324,10.7582,11,2022,320
2022-11-17,10.41012,9.96899999999999,10.991,0.242986366030392,10.0908,10.7444,11,2022,321
2022-11-18,10.5183547826087,10.258,10.847,0.143417385221881,10.322,10.7106,11,2022,322
2022-11-19,10.1911565217391,9.94200000000001,10.71,0.190423523534795,9.97399999999999,10.4806,11,2022,323
2022-11-20,9.93302086956522,9.685,10.297,0.168677773287808,9.72500000000002,10.194,11,2022,324
2022-11-21,9.67507130434782,9.44600000000003,10.04,0.136625152109933,9.49400000000003,9.86660000000001,11,2022,325
2022-11-22,9.60343304347826,9.35500000000002,9.90100000000001,0.134168864764074,9.42839999999999,9.7946,11,2022,326
2022-11-23,9.54182782608696,9.20699999999999,10.014,0.208308660835462,9.30080000000001,9.8732,11,2022,327
2022-11-24,9.39521391304348,8.995,9.964,0.250565446563697,9.1454,9.82600000000002,11,2022,328
2022-11-25,9.14204173913043,8.92599999999999,9.69499999999999,0.180095991624081,8.97800000000001,9.4352,11,2022,329
2022-11-26,9.24823304347826,8.90899999999999,9.81700000000001,0.229574545036087,9.00700000000001,9.62299999999999,11,2022,330
2022-11-27,9.27628,8.916,9.91199999999998,0.250984729327106,9.01999999999998,9.68919999999999,11,2022,331
2022-11-28,9.25000869565217,8.91800000000001,9.79399999999998,0.226451042914678,9.00999999999999,9.61420000000001,11,2022,332
2022-11-29,9.27370608695652,8.91500000000002,9.82900000000001,0.217474630378706,9.06999999999999,9.63820000000002,11,2022,333
2022-11-30,9.07069391304348,8.71499999999997,9.56200000000001,0.209721958496904,8.8174,9.3836,11,2022,334
2022-12-01,8.65845043478261,8.41399999999999,9.089,0.151938612772409,8.48700000000002,8.89360000000002,12,2022,335
2022-12-02,8.59957217391304,8.34699999999998,9.15600000000001,0.199062684937344,8.40699999999998,8.92500000000001,12,2022,336
2022-12-03,8.68683652173913,8.40100000000001,9.20499999999998,0.187192221879359,8.4852,8.97720000000001,12,2022,337
2022-12-04,8.74279304347826,8.43799999999999,9.065,0.144844854956162,8.541,8.93700000000001,12,2022,338
2022-12-05,8.52431826086957,8.30500000000001,8.84699999999998,0.115278338805117,8.37539999999999,8.6758,12,2022,339
2022-12-06,8.51433565217391,8.20799999999997,8.85500000000002,0.161848362264878,8.2944,8.73420000000001,12,2022,340
2022-12-07,8.47885043478261,8.173,8.91699999999997,0.199164094345069,8.21840000000001,8.75799999999998,12,2022,341
2022-12-08,8.33113913043478,7.94200000000001,8.83299999999997,0.238964858515879,8.00999999999999,8.65920000000002,12,2022,342
2022-12-09,8.17401391304348,7.70799999999997,8.67899999999997,0.272698305201459,7.80099999999999,8.548,12,2022,343
2022-12-10,8.0119252173913,7.65300000000002,8.33800000000002,0.191212406222214,7.75639999999999,8.27999999999997,12,2022,344
2022-12-11,7.54668173913043,7.363,8.07100000000003,0.159026616437772,7.3774,7.7922,12,2022,345
2022-12-12,7.41690782608696,7.24400000000003,7.75599999999997,0.105492606828347,7.29380000000001,7.56759999999999,12,2022,346
2022-12-13,7.02938260869565,6.798,7.42200000000003,0.143058574697838,6.85540000000001,7.2408,12,2022,347
2022-12-14,7.02156,6.66000000000003,7.65100000000001,0.248738089309158,6.7438,7.42920000000003,12,2022,348
2022-12-15,7.21858956521739,6.94900000000001,7.69499999999999,0.164461528376739,7.02300000000002,7.46659999999999,12,2022,349
2022-12-16,7.17526782608695,6.88099999999997,7.48000000000002,0.144513678956507,6.9758,7.3596,12,2022,350
2022-12-17,6.36779304347826,6.01499999999999,6.70299999999997,0.180418775204511,6.11740000000001,6.608,12,2022,351
2022-12-18,6.34150956521739,5.93099999999998,6.80399999999997,0.228928764605384,6.04239999999999,6.66560000000001,12,2022,352
2022-12-19,6.24386086956522,5.86799999999999,6.79300000000001,0.244723020812548,5.96499999999997,6.63179999999999,12,2022,353
2022-12-20,6.22120173913043,5.78199999999998,6.69799999999998,0.266712129321641,5.88600000000002,6.61160000000001,12,2022,354
2022-12-21,6.18384695652174,5.78699999999998,6.54700000000003,0.209718022617886,5.90119999999999,6.4776,12,2022,355
2022-12-22,6.17997043478261,5.80700000000002,6.46300000000002,0.176923183085839,5.93080000000001,6.40899999999999,12,2022,356
2022-12-23,6.27500173913043,5.93700000000001,6.83100000000002,0.225334435918942,6.02439999999999,6.62939999999999,12,2022,357
2022-12-24,6.26857043478261,5.98700000000002,6.81299999999999,0.204941968914697,6.04540000000001,6.60300000000001,12,2022,358
2022-12-25,6.26283826086956,6.01999999999998,6.85199999999998,0.172837046163683,6.07299999999998,6.50059999999999,12,2022,359
2022-12-26,6.45520173913043,6.20600000000002,7.12900000000002,0.207188633766737,6.2534,6.77920000000001,12,2022,360
2022-12-27,6.31195130434783,6.11799999999999,7.03899999999999,0.154936575966869,6.16139999999999,6.49760000000001,12,2022,361
2022-12-28,6.31948,6.09300000000002,6.95299999999997,0.128068113410301,6.16040000000002,6.46220000000002,12,2022,362
2022-12-29,6.46072173913044,6.35199999999998,6.74700000000001,0.0740488759188463,6.38200000000001,6.57299999999998,12,2022,363
2022-12-30,6.5158852173913,6.37400000000002,6.77499999999998,0.0704083463380253,6.45100000000002,6.6266,12,2022,364
2022-12-31,6.49874956521739,6.32799999999997,6.79700000000003,0.117479599662744,6.36339999999999,6.67719999999999,12,2022,365
2023-01-01,6.54165913043478,6.30700000000002,6.78100000000001,0.120224203949415,6.3784,6.70179999999998,1,2023,1
2023-01-02,6.09895304347826,5.90199999999999,6.32600000000002,0.0987857440463132,5.96439999999999,6.22720000000001,1,2023,2
2023-01-03,5.95642086956522,5.75200000000001,6.15300000000002,0.0980789356206666,5.8174,6.08199999999999,1,2023,3
2023-01-04,6.20844695652174,6.07900000000001,6.34800000000001,0.0641616552179187,6.11900000000003,6.29300000000001,1,2023,4
2023-01-05,6.40632173913043,6.28300000000002,6.55599999999998,0.0606359083115029,6.32299999999998,6.48880000000001,1,2023,5
2023-01-06,5.88742782608696,5.678,6.12200000000001,0.111537987113395,5.7404,6.0446,1,2023,6
2023-01-07,6.14332,5.81400000000002,6.553,0.166574543692222,5.92140000000001,6.35659999999998,1,2023,7
2023-01-08,6.03615826086956,5.53699999999998,6.51499999999999,0.243354090957643,5.71779999999999,6.35659999999998,1,2023,8
2023-01-09,5.92935478260869,5.38200000000001,6.63099999999997,0.328629265993619,5.5444,6.3908,1,2023,9
2023-01-10,5.86517391304348,5.334,6.33499999999998,0.256248554372384,5.5034,6.20499999999998,1,2023,10
2023-01-11,5.78569391304348,5.23599999999999,6.31599999999997,0.281002027745409,5.3864,6.17420000000001,1,2023,11
2023-01-12,5.71032173913043,5.21100000000001,6.154,0.254183496636047,5.346,6.04779999999998,1,2023,12
2023-01-13,5.48170608695652,5.137,5.80599999999998,0.152301514909473,5.26840000000002,5.67760000000001,1,2023,13
2023-01-14,5.88350434782609,5.49900000000002,6.32900000000001,0.192331657416241,5.63900000000001,6.16300000000001,1,2023,14
2023-01-15,5.44071304347826,5.048,5.89800000000002,0.196756839142714,5.19039999999999,5.72500000000002,1,2023,15
2023-01-16,5.84276,5.39999999999998,6.32600000000002,0.210810592861739,5.56879999999999,6.13660000000001,1,2023,16
2023-01-17,5.45190434782609,5.04399999999998,6.02100000000002,0.216440711112898,5.16819999999999,5.76,1,2023,17
2023-01-18,5.45709913043478,4.95100000000002,6.00400000000002,0.235683856892957,5.1248,5.76800000000003,1,2023,18
2023-01-19,5.3736,4.88600000000002,5.77100000000002,0.217529836953823,5.0674,5.6842,1,2023,19
2023-01-20,5.34525739130435,4.84899999999999,5.85500000000002,0.235220076007441,5.01760000000001,5.66519999999999,1,2023,20
2023-01-21,4.83364869565217,4.31599999999997,5.721,0.292559101020219,4.47239999999999,5.23039999999999,1,2023,21
2023-01-22,4.71059478260869,4.13200000000001,5.52600000000001,0.29260771739541,4.32100000000003,5.10459999999998,1,2023,22
2023-01-23,4.59837391304348,3.952,5.13499999999999,0.300820042424963,4.15940000000001,4.9942,1,2023,23
2023-01-24,4.51170260869565,3.81599999999997,5.06200000000001,0.323961724376167,4.06999999999998,4.94440000000002,1,2023,24
2023-01-25,4.52284347826087,3.798,5.17599999999999,0.36060269408921,4.04899999999998,5.02199999999999,1,2023,25
2023-01-26,4.48050608695652,3.79399999999998,5.173,0.334034585121004,4.02539999999999,4.93400000000003,1,2023,26
2023-01-27,4.32818956521739,3.63400000000001,4.928,0.318384249303438,3.87080000000001,4.72680000000001,1,2023,27
2023-01-28,4.13194956521739,3.56599999999997,4.803,0.322637674304277,3.7148,4.61660000000001,1,2023,28
2023-01-29,4.22409913043478,3.30500000000001,4.88,0.419908927718428,3.56,4.71459999999998,1,2023,29
2023-01-30,4.35233043478261,3.24099999999999,5.28399999999999,0.556785828274107,3.49900000000002,5.00620000000001,1,2023,30
2023-01-31,4.36675826086956,3.52300000000002,5.11700000000002,0.436438638714338,3.7352,4.923,1,2023,31
2023-02-01,3.73583130434783,3.23599999999999,4.25299999999999,0.233402840870337,3.39600000000002,4.03159999999999,2,2023,32
2023-02-02,3.62563130434782,3.07799999999997,4.10199999999998,0.255139245429629,3.262,3.9446,2,2023,33
2023-02-03,3.56034608695652,3.01299999999998,4.00900000000001,0.251396774448884,3.19520000000001,3.86799999999999,2,2023,34
2023-02-04,3.75190260869565,3.18299999999999,4.43299999999999,0.273710440306094,3.36559999999998,4.09880000000001,2,2023,35
2023-02-05,4.46605739130435,3.68000000000001,5.19299999999998,0.361000741035287,3.96199999999999,4.93719999999998,2,2023,36
2023-02-06,4.45837217391304,3.68000000000001,5.16899999999998,0.361726883984564,3.95499999999998,4.94559999999999,2,2023,37
2023-02-07,4.59796695652174,3.75900000000001,5.48899999999998,0.411986951292327,4.02199999999999,5.1316,2,2023,38
2023-02-08,4.43052347826087,3.649,5.36099999999999,0.40869457222683,3.89199999999998,4.99580000000002,2,2023,39
2023-02-09,4.33901043478261,3.637,5.23700000000002,0.384556942081108,3.84500000000002,4.88599999999998,2,2023,40
2023-02-10,4.31776695652174,3.25599999999997,5.44099999999997,0.560724355400208,3.5202,5.05000000000001,2,2023,41
2023-02-11,4.35726086956522,3.22500000000002,5.67099999999999,0.6276324726133,3.48599999999999,5.1936,2,2023,42
2023-02-12,4.57331304347826,3.714,5.83199999999999,0.525144323371814,3.93700000000001,5.4204,2,2023,43
2023-02-13,4.97051478260869,4.40800000000002,5.69099999999997,0.323600609928736,4.5596,5.44599999999998,2,2023,44
2023-02-14,4.76106260869565,4.291,5.33699999999999,0.218833635066432,4.45539999999999,5.04500000000002,2,2023,45
2023-02-15,5.00657043478261,4.5,5.58100000000002,0.232153623058715,4.673,5.27800000000002,2,2023,46
2023-02-16,5.40256173913043,4.56799999999998,6.19999999999999,0.414332597043221,4.8112,5.92819999999999,2,2023,47
2023-02-17,4.79765391304348,4.33100000000002,5.35500000000002,0.248290223463217,4.476,5.15199999999999,2,2023,48
2023-02-18,4.6817547826087,4.18000000000001,5.45799999999997,0.312133560554292,4.33239999999998,5.15220000000002,2,2023,49
2023-02-19,4.55497217391304,4.08699999999999,5.35899999999998,0.278465010891067,4.23740000000001,4.98559999999999,2,2023,50
2023-02-20,4.58787826086956,4.149,5.17099999999999,0.232496755356554,4.29939999999999,4.9198,2,2023,51
2023-02-21,4.7028852173913,4.22300000000001,5.22500000000002,0.241598532515199,4.38640000000001,5.0424,2,2023,52
2023-02-22,4.80391826086957,4.36900000000003,5.28199999999998,0.224927859740767,4.51400000000001,5.11900000000003,2,2023,53
2023-02-23,4.84886260869565,4.38900000000001,5.262,0.218674109368635,4.548,5.13480000000001,2,2023,54
2023-02-24,4.13170608695652,3.40899999999999,4.66399999999999,0.289375530127813,3.7102,4.45520000000001,2,2023,55
2023-02-25,4.04572869565217,3.39600000000002,4.61099999999999,0.278497660980555,3.65399999999998,4.35859999999999,2,2023,56
2023-02-26,3.42053391304348,2.77300000000002,4.01400000000001,0.314218678953532,3.0394,3.8716,2,2023,57
2023-02-27,3.04680869565217,2.50400000000002,3.63600000000002,0.325501796899619,2.68639999999999,3.5328,2,2023,58
2023-02-28,3.00878086956522,2.48099999999999,3.60699999999997,0.293383055753776,2.65319999999998,3.45060000000001,2,2023,59
2023-03-01,3.44588173913044,2.84199999999998,4.017,0.286983020896158,3.04640000000001,3.83579999999999,3,2023,60
2023-03-02,3.76572,3.262,4.16399999999999,0.240561632051603,3.41880000000001,4.07679999999998,3,2023,61
2023-03-03,3.70013391304348,3.197,4.24000000000001,0.245480708413722,3.35639999999999,4.01560000000001,3,2023,62
2023-03-04,3.31864869565217,2.74200000000002,3.77199999999999,0.277100338550139,2.91779999999998,3.67420000000001,3,2023,63
2023-03-05,3.41953391304348,2.74200000000002,3.81999999999999,0.321623481601683,2.935,3.79300000000001,3,2023,64
2023-03-06,3.38909739130435,2.70999999999998,3.79500000000002,0.327074570198502,2.88839999999999,3.75099999999998,3,2023,65
2023-03-07,3.36218086956522,2.80700000000002,3.73099999999999,0.270002287993808,2.9544,3.66500000000002,3,2023,66
2023-03-08,3.30471304347826,2.733,3.69099999999997,0.260746882390301,2.9118,3.61599999999999,3,2023,67
2023-03-09,3.50436347826087,2.702,3.89300000000003,0.33528709688832,2.96039999999998,3.8426,3,2023,68
2023-03-10,3.50133391304348,2.64999999999998,3.84399999999999,0.341885497185653,2.93820000000001,3.82299999999998,3,2023,69
2023-03-11,3.52984173913043,3.04599999999999,3.80500000000001,0.215063245694233,3.19799999999998,3.77199999999999,3,2023,70
2023-03-12,3.55726956521739,3.22800000000001,3.93700000000001,0.170651116359133,3.3254,3.77879999999998,3,2023,71
2023-03-13,3.57096869565217,3.303,3.81799999999998,0.1294521115801,3.38739999999999,3.73859999999999,3,2023,72
2023-03-14,3.5986347826087,3.18599999999998,3.94299999999998,0.199711112371813,3.3122,3.85819999999998,3,2023,73
2023-03-15,3.59043826086956,3.08699999999999,3.98599999999999,0.248262686684402,3.2234,3.90199999999999,3,2023,74
2023-03-16,3.57489391304348,3.12200000000001,3.94900000000001,0.236659631979934,3.21500000000002,3.84100000000001,3,2023,75
2023-03-17,3.50580173913043,3.02600000000001,3.85699999999997,0.224676109883474,3.14240000000001,3.76499999999999,3,2023,76
2023-03-18,3.99677913043478,3.327,4.36599999999999,0.281557641500009,3.54780000000001,4.31599999999997,3,2023,77
2023-03-19,3.95358956521739,3.464,4.24099999999999,0.196893474521234,3.654,4.18599999999998,3,2023,78
2023-03-20,3.73255652173913,3.23199999999997,4.09100000000001,0.232686506487741,3.3712,4.02699999999999,3,2023,79
2023-03-21,3.72052347826087,3.24900000000002,4.06999999999999,0.23719205024343,3.36900000000003,4.02360000000001,3,2023,80
2023-03-22,3.81871304347826,3.529,4.06799999999998,0.155743443842605,3.59380000000002,4.02100000000002,3,2023,81
2023-03-23,4.37495130434783,4.05200000000002,4.69499999999999,0.190689189422425,4.12400000000002,4.64860000000001,3,2023,82
2023-03-24,4.40625391304348,4.02100000000002,4.69499999999999,0.203374403402691,4.1188,4.65899999999999,3,2023,83
2023-03-25,4.3280852173913,3.92899999999997,4.70499999999998,0.20960479165213,4.06299999999999,4.64260000000002,3,2023,84
2023-03-26,4.18715130434783,3.77199999999999,4.59800000000001,0.229414562587124,3.85300000000001,4.4906,3,2023,85
2023-03-27,4.07027130434783,3.75799999999998,4.31099999999998,0.156965894764996,3.81799999999998,4.24599999999998,3,2023,86
2023-03-28,4.30013739130435,3.88400000000001,4.69999999999999,0.233059906708842,3.96779999999999,4.58999999999997,3,2023,87
2023-03-29,4.46139304347826,4.00400000000002,4.94,0.252049609256661,4.12060000000001,4.7924,3,2023,88
2023-03-30,4.27793739130435,4.08800000000002,4.505,0.103406034253385,4.13839999999999,4.41659999999998,3,2023,89
2023-03-31,4.24266956521739,4.09899999999999,4.44499999999999,0.0717325075787725,4.14600000000002,4.322,3,2023,90
2023-04-01,4.1923252173913,4.11599999999999,4.33499999999998,0.0471601575541917,4.13900000000001,4.25999999999999,4,2023,91
2023-04-02,4.31195478260869,4.16399999999999,4.589,0.103450966556346,4.19499999999999,4.47300000000001,4,2023,92
2023-04-03,4.29176347826087,4.10899999999998,4.59800000000001,0.110726928390556,4.16639999999999,4.452,4,2023,93
2023-04-04,4.28350782608696,4.16500000000002,4.51499999999999,0.0864004100799912,4.18799999999999,4.41680000000001,4,2023,94
2023-04-05,4.45074956521739,4.38099999999997,4.54399999999998,0.0399109622578462,4.40199999999999,4.50900000000001,4,2023,95
2023-04-06,5.04596173913043,4.94999999999999,5.14100000000002,0.0464600753684485,4.98599999999999,5.1096,4,2023,96
2023-04-07,4.96681043478261,4.78399999999999,5.149,0.074352680821077,4.85639999999998,5.06320000000002,4,2023,97
2023-04-08,5.02480869565217,4.79599999999999,5.24400000000003,0.0886706209425112,4.90499999999997,5.14260000000002,4,2023,98
2023-04-09,5.09044347826087,4.94600000000003,5.40899999999999,0.102417247236169,4.97639999999999,5.24700000000001,4,2023,99
2023-04-10,5.07338086956522,4.81799999999998,5.35699999999997,0.0977660721307235,4.964,5.21300000000002,4,2023,100
2023-04-11,5.11652347826087,4.95100000000002,5.36200000000002,0.0850832696558904,5.02499999999998,5.2476,4,2023,101
2023-04-12,5.39308695652174,5.35000000000002,5.565,0.0407001368080195,5.35699999999997,5.44520000000002,4,2023,102
2023-04-13,5.74858608695652,5.63400000000001,5.88099999999997,0.0462807198795645,5.69540000000001,5.81599999999997,4,2023,103
2023-04-14,5.97722608695652,5.73899999999998,6.35599999999999,0.130896191339302,5.8254,6.17399999999998,4,2023,104
2023-04-15,6.30484869565217,5.911,6.75999999999999,0.197585459111942,6.03420000000001,6.56919999999999,4,2023,105
2023-04-16,7.72482782608696,7.43400000000003,8.03199999999998,0.126457288893347,7.54239999999999,7.90100000000001,4,2023,106
2023-04-17,7.79030782608696,7.596,8.15100000000001,0.115049304040696,7.65840000000001,7.9654,4,2023,107
2023-04-18,7.70234956521739,7.5,7.97699999999998,0.0986002800297054,7.58100000000002,7.83139999999999,4,2023,108
2023-04-19,7.64449217391304,7.50999999999999,7.94,0.0793651828935011,7.55700000000002,7.7346,4,2023,109
2023-04-20,7.54474260869565,7.22699999999998,7.91300000000001,0.150090576056785,7.3558,7.77819999999999,4,2023,110
2023-04-21,7.48827130434783,7.13400000000001,7.97399999999999,0.198971036344602,7.23939999999999,7.80559999999999,4,2023,111
2023-04-22,7.76801217391304,7.56799999999998,8.06200000000001,0.131729575404337,7.61339999999999,7.97699999999998,4,2023,112
2023-04-23,7.57588,7.435,7.69799999999998,0.0548801151449901,7.4984,7.649,4,2023,113
2023-04-24,7.59975304347826,7.39400000000001,7.79399999999998,0.0909075508891604,7.4744,7.721,4,2023,114
2023-04-25,7.20961391304348,6.91899999999998,7.48099999999999,0.119689655958116,7.04479999999999,7.36900000000003,4,2023,115
2023-04-26,7.44018086956522,6.76499999999999,7.755,0.20477314374678,7.16719999999999,7.6756,4,2023,116
2023-04-27,7.55565391304348,6.85699999999997,7.87,0.208086822407735,7.28540000000002,7.80200000000002,4,2023,117
2023-04-28,7.81001043478261,7.36700000000002,8.154,0.18864853082812,7.53899999999999,8.03079999999999,4,2023,118
2023-04-29,7.92227130434783,7.57299999999998,8.125,0.138175100222385,7.71699999999998,8.07900000000001,4,2023,119
2023-04-30,8.26040695652174,7.90600000000001,8.536,0.159806888973439,8.02840000000001,8.46499999999997,4,2023,120
2023-05-01,8.3991147826087,7.745,8.78399999999999,0.215575966320371,8.07380000000001,8.6586,5,2023,121
2023-05-02,8.48648173913043,7.83999999999997,8.93099999999998,0.222451425846367,8.16639999999999,8.76560000000001,5,2023,122
2023-05-03,8.62790086956522,7.99799999999999,9.08800000000002,0.240671047020215,8.29000000000002,8.94560000000001,5,2023,123
2023-05-04,8.65638608695652,8.178,9.01600000000002,0.199647024272498,8.37539999999999,8.916,5,2023,124
2023-05-05,9.43767652173913,9.13400000000001,9.84500000000003,0.223761149384658,9.20239999999999,9.79979999999999,5,2023,125
2023-05-06,9.57764347826087,9.23899999999998,9.99400000000003,0.235200403515097,9.30200000000002,9.9232,5,2023,126
2023-05-07,9.65042260869565,9.322,9.91899999999998,0.160304231155275,9.39800000000002,9.85500000000002,5,2023,127
2023-05-08,9.48837565217391,9.00999999999999,10.155,0.257120285504658,9.20339999999999,9.87740000000001,5,2023,128
2023-05-09,9.39109913043478,8.97699999999998,10.219,0.302686747578287,9.09779999999999,9.84440000000001,5,2023,129
2023-05-10,9.70254434782609,9.36000000000001,10.3,0.266196865333662,9.41500000000002,10.1336,5,2023,130
2023-05-11,10.0108539130435,9.55200000000002,10.836,0.373055856409213,9.62200000000001,10.608,5,2023,131
2023-05-12,10.2387791304348,9.84300000000002,10.76,0.242995880973267,9.96800000000002,10.6146,5,2023,132
2023-05-13,10.2427147826087,9.935,10.508,0.136182108196858,10.046,10.4222,5,2023,133
2023-05-14,10.7925408695652,10.494,11.122,0.133557037297874,10.627,10.98,5,2023,134
2023-05-15,11.0511426086957,10.631,11.371,0.169565638499471,10.8126,11.272,5,2023,135
2023-05-16,10.8509808695652,10.455,11.21,0.160712106471448,10.6404,11.0658,5,2023,136
2023-05-17,9.2314747826087,8.96800000000002,9.55099999999999,0.144844428042989,9.036,9.435,5,2023,137
2023-05-18,8.88003652173913,8.66500000000002,9.14600000000002,0.118939874666952,8.72239999999999,9.04859999999999,5,2023,138
2023-05-19,8.82030434782609,8.64400000000001,9.06400000000002,0.100711041257837,8.68940000000001,8.96300000000002,5,2023,139
2023-05-20,9.12589043478261,9.00599999999997,9.279,0.0638798700713578,9.0434,9.21459999999998,5,2023,140
2023-05-21,9.92890608695652,9.77800000000002,10.026,0.0650402304969263,9.83539999999999,10.009,5,2023,141
2023-05-22,10.0442486956522,9.44200000000001,10.364,0.199908338910775,9.79620000000001,10.3096,5,2023,142
2023-05-23,10.1500243478261,9.483,10.552,0.211116195936357,9.8894,10.4176,5,2023,143
2023-05-24,10.47276,9.834,11.264,0.364534170979687,10.0452,11.0062,5,2023,144
2023-05-25,10.6143634782609,10.234,11.06,0.202936907829279,10.3844,10.9672,5,2023,145
2023-05-26,10.7529808695652,10.165,11.245,0.235306164225648,10.3918,11.0336,5,2023,146
2023-05-27,11.3081634782609,10.721,11.708,0.18064152343213,11.0828,11.5798,5,2023,147
2023-05-28,11.6218782608696,11.077,11.887,0.155291876913436,11.4272,11.802,5,2023,148
2023-05-29,12.4261234782609,11.84,12.985,0.314060559843488,11.9914,12.8718,5,2023,149
2023-05-30,12.4599026086957,11.975,12.846,0.278358542716561,12.0574,12.801,5,2023,150
2023-05-31,12.6580069565217,12.243,13.301,0.271646329212304,12.302,13.016,5,2023,151
2023-06-01,12.82256,12.618,13.079,0.12218154710496,12.659,12.9996,6,2023,152
2023-06-02,13.3174034782609,13.182,13.447,0.0734769440839933,13.218,13.417,6,2023,153
2023-06-03,14.1002313043478,14.003,14.236,0.0493121366725137,14.0394,14.1716,6,2023,154
2023-06-04,12.2274626086957,11.799,12.648,0.189970761302832,11.9694,12.4858,6,2023,155
2023-06-05,11.8318834782609,11.352,12.373,0.23455248067324,11.529,12.1642,6,2023,156
2023-06-06,11.6258765217391,11.016,12.262,0.28642646937254,11.241,12.0156,6,2023,157
2023-06-07,11.5440034782609,10.96,12.156,0.272926034296731,11.1726,11.9166,6,2023,158
2023-06-08,11.6801756521739,11.095,12.261,0.269171633065719,11.308,12.0466,6,2023,159
2023-06-09,12.8128052173913,12.494,13.292,0.175975975278362,12.621,13.085,6,2023,160
2023-06-10,12.8891252173913,12.482,13.413,0.262406522212313,12.5404,13.2436,6,2023,161
2023-06-11,12.8587826086957,12.412,13.411,0.251035214939108,12.546,13.2262,6,2023,162
2023-06-12,13.1947739130435,12.799,13.879,0.264386373269408,12.8568,13.576,6,2023,163
2023-06-13,13.4273947826087,13.172,13.78,0.143244493751603,13.2608,13.6426,6,2023,164
2023-06-14,14.3347756521739,13.858,14.647,0.129636237642039,14.172,14.5008,6,2023,165
2023-06-15,14.6232295652174,14.185,15.159,0.263942145021973,14.246,15.0196,6,2023,166
2023-06-16,14.6105617391304,14.096,15.28,0.311661193572205,14.178,15.0736,6,2023,167
2023-06-17,14.6704869565217,14.273,15.129,0.210250653680614,14.4104,14.977,6,2023,168
2023-06-18,14.3236313043478,13.97,14.602,0.137184988134817,14.145,14.5112,6,2023,169
2023-06-19,14.3266052173913,14.09,14.546,0.0935601260434951,14.2222,14.46,6,2023,170
2023-06-20,14.3396,13.879,14.783,0.231694297268533,13.9856,14.618,6,2023,171
2023-06-21,15.0084052173913,14.661,15.313,0.145943849784102,14.798,15.2068,6,2023,172
2023-06-22,15.3424,15.069,15.801,0.184114568179784,15.112,15.603,6,2023,173
2023-06-23,15.4685704347826,15.087,16.24,0.279617592577934,15.147,15.8806,6,2023,174
2023-06-24,15.6429808695652,15.152,16.093,0.173847638395088,15.4584,15.8946,6,2023,175
2023-06-25,15.8621686956522,15.023,16.561,0.318233305373578,15.4424,16.278,6,2023,176
2023-06-26,16.7434017391304,16.483,16.998,0.0914008687721353,16.6284,16.8592,6,2023,177
2023-06-27,16.4350347826087,16.133,16.802,0.124662172789695,16.2666,16.6126,6,2023,178
2023-06-28,17.2948382608696,17.027,17.637,0.138853305129559,17.129,17.5,6,2023,179
2023-06-29,17.0354243478261,16.655,17.601,0.236806712148,16.7328,17.391,6,2023,180
2023-06-30,16.8535826086956,16.463,17.46,0.238259154670126,16.577,17.2224,6,2023,181
2023-07-01,16.7049513043478,16.375,17.111,0.169878336442721,16.4952,16.9506,7,2023,182
2023-07-02,16.9608191304348,16.907,17.11,0.0431999481699993,16.915,17.0276,7,2023,183
2023-07-03,17.4759634782609,17.185,17.58,0.0975289310515699,17.3158,17.566,7,2023,184
2023-07-04,17.8775304347826,17.13,18.217,0.230183365845215,17.599,18.1606,7,2023,185
2023-07-05,18.2025443478261,17.648,18.838,0.325839817156342,17.7572,18.6108,7,2023,186
2023-07-06,18.8464208695652,18.251,19.416,0.352513276369364,18.3398,19.26,7,2023,187
2023-07-07,19.1617391304348,18.818,19.621,0.207736519286417,18.909,19.453,7,2023,188
2023-07-08,19.13304,18.988,19.264,0.0716754211221079,19.03,19.226,7,2023,189
2023-07-09,18.8599634782609,18.726,19.074,0.0842861625679112,18.752,18.9796,7,2023,190
2023-07-10,19.2252817391304,19.081,19.538,0.125667738163336,19.1004,19.443,7,2023,191
2023-07-11,19.1094434782609,18.835,19.865,0.269247751643136,18.8634,19.5468,7,2023,192
2023-07-12,19.0579217391304,18.742,19.942,0.287729794479329,18.792,19.537,7,2023,193
2023-07-13,19.0566017391304,18.715,19.974,0.290531771842483,18.7844,19.5018,7,2023,194
2023-07-14,19.2764660869565,18.977,20.205,0.277912167111102,19.001,19.7008,7,2023,195
2023-07-15,19.4157043478261,18.968,20.436,0.350698093601361,19.0314,19.9388,7,2023,196
2023-07-16,19.7282852173913,19.432,20.344,0.276908717221181,19.455,20.2054,7,2023,197
2023-07-17,19.762372173913,19.166,20.71,0.408636980464027,19.242,20.3186,7,2023,198
2023-07-18,19.9049547826087,19.226,21.142,0.506542620638436,19.3432,20.6882,7,2023,199
2023-07-19,20.0484973913043,19.228,20.864,0.424105826617465,19.4962,20.6448,7,2023,200
2023-07-20,19.93564,18.891,20.805,0.576514008097896,19.0486,20.626,7,2023,201
2023-07-21,20.281707826087,19.489,21.204,0.511200579961116,19.5944,20.9726,7,2023,202
2023-07-22,20.2397547826087,19.899,20.797,0.2214202352991,19.9524,20.552,7,2023,203
2023-07-23,20.5210417391304,20.04,21.045,0.320452443101397,20.0872,20.966,7,2023,204
2023-07-24,20.4524469565217,19.92,21.143,0.3935206765576,19.9646,21.01,7,2023,205
2023-07-25,20.5387426086957,20.131,21.01,0.265382328583111,20.1844,20.8892,7,2023,206
2023-07-26,20.5030139130435,20.307,20.792,0.12467795370708,20.332,20.663,7,2023,207
2023-07-27,20.4551408695652,20.066,21.053,0.244019211521506,20.1544,20.8146,7,2023,208
2023-07-28,20.5318,19.882,21.543,0.472771434488477,19.9842,21.2784,7,2023,209
2023-07-29,19.2907356521739,19.036,19.598,0.119748864819935,19.1274,19.4366,7,2023,210
2023-07-30,18.865827826087,18.38,19.242,0.202662134321573,18.5694,19.1226,7,2023,211
2023-07-31,18.436787826087,17.894,19.151,0.324491175300736,17.9938,18.878,7,2023,212
2023-08-01,18.4589304347826,17.904,18.911,0.265342317911972,18.056,18.787,8,2023,213
2023-08-02,18.1994834782609,17.868,18.383,0.158916626142564,17.937,18.3656,8,2023,214
2023-08-03,17.9605704347826,17.636,18.426,0.173675971357047,17.737,18.2092,8,2023,215
2023-08-04,17.8915286956522,17.578,18.373,0.170708858642508,17.6776,18.1326,8,2023,216
2023-08-05,17.6265686956522,17.384,17.753,0.0835178947267276,17.503,17.713,8,2023,217
2023-08-06,17.5680034782609,17.3,17.749,0.0930890135720164,17.4428,17.6786,8,2023,218
2023-08-07,17.5205704347826,17.227,17.799,0.116415219389733,17.3564,17.67,8,2023,219
2023-08-08,18.0797704347826,17.775,18.371,0.113777303246874,17.9324,18.2292,8,2023,220
2023-08-09,18.0917773913043,17.725,18.65,0.233899586491997,17.8254,18.4552,8,2023,221
2023-08-10,18.0519652173913,17.623,18.739,0.257883199205884,17.757,18.4254,8,2023,222
2023-08-11,18.4519252173913,17.912,18.995,0.327106269917623,17.9974,18.871,8,2023,223
2023-08-12,18.6516226086957,18.12,19.318,0.36275108595156,18.182,19.11,8,2023,224
2023-08-13,18.984772173913,18.646,19.34,0.180003644730727,18.7282,19.2146,8,2023,225
2023-08-14,19.1900713043478,18.912,19.539,0.129571513600781,19,19.356,8,2023,226
2023-08-15,19.412732173913,19.327,19.538,0.0532692319359853,19.34,19.4796,8,2023,227
2023-08-16,19.5247060869565,19.319,19.657,0.0694141402906653,19.429,19.609,8,2023,228
2023-08-17,19.3087982608696,19.215,19.527,0.0708482772845092,19.229,19.4156,8,2023,229
2023-08-18,19.1205513043478,18.853,19.697,0.248439626063996,18.885,19.5348,8,2023,230
2023-08-19,18.8900382608696,18.537,19.719,0.28115637631258,18.6374,19.3576,8,2023,231
2023-08-20,18.6734660869565,18.376,18.968,0.104246751373575,18.552,18.8082,8,2023,232
2023-08-21,18.5186626086957,18.334,18.896,0.120299948488864,18.372,18.702,8,2023,233
2023-08-22,18.2696991304348,17.812,19.126,0.301590438500728,17.926,18.7092,8,2023,234
2023-08-23,17.7130417391304,17.398,18.152,0.210989509615293,17.4788,18.0406,8,2023,235
2023-08-24,17.6131391304348,17.194,18.151,0.248070494327796,17.33,17.9822,8,2023,236
2023-08-25,17.5384695652174,17.27,17.903,0.1938230595866,17.307,17.8456,8,2023,237
2023-08-26,17.6048417391304,17.247,18.26,0.258874892759997,17.336,18.0294,8,2023,238
2023-08-27,17.5352382608696,17.029,18.546,0.413819740500174,17.098,18.2028,8,2023,239
2023-08-28,17.4704,17.043,18.126,0.310331052860228,17.11,17.9286,8,2023,240
2023-08-29,17.7990313043478,17.61,18.177,0.123135257750399,17.651,17.9742,8,2023,241
2023-08-30,18.0138295652174,17.621,18.379,0.213922595404795,17.6944,18.2876,8,2023,242
2023-08-31,18.0494034782609,17.592,18.708,0.244443477976326,17.7552,18.3632,8,2023,243
2023-09-01,17.8609391304348,17.571,18.225,0.173051385440068,17.627,18.085,9,2023,244
2023-09-02,17.5560452173913,17.426,17.745,0.058806877343603,17.4628,17.622,9,2023,245
2023-09-03,17.3828086956522,17.036,17.696,0.155165456012557,17.16,17.5916,9,2023,246
2023-09-04,18.0179043478261,17.455,18.358,0.207937615188623,17.6594,18.2586,9,2023,247
2023-09-05,18.1659843478261,17.593,18.591,0.206415808060575,17.888,18.437,9,2023,248
2023-09-06,19.4028139130435,19.181,19.608,0.0853857111390254,19.299,19.519,9,2023,249
2023-09-07,19.6880295652174,19.51,19.97,0.102807950734032,19.568,19.8402,9,2023,250
2023-09-08,19.6256382608696,19.461,19.833,0.0894472257762117,19.5168,19.7586,9,2023,251
2023-09-09,18.36904,18.159,18.745,0.150765226260823,18.1894,18.587,9,2023,252
2023-09-10,18.2910034782609,17.909,18.956,0.249978946824481,17.9984,18.6522,9,2023,253
2023-09-11,18.3141130434783,17.962,18.73,0.20582167128279,18.06,18.633,9,2023,254
2023-09-12,17.7688313043478,17.384,18.081,0.193168512650626,17.4868,18.015,9,2023,255
2023-09-13,17.697147826087,17.268,18.167,0.217739841067552,17.4104,17.987,9,2023,256
2023-09-14,17.31404,16.592,18.068,0.415019323004242,16.7388,17.8712,9,2023,257
2023-09-15,17.0378817391304,16.686,17.536,0.226591383286189,16.7728,17.3666,9,2023,258
2023-09-16,16.4608295652174,16.238,16.938,0.169477817083122,16.296,16.7556,9,2023,259
2023-09-17,16.076852173913,15.393,16.836,0.429110039319252,15.4944,16.6802,9,2023,260
2023-09-18,16.0578417391304,15.32,16.708,0.384661583919308,15.5114,16.5384,9,2023,261
2023-09-19,15.6359217391304,15.213,16.35,0.266782087138317,15.3468,16.0314,9,2023,262
2023-09-20,15.6822191304348,15.361,16.299,0.211378437604832,15.431,15.994,9,2023,263
2023-09-21,15.7758,15.391,16.272,0.199687944707046,15.5174,16.0532,9,2023,264
2023-09-22,15.909972173913,15.406,16.377,0.245557183227884,15.5496,16.2416,9,2023,265
2023-09-23,15.970547826087,15.681,16.434,0.171978244080186,15.759,16.2266,9,2023,266
2023-09-24,15.7388573913043,15.406,16.133,0.173847154954764,15.507,15.9876,9,2023,267
2023-09-25,15.3609234782609,15.062,15.588,0.0916950771065763,15.239,15.46,9,2023,268
2023-09-26,15.1695165217391,14.779,15.522,0.13167460416348,15.0068,15.332,9,2023,269
2023-09-27,14.9106,14.384,15.239,0.178309033697841,14.6324,15.0782,9,2023,270
2023-09-28,14.6704173913043,14.365,14.966,0.111202359929141,14.5294,14.8016,9,2023,271
2023-09-29,14.7911113043478,14.626,14.991,0.0818444270420589,14.6734,14.8968,9,2023,272
2023-09-30,14.8592313043478,14.695,15.015,0.0703730259502659,14.776,14.9646,9,2023,273
2023-10-01,15.0013843478261,14.582,15.445,0.198262215326975,14.7654,15.3046,10,2023,274
2023-10-02,15.1496765217391,14.555,15.756,0.271471861957313,14.8114,15.5556,10,2023,275
2023-10-03,15.3287269565217,14.858,15.812,0.224872453713939,15.0472,15.6486,10,2023,276
2023-10-04,15.4618730434783,15.188,15.78,0.146807511818828,15.262,15.6716,10,2023,277
2023-10-05,15.86944,15.689,16.093,0.09337367959876,15.7538,15.9936,10,2023,278
2023-10-06,15.9454991304348,15.722,16.089,0.0761083006727796,15.8278,16.0376,10,2023,279
2023-10-07,15.6401286956522,15.224,16.023,0.199743810117738,15.3714,15.902,10,2023,280
2023-10-08,15.5506695652174,15.237,16.02,0.188914528252865,15.332,15.8234,10,2023,281
2023-10-09,15.2975843478261,14.991,15.609,0.15404806966827,15.1114,15.5356,10,2023,282
2023-10-10,14.9853391304348,14.742,15.293,0.137751840129898,14.816,15.1796,10,2023,283
2023-10-11,14.9677965217391,14.826,15.194,0.0864317336814659,14.8774,15.1064,10,2023,284
2023-10-12,14.5183026086957,14.275,14.673,0.0645322670834137,14.434,14.603,10,2023,285
2023-10-13,14.3163773913043,14.097,14.596,0.112229024068452,14.175,14.49,10,2023,286
2023-10-14,14.1995460869565,13.859,14.564,0.144184360597581,14.0178,14.4126,10,2023,287
2023-10-15,13.93056,13.618,14.342,0.174626189509816,13.7388,14.2196,10,2023,288
2023-10-16,13.9396330434783,13.674,14.309,0.11887417272507,13.7798,14.1056,10,2023,289
2023-10-17,13.6610556521739,13.424,13.819,0.0935001930267848,13.5154,13.768,10,2023,290
2023-10-18,13.6233217391304,13.481,13.748,0.064233587747217,13.53,13.704,10,2023,291
2023-10-19,13.6232330434783,13.469,13.762,0.0724908112905161,13.5174,13.715,10,2023,292
2023-10-20,13.6667008695652,13.501,13.809,0.0736728637484727,13.558,13.759,10,2023,293
2023-10-21,13.5332452173913,13.344,13.692,0.0836669857371955,13.41,13.64,10,2023,294
2023-10-22,13.3635008695652,13.127,13.634,0.10595702690131,13.221,13.506,10,2023,295
2023-10-23,13.2799808695652,13.003,13.521,0.1126535405164,13.1328,13.424,10,2023,296
2023-10-24,13.226307826087,12.926,13.478,0.134359485262892,13.0552,13.399,10,2023,297
2023-10-25,13.2367895652174,12.972,13.515,0.118823644227531,13.0694,13.381,10,2023,298
2023-10-26,13.4683373913043,13.181,13.758,0.13629340753475,13.2824,13.6562,10,2023,299
2023-10-27,14.2119947826087,14.124,14.339,0.046159679381533,14.158,14.28,10,2023,300
2023-10-28,14.1181547826087,14.012,14.269,0.0605133559184125,14.041,14.2046,10,2023,301
2023-10-29,13.6122469565217,13.279,13.866,0.134691808054898,13.4158,13.7826,10,2023,302
2023-10-30,13.3160504347826,13.075,13.471,0.0694049564119825,13.2174,13.3906,10,2023,303
2023-10-31,12.6745460869565,12.243,13.012,0.200071679353328,12.378,12.938,10,2023,304
2023-11-01,12.5064486956522,12.219,12.754,0.122655137038869,12.36,12.694,11,2023,305
2023-11-02,11.9120034782609,11.623,12.036,0.0838710433001572,11.7894,11.9896,11,2023,306
2023-11-03,11.7961391304348,11.75,11.975,0.0408534576167382,11.761,11.86,11,2023,307
2023-11-04,11.4319739130435,11.379,11.587,0.0403730127005902,11.389,11.4896,11,2023,308
2023-11-05,11.1651286956522,11.014,11.741,0.132429696531997,11.039,11.3586,11,2023,309
2023-11-06,11.0766782608696,10.969,11.682,0.115537024235072,10.9764,11.2256,11,2023,310
2023-11-07,11.091147826087,10.921,11.465,0.1526169422805,10.9424,11.341,11,2023,311
2023-11-08,11.0311217391304,10.817,11.46,0.199457921641835,10.845,11.359,11,2023,312
2023-11-09,10.9888069565217,10.595,11.406,0.176533320344746,10.8028,11.2652,11,2023,313
2023-11-10,10.5342643478261,10.345,10.752,0.105260634040579,10.3974,10.6796,11,2023,314
2023-11-11,10.448052173913,10.108,10.758,0.176137420786622,10.2074,10.7048,11,2023,315
2023-11-12,10.3958486956522,9.95299999999997,10.713,0.195566486357646,10.1134,10.6736,11,2023,316
2023-11-13,10.078772173913,9.72300000000001,10.436,0.191845398860856,9.83499999999998,10.324,11,2023,317
2023-11-14,9.51128,9.05799999999999,10.334,0.373039371491706,9.113,10.11,11,2023,318
2023-11-15,9.52443304347826,9.012,10.472,0.418448089296441,9.0684,10.1926,11,2023,319
2023-11-16,9.6991652173913,9.23599999999999,10.422,0.312557098071077,9.29740000000002,10.1376,11,2023,320
2023-11-17,9.73433391304348,9.435,10.315,0.223591378044203,9.49000000000001,10.0816,11,2023,321
2023-11-18,9.70425913043478,9.36900000000003,10.257,0.230540247151627,9.44139999999999,10.0592,11,2023,322
2023-11-19,9.66304,9.25999999999999,10.225,0.232448376045377,9.40199999999999,10.0044,11,2023,323
2023-11-20,9.58289391304348,9.11000000000001,10.074,0.219631075404739,9.3294,9.9004,11,2023,324
2023-11-21,9.62824,9.26999999999998,10.091,0.19810673081555,9.40499999999997,9.91759999999999,11,2023,325
2023-11-22,9.48976173913043,9.15199999999999,9.904,0.18489692183562,9.2608,9.7626,11,2023,326
2023-11-23,9.11862086956522,8.83100000000002,9.49200000000002,0.175872683943332,8.92040000000001,9.38820000000001,11,2023,327
2023-11-24,9.14410782608696,8.762,9.58800000000002,0.222561854984286,8.88400000000001,9.48859999999999,11,2023,328
2023-11-25,9.32784869565218,9.00200000000001,9.74200000000002,0.186932340871308,9.09739999999999,9.60000000000002,11,2023,329
2023-11-26,9.30347826086956,8.97800000000001,9.58199999999999,0.161232542896761,9.077,9.51400000000001,11,2023,330
2023-11-27,8.53642434782608,8.12400000000002,8.94499999999999,0.194184717814332,8.26880000000001,8.79620000000002,11,2023,331
2023-11-28,8.40545217391304,7.964,8.96800000000002,0.276006161986151,8.07499999999999,8.82479999999998,11,2023,332
2023-11-29,8.18191826086957,7.74200000000002,8.80000000000001,0.290915649131948,7.8364,8.6432,11,2023,333
2023-11-30,8.00811826086956,7.52499999999998,8.58499999999998,0.279345670114294,7.65840000000001,8.42420000000001,11,2023,334
2023-12-01,8.07818086956522,7.58600000000001,8.46300000000002,0.221883814550592,7.7534,8.3564,12,2023,335
2023-12-02,8.56275304347826,8.42099999999999,8.69600000000003,0.0673970363518588,8.47199999999998,8.65699999999998,12,2023,336
2023-12-03,8.13390956521739,7.68400000000003,8.46499999999997,0.203376854920628,7.8364,8.38799999999998,12,2023,337
2023-12-04,7.58022086956522,7.28500000000003,7.89600000000002,0.139997218424116,7.38139999999999,7.7646,12,2023,338
2023-12-05,7.24752,6.94499999999999,7.738,0.186853067542854,7.02579999999998,7.53300000000002,12,2023,339
2023-12-06,6.77087130434782,6.31400000000002,7.59699999999998,0.30667126072428,6.41500000000002,7.22939999999999,12,2023,340
2023-12-07,6.44984347826087,6.00799999999998,7.05700000000002,0.264915711771276,6.12200000000001,6.8466,12,2023,341
2023-12-08,6.32244347826087,5.86500000000001,6.87200000000001,0.283331997406632,5.96899999999999,6.75219999999998,12,2023,342
2023-12-09,6.1380452173913,5.75900000000001,6.64499999999998,0.240428235920376,5.83239999999998,6.46699999999998,12,2023,343
2023-12-10,6.28103130434783,5.90199999999999,6.85199999999998,0.207537484278624,6.01920000000002,6.56880000000001,12,2023,344
2023-12-11,7.00408,6.55599999999998,7.54599999999999,0.245639527684321,6.675,7.34480000000001,12,2023,345
2023-12-12,7.0317252173913,6.58999999999997,7.57900000000001,0.252782248446219,6.71340000000001,7.41980000000001,12,2023,346
2023-12-13,7.01555826086956,6.55500000000001,7.59100000000001,0.288930340755027,6.67439999999999,7.464,12,2023,347
2023-12-14,6.83421565217391,6.43900000000002,7.46300000000002,0.279035075971066,6.52699999999999,7.27720000000002,12,2023,348
2023-12-15,6.66537217391304,6.24900000000002,7.26600000000002,0.285784196361284,6.32499999999999,7.11239999999999,12,2023,349
2023-12-16,6.65269565217391,6.20400000000001,7.23099999999999,0.271172623765781,6.33499999999998,7.07379999999999,12,2023,350
2023-12-17,7.44146782608696,7.08800000000002,7.64499999999998,0.128840075589927,7.24400000000003,7.5832,12,2023,351
2023-12-18,7.77696173913043,7.178,8.21699999999998,0.273626488081012,7.36679999999999,8.10420000000001,12,2023,352
2023-12-19,7.45367130434783,6.95299999999997,8.00700000000001,0.250936312409995,7.07739999999999,7.7276,12,2023,353
2023-12-20,6.92585913043478,6.47699999999998,7.42099999999999,0.230463582154732,6.67700000000002,7.28659999999999,12,2023,354
2023-12-21,6.57930956521739,6.28500000000003,6.91800000000001,0.149672330246603,6.38200000000001,6.79119999999999,12,2023,355
2023-12-22,6.49153739130435,5.91899999999998,7.08100000000002,0.276247215906909,6.14460000000001,6.88660000000001,12,2023,356
2023-12-23,6.26209913043478,5.68000000000001,6.84100000000001,0.310912665033107,5.87280000000002,6.69879999999999,12,2023,357
2023-12-24,5.55245391304348,5.32999999999998,5.80099999999999,0.0957821691004552,5.41199999999998,5.66500000000002,12,2023,358
2023-12-25,5.82014260869565,5.35699999999997,6.27100000000002,0.219922477258774,5.5128,6.1146,12,2023,359
2023-12-26,5.83936173913043,5.26999999999998,6.322,0.223251443211293,5.48580000000002,6.10559999999999,12,2023,360
2023-12-27,5.89185391304348,5.60399999999998,6.20100000000002,0.14828409807991,5.6804,6.09300000000002,12,2023,361
2023-12-28,5.80639652173913,5.685,5.94099999999997,0.0589709902259509,5.72500000000002,5.8846,12,2023,362
2023-12-29,5.83332,5.55799999999999,6.05399999999997,0.107944132536829,5.68299999999999,5.97399999999999,12,2023,363
2023-12-30,5.71598782608696,5.42899999999997,5.959,0.114349797368242,5.55700000000002,5.86660000000001,12,2023,364
2023-12-31,4.93236347826087,4.79399999999998,5.07400000000001,0.0674933089088277,4.8364,5.02100000000002,12,2023,365
2024-01-01,4.83068173913043,4.66000000000003,5.108,0.0903269203533715,4.71039999999999,4.95020000000002,1,2024,1
2024-01-02,4.7060452173913,4.54199999999997,4.91300000000001,0.0895630393717853,4.58499999999998,4.8246,1,2024,2
2024-01-03,5.1293147826087,4.88400000000001,5.45499999999998,0.141799178456925,4.97639999999999,5.3478,1,2024,3
2024-01-04,5.54059478260869,5.18099999999998,5.99200000000002,0.185077743267176,5.28340000000001,5.78399999999999,1,2024,4
2024-01-05,5.56704347826087,5.19499999999999,6.12200000000001,0.191418844590952,5.3254,5.83139999999999,1,2024,5
2024-01-06,5.33029391304348,5.07400000000001,5.68799999999999,0.107732693854993,5.19139999999999,5.44820000000001,1,2024,6
2024-01-07,5.11052,4.84199999999998,5.303,0.113599313562238,4.93900000000002,5.2452,1,2024,7
2024-01-08,4.59982434782609,4.24799999999999,5.13799999999998,0.188942017077463,4.36740000000001,4.86359999999999,1,2024,8
2024-01-09,4.51027130434783,4.15800000000002,5.06999999999999,0.223017583705913,4.22739999999999,4.82099999999998,1,2024,9
2024-01-10,4.79424521739131,3.86099999999999,5.51100000000002,0.496270888894733,4.04740000000002,5.39260000000002,1,2024,10
2024-01-11,4.77486782608696,3.72899999999998,5.541,0.547370139492132,3.93280000000001,5.4136,1,2024,11
2024-01-12,4.81638956521739,4.16399999999999,5.447,0.36636573931413,4.28200000000002,5.29500000000002,1,2024,12
2024-01-13,4.75417217391304,4.00099999999998,5.423,0.419023063144926,4.1162,5.26660000000001,1,2024,13
2024-01-14,4.68052,3.73099999999999,5.40199999999999,0.495761589043293,3.9044,5.24599999999998,1,2024,14
2024-01-15,4.65621391304348,3.77100000000002,5.25299999999999,0.426568319049297,3.9922,5.14600000000002,1,2024,15
2024-01-16,4.32063652173913,3.90499999999997,4.81400000000002,0.225018338521124,4.00999999999999,4.63780000000002,1,2024,16
2024-01-17,4.26367652173913,3.96199999999999,4.63,0.157202580376658,4.05339999999999,4.471,1,2024,17
2024-01-18,4.25293391304348,3.904,4.64600000000002,0.21902598563752,3.976,4.59059999999999,1,2024,18
2024-01-19,4.23013913043478,3.88499999999999,4.65100000000001,0.2028198891585,3.98439999999999,4.53960000000001,1,2024,19
2024-01-20,4.04504,3.71600000000001,4.56599999999997,0.202936010923682,3.7944,4.33959999999998,1,2024,20
2024-01-21,3.89769913043478,3.57400000000001,4.24299999999999,0.203207292548488,3.6404,4.1876,1,2024,21
2024-01-22,3.57255304347826,3.22500000000002,4.16399999999999,0.229960200056573,3.32499999999999,3.95780000000001,1,2024,22
2024-01-23,3.43717043478261,3.19400000000002,3.911,0.179423269330757,3.25400000000002,3.7356,1,2024,23
2024-01-24,3.60073217391304,3.399,3.90800000000002,0.0996493744618179,3.46300000000002,3.71559999999999,1,2024,24
2024-01-25,4.09597391304348,3.834,4.392,0.128523256810904,3.91540000000001,4.26499999999999,1,2024,25
2024-01-26,3.90782956521739,3.65600000000001,4.12299999999999,0.118177075084783,3.73580000000002,4.05700000000002,1,2024,26
2024-01-27,3.91984,3.66300000000001,4.14999999999998,0.12048261892661,3.74539999999999,4.07100000000003,1,2024,27
2024-01-28,3.91061913043478,3.678,4.08199999999999,0.104697253853191,3.7574,4.04259999999999,1,2024,28
2024-01-29,3.69902608695652,3.46699999999998,3.89699999999999,0.0985434039100211,3.56039999999999,3.82160000000001,1,2024,29
2024-01-30,3.51622260869565,3.30599999999998,3.75099999999998,0.104105159127422,3.37139999999999,3.65300000000002,1,2024,30
2024-01-31,3.11204173913043,2.88600000000002,3.47800000000001,0.172808603911438,2.916,3.37,1,2024,31
2024-02-01,3.01035304347826,2.77199999999999,3.33100000000002,0.155321153927743,2.8364,3.24160000000001,2,2024,32
2024-02-02,3.49281043478261,3.149,3.86599999999999,0.177541850282482,3.2704,3.75559999999998,2,2024,33
2024-02-03,3.59836347826087,3.178,3.90499999999997,0.175886312233459,3.34140000000001,3.803,2,2024,34
2024-02-04,3.67537739130435,3.20600000000002,4.07299999999998,0.195168662456424,3.40760000000001,3.95219999999999,2,2024,35
2024-02-05,3.72545565217391,3.20699999999999,4.21199999999999,0.252269312356206,3.37200000000001,4.08299999999997,2,2024,36
2024-02-06,3.31578782608696,2.89499999999998,3.63499999999999,0.192348841574422,3.01920000000002,3.54660000000001,2,2024,37
2024-02-07,3.22236,2.83499999999998,3.64400000000001,0.209888640126986,2.96300000000002,3.53500000000003,2,2024,38
2024-02-08,3.23258956521739,2.91399999999999,3.62900000000002,0.165268639601933,3.02999999999997,3.46180000000001,2,2024,39
2024-02-09,3.43688,3.06799999999998,3.72699999999998,0.145883364227002,3.23899999999998,3.63520000000002,2,2024,40
2024-02-10,3.55965217391304,2.98899999999998,3.99799999999999,0.266673404354865,3.14100000000002,3.86099999999999,2,2024,41
2024-02-11,3.52336,2.89400000000001,3.983,0.317590554673967,3.0264,3.88400000000001,2,2024,42
2024-02-12,3.56186956521739,3.041,3.911,0.266588909597145,3.16800000000001,3.8846,2,2024,43
2024-02-13,3.26561043478261,2.88400000000001,3.517,0.163289949342974,3.01819999999999,3.46619999999998,2,2024,44
2024-02-14,3.12397043478261,2.80099999999999,3.39999999999998,0.1587711548493,2.90199999999999,3.3356,2,2024,45
2024-02-15,3.05440173913043,2.71199999999999,3.327,0.171589384058889,2.8124,3.27600000000001,2,2024,46
2024-02-16,2.81929913043478,2.54899999999998,3.18599999999998,0.1611510023448,2.6324,3.072,2,2024,47
2024-02-17,2.86394956521739,2.59300000000002,3.26600000000002,0.178417157585503,2.67599999999999,3.16899999999998,2,2024,48
2024-02-18,2.75939478260869,2.49799999999999,3.11799999999999,0.163101939994207,2.56759999999998,3.00240000000001,2,2024,49
2024-02-19,2.72443130434783,2.36200000000002,3.10699999999997,0.189175825873671,2.47139999999999,2.976,2,2024,50
2024-02-20,2.66338260869565,2.19499999999999,3.17099999999999,0.268618565060057,2.27500000000002,3.01419999999998,2,2024,51
2024-02-21,2.67590086956522,2.14800000000002,3.10300000000001,0.259656162855131,2.28839999999999,2.99599999999998,2,2024,52
2024-02-22,2.79863652173913,2.459,3.07900000000001,0.163225464687271,2.55780000000002,3.00559999999998,2,2024,53
2024-02-23,2.88680173913043,2.565,3.15100000000001,0.145533449812722,2.67599999999999,3.0662,2,2024,54
2024-02-24,2.76244695652174,2.42099999999999,3.221,0.188197844838077,2.53440000000001,3.036,2,2024,55
2024-02-25,2.72125217391304,2.26900000000001,3.26499999999999,0.254112976722256,2.38400000000001,3.05900000000003,2,2024,56
2024-02-26,2.77163652173913,2.07299999999998,3.30500000000001,0.326066737768774,2.28440000000001,3.16300000000001,2,2024,57
2024-02-27,2.95788,2.06900000000002,3.46600000000001,0.410474665152073,2.31179999999998,3.42099999999999,2,2024,58
2024-02-28,3.13022608695652,2.76100000000002,3.34300000000002,0.16233737297133,2.88400000000001,3.315,2,2024,59
2024-02-29,3.26142956521739,2.75799999999998,4.01299999999998,0.305332031806398,2.88999999999999,3.72800000000001,2,2024,60
2024-03-01,3.02911130434783,2.41899999999998,3.863,0.371817095823408,2.52779999999999,3.55160000000001,3,2024,61
2024-03-02,3.10677043478261,2.62200000000001,3.774,0.298869005418153,2.7044,3.52040000000001,3,2024,62
2024-03-03,3.32699652173913,2.93799999999999,3.86799999999999,0.24451145200603,2.99639999999999,3.6794,3,2024,63
2024-03-04,3.38527826086957,2.98399999999998,3.93700000000001,0.265240655561744,3.02100000000002,3.7322,3,2024,64
2024-03-05,4.10511130434783,3.61399999999998,4.59100000000001,0.246525637670372,3.7822,4.45119999999999,3,2024,65
2024-03-06,4.21760173913043,3.82900000000001,4.68700000000001,0.233510088263894,3.916,4.55459999999999,3,2024,66
2024-03-07,4.08308173913044,3.40499999999997,4.59899999999999,0.338250667719958,3.56980000000002,4.5328,3,2024,67
2024-03-08,4.05957913043478,3.16800000000001,4.68900000000002,0.404161199921381,3.44899999999998,4.5628,3,2024,68
2024-03-09,4.30013217391304,3.642,4.90899999999999,0.341291480241866,3.78819999999999,4.75799999999999,3,2024,69
2024-03-10,4.42843130434782,4.09699999999998,4.78500000000003,0.189300072597,4.17000000000002,4.70699999999999,3,2024,70
2024-03-11,4.40893217391304,4.14499999999998,4.577,0.111912674041503,4.22380000000002,4.52959999999998,3,2024,71
2024-03-12,4.43062956521739,4.03699999999998,4.67700000000002,0.151396151188722,4.19,4.59199999999998,3,2024,72
2024-03-13,4.42146956521739,4.05099999999999,4.74400000000003,0.184324726795803,4.1884,4.67620000000002,3,2024,73
2024-03-14,4.44005043478261,4.202,4.69900000000001,0.147113312518596,4.25280000000001,4.64720000000002,3,2024,74
2024-03-15,4.43088695652174,4.24299999999999,4.58199999999999,0.0834227892327346,4.32040000000001,4.54319999999998,3,2024,75
2024-03-16,4.79905739130435,4.66500000000002,4.911,0.0520111403586375,4.72800000000001,4.86700000000002,3,2024,76
2024-03-17,4.99627652173913,4.863,5.06200000000001,0.0435836540548475,4.935,5.048,3,2024,77
2024-03-18,4.93275130434783,4.81200000000001,5.07400000000001,0.0569247231476671,4.86200000000002,5.0146,3,2024,78
2024-03-19,4.63716,4.42200000000003,4.81799999999998,0.0779467038502272,4.541,4.75419999999999,3,2024,79
2024-03-20,4.51534608695652,4.25900000000001,4.64100000000002,0.0713173470291396,4.4082,4.589,3,2024,80
2024-03-21,4.54703304347826,4.41000000000003,4.78100000000001,0.101289322145973,4.42939999999999,4.6946,3,2024,81
2024-03-22,4.39786782608696,4.202,4.66899999999998,0.133869247891292,4.238,4.59220000000001,3,2024,82
2024-03-23,4.40026434782609,4.20999999999998,4.61599999999999,0.110019904907416,4.25299999999999,4.54899999999998,3,2024,83
2024-03-24,4.36352869565217,4.08999999999997,4.53100000000001,0.11654815574337,4.18679999999998,4.50099999999998,3,2024,84
2024-03-25,4.22547130434783,3.96300000000002,4.44200000000001,0.107532600004029,4.07480000000002,4.36359999999999,3,2024,85
2024-03-26,4.16175826086957,3.93099999999998,4.34800000000001,0.0949063484680992,4.02939999999999,4.2826,3,2024,86
2024-03-27,4.12644,3.911,4.29700000000003,0.0870824200086581,4.005,4.23660000000001,3,2024,87
2024-03-28,4.40569913043478,4.11700000000002,4.62299999999999,0.109572092551623,4.25379999999999,4.54700000000003,3,2024,88
2024-03-29,4.35577565217391,4.27999999999997,4.548,0.0649341942305174,4.28399999999999,4.44799999999998,3,2024,89
2024-03-30,4.27125913043478,3.77800000000002,4.61900000000003,0.20197134024775,3.98239999999998,4.524,3,2024,90
2024-03-31,4.30934434782609,3.73199999999997,4.68400000000003,0.225164708660925,3.98139999999999,4.58419999999998,3,2024,91
2024-04-01,4.67455304347826,4.36099999999999,5.17200000000003,0.164321528383223,4.48239999999998,4.88200000000001,4,2024,92
2024-04-02,5.21357565217391,4.96699999999998,5.529,0.130052793214429,5.06039999999999,5.4316,4,2024,93
2024-04-03,5.21990956521739,4.80700000000002,5.36200000000002,0.0844491197598161,5.09739999999999,5.3116,4,2024,94
2024-04-04,4.98653217391304,4.779,5.05500000000001,0.0410335792377026,4.93340000000001,5.03300000000002,4,2024,95
2024-04-05,4.81980869565217,4.75,4.84500000000003,0.0175307075791582,4.79500000000002,4.83600000000001,4,2024,96
2024-04-06,4.53702608695652,4.36700000000002,4.69200000000001,0.0745335858244194,4.42700000000002,4.62719999999998,4,2024,97
2024-04-07,4.49741739130435,4.19,4.67099999999999,0.105343885402946,4.3508,4.61359999999999,4,2024,98
2024-04-08,4.45602260869565,4.06900000000002,4.64400000000001,0.124494536955879,4.27539999999999,4.58600000000001,4,2024,99
2024-04-09,4.78581217391304,4.47199999999998,4.94099999999997,0.0740172985099791,4.69299999999998,4.89100000000002,4,2024,100
2024-04-10,5.01182086956522,4.738,5.30399999999997,0.140817898009946,4.8244,5.20599999999997,4,2024,101
2024-04-11,5.11167826086956,4.88999999999999,5.28899999999999,0.0848545124884531,5.00099999999998,5.238,4,2024,102
2024-04-12,5.72385043478261,5.50700000000001,5.88099999999997,0.100109235959402,5.57919999999999,5.84300000000002,4,2024,103
2024-04-13,5.74676,5.44400000000002,6.05000000000001,0.155506965012013,5.54839999999999,5.95959999999999,4,2024,104
2024-04-14,5.78550434782609,5.601,6.05399999999997,0.120047665759208,5.64340000000002,5.9736,4,2024,105
2024-04-15,6.05228,5.86799999999999,6.22699999999998,0.0897752703352259,5.928,6.18360000000001,4,2024,106
2024-04-16,7.62172347826087,6.88799999999998,8.262,0.38487649730275,7.04319999999999,8.10579999999998,4,2024,107
2024-04-17,7.64237913043478,6.91800000000001,8.32499999999999,0.391375518877006,7.06440000000001,8.13860000000001,4,2024,108
2024-04-18,7.58668695652174,7.053,8.05799999999999,0.300705557226074,7.13119999999999,7.95219999999999,4,2024,109
2024-04-19,7.46351826086956,7.27800000000002,7.55700000000002,0.0761671044601815,7.339,7.54899999999998,4,2024,110
2024-04-20,6.84795478260869,6.65499999999997,7.07100000000003,0.117289264090919,6.69680000000001,7.02459999999999,4,2024,111
2024-04-21,6.92224347826087,6.50700000000001,7.57400000000001,0.242015808195357,6.65199999999999,7.32339999999999,4,2024,112
2024-04-22,6.98643130434783,6.45799999999997,7.77999999999997,0.298224563554931,6.6344,7.44559999999999,4,2024,113
2024-04-23,6.76075826086956,6.29899999999998,7.40100000000001,0.265217048048137,6.4494,7.22420000000002,4,2024,114
2024-04-24,6.51393565217391,5.98899999999998,7.11399999999998,0.287832766423589,6.10040000000001,6.88320000000001,4,2024,115
2024-04-25,6.44529565217391,5.95999999999998,6.99599999999998,0.309794254920521,6.00639999999999,6.87320000000002,4,2024,116
2024-04-26,6.49869739130435,6.07400000000001,7.25,0.329953310354796,6.11900000000003,7.01160000000001,4,2024,117
2024-04-27,6.56334260869565,6.03800000000001,7.34100000000001,0.357939475510973,6.17339999999999,7.13799999999998,4,2024,118
2024-04-28,6.50135130434783,6.13600000000002,7.01499999999999,0.256748310969279,6.17399999999998,6.90100000000001,4,2024,119
2024-04-29,6.78387652173913,6.63999999999999,7.05799999999999,0.10177756570024,6.654,6.91699999999997,4,2024,120
2024-04-30,8.10119304347826,7.94600000000003,8.23700000000002,0.0589139745520154,8.02600000000001,8.18280000000001,4,2024,121
2024-05-01,8.0658,7.64999999999998,8.31400000000002,0.169493362701907,7.81,8.25799999999998,5,2024,122
2024-05-02,8.17027652173913,7.71499999999997,8.47800000000001,0.193064002643685,7.85620000000001,8.36620000000002,5,2024,123
2024-05-03,8.57778608695652,8.12799999999999,8.99599999999998,0.210382978673412,8.2974,8.87439999999999,5,2024,124
2024-05-04,8.67886956521739,8.15199999999999,9.12799999999999,0.230127071462368,8.35939999999999,8.99000000000001,5,2024,125
2024-05-05,8.74364,8.50900000000001,9.02100000000002,0.124525443994753,8.5864,8.93599999999998,5,2024,126
2024-05-06,9.37983304347826,8.87299999999999,9.62599999999998,0.198826110587051,9.0634,9.589,5,2024,127
2024-05-07,9.96646434782609,9.40899999999999,10.417,0.196214395199493,9.78199999999998,10.2586,5,2024,128
2024-05-08,9.87806782608696,9.495,10.39,0.218110464751503,9.62940000000001,10.1972,5,2024,129
2024-05-09,9.4336347826087,9.375,9.63999999999999,0.0491101177570497,9.38200000000001,9.49799999999999,5,2024,130
2024-05-10,9.30296347826087,9.13900000000001,9.50999999999999,0.0633673026106167,9.2294,9.38520000000002,5,2024,131
2024-05-11,9.24497217391304,8.90199999999999,9.55200000000002,0.120380780548248,9.09699999999998,9.4078,5,2024,132
2024-05-12,9.56278608695652,9.351,9.84300000000002,0.0956961900061853,9.43919999999998,9.69759999999999,5,2024,133
2024-05-13,9.89138956521739,9.64299999999997,10.295,0.125415690251694,9.7354,10.0616,5,2024,134
2024-05-14,10.1013913043478,9.56999999999999,10.611,0.272039704766695,9.73120000000001,10.4352,5,2024,135
2024-05-15,10.1264226086957,9.83999999999997,10.361,0.15404007751552,9.89840000000002,10.3176,5,2024,136
2024-05-16,10.7754347826087,10.352,11.038,0.14657783429234,10.544,10.938,5,2024,137
2024-05-17,10.9238330434783,10.597,11.235,0.115877232675653,10.763,11.0606,5,2024,138
2024-05-18,10.7559443478261,10.405,11.11,0.13942681456124,10.5478,10.9196,5,2024,139
2024-05-19,10.3077252173913,10.06,10.746,0.145273157247421,10.155,10.526,5,2024,140
2024-05-20,10.2450017391304,9.97300000000001,10.641,0.147955609445227,10.0394,10.45,5,2024,141
2024-05-21,12.508227826087,11.936,13.197,0.319222064949296,12.0528,12.9382,5,2024,142
2024-05-22,13.1751513043478,12.842,13.46,0.153539289121856,12.9648,13.378,5,2024,143
2024-05-23,13.0739947826087,12.817,13.337,0.122911153036149,12.908,13.2402,5,2024,144
2024-05-24,12.7120886956522,12.605,12.855,0.0486708434732057,12.666,12.7886,5,2024,145
2024-05-25,11.9832486956522,11.704,12.323,0.12733033006952,11.809,12.1552,5,2024,146
2024-05-26,11.8328208695652,11.59,12.063,0.103885662738355,11.6592,11.9336,5,2024,147
2024-05-27,12.1020643478261,11.96,12.313,0.0741842820200714,12.018,12.2096,5,2024,148
2024-05-28,12.24352,11.736,12.62,0.275635924594072,11.8126,12.5556,5,2024,149
2024-05-29,12.328092173913,11.71,12.733,0.298337595280013,11.857,12.646,5,2024,150
2024-05-30,12.2445634782609,11.816,12.713,0.20520805891662,11.9774,12.5366,5,2024,151
2024-05-31,12.1138782608696,11.727,12.821,0.25367341441633,11.8072,12.5016,5,2024,152
2024-06-01,12.5534139130435,12.145,12.828,0.13362181726796,12.4114,12.7316,6,2024,153
2024-06-02,12.6891443478261,12.26,13.032,0.180116092155968,12.477,12.9432,6,2024,154
2024-06-03,12.7909791304348,12.42,13.144,0.154155797869116,12.591,12.9872,6,2024,155
2024-06-04,13.1234886956522,12.634,13.864,0.289585182344784,12.7574,13.4998,6,2024,156
2024-06-05,13.4448695652174,13.238,14.036,0.16744647705575,13.2604,13.677,6,2024,157
2024-06-06,13.5956452173913,13.015,14.187,0.296892223503604,13.1854,13.9848,6,2024,158
2024-06-07,13.8650208695652,13.333,14.31,0.244515704766158,13.5206,14.1872,6,2024,159
2024-06-08,13.2963756521739,12.884,13.517,0.105220366557786,13.1614,13.424,6,2024,160
2024-06-09,13.14844,12.739,13.687,0.270182148134794,12.8004,13.5266,6,2024,161
2024-06-10,13.2157304347826,12.833,13.898,0.308717418733705,12.878,13.6672,6,2024,162
2024-06-11,13.3189652173913,12.974,13.947,0.305366248669348,13.0154,13.7876,6,2024,163
2024-06-12,13.5570834782609,13.117,14.286,0.381171246491184,13.1608,14.1022,6,2024,164
2024-06-13,13.9991269565217,13.722,14.277,0.152472284179164,13.7858,14.208,6,2024,165
2024-06-14,14.3552886956522,13.88,14.609,0.154082278557168,14.1316,14.531,6,2024,166
2024-06-15,14.6922226086957,14.279,14.965,0.173495862978156,14.4412,14.906,6,2024,167
2024-06-16,14.6944695652174,14.076,15.437,0.309804741297881,14.364,15.1412,6,2024,168
2024-06-17,14.8790991304348,14.419,15.245,0.206335521175812,14.6016,15.1612,6,2024,169
2024-06-18,14.972372173913,14.468,15.668,0.225447415606065,14.6698,15.2988,6,2024,170
2024-06-19,15.4519930434783,14.741,16.291,0.339447255071995,15.0278,15.922,6,2024,171
2024-06-20,16.4909895652174,15.882,17.117,0.288255892951452,16.1164,16.89,6,2024,172
2024-06-21,16.6427843478261,16.185,17.046,0.197132745293058,16.3784,16.9074,6,2024,173
2024-06-22,16.8290834782609,16.507,17.125,0.14478231883938,16.6368,17.0292,6,2024,174
2024-06-23,17.0587391304348,16.781,17.306,0.125047355974352,16.891,17.2326,6,2024,175
2024-06-24,16.4096034782609,16.119,16.665,0.133923749647282,16.2304,16.593,6,2024,176
2024-06-25,16.5634034782609,16.226,16.873,0.164935212668868,16.3444,16.7906,6,2024,177
2024-06-26,15.1654817391304,14.723,15.734,0.257384599350919,14.8204,15.5296,6,2024,178
2024-06-27,15.3969513043478,15.113,15.928,0.136792249692085,15.249,15.5358,6,2024,179
2024-06-28,15.4450226086957,14.984,15.723,0.158273396782502,15.1948,15.6106,6,2024,180
2024-06-29,15.28328,15.112,15.434,0.0739566206783425,15.1708,15.3806,6,2024,181
2024-06-30,16.0979669565217,15.876,16.414,0.142328473527294,15.932,16.319,6,2024,182
2024-07-01,15.9188313043478,15.506,16.689,0.314500534935597,15.5592,16.4318,7,2024,183
2024-07-02,15.6567773913043,15.342,16.216,0.23784967841643,15.3974,16.0706,7,2024,184
2024-07-03,15.5455460869565,15.198,16.197,0.23511502310955,15.303,15.9418,7,2024,185
2024-07-04,15.624187826087,15.29,16.322,0.26498464788475,15.3598,16.1012,7,2024,186
2024-07-05,15.9855460869565,15.725,16.133,0.0766736435221915,15.878,16.0696,7,2024,187
2024-07-06,16.3484295652174,15.98,16.671,0.154389349534905,16.1384,16.5552,7,2024,188
2024-07-07,18.0561808695652,17.4,18.709,0.342891555447422,17.582,18.5282,7,2024,189
2024-07-08,18.4630939130435,17.79,19.138,0.359649313631538,17.9694,18.9632,7,2024,190
2024-07-09,18.5235530434783,17.912,19.143,0.320574984656881,18.0804,18.9694,7,2024,191
2024-07-10,18.5119913043478,17.951,19.017,0.272757977992213,18.1312,18.87,7,2024,192
2024-07-11,18.1156469565217,17.769,18.388,0.147632461824204,17.9094,18.3042,7,2024,193
2024-07-12,18.0100626086957,17.61,18.41,0.167870935916813,17.8344,18.265,7,2024,194
2024-07-13,18.099747826087,17.724,18.431,0.144034430376099,17.9324,18.3076,7,2024,195
2024-07-14,17.9084869565217,17.736,18.292,0.102484244154673,17.795,18.046,7,2024,196
2024-07-15,18.232267826087,17.956,18.478,0.128835448318867,18.0644,18.403,7,2024,197
2024-07-16,18.45268,18.113,18.665,0.134342268690069,18.2574,18.6096,7,2024,198
2024-07-17,18.1099182608696,17.572,18.69,0.286443739598474,17.734,18.506,7,2024,199
2024-07-18,17.73388,17.056,18.536,0.353218809503061,17.2792,18.2128,7,2024,200
2024-07-19,17.5644504347826,16.757,18.409,0.395685908981965,17.032,18.1002,7,2024,201
2024-07-20,17.5575043478261,16.782,18.363,0.371331566056139,17.0502,18.0618,7,2024,202
2024-07-21,17.5741147826087,16.871,18.367,0.343343055413903,17.109,18.0392,7,2024,203
2024-07-22,17.6884486956522,17.095,18.403,0.299229825079214,17.2826,18.1002,7,2024,204
2024-07-23,16.3177634782609,16.097,16.56,0.116218973852597,16.1594,16.4696,7,2024,205
2024-07-24,16.7198852173913,16.445,17.135,0.168571681753216,16.504,16.963,7,2024,206
2024-07-25,17.4103217391304,17.183,17.853,0.158964043215117,17.244,17.658,7,2024,207
2024-07-26,18.6112660869565,18.232,19.004,0.197737676370146,18.3624,18.8972,7,2024,208
2024-07-27,18.5935686956522,18.145,19.192,0.220368985137802,18.368,18.934,7,2024,209
2024-07-28,18.5299739130435,18.076,19.25,0.242056075977424,18.291,18.89,7,2024,210
2024-07-29,18.4733843478261,18.178,18.854,0.143531601609214,18.3074,18.713,7,2024,211
2024-07-30,18.6008173913043,18.379,18.953,0.126657084754933,18.456,18.7916,7,2024,212
2024-07-31,18.9524191304348,18.601,19.145,0.101916940199316,18.8454,19.0938,7,2024,213
2024-08-01,19.1287391304348,18.486,19.601,0.292939853233533,18.6922,19.4798,8,2024,214
2024-08-02,19.2237113043478,18.464,19.905,0.384091538878225,18.7022,19.716,8,2024,215
2024-08-03,19.2586,18.974,19.665,0.180158640893246,19.029,19.5344,8,2024,216
2024-08-04,19.1228295652174,18.792,19.438,0.127714343281308,18.974,19.3042,8,2024,217
2024-08-05,18.8345008695652,18.334,19.366,0.205991761571864,18.5632,19.0848,8,2024,218
2024-08-06,18.8952591304348,18.367,19.128,0.149682814409524,18.6704,19.036,8,2024,219
2024-08-07,18.3468365217391,17.995,18.715,0.169529142104608,18.1484,18.6072,8,2024,220
2024-08-08,18.1128869565217,17.561,18.674,0.274018195599246,17.792,18.5532,8,2024,221
2024-08-09,18.1010208695652,17.77,18.408,0.149964152217995,17.918,18.3282,8,2024,222
2024-08-10,18.0488156521739,17.72,18.391,0.1705538858472,17.8124,18.2746,8,2024,223
2024-08-11,17.9101391304348,17.183,18.4,0.286591609514029,17.4902,18.2286,8,2024,224
2024-08-12,17.9390452173913,17.352,18.441,0.293608419285229,17.4764,18.2766,8,2024,225
2024-08-13,17.9782486956522,17.478,18.684,0.277839184167297,17.6218,18.3878,8,2024,226
2024-08-14,18.3116660869565,17.483,18.85,0.330996304832937,17.8732,18.7176,8,2024,227
2024-08-15,18.4162330434783,17.913,18.835,0.250685140510515,18.0134,18.722,8,2024,228
2024-08-16,18.2717443478261,17.911,18.949,0.21369468197992,17.9964,18.5338,8,2024,229
2024-08-17,18.2454747826087,17.822,19.17,0.305643838023704,17.9114,18.7066,8,2024,230
2024-08-18,18.148467826087,17.592,18.876,0.290514967364313,17.8048,18.5972,8,2024,231
2024-08-19,17.8566226086957,17.331,18.547,0.265538041350637,17.5192,18.2276,8,2024,232
2024-08-20,17.3794834782609,17.053,17.872,0.175461102795327,17.171,17.6224,8,2024,233
2024-08-21,17.1504452173913,16.815,17.654,0.22620247022017,16.8768,17.478,8,2024,234
2024-08-22,17.1460382608696,16.744,17.671,0.225262460773881,16.8692,17.4672,8,2024,235
2024-08-23,17.0609443478261,16.475,17.82,0.360109386737702,16.5942,17.599,8,2024,236
2024-08-24,17.1174052173913,16.302,17.99,0.439144826587284,16.5202,17.7282,8,2024,237
2024-08-25,17.5272173913043,16.843,18.444,0.377918275151561,16.998,18.0652,8,2024,238
2024-08-26,18.2239026086957,17.578,18.744,0.304438635006256,17.806,18.6436,8,2024,239
2024-08-27,18.01736,17.301,18.568,0.318788135602154,17.5704,18.432,8,2024,240
2024-08-28,18.4163095652174,18.035,18.966,0.155346465075595,18.2488,18.6346,8,2024,241
2024-08-29,18.3342417391304,17.808,18.592,0.13128822588035,18.1564,18.4776,8,2024,242
2024-08-30,17.3744904347826,16.823,17.965,0.272503120518498,16.9734,17.7408,8,2024,243
2024-08-31,16.9669147826087,16.19,17.644,0.247369353912243,16.6192,17.2688,8,2024,244
2024-09-01,16.9347217391304,16.478,17.394,0.170228149212832,16.7128,17.129,9,2024,245
2024-09-02,17.2391060869565,16.823,17.554,0.160510208564678,17.039,17.4746,9,2024,246
2024-09-03,16.980412173913,16.396,17.526,0.262263549769976,16.6664,17.405,9,2024,247
2024-09-04,16.4838052173913,15.986,16.991,0.19668908495384,16.1938,16.718,9,2024,248
2024-09-05,16.4291026086957,15.751,17.035,0.293528969615668,16.0288,16.8236,9,2024,249
2024-09-06,16.5102313043478,15.982,17.204,0.31272275750278,16.103,16.9512,9,2024,250
2024-09-07,16.5689669565217,16.024,17.153,0.262986871773178,16.2118,16.901,9,2024,251
2024-09-08,16.7091304347826,16.315,17.034,0.124067498891406,16.5524,16.868,9,2024,252
2024-09-09,15.9197513043478,15.333,16.237,0.187909522284977,15.614,16.104,9,2024,253
2024-09-10,15.2380347826087,14.944,15.581,0.165934327005159,15.033,15.4746,9,2024,254
2024-09-11,15.3253704347826,14.973,15.704,0.223599778168158,15.052,15.6456,9,2024,255
2024-09-12,15.8447808695652,15.514,16.241,0.184394112791041,15.5876,16.0946,9,2024,256
2024-09-13,16.4598782608696,16.187,16.806,0.126031710781078,16.302,16.638,9,2024,257
2024-09-14,16.4973808695652,15.967,17.146,0.33672293842869,16.062,16.9912,9,2024,258
2024-09-15,16.2355913043478,15.694,16.885,0.312732809325762,15.8384,16.7132,9,2024,259
2024-09-16,16.2907947826087,15.686,16.936,0.306234844705995,15.865,16.6982,9,2024,260
2024-09-17,16.5156034782609,15.991,16.972,0.22451242406448,16.2118,16.8312,9,2024,261
2024-09-18,16.6779808695652,16.495,16.863,0.0790534683167085,16.5774,16.794,9,2024,262
2024-09-19,17.0388660869565,16.659,17.339,0.148524430402204,16.8374,17.232,9,2024,263
2024-09-20,18.07668,17.853,18.273,0.100834023072867,17.9434,18.217,9,2024,264
2024-09-21,17.0887391304348,16.793,17.343,0.13152120475001,16.914,17.2706,9,2024,265
2024-09-22,16.4624817391304,16.192,16.695,0.11968269284074,16.3024,16.6296,9,2024,266
2024-09-23,15.0032939130435,14.875,15.197,0.0804195372180719,14.9094,15.1226,9,2024,267
2024-09-24,15.0133947826087,14.802,15.236,0.106227283977484,14.882,15.1592,9,2024,268
2024-09-25,14.9523860869565,14.715,15.143,0.0942859492406398,14.8264,15.084,9,2024,269
2024-09-26,14.989212173913,14.759,15.307,0.128660467430412,14.84,15.1856,9,2024,270
2024-09-27,14.7621443478261,14.552,14.951,0.0843965979623223,14.653,14.877,9,2024,271
2024-09-28,15.1676556521739,14.534,15.493,0.188654966934368,14.9034,15.3836,9,2024,272
2024-09-29,15.4388034782609,14.736,15.844,0.187924463998345,15.203,15.6536,9,2024,273
2024-09-30,15.3985913043478,14.711,15.791,0.18635500083283,15.1798,15.62,9,2024,274
2024-10-01,15.1951947826087,14.765,15.478,0.115793055405099,15.0376,15.321,10,2024,275
2024-10-02,15.1737547826087,14.646,15.514,0.167587360464222,14.9354,15.3852,10,2024,276
2024-10-03,15.1197582608696,14.55,15.405,0.204113624665219,14.8052,15.3416,10,2024,277
2024-10-04,15.0003304347826,14.618,15.315,0.176024909235636,14.755,15.234,10,2024,278
2024-10-05,15.1794486956522,14.714,15.363,0.130246043206479,14.996,15.322,10,2024,279
2024-10-06,15.1259426086957,14.703,15.4,0.137937805419379,14.9554,15.2886,10,2024,280
2024-10-07,15.048612173913,14.554,15.275,0.159800030279477,14.813,15.233,10,2024,281
2024-10-08,14.4789165217391,14.24,14.829,0.122838680598966,14.36,14.681,10,2024,282
2024-10-09,14.3197426086957,14.053,14.654,0.116763690496105,14.1822,14.5006,10,2024,283
2024-10-10,14.1109791304348,13.748,14.44,0.16069121030389,13.8894,14.3406,10,2024,284
2024-10-11,13.964707826087,13.317,14.368,0.259321329852263,13.5644,14.2988,10,2024,285
2024-10-12,13.6877043478261,13.076,14.182,0.297720877332913,13.2386,14.0796,10,2024,286
2024-10-13,13.5941043478261,13.13,14.012,0.22462772043081,13.273,13.9096,10,2024,287
2024-10-14,12.9992973913043,12.707,13.173,0.0877919236450281,12.8744,13.0996,10,2024,288
2024-10-15,12.59684,12.218,12.902,0.138169625589491,12.412,12.7846,10,2024,289
2024-10-16,12.2070469565217,11.892,12.489,0.147424236327508,11.9828,12.3992,10,2024,290
2024-10-17,12.0362208695652,11.703,12.265,0.14673085026962,11.787,12.1926,10,2024,291
2024-10-18,12.0888956521739,11.682,12.349,0.162122924816628,11.7974,12.281,10,2024,292
2024-10-19,12.0471147826087,11.674,12.381,0.16158922425191,11.8092,12.2572,10,2024,293
2024-10-20,12.3372956521739,11.95,12.687,0.124946300236285,12.1632,12.4706,10,2024,294
2024-10-21,12.4867565217391,12.039,12.793,0.152584801994588,12.3034,12.685,10,2024,295
2024-10-22,12.6241513043478,12.247,13.015,0.182070409077192,12.382,12.8848,10,2024,296
2024-10-23,12.978092173913,12.585,13.421,0.174355658555589,12.7734,13.2426,10,2024,297
2024-10-24,12.9423773913043,12.603,13.469,0.185041633445462,12.6922,13.193,10,2024,298
2024-10-25,12.6540052173913,12.385,12.922,0.101903477801607,12.5364,12.7958,10,2024,299
2024-10-26,12.2891426086957,11.995,12.433,0.0909550211052855,12.1358,12.3826,10,2024,300
2024-10-27,12.0186539130435,11.683,12.289,0.138817555853208,11.817,12.214,10,2024,301
2024-10-28,11.3471391304348,10.918,11.577,0.12397777752404,11.174,11.4826,10,2024,302
2024-10-29,11.1950939130435,10.68,11.582,0.151474270355097,10.965,11.3716,10,2024,303
2024-10-30,11.2456,10.841,11.518,0.121593112541056,11.0638,11.397,10,2024,304
2024-10-31,11.599667826087,11.39,11.67,0.0624527076096347,11.5,11.654,10,2024,305
2024-11-01,11.7889826086957,11.48,11.92,0.0942491122897119,11.644,11.8856,11,2024,306
2024-11-02,11.5980852173913,11.176,11.953,0.213110115425743,11.2678,11.8926,11,2024,307
2024-11-03,11.3993947826087,10.933,11.619,0.186376643608677,11.0658,11.578,11,2024,308
2024-11-04,11.4193913043478,11.074,11.769,0.18315796839796,11.1524,11.6782,11,2024,309
2024-11-05,11.6100243478261,11.419,11.849,0.109595976896031,11.4754,11.7712,11,2024,310
2024-11-06,11.3085565217391,11.202,11.402,0.0410752244611727,11.2594,11.365,11,2024,311
2024-11-07,11.1461582608696,10.836,11.351,0.129527663749535,10.9384,11.296,11,2024,312
2024-11-08,11.0769391304348,10.741,11.362,0.144295868555441,10.8394,11.2436,11,2024,313
2024-11-09,10.8369808695652,10.571,11.027,0.122404572726387,10.6414,10.988,11,2024,314
2024-11-10,10.4875947826087,10.175,10.801,0.184361779733191,10.2384,10.75,11,2024,315
2024-11-11,10.491892173913,10.054,10.762,0.180096389768466,10.2534,10.7258,11,2024,316
2024-11-12,10.4791165217391,9.995,10.789,0.196064108093894,10.2064,10.712,11,2024,317
2024-11-13,10.3870139130435,10.077,10.683,0.147670847659919,10.179,10.5862,11,2024,318
2024-11-14,10.1113808695652,9.93200000000002,10.446,0.129979545359205,9.96800000000002,10.3266,11,2024,319
2024-11-15,9.76565217391304,9.32299999999998,10.371,0.245269191638935,9.44760000000001,10.0956,11,2024,320
2024-11-16,9.58352869565217,9.30500000000001,10.104,0.199906438379154,9.36799999999999,9.87679999999999,11,2024,321
2024-11-17,9.37373739130435,9.125,9.87700000000001,0.192305638999726,9.15039999999999,9.66579999999998,11,2024,322
2024-11-18,9.46473391304348,9.06400000000002,10.071,0.254392828720364,9.1514,9.8358,11,2024,323
2024-11-19,9.3953147826087,9.02999999999997,10.11,0.286560578585423,9.09840000000001,9.85300000000002,11,2024,324
2024-11-20,9.31327826086956,8.93400000000003,9.983,0.288498617072456,9.005,9.76759999999998,11,2024,325
2024-11-21,9.37244869565217,8.94999999999999,9.94499999999999,0.251186363607249,9.0596,9.74400000000003,11,2024,326
2024-11-22,8.64913739130435,8.36900000000003,8.83499999999998,0.121172409680368,8.46899999999999,8.80200000000002,11,2024,327
2024-11-23,8.86319478260869,8.43400000000003,9.21300000000002,0.210648948288949,8.56080000000001,9.1396,11,2024,328
2024-11-24,8.89089565217391,8.709,9.298,0.137335569969955,8.75099999999998,9.1056,11,2024,329
2024-11-25,8.85476173913043,8.52300000000002,9.38999999999999,0.219150093977505,8.60639999999999,9.18119999999998,11,2024,330
2024-11-26,8.86377217391304,8.52699999999999,9.36799999999999,0.203160795017211,8.61840000000001,9.1656,11,2024,331
2024-11-27,8.83612695652174,8.62400000000002,9.25200000000001,0.151437684727757,8.66199999999998,9.06559999999998,11,2024,332
2024-11-28,8.8717147826087,8.69200000000001,9.22399999999999,0.137457799823485,8.71940000000001,9.07560000000001,11,2024,333
2024-11-29,8.84316,8.61799999999999,9.31,0.161676998077393,8.66239999999999,9.0856,11,2024,334
2024-11-30,8.64905739130435,8.13299999999998,9.24299999999999,0.26759742472214,8.28540000000002,9.00860000000001,11,2024,335
2024-12-01,8.25554260869565,7.89999999999998,8.85899999999998,0.239497814855812,7.98339999999999,8.62519999999998,12,2024,336
2024-12-02,8.22004869565217,7.91500000000002,8.89800000000002,0.24935241086122,7.95640000000001,8.6342,12,2024,337
2024-12-03,8.26709913043478,7.995,8.79399999999998,0.20126482177361,8.04500000000002,8.5856,12,2024,338
2024-12-04,8.25009391304348,8.12200000000001,8.49200000000002,0.0854635334819416,8.16000000000003,8.38099999999997,12,2024,339
2024-12-05,8.14359478260869,8.01900000000001,8.286,0.0636014729349176,8.05840000000001,8.23399999999998,12,2024,340
2024-12-06,7.72782608695652,7.55099999999999,8.12299999999999,0.139850571129025,7.584,7.95359999999999,12,2024,341
2024-12-07,7.72650608695652,7.464,8.27300000000002,0.184974523759993,7.5186,8.01760000000002,12,2024,342
2024-12-08,7.70399826086956,7.50700000000001,8.08699999999999,0.142004103821674,7.5554,7.92359999999999,12,2024,343
2024-12-09,7.69563130434783,7.48899999999998,8.02600000000001,0.0879250733893676,7.592,7.8066,12,2024,344
2024-12-10,7.66730782608696,7.55900000000003,7.96199999999999,0.083892357972,7.58299999999997,7.79060000000001,12,2024,345
2024-12-11,7.62127478260869,7.47399999999999,7.90199999999999,0.0970846875572931,7.50299999999999,7.75320000000002,12,2024,346
2024-12-12,7.35934608695652,7.18400000000003,7.73199999999997,0.130275760383013,7.21600000000001,7.55239999999999,12,2024,347
2024-12-13,7.01998086956522,6.82400000000001,7.55099999999999,0.173729408273023,6.83699999999999,7.27839999999999,12,2024,348
2024-12-14,6.77546782608696,6.58199999999999,7.29300000000001,0.172264873612718,6.59440000000001,7.0386,12,2024,349
2024-12-15,6.71762608695652,6.524,7.24299999999999,0.151031336069967,6.53899999999999,6.89780000000001,12,2024,350
2024-12-16,6.88703130434783,6.721,7.214,0.106423987993408,6.76140000000002,7.0302,12,2024,351
2024-12-17,6.9951652173913,6.87900000000002,7.166,0.0606434904536664,6.92399999999998,7.09399999999999,12,2024,352
2024-12-18,6.92123304347826,6.786,7.113,0.0667644824646284,6.834,7.017,12,2024,353
2024-12-19,6.98240173913043,6.85199999999998,7.10300000000001,0.0554661619270842,6.90100000000001,7.05200000000002,12,2024,354
2024-12-20,6.74573565217391,6.59800000000001,6.91300000000001,0.0728462155054585,6.64400000000001,6.84100000000001,12,2024,355
2024-12-21,6.44948695652174,6.298,6.779,0.127990728460039,6.32100000000003,6.66460000000001,12,2024,356
2024-12-22,6.33742608695652,6.07299999999998,6.71600000000001,0.177209627084776,6.12599999999998,6.62360000000001,12,2024,357
2024-12-23,6.08405043478261,5.81,6.56200000000001,0.203805304105458,5.85939999999999,6.4232,12,2024,358
2024-12-24,5.97247652173913,5.73399999999998,6.33299999999997,0.150685411002279,5.78540000000002,6.2056,12,2024,359
2024-12-25,5.99269565217391,5.70100000000002,6.45799999999997,0.1706700656897,5.7814,6.23399999999998,12,2024,360
2024-12-26,5.76920173913043,5.52699999999999,6.06799999999998,0.136182999690254,5.59739999999999,5.9616,12,2024,361
2024-12-27,5.6539252173913,5.45999999999998,6.053,0.133708545852744,5.5104,5.84720000000001,12,2024,362
2024-12-28,5.71441565217391,5.50099999999998,6.077,0.124446521399275,5.565,5.90020000000001,12,2024,363
2024-12-29,6.13206782608696,5.97199999999998,6.42200000000003,0.0880480581750787,6.02140000000001,6.24979999999998,12,2024,364
2024-12-30,6.37943826086956,6.255,6.56799999999998,0.0657721963204579,6.3054,6.4806,12,2024,365
2024-12-31,6.33446956521739,6.19900000000001,6.52800000000002,0.071411786393236,6.25139999999999,6.44560000000001,12,2024,366
