date,mean.sst,min.sst,max.sst,sd,ten,nine,month,year,doy
6/1/2002,10.21206957,9.873,10.501,0.129940305,10.0604,10.402,6,2002,152
6/2/2002,10.23376174,9.728,10.537,0.150066561,10.046,10.4404,6,2002,153
6/3/2002,9.959433043,9.416,10.321,0.192028985,9.6808,10.1894,6,2002,154
6/4/2002,9.52562087,8.886,9.807,0.182043029,9.2798,9.737,6,2002,155
6/5/2002,9.55521913,9.214,9.731,0.115539715,9.3872,9.691,6,2002,156
6/6/2002,9.360135652,9.192,9.507,0.078268694,9.247,9.4596,6,2002,157
6/7/2002,9.206770435,9.019,9.338,0.080243051,9.088,9.307,6,2002,158
6/8/2002,9.593617391,9.384,9.769,0.096576573,9.4544,9.7166,6,2002,159
6/9/2002,9.693097391,9.492,9.879,0.094618513,9.5594,9.815,6,2002,160
6/10/2002,9.770248696,9.558,9.967,0.099415044,9.6284,9.898,6,2002,161
6/11/2002,9.836843478,9.637,9.986,0.090563296,9.7044,9.95,6,2002,162
6/12/2002,9.958187826,9.752,10.109,0.087408645,9.831,10.0666,6,2002,163
6/13/2002,9.759907826,9.577,9.89,0.079492972,9.6424,9.86,6,2002,164
6/14/2002,9.91684,9.716,10.07,0.085101715,9.7954,10.023,6,2002,165
6/15/2002,9.856097391,9.683,9.978,0.076267781,9.743,9.9526,6,2002,166
6/16/2002,9.868966957,9.662,10.056,0.088477466,9.743,9.9826,6,2002,167
6/17/2002,10.48951826,10.196,10.747,0.11944857,10.3212,10.6406,6,2002,168
6/18/2002,11.17241217,10.903,11.491,0.150086638,11.0014,11.395,6,2002,169
6/19/2002,11.69679652,11.544,11.969,0.074249781,11.6094,11.7826,6,2002,170
6/20/2002,12.12357565,11.835,12.515,0.132341171,11.9534,12.2938,6,2002,171
6/21/2002,12.36506261,11.909,12.623,0.17263189,12.1186,12.5852,6,2002,172
6/22/2002,12.34999652,11.935,12.659,0.163035278,12.1224,12.563,6,2002,173
6/23/2002,12.25618087,11.963,12.54,0.133587625,12.0764,12.4356,6,2002,174
6/24/2002,12.35047478,12.031,12.61,0.158508671,12.1376,12.5706,6,2002,175
6/25/2002,12.55755478,12.102,12.883,0.193345803,12.2824,12.804,6,2002,176
6/26/2002,12.44746957,12.101,12.724,0.157244961,12.2178,12.647,6,2002,177
6/27/2002,12.55503304,12.208,12.813,0.13623705,12.3632,12.732,6,2002,178
6/28/2002,15.24632,15.079,15.468,0.091520862,15.134,15.3756,6,2002,179
6/29/2002,15.32126957,15.085,15.652,0.138362104,15.146,15.525,6,2002,180
6/30/2002,15.63000522,15.286,16.027,0.188106969,15.3854,15.9056,6,2002,181
7/1/2002,16.14676174,15.742,16.642,0.217010671,15.8624,16.4594,7,2002,182
7/2/2002,17.43749913,17.063,17.797,0.188539461,17.1854,17.7022,7,2002,183
7/3/2002,17.58136348,17.269,17.899,0.194000624,17.2994,17.83,7,2002,184
7/4/2002,17.81318957,17.469,18.325,0.19612068,17.6064,18.099,7,2002,185
7/5/2002,17.8754887,17.603,18.358,0.182675908,17.686,18.144,7,2002,186
7/6/2002,17.74480522,17.388,18.092,0.171044924,17.5054,17.963,7,2002,187
7/7/2002,17.43554261,17.115,18.037,0.235477226,17.197,17.8404,7,2002,188
7/8/2002,17.30395652,16.926,18.096,0.273866698,17.0364,17.749,7,2002,189
7/9/2002,17.17525217,16.753,17.665,0.166247247,16.961,17.3962,7,2002,190
7/10/2002,16.78254957,16.461,17.109,0.144300212,16.606,16.9976,7,2002,191
7/11/2002,15.91539478,15.437,16.579,0.321841412,15.5308,16.3792,7,2002,192
7/12/2002,15.73477043,15.097,16.423,0.36622465,15.236,16.2198,7,2002,193
7/13/2002,15.497,15.07,15.967,0.245105545,15.1854,15.8396,7,2002,194
7/14/2002,15.79976348,15.381,16.191,0.252374106,15.4464,16.112,7,2002,195
7/15/2002,15.80090783,15.27,16.231,0.28533629,15.3804,16.1176,7,2002,196
7/16/2002,15.67503478,15.287,16.041,0.208040431,15.3904,15.902,7,2002,197
7/17/2002,15.73943304,15.608,15.975,0.077144974,15.649,15.848,7,2002,198
7/18/2002,15.23559304,14.914,15.547,0.148781431,15.0614,15.4626,7,2002,199
7/19/2002,15.62974783,15.445,15.843,0.062682381,15.56,15.709,7,2002,200
7/20/2002,15.95255826,15.857,16.089,0.067741307,15.8684,16.0526,7,2002,201
7/21/2002,15.84849043,15.592,16.256,0.138670364,15.6588,16.0456,7,2002,202
7/22/2002,15.83848348,15.454,16.395,0.187845679,15.5964,16.0814,7,2002,203
7/23/2002,15.80876696,15.626,16.095,0.104311871,15.6704,15.9542,7,2002,204
7/24/2002,15.98389043,15.373,16.495,0.277030911,15.566,16.3122,7,2002,205
7/25/2002,16.23669217,14.973,16.876,0.534882729,15.3288,16.767,7,2002,206
7/26/2002,16.22986609,15.331,16.714,0.385296313,15.5796,16.6048,7,2002,207
7/27/2002,16.05208,15.512,16.439,0.247640638,15.6734,16.354,7,2002,208
7/28/2002,16.46485565,16.304,16.552,0.043727996,16.4174,16.521,7,2002,209
7/29/2002,17.76474435,17.491,17.872,0.074109456,17.6604,17.851,7,2002,210
7/30/2002,17.75607826,17.402,17.965,0.100102208,17.6414,17.907,7,2002,211
7/31/2002,17.68287826,17.338,18.146,0.173271813,17.4724,17.9576,7,2002,212
8/1/2002,17.61818435,17.302,18.043,0.129695694,17.4734,17.814,8,2002,213
8/2/2002,17.70067826,17.389,18.25,0.162590385,17.5158,17.946,8,2002,214
8/3/2002,18.26095826,17.762,18.741,0.22052479,17.9588,18.556,8,2002,215
8/4/2002,18.64892,18.038,19.11,0.238352813,18.3204,18.9526,8,2002,216
8/5/2002,17.20330783,16.976,17.479,0.139213686,17.0314,17.4196,8,2002,217
8/6/2002,17.52497043,17.053,18.255,0.317543315,17.1788,18.0742,8,2002,218
8/7/2002,17.46538435,17.03,18.255,0.332570555,17.122,18.0502,8,2002,219
8/8/2002,17.43922087,17.012,18.221,0.317008587,17.1284,18.015,8,2002,220
8/9/2002,17.16062609,16.659,17.631,0.209540873,16.8534,17.3914,8,2002,221
8/10/2002,17.41422783,17.045,17.596,0.080182361,17.3412,17.489,8,2002,222
8/11/2002,17.82296696,17.552,18.279,0.199137209,17.6114,18.1802,8,2002,223
8/12/2002,17.93658261,17.67,18.41,0.200262954,17.72,18.244,8,2002,224
8/13/2002,18.48632174,17.908,19.412,0.380850468,18.0868,19.1238,8,2002,225
8/14/2002,18.5437513,17.9,19.469,0.411829282,18.014,19.1848,8,2002,226
8/15/2002,18.41677739,17.969,19.177,0.299239755,18.0734,18.8742,8,2002,227
8/16/2002,18.35005739,17.994,19.111,0.288493652,18.048,18.8148,8,2002,228
8/17/2002,18.34701739,17.991,18.684,0.148035356,18.1608,18.553,8,2002,229
8/18/2002,18.45175826,17.989,19.055,0.271259173,18.1454,18.9102,8,2002,230
8/19/2002,18.55577913,17.998,19.175,0.276554532,18.1928,18.956,8,2002,231
8/20/2002,18.26062957,17.757,18.634,0.203030113,17.9788,18.5086,8,2002,232
8/21/2002,17.93666957,17.206,18.695,0.379761834,17.377,18.427,8,2002,233
8/22/2002,17.76343304,17.228,18.559,0.34940406,17.2918,18.2276,8,2002,234
8/23/2002,17.66775304,17.388,18.212,0.210209498,17.4184,17.9902,8,2002,235
8/24/2002,17.51551304,16.81,17.934,0.302892397,17.0676,17.879,8,2002,236
8/25/2002,17.30133739,16.588,18.113,0.277054268,16.9828,17.6442,8,2002,237
8/26/2002,17.33221565,16.565,18.076,0.281940208,17.0392,17.693,8,2002,238
8/27/2002,17.44752522,16.885,17.936,0.247270688,17.1104,17.7138,8,2002,239
8/28/2002,17.56951478,17.09,17.898,0.195779242,17.2818,17.8026,8,2002,240
8/29/2002,17.02630783,16.625,17.437,0.196231608,16.7504,17.2836,8,2002,241
8/30/2002,16.90646261,16.499,17.345,0.206227569,16.6404,17.2076,8,2002,242
8/31/2002,16.88725913,16.465,17.557,0.187525164,16.6878,17.124,8,2002,243
9/1/2002,16.72346435,16.29,17.326,0.155158652,16.551,16.8956,9,2002,244
9/2/2002,16.59289043,16.254,17.007,0.120210429,16.4556,16.747,9,2002,245
9/3/2002,16.64863304,16.031,17.106,0.271897044,16.2618,17.0118,9,2002,246
9/4/2002,16.77725043,16.35,17.008,0.107688187,16.6182,16.873,9,2002,247
9/5/2002,16.76072522,16.291,17.133,0.197193588,16.4964,17.0376,9,2002,248
9/6/2002,16.81310783,16.318,17.36,0.228990792,16.511,17.1134,9,2002,249
9/7/2002,17.05334261,16.42,17.845,0.334070241,16.591,17.495,9,2002,250
9/8/2002,17.2063513,16.446,17.939,0.374705685,16.6636,17.695,9,2002,251
9/9/2002,17.21889913,16.547,17.826,0.279560638,16.8188,17.5372,9,2002,252
9/10/2002,17.09985043,16.494,17.504,0.235358023,16.7254,17.3636,9,2002,253
9/11/2002,17.03478435,16.645,17.505,0.216388697,16.777,17.3466,9,2002,254
9/12/2002,16.68286783,16.093,17.219,0.274333306,16.3204,17.0544,9,2002,255
9/13/2002,15.61933391,15.236,16.181,0.269031499,15.286,15.993,9,2002,256
9/14/2002,14.49602609,13.966,14.935,0.187496233,14.294,14.7934,9,2002,257
9/15/2002,14.07304696,13.682,14.393,0.172616601,13.8224,14.2996,9,2002,258
9/16/2002,14.16460174,13.625,14.52,0.189254892,13.867,14.3872,9,2002,259
9/17/2002,14.28946087,13.442,14.723,0.253544191,13.9614,14.6242,9,2002,260
9/18/2002,15.30073739,14.686,16.272,0.412758573,14.8666,15.9656,9,2002,261
9/19/2002,15.13782783,14.622,16.024,0.438561089,14.7074,15.8846,9,2002,262
9/20/2002,14.99017391,14.432,15.995,0.463478633,14.5406,15.76,9,2002,263
9/21/2002,15.31715478,14.802,15.668,0.213322568,14.9738,15.587,9,2002,264
9/22/2002,15.47214261,15.033,15.751,0.122115929,15.346,15.6446,9,2002,265
9/23/2002,15.28041043,14.919,15.663,0.161302868,15.054,15.4784,9,2002,266
9/24/2002,14.6331687,14.298,15.221,0.206271888,14.3708,14.912,9,2002,267
9/25/2002,14.57677043,14.064,15.583,0.3221653,14.1952,15.009,9,2002,268
9/26/2002,14.54165043,14.191,15.034,0.197218051,14.2852,14.8106,9,2002,269
9/27/2002,15.13413217,14.943,15.341,0.077318158,15.024,15.2346,9,2002,270
9/28/2002,15.23388696,14.907,15.602,0.132663978,15.0552,15.402,9,2002,271
9/29/2002,15.19655652,14.755,15.57,0.151887807,14.9988,15.3792,9,2002,272
9/30/2002,15.0385513,14.736,15.394,0.148662259,14.8624,15.2746,9,2002,273
10/1/2002,15.16445043,14.747,15.506,0.204820251,14.9034,15.429,10,2002,274
10/2/2002,15.25485913,14.863,15.504,0.124289868,15.082,15.4256,10,2002,275
10/3/2002,14.90872174,14.666,15.259,0.107741799,14.77,15.0322,10,2002,276
10/4/2002,14.53770783,14.229,15.026,0.146669512,14.3424,14.7106,10,2002,277
10/5/2002,14.58368696,13.962,15.08,0.325183024,14.078,14.977,10,2002,278
10/6/2002,14.44474957,13.849,14.941,0.313534587,13.9524,14.8146,10,2002,279
10/7/2002,14.0502713,13.589,14.371,0.218205389,13.678,14.3026,10,2002,280
10/8/2002,13.74965217,13.406,14.242,0.209765251,13.4598,14.0462,10,2002,281
10/9/2002,13.64037391,13.332,14.083,0.166170857,13.427,13.8932,10,2002,282
10/10/2002,13.72453913,13.583,14.058,0.10439069,13.607,13.8846,10,2002,283
10/11/2002,14.06515652,13.916,14.249,0.081077477,13.963,14.182,10,2002,284
10/12/2002,12.94292174,12.632,13.247,0.155875092,12.725,13.157,10,2002,285
10/13/2002,13.15342435,12.874,13.359,0.113357106,12.9754,13.2856,10,2002,286
10/14/2002,13.0914487,12.566,13.319,0.157081651,12.8392,13.2506,10,2002,287
10/15/2002,13.0621513,12.527,13.339,0.161561532,12.8156,13.2438,10,2002,288
10/16/2002,13.02194261,12.519,13.26,0.161273563,12.7728,13.2152,10,2002,289
10/17/2002,12.63030957,12.475,12.875,0.100657498,12.5114,12.7828,10,2002,290
10/18/2002,12.59093565,12.375,12.904,0.157572121,12.388,12.7966,10,2002,291
10/19/2002,12.39379826,12.128,12.729,0.183877348,12.1722,12.6526,10,2002,292
10/20/2002,12.30229217,12.009,12.54,0.150550817,12.102,12.496,10,2002,293
10/21/2002,12.12379826,11.764,12.324,0.141295096,11.881,12.2682,10,2002,294
10/22/2002,11.9414313,11.514,12.185,0.157520825,11.699,12.1046,10,2002,295
10/23/2002,11.75619826,11.263,12.006,0.175238053,11.495,11.9536,10,2002,296
10/24/2002,11.66184696,11.095,11.909,0.182679345,11.365,11.859,10,2002,297
10/25/2002,11.67809913,11.206,11.912,0.156277011,11.4234,11.835,10,2002,298
10/26/2002,11.61689217,11.357,11.863,0.139595342,11.4444,11.8036,10,2002,299
10/27/2002,11.37211652,11.237,11.636,0.091198745,11.277,11.5222,10,2002,300
10/28/2002,11.26300522,10.978,11.515,0.119347872,11.0878,11.4412,10,2002,301
10/29/2002,11.16261565,10.821,11.536,0.13657605,10.9644,11.302,10,2002,302
10/30/2002,10.95628,10.741,11.207,0.101344927,10.812,11.088,10,2002,303
10/31/2002,10.86257739,10.549,11.08,0.115664843,10.714,11.0196,10,2002,304
11/1/2002,10.70726087,10.541,10.919,0.092948891,10.596,10.844,11,2002,305
11/2/2002,10.16112696,9.67,10.587,0.218540549,9.8654,10.462,11,2002,306
11/3/2002,10.08304348,9.793,10.54,0.175035347,9.8588,10.3416,11,2002,307
11/4/2002,9.867278261,9.453,10.225,0.204440298,9.5922,10.1476,11,2002,308
11/5/2002,9.665768696,9.348,10.057,0.184822347,9.4354,9.9292,11,2002,309
11/6/2002,9.424224348,9.317,9.645,0.077071125,9.3354,9.539,11,2002,310
11/7/2002,9.485678261,9.292,9.672,0.09034924,9.357,9.605,11,2002,311
11/8/2002,9.320182609,9.058,9.607,0.1419484,9.126,9.513,11,2002,312
11/9/2002,9.344516522,9.027,9.699,0.161706867,9.1234,9.5602,11,2002,313
11/10/2002,9.374866087,9.003,9.892,0.204219329,9.1214,9.6782,11,2002,314
11/11/2002,9.440248696,9.096,9.872,0.181041525,9.208,9.6986,11,2002,315
11/12/2002,9.437005217,9.339,9.498,0.036543587,9.3804,9.479,11,2002,316
11/13/2002,9.246266087,9.136,9.441,0.060421145,9.1854,9.3376,11,2002,317
11/14/2002,9.355224348,9.264,9.478,0.042370238,9.2974,9.412,11,2002,318
11/15/2002,9.61769913,9.467,9.726,0.063496453,9.523,9.696,11,2002,319
11/16/2002,9.486627826,9.344,9.611,0.062911286,9.395,9.5636,11,2002,320
11/17/2002,8.978857391,8.676,9.397,0.187437192,8.7524,9.2582,11,2002,321
11/18/2002,8.781812174,8.281,9.48,0.312725837,8.3794,9.2436,11,2002,322
11/19/2002,8.738323478,8.304,9.536,0.320355415,8.384,9.2716,11,2002,323
11/20/2002,8.744236522,8.274,9.348,0.287446265,8.3852,9.1762,11,2002,324
11/21/2002,8.32894087,8.048,8.857,0.206955086,8.1254,8.6726,11,2002,325
11/22/2002,8.295064348,8.039,8.686,0.167457481,8.1,8.5678,11,2002,326
11/23/2002,8.647123478,8.386,8.917,0.13581504,8.4604,8.8364,11,2002,327
11/24/2002,8.598977391,8.292,9.058,0.206059067,8.3504,8.8926,11,2002,328
11/25/2002,8.528624348,8.219,9.041,0.208309911,8.272,8.8216,11,2002,329
11/26/2002,8.435085217,8.118,8.767,0.162856849,8.2134,8.6596,11,2002,330
11/27/2002,7.867386087,7.668,8.302,0.14395488,7.714,8.0844,11,2002,331
11/28/2002,7.892466087,7.605,8.403,0.184179464,7.6738,8.1626,11,2002,332
11/29/2002,7.889448696,7.647,8.33,0.160434331,7.6994,8.1218,11,2002,333
11/30/2002,8.254354783,8.047,8.513,0.102488171,8.114,8.393,11,2002,334
12/1/2002,8.21522087,7.95,8.699,0.216390572,7.984,8.563,12,2002,335
12/2/2002,7.993735652,7.578,8.666,0.318226515,7.6492,8.4986,12,2002,336
12/3/2002,7.921866087,7.665,8.504,0.200716438,7.7144,8.2116,12,2002,337
12/4/2002,7.707946087,7.38,8.387,0.209990739,7.503,7.9976,12,2002,338
12/5/2002,7.506803478,7.214,8.257,0.255821689,7.2414,7.9006,12,2002,339
12/6/2002,7.424544348,7.192,7.977,0.173064441,7.2484,7.6946,12,2002,340
12/7/2002,7.350187826,7.043,8.085,0.210979067,7.122,7.6546,12,2002,341
12/8/2002,7.072125217,6.78,7.775,0.215897918,6.836,7.3806,12,2002,342
12/9/2002,6.86796,6.65,7.593,0.206460338,6.6674,7.186,12,2002,343
12/10/2002,6.739972174,6.537,7.316,0.166375868,6.557,6.9666,12,2002,344
12/11/2002,6.724243478,6.564,7.058,0.109047203,6.614,6.8906,12,2002,345
12/12/2002,6.287888696,6.059,6.82,0.166415776,6.0974,6.5468,12,2002,346
12/13/2002,6.116685217,5.818,6.866,0.221550578,5.858,6.4308,12,2002,347
12/14/2002,6.201716522,5.832,6.884,0.232480837,5.9224,6.534,12,2002,348
12/15/2002,6.421833043,6.044,6.979,0.218830157,6.165,6.7428,12,2002,349
12/16/2002,6.276255652,5.812,6.887,0.26341881,5.9608,6.6754,12,2002,350
12/17/2002,6.032638261,5.48,6.809,0.288066033,5.666,6.421,12,2002,351
12/18/2002,5.959926957,5.379,6.796,0.310349777,5.5634,6.3782,12,2002,352
12/19/2002,6.131648696,5.551,6.886,0.308560632,5.7394,6.5598,12,2002,353
12/20/2002,6.404718261,5.893,6.796,0.205793808,6.1148,6.6576,12,2002,354
12/21/2002,6.531297391,5.994,7.095,0.232500639,6.2276,6.8406,12,2002,355
12/22/2002,6.510186087,6.025,7.093,0.23676691,6.2178,6.8466,12,2002,356
12/23/2002,6.532226087,5.998,7.041,0.232721486,6.2202,6.8358,12,2002,357
12/24/2002,6.374989565,5.954,6.697,0.173337659,6.1294,6.5892,12,2002,358
12/25/2002,5.777681739,5.436,6.108,0.152903631,5.565,5.9768,12,2002,359
12/26/2002,5.399751304,4.984,5.898,0.212663544,5.115,5.6896,12,2002,360
12/27/2002,5.406989565,4.926,6.009,0.251461851,5.085,5.7406,12,2002,361
12/28/2002,5.448003478,5.018,6.029,0.228172554,5.1574,5.7606,12,2002,362
12/29/2002,5.444036522,5.022,5.916,0.187706264,5.1874,5.6816,12,2002,363
12/30/2002,5.32928,4.884,5.955,0.209783503,5.045,5.5876,12,2002,364
12/31/2002,5.290227826,4.843,5.796,0.207704717,5.0104,5.577,12,2002,365
1/1/2003,5.18408,4.862,5.602,0.163296359,4.9916,5.439,1,2003,1
1/2/2003,5.031965217,4.812,5.573,0.184883706,4.874,5.338,1,2003,2
1/3/2003,5.143643478,4.731,5.482,0.165196525,4.919,5.3672,1,2003,3
1/4/2003,4.990507826,4.695,5.291,0.130913766,4.816,5.168,1,2003,4
1/5/2003,4.940923478,4.654,5.222,0.127619826,4.7674,5.104,1,2003,5
1/6/2003,3.707401739,3.286,4.247,0.228638876,3.4044,4.028,1,2003,6
1/7/2003,3.504215652,2.951,4.003,0.26312543,3.1384,3.8576,1,2003,7
1/8/2003,3.611881739,2.999,4.087,0.274867234,3.2138,3.9606,1,2003,8
1/9/2003,3.519488696,2.934,3.955,0.252642976,3.1564,3.8236,1,2003,9
1/10/2003,3.627834783,3.158,4.088,0.242605842,3.2918,3.946,1,2003,10
1/11/2003,3.550071304,3.058,3.951,0.239373078,3.2064,3.8552,1,2003,11
1/12/2003,3.656422609,3.174,4.143,0.229022557,3.326,3.937,1,2003,12
1/13/2003,3.647066087,3.194,4.061,0.217635982,3.3348,3.9236,1,2003,13
1/14/2003,3.499013913,3.072,4.087,0.230176322,3.2028,3.8284,1,2003,14
1/15/2003,3.524467826,3.094,4.23,0.237126435,3.2214,3.8582,1,2003,15
1/16/2003,3.518026087,3.051,4.113,0.245915401,3.1934,3.8584,1,2003,16
1/17/2003,3.372373913,2.894,4.029,0.250713284,3.0354,3.6946,1,2003,17
1/18/2003,3.060930435,2.701,3.564,0.189264233,2.8042,3.309,1,2003,18
1/19/2003,2.823622609,2.423,3.275,0.211426007,2.5354,3.1094,1,2003,19
1/20/2003,2.84149913,2.369,3.605,0.288368213,2.4964,3.279,1,2003,20
1/21/2003,3.271363478,2.882,3.869,0.227242794,2.9944,3.6002,1,2003,21
1/22/2003,3.438255652,3.069,3.934,0.198079707,3.1864,3.72,1,2003,22
1/23/2003,3.675834783,3.316,4.145,0.198458973,3.4292,3.9642,1,2003,23
1/24/2003,3.580709565,3.25,4.095,0.190384347,3.3464,3.8626,1,2003,24
1/25/2003,3.604681739,3.223,4.193,0.212765697,3.3358,3.9138,1,2003,25
1/26/2003,3.827490435,3.36,4.368,0.246823682,3.5034,4.1732,1,2003,26
1/27/2003,2.884290435,2.535,3.44,0.196126819,2.6304,3.1416,1,2003,27
1/28/2003,2.631886957,2.255,3.175,0.218594248,2.349,2.9356,1,2003,28
1/29/2003,2.478264348,2.069,3.105,0.23198088,2.1778,2.8006,1,2003,29
1/30/2003,2.387403478,1.969,2.994,0.225874917,2.0868,2.6956,1,2003,30
1/31/2003,2.227215652,1.815,2.869,0.224304148,1.939,2.549,1,2003,31
2/1/2003,2.664286957,2.275,3.212,0.199855417,2.3944,2.9148,2,2003,32
2/2/2003,2.787274783,2.456,3.125,0.160017369,2.564,2.9922,2,2003,33
2/3/2003,2.519507826,2.097,3.044,0.226605029,2.2184,2.8356,2,2003,34
2/4/2003,2.301417391,1.854,3.017,0.261492253,1.972,2.6716,2,2003,35
2/5/2003,2.251916522,1.714,2.99,0.304039849,1.8594,2.6746,2,2003,36
2/6/2003,2.277426087,1.766,3.217,0.30685492,1.9084,2.6762,2,2003,37
2/7/2003,2.383078261,1.811,3.254,0.302080837,2.0004,2.7826,2,2003,38
2/8/2003,2.108053913,1.456,2.943,0.322582743,1.6884,2.542,2,2003,39
2/9/2003,1.913083478,1.227,2.907,0.354158555,1.4682,2.392,2,2003,40
2/10/2003,2.073551304,1.517,2.761,0.263995395,1.7258,2.4216,2,2003,41
2/11/2003,2.065130435,1.545,2.556,0.242827211,1.7384,2.392,2,2003,42
2/12/2003,1.87481913,1.369,2.562,0.260929086,1.5318,2.22,2,2003,43
2/13/2003,1.393177391,0.802,2.472,0.353462647,0.9994,1.881,2,2003,44
2/14/2003,1.384107826,0.897,2.363,0.30218261,1.0314,1.7572,2,2003,45
2/15/2003,1.271438261,0.74,2.35,0.31184383,0.9238,1.6664,2,2003,46
2/16/2003,1.279848696,0.794,2.224,0.272381547,0.965,1.6162,2,2003,47
2/17/2003,1.492313043,1.081,1.987,0.197825882,1.2304,1.7626,2,2003,48
2/18/2003,1.862165217,1.51,2.164,0.149200397,1.652,2.0546,2,2003,49
2/19/2003,1.92290087,1.475,2.56,0.242591566,1.62,2.2642,2,2003,50
2/20/2003,1.636274783,1.132,2.581,0.321480923,1.2548,2.0734,2,2003,51
2/21/2003,1.576274783,1.096,2.518,0.331123161,1.195,2.04,2,2003,52
2/22/2003,1.974429565,1.533,2.527,0.234439129,1.662,2.3046,2,2003,53
2/23/2003,2.526561739,2.246,2.974,0.152927789,2.326,2.7352,2,2003,54
2/24/2003,2.455342609,2.196,2.695,0.128625876,2.2734,2.6248,2,2003,55
2/25/2003,2.437396522,2.116,2.93,0.186868218,2.2094,2.718,2,2003,56
2/26/2003,1.98193913,1.622,2.815,0.256482447,1.7234,2.3554,2,2003,57
2/27/2003,1.895394783,1.467,2.731,0.289774751,1.57,2.3154,2,2003,58
2/28/2003,1.66349913,1.206,2.559,0.324046416,1.3234,2.1904,2,2003,59
3/1/2003,1.632525217,1.217,2.707,0.363708309,1.291,2.2518,3,2003,60
3/2/2003,1.90077913,1.492,2.518,0.236292129,1.6074,2.2386,3,2003,61
3/3/2003,1.960412174,1.625,2.487,0.188066058,1.717,2.2242,3,2003,62
3/4/2003,1.761570435,1.336,2.49,0.247652283,1.4502,2.0846,3,2003,63
3/5/2003,1.941582609,1.506,2.461,0.245362151,1.621,2.3044,3,2003,64
3/6/2003,1.612636522,1.317,1.987,0.164207086,1.397,1.8348,3,2003,65
3/7/2003,1.617933913,1.335,1.976,0.149858618,1.418,1.821,3,2003,66
3/8/2003,1.719786087,1.401,2.104,0.172271617,1.4922,1.9566,3,2003,67
3/9/2003,1.744361739,1.402,2.186,0.195253497,1.4894,2.0118,3,2003,68
3/10/2003,1.79277913,1.381,2.252,0.223655686,1.489,2.1032,3,2003,69
3/11/2003,1.763733913,1.329,2.251,0.22888913,1.4504,2.076,3,2003,70
3/12/2003,1.87473913,1.42,2.394,0.232449308,1.5624,2.185,3,2003,71
3/13/2003,1.795692174,1.42,2.324,0.186327026,1.5412,2.0442,3,2003,72
3/14/2003,1.897638261,1.482,2.38,0.217735226,1.5994,2.1866,3,2003,73
3/15/2003,1.802726957,1.38,2.207,0.217969591,1.4968,2.1006,3,2003,74
3/16/2003,1.59477913,1.194,2.025,0.207702476,1.3214,1.8828,3,2003,75
3/17/2003,2.081744348,1.438,2.845,0.37446228,1.6048,2.6268,3,2003,76
3/18/2003,1.97726087,1.166,2.946,0.506032764,1.3746,2.8062,3,2003,77
3/19/2003,1.971114783,1.165,2.925,0.48770125,1.3858,2.7718,3,2003,78
3/20/2003,1.858276522,1.239,2.719,0.41661576,1.378,2.5326,3,2003,79
3/21/2003,1.870650435,1.362,2.578,0.313420232,1.4804,2.3566,3,2003,80
3/22/2003,2.243666087,1.453,3.258,0.47109288,1.6212,2.8952,3,2003,81
3/23/2003,2.320648696,1.339,3.473,0.615523945,1.552,3.2192,3,2003,82
3/24/2003,2.42244,1.597,3.569,0.558438287,1.7444,3.2218,3,2003,83
3/25/2003,2.640403478,1.953,3.633,0.454423858,2.0802,3.2886,3,2003,84
3/26/2003,2.911509565,2.12,3.68,0.337617626,2.4882,3.3368,3,2003,85
3/27/2003,2.955683478,2.208,3.562,0.314840783,2.491,3.332,3,2003,86
3/28/2003,2.975572174,2.265,3.629,0.300563851,2.5846,3.3396,3,2003,87
3/29/2003,2.991521739,2.51,3.724,0.292393164,2.6494,3.4008,3,2003,88
3/30/2003,2.919973913,2.58,3.135,0.14811273,2.7042,3.102,3,2003,89
3/31/2003,3.031678261,2.741,3.27,0.135637914,2.839,3.207,3,2003,90
4/1/2003,2.98422087,2.755,3.305,0.122847154,2.8268,3.1522,4,2003,91
4/2/2003,3.201391304,2.966,3.366,0.109316764,3.0294,3.3302,4,2003,92
4/3/2003,2.963852174,2.752,3.188,0.101239069,2.824,3.0956,4,2003,93
4/4/2003,2.699961739,2.473,2.861,0.091438229,2.57,2.8136,4,2003,94
4/5/2003,2.844617391,2.387,3.017,0.125312292,2.6784,2.983,4,2003,95
4/6/2003,3.029613913,2.426,3.309,0.181311224,2.7778,3.209,4,2003,96
4/7/2003,3.026078261,2.471,3.325,0.172604074,2.7948,3.2,4,2003,97
4/8/2003,2.861111304,2.376,3.043,0.144748279,2.6642,3.029,4,2003,98
4/9/2003,2.698848696,2.344,3.226,0.210742804,2.4438,3.0338,4,2003,99
4/10/2003,2.753024348,2.24,3.39,0.281353646,2.3724,3.1234,4,2003,100
4/11/2003,3.139048696,2.493,3.828,0.347772761,2.644,3.58,4,2003,101
4/12/2003,3.37090087,3.002,3.655,0.164336398,3.1238,3.5816,4,2003,102
4/13/2003,4.024215652,3.521,4.281,0.145334045,3.849,4.2086,4,2003,103
4/14/2003,4.239617391,3.595,4.602,0.210804928,3.935,4.5076,4,2003,104
4/15/2003,4.09510087,3.502,4.32,0.164097363,3.859,4.2652,4,2003,105
4/16/2003,3.878269565,3.62,3.949,0.064389402,3.7774,3.94,4,2003,106
4/17/2003,3.844205217,3.526,4.045,0.122570763,3.6772,4.0126,4,2003,107
4/18/2003,3.865187826,3.606,4.052,0.102391506,3.7338,3.9966,4,2003,108
4/19/2003,4.210288696,3.891,4.715,0.19716093,4.0066,4.55,4,2003,109
4/20/2003,4.608965217,3.977,5.243,0.322351695,4.1668,5.0418,4,2003,110
4/21/2003,4.796826087,4.402,5.125,0.16622438,4.601,5.0436,4,2003,111
4/22/2003,4.386622609,4.113,4.544,0.109473583,4.2244,4.511,4,2003,112
4/23/2003,4.312770435,4.041,4.551,0.121413924,4.1364,4.4666,4,2003,113
4/24/2003,4.642036522,4.322,4.795,0.107475337,4.4682,4.7686,4,2003,114
4/25/2003,4.673636522,4.392,4.943,0.082856232,4.571,4.7746,4,2003,115
4/26/2003,4.603528696,4.339,5.059,0.159008586,4.4164,4.8326,4,2003,116
4/27/2003,4.515864348,3.914,4.928,0.237235866,4.2038,4.8346,4,2003,117
4/28/2003,4.486393043,3.679,5.204,0.351705975,4.0254,4.9866,4,2003,118
4/29/2003,5.29569913,4.676,5.699,0.261854452,4.869,5.5852,4,2003,119
4/30/2003,5.677624348,5.278,6.047,0.176630961,5.423,5.9058,4,2003,120
5/1/2003,5.797805217,5.414,6.176,0.190946652,5.546,6.0616,5,2003,121
5/2/2003,6.107337391,5.77,6.223,0.073856988,6.0278,6.186,5,2003,122
5/3/2003,6.336069565,5.951,6.93,0.196129025,6.122,6.605,5,2003,123
5/4/2003,6.364695652,5.931,7.113,0.248571275,6.104,6.6774,5,2003,124
5/5/2003,6.441073043,6.107,6.977,0.203066195,6.1888,6.7254,5,2003,125
5/6/2003,6.561144348,6.328,6.908,0.136117104,6.3714,6.7322,5,2003,126
5/7/2003,6.826213913,6.604,6.982,0.089897315,6.6824,6.936,5,2003,127
5/8/2003,7.406787826,6.84,7.584,0.11858401,7.2704,7.5336,5,2003,128
5/9/2003,7.657666087,6.859,7.877,0.209972845,7.342,7.8576,5,2003,129
5/10/2003,7.821998261,7.169,8.086,0.18138082,7.5308,7.9976,5,2003,130
5/11/2003,7.793469565,7.067,8.104,0.205172534,7.5114,8.0214,5,2003,131
5/12/2003,7.702593043,7.135,7.971,0.167068737,7.448,7.8646,5,2003,132
5/13/2003,7.547944348,7.133,7.852,0.186226017,7.2754,7.7796,5,2003,133
5/14/2003,7.000695652,6.786,7.217,0.10085621,6.8664,7.1406,5,2003,134
5/15/2003,6.967233043,6.858,7.094,0.048378062,6.902,7.032,5,2003,135
5/16/2003,7.739006957,7.115,8.025,0.213810167,7.4104,7.9586,5,2003,136
5/17/2003,7.999474783,7.572,8.301,0.140680522,7.7916,8.1856,5,2003,137
5/18/2003,8.128318261,7.546,8.626,0.228521268,7.7994,8.422,5,2003,138
5/19/2003,8.578824348,8.092,8.916,0.118510951,8.4394,8.7216,5,2003,139
5/20/2003,8.85196,8.281,9.429,0.231697771,8.597,9.1972,5,2003,140
5/21/2003,8.853947826,8.256,9.303,0.204814339,8.5734,9.1246,5,2003,141
5/22/2003,8.555634783,7.958,9.105,0.266435515,8.1966,8.914,5,2003,142
5/23/2003,7.648026087,7.296,8.038,0.169339651,7.4334,7.8882,5,2003,143
5/24/2003,6.988996522,6.705,7.338,0.140167732,6.8152,7.1846,5,2003,144
5/25/2003,6.679645217,6.481,6.932,0.100035739,6.5464,6.8176,5,2003,145
5/26/2003,6.471629565,6.338,6.65,0.068342473,6.3814,6.562,5,2003,146
5/27/2003,6.854330435,6.731,6.996,0.061175694,6.768,6.935,5,2003,147
5/28/2003,8.232370435,7.935,8.552,0.164292412,8.0314,8.4746,5,2003,148
5/29/2003,8.921987826,8.188,9.089,0.164010585,8.7256,9.0696,5,2003,149
5/30/2003,9.265264348,8.154,9.912,0.359219896,8.8194,9.7524,5,2003,150
5/31/2003,9.344323478,8.768,9.976,0.325357273,8.9426,9.8496,5,2003,151
6/1/2003,9.973149565,9.521,10.287,0.176120174,9.7222,10.2066,6,2003,152
6/2/2003,9.9738,9.306,10.505,0.298531779,9.5794,10.3632,6,2003,153
6/3/2003,9.927956522,9.14,10.543,0.329376731,9.4924,10.3532,6,2003,154
6/4/2003,10.06894087,9.654,10.509,0.218461248,9.7982,10.3808,6,2003,155
6/5/2003,10.43546435,10.063,10.762,0.161795527,10.1884,10.62,6,2003,156
6/6/2003,11.15414783,10.457,11.509,0.216479201,10.8164,11.391,6,2003,157
6/7/2003,11.11527478,10.543,11.501,0.183486257,10.8568,11.346,6,2003,158
6/8/2003,11.0619287,10.691,11.291,0.124913239,10.885,11.211,6,2003,159
6/9/2003,10.9106713,10.455,11.294,0.171455091,10.6844,11.1406,6,2003,160
6/10/2003,10.60458087,10.036,11.225,0.262423276,10.276,10.9818,6,2003,161
6/11/2003,10.7050087,10.37,11.254,0.159877931,10.501,10.9204,6,2003,162
6/12/2003,11.01607304,10.387,11.913,0.366102694,10.5394,11.5434,6,2003,163
6/13/2003,11.00875478,10.585,11.594,0.220301466,10.7124,11.3062,6,2003,164
6/14/2003,10.99277391,10.707,11.434,0.133982269,10.8124,11.168,6,2003,165
6/15/2003,11.06007826,10.716,11.917,0.230250505,10.7688,11.2938,6,2003,166
6/16/2003,11.07987304,10.686,11.471,0.156122862,10.8978,11.304,6,2003,167
6/17/2003,11.31568696,10.783,11.834,0.228501861,11.0334,11.633,6,2003,168
6/18/2003,11.33349913,10.896,11.784,0.190846582,11.12,11.625,6,2003,169
6/19/2003,11.60684348,11.508,11.929,0.096643693,11.519,11.7714,6,2003,170
6/20/2003,12.2994713,11.883,12.708,0.186240044,12.0358,12.5626,6,2003,171
6/21/2003,12.58524348,11.887,13.145,0.298851588,12.1634,12.9742,6,2003,172
6/22/2003,13.11016,12.748,13.584,0.23908255,12.827,13.466,6,2003,173
6/23/2003,13.9017687,13.428,14.428,0.220897907,13.59,14.2058,6,2003,174
6/24/2003,14.80093739,14.229,15.471,0.232300867,14.486,15.0448,6,2003,175
6/25/2003,15.54974087,15.214,15.8,0.142019582,15.3508,15.727,6,2003,176
6/26/2003,15.71057391,15.407,15.95,0.12680171,15.5214,15.8652,6,2003,177
6/27/2003,15.9357287,15.53,16.317,0.201662773,15.6502,16.2022,6,2003,178
6/28/2003,16.23618435,15.905,16.768,0.212975201,15.9828,16.553,6,2003,179
6/29/2003,16.66662957,16.366,16.9,0.119575936,16.4994,16.824,6,2003,180
6/30/2003,16.93671826,16.572,17.374,0.185598534,16.6828,17.1946,6,2003,181
7/1/2003,16.54107652,16.037,17.425,0.310928996,16.2284,17.0656,7,2003,182
7/2/2003,15.88815652,15.483,16.373,0.248542314,15.5734,16.2456,7,2003,183
7/3/2003,15.78605739,15.194,16.474,0.341717937,15.3338,16.2482,7,2003,184
7/4/2003,15.69279478,15.332,16.215,0.257105436,15.36,16.048,7,2003,185
7/5/2003,15.91214609,15.622,16.36,0.170727393,15.7,16.1336,7,2003,186
7/6/2003,15.96355304,15.709,16.351,0.126380117,15.7874,16.1212,7,2003,187
7/7/2003,16.20048522,16.066,16.518,0.10001895,16.096,16.358,7,2003,188
7/8/2003,16.79889913,16.51,17.284,0.18816885,16.5544,17.071,7,2003,189
7/9/2003,16.63213913,16.22,17.311,0.250868071,16.3184,17.0006,7,2003,190
7/10/2003,16.32584348,15.579,17.215,0.338645853,15.9854,16.8076,7,2003,191
7/11/2003,16.21585217,15.656,16.963,0.284956297,15.8734,16.6348,7,2003,192
7/12/2003,16.26669739,15.85,16.6,0.094041278,16.1836,16.3744,7,2003,193
7/13/2003,15.95545913,15.26,16.497,0.308472071,15.4628,16.2968,7,2003,194
7/14/2003,15.84257565,15.152,16.486,0.347643447,15.3578,16.3078,7,2003,195
7/15/2003,15.68974957,15.125,16.431,0.249274054,15.3688,16.0318,7,2003,196
7/16/2003,15.65666435,15.156,16.493,0.275341151,15.3604,16.0966,7,2003,197
7/17/2003,16.08291304,15.427,16.613,0.244895525,15.726,16.3802,7,2003,198
7/18/2003,16.53132696,15.761,16.958,0.24987206,16.1448,16.8146,7,2003,199
7/19/2003,16.87037043,16.257,17.283,0.170905582,16.663,17.0952,7,2003,200
7/20/2003,16.52152348,15.747,17.075,0.294330971,16.1202,16.9188,7,2003,201
7/21/2003,15.76428696,14.808,16.607,0.408279883,15.2306,16.3272,7,2003,202
7/22/2003,15.80441565,14.952,16.515,0.339214258,15.359,16.254,7,2003,203
7/23/2003,15.65029739,14.931,16.431,0.313437372,15.2378,16.0788,7,2003,204
7/24/2003,15.23976348,14.541,15.691,0.228573275,14.9024,15.4826,7,2003,205
7/25/2003,15.14296348,14.557,15.663,0.228565921,14.8912,15.4816,7,2003,206
7/26/2003,15.1195513,14.596,15.74,0.244244295,14.8164,15.4648,7,2003,207
7/27/2003,14.96315652,14.534,15.442,0.222476385,14.7028,15.2896,7,2003,208
7/28/2003,14.8741287,14.634,15.142,0.141550427,14.7044,15.096,7,2003,209
7/29/2003,15.2654887,14.47,15.999,0.434141465,14.6824,15.8072,7,2003,210
7/30/2003,15.44850957,14.669,16.422,0.45200193,14.8964,16.0752,7,2003,211
7/31/2003,15.70058261,15.102,16.516,0.451195547,15.1284,16.3854,7,2003,212
8/1/2003,15.64229565,15.417,16.054,0.17042613,15.445,15.916,8,2003,213
8/2/2003,15.70336,15.453,16.133,0.134556106,15.5284,15.8696,8,2003,214
8/3/2003,16.78543826,16.552,17.065,0.115204073,16.6282,16.9336,8,2003,215
8/4/2003,17.89236696,17.631,18.083,0.115387376,17.724,18.038,8,2003,216
8/5/2003,18.5596713,18.389,18.768,0.09073779,18.445,18.6902,8,2003,217
8/6/2003,18.55380174,18.384,18.786,0.087608801,18.4514,18.682,8,2003,218
8/7/2003,18.72392348,18.668,18.838,0.042371976,18.6744,18.787,8,2003,219
8/8/2003,18.71789739,18.498,18.906,0.106169946,18.575,18.8606,8,2003,220
8/9/2003,18.29816522,18.07,18.509,0.103942789,18.164,18.4428,8,2003,221
8/10/2003,17.51163826,17.227,17.799,0.119376055,17.338,17.667,8,2003,222
8/11/2003,17.28560696,17.003,17.681,0.153039024,17.1104,17.5212,8,2003,223
8/12/2003,17.34193043,16.955,17.851,0.194179536,17.097,17.6272,8,2003,224
8/13/2003,17.83060174,17.351,17.948,0.108649837,17.6528,17.912,8,2003,225
8/14/2003,17.73417739,17.347,18.072,0.157661713,17.5,17.9488,8,2003,226
8/15/2003,17.72353043,17.368,18.196,0.184535235,17.467,17.9698,8,2003,227
8/16/2003,17.74279478,17.355,18.014,0.093786563,17.6454,17.8804,8,2003,228
8/17/2003,17.55892,16.974,17.996,0.205497664,17.2536,17.8122,8,2003,229
8/18/2003,17.41869217,17.063,17.946,0.207559498,17.1574,17.7376,8,2003,230
8/19/2003,17.47133739,17.018,18.121,0.284741507,17.1054,17.9224,8,2003,231
8/20/2003,17.8832887,17.296,18.516,0.282737662,17.4504,18.213,8,2003,232
8/21/2003,18.56906783,18.248,18.905,0.157989791,18.3504,18.7796,8,2003,233
8/22/2003,17.92878435,17.414,18.662,0.286522929,17.603,18.3794,8,2003,234
8/23/2003,17.90808522,17.49,18.511,0.22557874,17.627,18.2142,8,2003,235
8/24/2003,17.02410957,16.027,17.721,0.46826624,16.3166,17.5806,8,2003,236
8/25/2003,16.15869391,15.782,16.536,0.188246892,15.9404,16.4416,8,2003,237
8/26/2003,15.71696,15.443,16.172,0.153262079,15.5,15.9098,8,2003,238
8/27/2003,15.76139304,15.299,16.297,0.267724555,15.3874,16.107,8,2003,239
8/28/2003,15.55968696,15.169,16.079,0.246897853,15.2474,15.896,8,2003,240
8/29/2003,15.17696522,14.686,15.892,0.314622209,14.7824,15.6042,8,2003,241
8/30/2003,14.93859478,14.303,15.603,0.241486817,14.5918,15.2044,8,2003,242
8/31/2003,14.67282261,14.188,15.217,0.221389262,14.4414,15.012,8,2003,243
9/1/2003,14.60424348,14.121,15.007,0.211209244,14.3484,14.8886,9,2003,244
9/2/2003,14.38530783,14.167,14.827,0.12532788,14.242,14.5646,9,2003,245
9/3/2003,14.35917913,14.011,15.213,0.208651179,14.1164,14.5784,9,2003,246
9/4/2003,14.80490261,14.495,15.177,0.166833852,14.571,15.0304,9,2003,247
9/5/2003,15.33068348,15.097,15.701,0.116144932,15.223,15.513,9,2003,248
9/6/2003,15.54083478,15.073,16.301,0.239149776,15.2908,15.8776,9,2003,249
9/7/2003,15.5645513,15.066,16.304,0.236970029,15.2734,15.8878,9,2003,250
9/8/2003,15.56124696,15.115,16.096,0.199251425,15.2996,15.8334,9,2003,251
9/9/2003,15.54209565,15.023,16.127,0.219427485,15.2378,15.7978,9,2003,252
9/10/2003,15.46858087,14.809,16.145,0.272010171,15.1792,15.8756,9,2003,253
9/11/2003,15.27509913,14.883,15.983,0.222264821,15.0008,15.5906,9,2003,254
9/12/2003,15.31676696,14.862,15.897,0.228310912,15.026,15.635,9,2003,255
9/13/2003,15.84125739,15.278,16.309,0.224655594,15.5278,16.146,9,2003,256
9/14/2003,15.98548522,15.376,16.487,0.267892314,15.578,16.3126,9,2003,257
9/15/2003,16.11329739,15.613,16.474,0.152901907,15.9378,16.3276,9,2003,258
9/16/2003,16.04118609,15.432,16.241,0.129946016,15.8764,16.1704,9,2003,259
9/17/2003,15.80529217,15.438,16.283,0.219320684,15.5514,16.1444,9,2003,260
9/18/2003,15.6406,15.279,16.105,0.201678065,15.4204,15.959,9,2003,261
9/19/2003,15.82521043,15.486,16.092,0.126777491,15.6564,15.9866,9,2003,262
9/20/2003,16.03131478,15.426,16.558,0.268598771,15.646,16.4462,9,2003,263
9/21/2003,16.13126261,15.458,16.786,0.324122007,15.6964,16.615,9,2003,264
9/22/2003,16.07816348,15.399,16.573,0.223020384,15.7972,16.4316,9,2003,265
9/23/2003,15.89719652,15.327,16.047,0.107021138,15.7726,16.0016,9,2003,266
9/24/2003,15.77059304,15.074,16.115,0.191034944,15.5208,16.0156,9,2003,267
9/25/2003,15.71770609,15.023,16.189,0.205587402,15.4724,15.952,9,2003,268
9/26/2003,15.69228174,15.08,15.993,0.1594066,15.4848,15.8846,9,2003,269
9/27/2003,15.69095826,15.161,16.012,0.155584169,15.482,15.8856,9,2003,270
9/28/2003,15.26451652,14.934,15.385,0.073505547,15.1788,15.356,9,2003,271
9/29/2003,15.34107478,14.881,15.673,0.220993969,14.976,15.589,9,2003,272
9/30/2003,15.3088713,14.8,15.663,0.235597396,14.95,15.565,9,2003,273
10/1/2003,15.19158957,14.821,15.455,0.171921256,14.9244,15.3926,10,2003,274
10/2/2003,14.13571304,13.97,14.447,0.103621393,14.008,14.2804,10,2003,275
10/3/2003,13.70845565,13.226,14.261,0.227562499,13.379,14.0032,10,2003,276
10/4/2003,13.08325217,12.465,13.76,0.304987766,12.7468,13.525,10,2003,277
10/5/2003,12.82470435,12.347,13.26,0.220090288,12.5844,13.1938,10,2003,278
10/6/2003,12.48028174,12.184,12.684,0.080124711,12.3804,12.566,10,2003,279
10/7/2003,12.50121565,12.147,13.037,0.262630135,12.2194,12.9196,10,2003,280
10/8/2003,12.90588696,12.465,13.555,0.314925304,12.5754,13.4422,10,2003,281
10/9/2003,12.89468348,12.399,13.593,0.316533402,12.552,13.4452,10,2003,282
10/10/2003,12.75952696,12.428,13.283,0.229185451,12.5112,13.1358,10,2003,283
10/11/2003,12.5494087,12.439,12.808,0.07667258,12.463,12.633,10,2003,284
10/12/2003,12.49456,12.272,12.733,0.110994865,12.3404,12.6492,10,2003,285
10/13/2003,12.81412522,12.461,13.074,0.126417034,12.637,12.978,10,2003,286
10/14/2003,12.87559826,12.488,13.197,0.149214355,12.6714,13.0726,10,2003,287
10/15/2003,12.63970087,12.284,12.918,0.123524818,12.4954,12.817,10,2003,288
10/16/2003,12.47393043,12.131,12.786,0.150443637,12.265,12.6758,10,2003,289
10/17/2003,12.29186957,11.837,12.507,0.10510288,12.177,12.428,10,2003,290
10/18/2003,11.45937217,11.242,11.755,0.154766962,11.268,11.687,10,2003,291
10/19/2003,11.16710609,11.021,11.298,0.064908761,11.0714,11.2496,10,2003,292
10/20/2003,11.16828348,10.957,11.382,0.086971268,11.037,11.2646,10,2003,293
10/21/2003,11.1201113,10.925,11.272,0.082266721,10.9934,11.216,10,2003,294
10/22/2003,11.02566783,10.952,11.12,0.04262096,10.968,11.088,10,2003,295
10/23/2003,10.25654783,10.212,10.431,0.04304346,10.217,10.323,10,2003,296
10/24/2003,10.05495826,9.842,10.263,0.090231053,9.942,10.178,10,2003,297
10/25/2003,10.08538609,9.809,10.354,0.113854546,9.9394,10.2406,10,2003,298
10/26/2003,10.12608696,9.946,10.23,0.050105388,10.058,10.1926,10,2003,299
10/27/2003,10.12686957,10.081,10.252,0.033565922,10.0894,10.174,10,2003,300
10/28/2003,10.2708713,10.164,10.385,0.050341836,10.204,10.3426,10,2003,301
10/29/2003,10.54672,10.336,10.811,0.128065137,10.379,10.7268,10,2003,302
10/30/2003,10.55333043,10.156,10.927,0.176847418,10.3048,10.7712,10,2003,303
10/31/2003,10.44330783,10.029,10.763,0.158957758,10.2238,10.6456,10,2003,304
11/1/2003,10.2466487,10.11,10.467,0.105042061,10.13,10.4056,11,2003,305
11/2/2003,8.963918261,8.845,9.085,0.054203532,8.888,9.0336,11,2003,306
11/3/2003,8.68048,8.557,8.811,0.056730359,8.6014,8.7536,11,2003,307
11/4/2003,9.498913043,9.382,9.618,0.053827697,9.423,9.5666,11,2003,308
11/5/2003,9.913587826,9.774,10.058,0.065316454,9.823,9.996,11,2003,309
11/6/2003,9.475027826,9.275,9.722,0.103235663,9.34,9.6166,11,2003,310
11/7/2003,9.592848696,9.183,9.977,0.200788931,9.3348,9.8756,11,2003,311
11/8/2003,9.454502609,8.872,10.307,0.392675154,8.9798,10.0294,11,2003,312
11/9/2003,8.858048696,8.448,9.822,0.286744562,8.545,9.2872,11,2003,313
11/10/2003,8.557622609,8.197,8.958,0.205418953,8.3104,8.848,11,2003,314
11/11/2003,8.545093913,8.286,8.857,0.142685889,8.3868,8.7556,11,2003,315
11/12/2003,8.510928696,8.365,8.657,0.074678942,8.414,8.6146,11,2003,316
11/13/2003,8.545156522,8.328,9.001,0.154682466,8.376,8.7622,11,2003,317
11/14/2003,8.290553043,8.056,8.819,0.179733766,8.105,8.5322,11,2003,318
11/15/2003,8.158772174,7.848,8.621,0.194771854,7.939,8.4598,11,2003,319
11/16/2003,8.020902609,7.615,8.589,0.244913554,7.7484,8.4114,11,2003,320
11/17/2003,7.885926957,7.198,8.523,0.315747995,7.4394,8.3196,11,2003,321
11/18/2003,7.838986087,7.329,8.363,0.26963256,7.4518,8.2036,11,2003,322
11/19/2003,8.020933913,7.849,8.289,0.110735547,7.8888,8.1906,11,2003,323
11/20/2003,7.870744348,7.635,8.35,0.175529341,7.6762,8.143,11,2003,324
11/21/2003,7.650871304,7.248,8.445,0.263572827,7.3354,8.0448,11,2003,325
11/22/2003,7.608326957,7.182,8.387,0.247738582,7.3034,7.9616,11,2003,326
11/23/2003,7.575172174,7.172,8.411,0.235845399,7.2988,7.9126,11,2003,327
11/24/2003,7.619166957,7.28,8.227,0.207184183,7.3744,7.9352,11,2003,328
11/25/2003,7.338994783,7.05,7.695,0.155058913,7.107,7.5486,11,2003,329
11/26/2003,7.155246957,6.853,7.702,0.167271134,6.917,7.3396,11,2003,330
11/27/2003,7.205290435,6.969,7.568,0.124893979,7.0364,7.354,11,2003,331
11/28/2003,7.565363478,7.295,7.821,0.126206767,7.387,7.728,11,2003,332
11/29/2003,7.582770435,7.359,8.024,0.137555904,7.4224,7.7752,11,2003,333
11/30/2003,7.506031304,7.247,7.951,0.170418921,7.3058,7.7672,11,2003,334
12/1/2003,7.471721739,7.013,8.023,0.274422388,7.1074,7.8648,12,2003,335
12/2/2003,6.93922087,6.389,7.673,0.341061958,6.5252,7.4968,12,2003,336
12/3/2003,6.640888696,6.33,7.011,0.182238199,6.4154,6.9076,12,2003,337
12/4/2003,6.194081739,5.876,6.546,0.17647687,5.9854,6.4718,12,2003,338
12/5/2003,6.003554783,5.642,6.455,0.222262119,5.7678,6.369,12,2003,339
12/6/2003,5.997653913,5.533,6.489,0.256088794,5.6418,6.3826,12,2003,340
12/7/2003,5.681909565,5.431,5.968,0.127259764,5.5094,5.8586,12,2003,341
12/8/2003,4.921006957,4.493,5.833,0.293392538,4.603,5.3566,12,2003,342
12/9/2003,4.954333913,4.598,5.814,0.267537642,4.676,5.3334,12,2003,343
12/10/2003,5.067222609,4.822,5.549,0.181561603,4.8834,5.3536,12,2003,344
12/11/2003,5.110368696,4.802,5.447,0.156320796,4.9028,5.3256,12,2003,345
12/12/2003,5.36330087,5.049,5.792,0.174350837,5.1356,5.603,12,2003,346
12/13/2003,5.206794783,4.874,5.56,0.171599921,4.974,5.4526,12,2003,347
12/14/2003,5.083245217,4.782,5.689,0.195218757,4.8454,5.3282,12,2003,348
12/15/2003,5.082246957,4.72,5.516,0.187912125,4.828,5.3182,12,2003,349
12/16/2003,4.764928696,4.467,5.215,0.156029693,4.5594,4.9794,12,2003,350
12/17/2003,4.672605217,4.282,5.144,0.20355076,4.3888,4.942,12,2003,351
12/18/2003,4.636224348,4.23,5.062,0.206958344,4.349,4.9206,12,2003,352
12/19/2003,4.578335652,4.21,5.19,0.21788929,4.3104,4.884,12,2003,353
12/20/2003,4.569953043,4.225,5.08,0.205402977,4.3144,4.868,12,2003,354
12/21/2003,4.631304348,4.29,5.003,0.174589921,4.3896,4.866,12,2003,355
12/22/2003,4.433986087,4.118,4.724,0.15640319,4.2154,4.6376,12,2003,356
12/23/2003,4.235203478,3.918,4.581,0.155355158,4.02,4.4392,12,2003,357
12/24/2003,4.424398261,4.042,4.929,0.196946091,4.1654,4.6922,12,2003,358
12/25/2003,4.880718261,4.379,5.278,0.221078487,4.5718,5.168,12,2003,359
12/26/2003,4.890224348,4.531,5.342,0.175636513,4.6594,5.1236,12,2003,360
12/27/2003,4.913646957,4.52,5.243,0.195169449,4.6422,5.1722,12,2003,361
12/28/2003,4.933787826,4.544,5.384,0.204453662,4.649,5.1994,12,2003,362
12/29/2003,4.88010087,4.51,5.368,0.205901579,4.6404,5.2088,12,2003,363
12/30/2003,4.878801739,4.307,5.721,0.369549088,4.41,5.41,12,2003,364
12/31/2003,5.050438261,4.344,6.058,0.463164666,4.4554,5.7094,12,2003,365
1/1/2004,5.117704348,4.617,5.721,0.260104776,4.73,5.451,1,2004,1
1/2/2004,4.595568696,4.322,5.369,0.211344357,4.378,4.8992,1,2004,2
1/3/2004,4.50056,4.282,4.873,0.137371211,4.347,4.7046,1,2004,3
1/4/2004,4.715346087,4.563,5.035,0.095452034,4.6094,4.8658,1,2004,4
1/5/2004,4.767434783,4.444,5.035,0.134115578,4.591,4.9462,1,2004,5
1/6/2004,5.064706087,4.599,5.481,0.181436656,4.8664,5.3438,1,2004,6
1/7/2004,5.372528696,4.954,6.006,0.257715565,5.1026,5.798,1,2004,7
1/8/2004,5.480476522,4.813,6.212,0.332789094,5.0954,6.0064,1,2004,8
1/9/2004,5.276078261,4.817,6.133,0.302978523,4.964,5.7294,1,2004,9
1/10/2004,4.81572,4.411,5.55,0.249223526,4.5876,5.2038,1,2004,10
1/11/2004,4.691097391,4.308,5.347,0.21206124,4.473,4.9952,1,2004,11
1/12/2004,4.76188,4.509,5.13,0.137106464,4.6,4.9576,1,2004,12
1/13/2004,4.813504348,4.446,5.032,0.129861369,4.6256,4.9716,1,2004,13
1/14/2004,4.607601739,4.1,4.932,0.183451756,4.3472,4.842,1,2004,14
1/15/2004,4.892252174,4.402,5.156,0.160532902,4.66,5.0726,1,2004,15
1/16/2004,4.672695652,4.164,5.104,0.218701186,4.4024,4.9672,1,2004,16
1/17/2004,4.201629565,3.457,4.926,0.334002478,3.775,4.6246,1,2004,17
1/18/2004,4.412323478,3.97,4.881,0.203198311,4.1504,4.6852,1,2004,18
1/19/2004,4.227128696,3.796,4.507,0.169033688,3.98,4.425,1,2004,19
1/20/2004,4.08584,3.604,4.472,0.196262887,3.8048,4.319,1,2004,20
1/21/2004,3.631855652,3.086,4.107,0.244246388,3.291,3.9482,1,2004,21
1/22/2004,3.194768696,2.584,3.787,0.310716258,2.7644,3.5996,1,2004,22
1/23/2004,3.154193043,2.446,3.997,0.364667611,2.6442,3.623,1,2004,23
1/24/2004,3.077605217,2.382,3.869,0.343639299,2.6028,3.521,1,2004,24
1/25/2004,2.871027826,2.194,3.697,0.361392958,2.4142,3.3996,1,2004,25
1/26/2004,2.725977391,2.136,3.631,0.305820877,2.3442,3.154,1,2004,26
1/27/2004,2.517453913,1.858,3.406,0.295815982,2.0998,2.8566,1,2004,27
1/28/2004,2.679467826,2.015,3.589,0.330908609,2.2484,3.1266,1,2004,28
1/29/2004,2.917893913,2.393,3.504,0.243416222,2.592,3.2492,1,2004,29
1/30/2004,2.364991304,1.84,2.853,0.262906519,1.994,2.7226,1,2004,30
1/31/2004,2.13470087,1.544,2.719,0.287762456,1.7464,2.529,1,2004,31
2/1/2004,2.163690435,1.612,2.666,0.256246869,1.7944,2.4924,2,2004,32
2/2/2004,1.956707826,1.486,2.667,0.242017208,1.6368,2.2742,2,2004,33
2/3/2004,1.611314783,1.277,1.981,0.17305124,1.3764,1.8416,2,2004,34
2/4/2004,1.569591304,1.204,2.27,0.248214793,1.2844,1.9552,2,2004,35
2/5/2004,1.790817391,1.373,2.822,0.293228146,1.4624,2.2216,2,2004,36
2/6/2004,2.062921739,1.686,2.783,0.247857269,1.77,2.4276,2,2004,37
2/7/2004,2.092794783,1.697,2.687,0.221998422,1.8024,2.3992,2,2004,38
2/8/2004,1.794657391,1.3,2.675,0.323974602,1.4182,2.292,2,2004,39
2/9/2004,1.739210435,1.189,2.952,0.393282358,1.319,2.3548,2,2004,40
2/10/2004,1.681513043,1.295,2.493,0.253947166,1.3918,2.0456,2,2004,41
2/11/2004,1.672417391,1.268,2.486,0.241742649,1.3728,1.9956,2,2004,42
2/12/2004,1.714165217,1.254,2.667,0.276237871,1.3888,2.1072,2,2004,43
2/13/2004,1.854994783,1.413,2.483,0.237025885,1.5364,2.1644,2,2004,44
2/14/2004,2.107770435,1.625,2.892,0.281483649,1.7448,2.5084,2,2004,45
2/15/2004,2.050598261,1.617,2.891,0.225993687,1.7704,2.3252,2,2004,46
2/16/2004,2.097497391,1.603,2.714,0.233557153,1.774,2.392,2,2004,47
2/17/2004,2.093890435,1.593,2.587,0.232826752,1.7724,2.4016,2,2004,48
2/18/2004,2.182824348,1.786,2.622,0.182579491,1.94,2.4316,2,2004,49
2/19/2004,2.08724,1.712,2.792,0.215979613,1.8284,2.38,2,2004,50
2/20/2004,2.020937391,1.559,2.864,0.279850936,1.6838,2.4336,2,2004,51
2/21/2004,2.086968696,1.647,2.759,0.22702619,1.7984,2.4012,2,2004,52
2/22/2004,2.063493913,1.477,2.564,0.226076217,1.7628,2.3786,2,2004,53
2/23/2004,2.002810435,1.437,2.909,0.338833226,1.6404,2.5618,2,2004,54
2/24/2004,2.004507826,1.337,3.078,0.414927914,1.571,2.6992,2,2004,55
2/25/2004,1.934930435,1.317,2.574,0.286694951,1.5582,2.3466,2,2004,56
2/26/2004,1.92244,1.249,2.781,0.365469913,1.484,2.4576,2,2004,57
2/27/2004,1.917052174,1.173,2.863,0.403600655,1.4258,2.5202,2,2004,58
2/28/2004,1.869796522,1.162,2.802,0.37292668,1.4358,2.4422,2,2004,59
2/29/2004,1.743897391,1.151,2.373,0.280453375,1.3864,2.125,2,2004,60
3/1/2004,1.872544348,1.453,2.596,0.306407436,1.5474,2.371,3,2004,61
3/2/2004,2.38296,1.506,2.804,0.351099369,1.7612,2.746,3,2004,62
3/3/2004,2.299321739,1.379,2.783,0.355069801,1.6822,2.676,3,2004,63
3/4/2004,1.973146087,1.405,2.474,0.293454582,1.5402,2.3276,3,2004,64
3/5/2004,1.927017391,1.512,2.203,0.184515685,1.6674,2.1366,3,2004,65
3/6/2004,1.868817391,1.362,2.283,0.206346913,1.6064,2.1522,3,2004,66
3/7/2004,1.733746087,1.094,2.356,0.275684188,1.3614,2.1506,3,2004,67
3/8/2004,1.742928696,1.224,2.198,0.237929366,1.4416,2.0906,3,2004,68
3/9/2004,1.535573913,1.042,1.827,0.192232749,1.252,1.7646,3,2004,69
3/10/2004,1.265111304,0.871,1.568,0.180516163,1.0134,1.504,3,2004,70
3/11/2004,1.768073043,1.305,2.011,0.146736205,1.548,1.9352,3,2004,71
3/12/2004,1.793264348,1.273,2.015,0.163880628,1.5372,1.954,3,2004,72
3/13/2004,1.747784348,1.256,2.071,0.174263614,1.482,1.9336,3,2004,73
3/14/2004,1.640033043,1.291,2.058,0.188257359,1.3824,1.9302,3,2004,74
3/15/2004,2.093617391,1.603,2.393,0.169190941,1.8318,2.2996,3,2004,75
3/16/2004,2.376443478,1.463,2.773,0.252890943,2.113,2.6488,3,2004,76
3/17/2004,2.486113043,1.879,2.795,0.191208807,2.2098,2.7166,3,2004,77
3/18/2004,1.695989565,1.38,1.975,0.123945517,1.543,1.866,3,2004,78
3/19/2004,1.573347826,1.308,1.826,0.120221213,1.395,1.7386,3,2004,79
3/20/2004,1.526497391,1.232,1.844,0.146013816,1.311,1.7274,3,2004,80
3/21/2004,1.619314783,1.364,1.812,0.101308306,1.466,1.75,3,2004,81
3/22/2004,1.735055652,1.49,1.935,0.109935681,1.5734,1.8796,3,2004,82
3/23/2004,1.856173913,1.587,2.135,0.134859706,1.6764,2.0428,3,2004,83
3/24/2004,1.87194087,1.69,2.041,0.081385198,1.7614,1.9816,3,2004,84
3/25/2004,1.887606957,1.754,2.025,0.063139925,1.7978,1.97,3,2004,85
3/26/2004,1.781372174,1.653,1.954,0.069281257,1.6904,1.8746,3,2004,86
3/27/2004,2.543410435,2.119,2.766,0.15592236,2.3128,2.723,3,2004,87
3/28/2004,2.60114087,2.083,2.912,0.222840303,2.2264,2.8492,3,2004,88
3/29/2004,2.542827826,1.974,2.896,0.247898077,2.1282,2.818,3,2004,89
3/30/2004,2.573321739,2.082,2.861,0.205470233,2.2442,2.8206,3,2004,90
3/31/2004,2.571393043,2.275,2.775,0.12265101,2.3914,2.7246,3,2004,91
4/1/2004,2.69918087,2.522,2.831,0.06511495,2.6098,2.784,4,2004,92
4/2/2004,3.271993043,3.184,3.343,0.03870702,3.219,3.324,4,2004,93
4/3/2004,3.385323478,3.284,3.469,0.045928589,3.32,3.447,4,2004,94
4/4/2004,3.008292174,2.853,3.141,0.065483154,2.9154,3.092,4,2004,95
4/5/2004,3.283469565,3.079,3.419,0.091655574,3.1552,3.4,4,2004,96
4/6/2004,3.279297391,2.977,3.457,0.109076294,3.114,3.41,4,2004,97
4/7/2004,3.358634783,2.939,3.778,0.157899161,3.1204,3.5346,4,2004,98
4/8/2004,3.487704348,2.985,3.838,0.137594932,3.3252,3.6766,4,2004,99
4/9/2004,3.629368696,3.379,3.966,0.125444491,3.46,3.7898,4,2004,100
4/10/2004,3.883801739,3.655,4.135,0.097036214,3.752,4.022,4,2004,101
4/11/2004,4.013626087,3.794,4.462,0.122453707,3.876,4.2052,4,2004,102
4/12/2004,4.053346087,3.808,4.481,0.111364487,3.9474,4.2216,4,2004,103
4/13/2004,4.113657391,3.882,4.386,0.09875364,3.9834,4.245,4,2004,104
4/14/2004,4.43885913,4.162,4.655,0.110949258,4.288,4.6032,4,2004,105
4/15/2004,4.829966957,4.518,4.951,0.087173766,4.7194,4.929,4,2004,106
4/16/2004,4.969050435,4.668,5.243,0.125210969,4.802,5.1336,4,2004,107
4/17/2004,4.999467826,4.841,5.249,0.096829668,4.8764,5.1312,4,2004,108
4/18/2004,5.100398261,4.955,5.224,0.053661375,5.0354,5.1746,4,2004,109
4/19/2004,5.780001739,5.404,5.999,0.117068215,5.6146,5.9216,4,2004,110
4/20/2004,6.237813913,5.588,6.671,0.26084222,5.8868,6.5976,4,2004,111
4/21/2004,6.102116522,5.439,6.534,0.269061458,5.6732,6.4324,4,2004,112
4/22/2004,6.083885217,5.476,6.509,0.250513154,5.7266,6.4172,4,2004,113
4/23/2004,6.069763478,5.658,6.332,0.127344343,5.9166,6.2472,4,2004,114
4/24/2004,6.081086957,5.726,6.597,0.227100093,5.8398,6.457,4,2004,115
4/25/2004,6.045029565,5.482,6.868,0.390593122,5.5634,6.6606,4,2004,116
4/26/2004,5.969153043,5.583,6.484,0.263284343,5.677,6.3896,4,2004,117
4/27/2004,6.022685217,5.614,6.318,0.167207428,5.76,6.2396,4,2004,118
4/28/2004,5.943951304,5.409,6.783,0.344199755,5.545,6.5006,4,2004,119
4/29/2004,5.950733913,5.265,6.883,0.377841532,5.492,6.5436,4,2004,120
4/30/2004,6.26498087,5.509,6.629,0.301934099,5.718,6.5412,4,2004,121
5/1/2004,6.481076522,6.207,6.664,0.09468012,6.352,6.601,5,2004,122
5/2/2004,6.455749565,6.318,6.576,0.058018469,6.3734,6.532,5,2004,123
5/3/2004,6.379033043,6.069,6.542,0.112192098,6.2134,6.517,5,2004,124
5/4/2004,6.315601739,5.873,6.557,0.172751346,6.0514,6.513,5,2004,125
5/5/2004,6.466467826,5.914,7.324,0.350451504,6.0892,7.0768,5,2004,126
5/6/2004,6.563154783,6.089,7.504,0.352318669,6.1914,7.192,5,2004,127
5/7/2004,6.953982609,6.338,7.662,0.356254621,6.3998,7.403,5,2004,128
5/8/2004,7.144452174,6.361,7.841,0.424786104,6.4884,7.6406,5,2004,129
5/9/2004,7.244309565,6.42,7.779,0.359848412,6.6796,7.7162,5,2004,130
5/10/2004,7.318671304,7.028,7.531,0.117682995,7.1604,7.481,5,2004,131
5/11/2004,7.316226087,6.695,7.863,0.289673554,6.9304,7.7174,5,2004,132
5/12/2004,7.929422609,7.309,8.356,0.2645019,7.5394,8.2586,5,2004,133
5/13/2004,7.988869565,7.278,8.534,0.304622784,7.5514,8.375,5,2004,134
5/14/2004,8.124053913,7.476,8.594,0.259667891,7.7768,8.4726,5,2004,135
5/15/2004,8.689993043,8.081,8.927,0.173028557,8.4208,8.843,5,2004,136
5/16/2004,9.017309565,8.354,9.25,0.168950918,8.751,9.1866,5,2004,137
5/17/2004,9.35433913,8.508,9.583,0.231777155,8.9768,9.535,5,2004,138
5/18/2004,9.255311304,8.765,9.432,0.141841984,9.0414,9.394,5,2004,139
5/19/2004,9.279862609,8.685,9.815,0.225173453,8.9728,9.589,5,2004,140
5/20/2004,9.379667826,8.903,10.018,0.241602798,9.045,9.7222,5,2004,141
5/21/2004,9.404243478,8.975,9.878,0.211038629,9.1044,9.6948,5,2004,142
5/22/2004,9.312648696,8.91,9.506,0.112199991,9.135,9.413,5,2004,143
5/23/2004,8.902467826,8.459,9.336,0.21590105,8.6028,9.1916,5,2004,144
5/24/2004,8.874003478,8.441,9.302,0.212018579,8.5802,9.1562,5,2004,145
5/25/2004,8.840086957,8.355,9.313,0.234993845,8.5132,9.154,5,2004,146
5/26/2004,8.702806957,8.159,9.217,0.261371915,8.3374,9.0566,5,2004,147
5/27/2004,8.999692174,8.535,9.417,0.170255969,8.769,9.2226,5,2004,148
5/28/2004,9.127987826,8.705,9.337,0.112876894,8.9734,9.262,5,2004,149
5/29/2004,9.307017391,8.846,9.673,0.162721711,9.0964,9.521,5,2004,150
5/30/2004,9.133085217,8.328,10.068,0.521133268,8.444,9.9048,5,2004,151
5/31/2004,9.015271304,8.111,10.165,0.616473956,8.2578,9.9466,5,2004,152
6/1/2004,9.095521739,8.34,9.976,0.508940683,8.4524,9.8354,6,2004,153
6/2/2004,9.35825913,8.842,9.779,0.220252604,9.0646,9.671,6,2004,154
6/3/2004,9.393306087,8.966,9.837,0.261849393,9.045,9.7378,6,2004,155
6/4/2004,9.49661913,8.964,9.953,0.306975693,9.0602,9.868,6,2004,156
6/5/2004,9.569513043,8.97,9.958,0.326648672,9.084,9.9276,6,2004,157
6/6/2004,9.536471304,9.084,9.922,0.253754927,9.1586,9.858,6,2004,158
6/7/2004,9.788090435,9.337,10.198,0.165377329,9.577,10.018,6,2004,159
6/8/2004,10.55397739,9.908,11.028,0.269313531,10.1828,10.9146,6,2004,160
6/9/2004,11.09497043,10.358,11.64,0.311207636,10.6638,11.4882,6,2004,161
6/10/2004,11.16204174,10.458,11.858,0.263013834,10.8054,11.503,6,2004,162
6/11/2004,11.21354087,10.668,11.606,0.21899488,10.9034,11.488,6,2004,163
6/12/2004,11.1797287,10.503,11.782,0.341544406,10.6744,11.6562,6,2004,164
6/13/2004,11.0676887,10.432,11.739,0.292950327,10.6718,11.5308,6,2004,165
6/14/2004,10.95415652,10.288,11.907,0.420233057,10.4212,11.6078,6,2004,166
6/15/2004,11.31669391,10.909,11.739,0.181860076,11.1104,11.5948,6,2004,167
6/16/2004,11.6695287,11.059,12.303,0.269552686,11.2956,12.0092,6,2004,168
6/17/2004,12.14463478,11.649,12.373,0.124593383,11.966,12.2942,6,2004,169
6/18/2004,11.86665391,11.113,12.564,0.362996886,11.3506,12.329,6,2004,170
6/19/2004,11.98157391,11.342,12.41,0.265457158,11.6344,12.331,6,2004,171
6/20/2004,12.32483826,11.57,13.269,0.526791366,11.6884,13.0842,6,2004,172
6/21/2004,12.29394783,11.636,13.173,0.450082696,11.7238,12.873,6,2004,173
6/22/2004,12.17457217,11.719,12.669,0.255884293,11.812,12.4946,6,2004,174
6/23/2004,12.09781913,11.694,12.438,0.185386888,11.8442,12.345,6,2004,175
6/24/2004,12.01795304,11.566,12.33,0.213934976,11.6774,12.2626,6,2004,176
6/25/2004,12.15468696,11.671,12.443,0.205541868,11.8264,12.388,6,2004,177
6/26/2004,12.19371304,11.904,12.476,0.136536703,12.0018,12.388,6,2004,178
6/27/2004,12.31568696,11.806,12.896,0.239410148,12.0154,12.6566,6,2004,179
6/28/2004,12.4515513,12.044,13.15,0.26246298,12.145,12.8442,6,2004,180
6/29/2004,12.89438087,12.328,13.368,0.278620505,12.4554,13.228,6,2004,181
6/30/2004,13.17031826,12.453,13.881,0.401532944,12.6374,13.7204,6,2004,182
7/1/2004,13.74232348,13.262,14.083,0.197223205,13.4544,13.9966,7,2004,183
7/2/2004,14.00731826,13.511,14.279,0.127851509,13.8358,14.143,7,2004,184
7/3/2004,14.50390609,13.889,15.059,0.235445959,14.212,14.8726,7,2004,185
7/4/2004,14.69941739,14.084,15.101,0.159110998,14.55,14.9222,7,2004,186
7/5/2004,14.74480174,14.151,15.04,0.166310566,14.4954,14.948,7,2004,187
7/6/2004,14.77193043,13.952,15.438,0.347575553,14.2906,15.222,7,2004,188
7/7/2004,14.71883826,13.713,15.395,0.353000247,14.2108,15.1242,7,2004,189
7/8/2004,13.99221565,13.184,14.799,0.374224991,13.515,14.5272,7,2004,190
7/9/2004,13.9855913,13.256,14.85,0.310727406,13.6504,14.4092,7,2004,191
7/10/2004,13.96509913,13.243,14.864,0.313682526,13.6426,14.4462,7,2004,192
7/11/2004,13.66471652,12.89,14.165,0.219493703,13.3464,13.9072,7,2004,193
7/12/2004,13.53146609,12.764,14.155,0.283645602,13.15,13.897,7,2004,194
7/13/2004,13.60062783,12.769,14.303,0.340650061,13.1488,14.0536,7,2004,195
7/14/2004,13.49039478,12.997,14.037,0.247079877,13.175,13.853,7,2004,196
7/15/2004,13.69174957,13.382,14.336,0.286421347,13.434,14.1738,7,2004,197
7/16/2004,14.04367652,13.548,14.557,0.201152627,13.8174,14.327,7,2004,198
7/17/2004,14.26022957,13.909,14.973,0.264393375,13.9964,14.6702,7,2004,199
7/18/2004,14.50275652,14.176,15.734,0.347065684,14.206,15.003,7,2004,200
7/19/2004,15.16909739,14.554,15.762,0.223351236,14.8492,15.4066,7,2004,201
7/20/2004,15.61444522,14.875,16.094,0.263045789,15.2394,15.9738,7,2004,202
7/21/2004,15.80255652,15.008,16.199,0.257666478,15.4224,16.1276,7,2004,203
7/22/2004,15.93178609,15.264,16.229,0.189139463,15.6684,16.1652,7,2004,204
7/23/2004,15.87421913,14.936,16.256,0.26862681,15.4898,16.1806,7,2004,205
7/24/2004,15.03594783,14.251,15.305,0.19213295,14.7674,15.255,7,2004,206
7/25/2004,14.72873391,13.784,15.125,0.253243992,14.3424,14.982,7,2004,207
7/26/2004,14.7813513,14.011,15.055,0.221100412,14.4328,14.9822,7,2004,208
7/27/2004,14.63185913,14.103,15.07,0.228494137,14.315,14.9336,7,2004,209
7/28/2004,15.73701565,15.126,16.411,0.298516503,15.3698,16.1646,7,2004,210
7/29/2004,16.11720348,15.776,16.772,0.244970876,15.8644,16.492,7,2004,211
7/30/2004,15.97150435,15.422,16.812,0.29213922,15.6644,16.3976,7,2004,212
7/31/2004,15.34308,14.571,16.331,0.490914567,14.6594,15.9916,7,2004,213
8/1/2004,14.96642435,14.435,15.68,0.308722479,14.56,15.3778,8,2004,214
8/2/2004,14.95232174,14.403,15.68,0.242499705,14.6356,15.2682,8,2004,215
8/3/2004,15.0714487,14.488,15.868,0.250517952,14.7682,15.416,8,2004,216
8/4/2004,15.82298609,15.269,16.189,0.204751698,15.4972,16.0432,8,2004,217
8/5/2004,15.95146435,15.548,16.163,0.114689636,15.7744,16.078,8,2004,218
8/6/2004,16.10270261,15.754,16.309,0.106204852,15.941,16.224,8,2004,219
8/7/2004,16.09170783,15.629,16.394,0.179706531,15.8058,16.28,8,2004,220
8/8/2004,16.18437565,15.73,16.41,0.144989444,15.9724,16.3566,8,2004,221
8/9/2004,16.1363113,15.53,16.784,0.268137768,15.7762,16.5176,8,2004,222
8/10/2004,16.15496522,15.576,16.931,0.290302387,15.847,16.6296,8,2004,223
8/11/2004,15.78217565,15.489,16.331,0.187342255,15.5934,16.0826,8,2004,224
8/12/2004,15.70831478,15.323,16.099,0.124747606,15.5418,15.8596,8,2004,225
8/13/2004,15.66548174,15.279,15.952,0.10770732,15.526,15.7916,8,2004,226
8/14/2004,15.53697913,14.988,15.93,0.193283663,15.2684,15.776,8,2004,227
8/15/2004,15.84441391,15.304,16.259,0.202017479,15.5716,16.1036,8,2004,228
8/16/2004,16.41273391,15.701,16.838,0.22632097,16.1086,16.7008,8,2004,229
8/17/2004,16.35784348,15.901,16.739,0.233066611,16.0134,16.64,8,2004,230
8/18/2004,16.33114957,15.521,16.956,0.424057868,15.7088,16.81,8,2004,231
8/19/2004,16.18028696,15.354,16.799,0.457643239,15.4898,16.723,8,2004,232
8/20/2004,15.97350609,15.339,16.79,0.41068957,15.4468,16.6026,8,2004,233
8/21/2004,15.88717217,15.372,16.65,0.309033652,15.5894,16.403,8,2004,234
8/22/2004,15.72941043,15.084,16.76,0.432420884,15.3292,16.486,8,2004,235
8/23/2004,15.71104522,14.889,16.701,0.374160153,15.377,16.3532,8,2004,236
8/24/2004,15.62284522,14.895,15.955,0.217557551,15.268,15.8412,8,2004,237
8/25/2004,15.63187478,14.927,16.244,0.329799799,15.191,16.102,8,2004,238
8/26/2004,15.85420348,15.118,16.599,0.355735664,15.4136,16.433,8,2004,239
8/27/2004,16.03140174,15.613,16.628,0.223989338,15.771,16.3972,8,2004,240
8/28/2004,16.53853043,16.039,17.023,0.240299933,16.2078,16.8556,8,2004,241
8/29/2004,16.65976522,16.293,17.138,0.180297844,16.4344,16.9276,8,2004,242
8/30/2004,16.88513565,16.423,17.267,0.158376263,16.6728,17.082,8,2004,243
8/31/2004,16.68170435,16.048,16.947,0.171530626,16.4158,16.8612,8,2004,244
9/1/2004,16.53008174,15.795,17.203,0.324134181,16.1024,16.9512,9,2004,245
9/2/2004,16.34060522,15.66,17.065,0.314762212,15.918,16.7798,9,2004,246
9/3/2004,16.09996522,15.428,16.831,0.212466408,15.8834,16.3334,9,2004,247
9/4/2004,15.75118087,15.034,16.279,0.314736263,15.3092,16.1512,9,2004,248
9/5/2004,14.88578087,14.03,15.668,0.406238817,14.298,15.4696,9,2004,249
9/6/2004,14.66672,13.861,15.291,0.358252923,14.1558,15.1612,9,2004,250
9/7/2004,14.61459826,13.844,15.346,0.349623357,14.1148,15.0786,9,2004,251
9/8/2004,14.83061565,14.184,15.316,0.299805617,14.3748,15.1938,9,2004,252
9/9/2004,15.26434609,14.813,15.584,0.171820282,15.065,15.5212,9,2004,253
9/10/2004,15.49993565,14.862,16.139,0.398390203,14.953,15.9962,9,2004,254
9/11/2004,15.44890609,14.804,16.151,0.387055122,14.904,15.9146,9,2004,255
9/12/2004,15.57692348,15.019,16.119,0.334514612,15.147,16.0436,9,2004,256
9/13/2004,15.66142261,15.044,16.181,0.291285025,15.2958,16.0756,9,2004,257
9/14/2004,15.60935652,15.139,16.018,0.213309005,15.3184,15.898,9,2004,258
9/15/2004,15.37765043,14.921,15.74,0.164641003,15.1446,15.5864,9,2004,259
9/16/2004,15.33336174,14.859,15.515,0.116786329,15.1538,15.442,9,2004,260
9/17/2004,15.23526609,14.796,15.581,0.186940721,14.9684,15.4766,9,2004,261
9/18/2004,15.17872348,14.71,15.627,0.257034919,14.8204,15.513,9,2004,262
9/19/2004,14.80889391,14.062,15.469,0.344748235,14.3256,15.197,9,2004,263
9/20/2004,14.02086783,13.581,14.626,0.171201401,13.7888,14.2186,9,2004,264
9/21/2004,13.94222435,13.726,14.415,0.139676069,13.793,14.1402,9,2004,265
9/22/2004,14.82159304,14.217,15.514,0.33916369,14.3984,15.3674,9,2004,266
9/23/2004,14.88055652,14.163,15.753,0.418370845,14.3704,15.564,9,2004,267
9/24/2004,14.84392522,14.177,15.573,0.354818233,14.3844,15.3412,9,2004,268
9/25/2004,14.94550261,14.34,15.583,0.337655319,14.475,15.365,9,2004,269
9/26/2004,14.89786783,14.447,15.559,0.272427077,14.513,15.2446,9,2004,270
9/27/2004,14.64208174,14.208,15.228,0.27932097,14.275,14.9806,9,2004,271
9/28/2004,14.44390087,14.045,14.793,0.230697818,14.1094,14.7286,9,2004,272
9/29/2004,13.64534435,13.072,13.907,0.18810587,13.3432,13.837,9,2004,273
9/30/2004,13.64663478,13.029,14.018,0.219926791,13.285,13.893,9,2004,274
10/1/2004,13.60048522,13.053,13.845,0.176754005,13.317,13.7936,10,2004,275
10/2/2004,13.34351304,13.04,13.491,0.101534495,13.2008,13.476,10,2004,276
10/3/2004,13.44066087,13.143,13.746,0.178469446,13.1824,13.6656,10,2004,277
10/4/2004,13.36768,12.964,13.655,0.135423681,13.179,13.547,10,2004,278
10/5/2004,13.25414435,12.928,13.552,0.13800546,13.072,13.4406,10,2004,279
10/6/2004,12.74373043,12.294,12.972,0.130715941,12.5824,12.911,10,2004,280
10/7/2004,12.72107826,12.368,13.067,0.140250867,12.5678,12.9304,10,2004,281
10/8/2004,12.72627478,12.367,13.095,0.147157164,12.561,12.9176,10,2004,282
10/9/2004,12.65386609,12.372,12.92,0.12180723,12.5184,12.8312,10,2004,283
10/10/2004,12.56471826,12.299,12.884,0.141431694,12.3994,12.761,10,2004,284
10/11/2004,12.13862957,11.436,12.694,0.291372883,11.7438,12.5564,10,2004,285
10/12/2004,11.80533217,11.242,12.155,0.229342119,11.4194,12.0556,10,2004,286
10/13/2004,11.62056522,10.799,12.091,0.32052022,11.058,11.9484,10,2004,287
10/14/2004,11.71450609,11.12,11.976,0.212664987,11.3394,11.943,10,2004,288
10/15/2004,11.75793565,11.397,12.015,0.128354872,11.5442,11.9016,10,2004,289
10/16/2004,11.49922609,11.105,11.844,0.158627567,11.2828,11.704,10,2004,290
10/17/2004,11.47042957,11.107,11.761,0.132763031,11.287,11.6406,10,2004,291
10/18/2004,11.23058435,10.742,11.601,0.15116131,11.0244,11.4216,10,2004,292
10/19/2004,10.73942957,10.383,11.164,0.167729005,10.5134,10.958,10,2004,293
10/20/2004,10.58848696,10.315,11.011,0.169991964,10.362,10.8186,10,2004,294
10/21/2004,10.6338887,10.491,10.85,0.098194031,10.5044,10.7596,10,2004,295
10/22/2004,10.65770435,10.597,10.802,0.035612259,10.613,10.7056,10,2004,296
10/23/2004,10.36300174,10.282,10.417,0.029379619,10.316,10.393,10,2004,297
10/24/2004,10.13382957,9.961,10.297,0.074086131,10.0344,10.2326,10,2004,298
10/25/2004,9.985612174,9.809,10.119,0.067271623,9.875,10.0546,10,2004,299
10/26/2004,9.901234783,9.737,10.075,0.073919738,9.81,10.016,10,2004,300
10/27/2004,9.905801739,9.758,10.076,0.069732908,9.8124,10.009,10,2004,301
10/28/2004,9.868662609,9.703,10.007,0.062623488,9.792,9.961,10,2004,302
10/29/2004,9.810307826,9.609,9.949,0.078826017,9.701,9.916,10,2004,303
10/30/2004,10.1122887,9.938,10.257,0.062492091,10.0238,10.1936,10,2004,304
10/31/2004,9.943326957,9.71,10.118,0.087552657,9.8088,10.0436,10,2004,305
11/1/2004,9.885405217,9.452,10.1,0.137546702,9.6894,10.052,11,2004,306
11/2/2004,9.474949565,8.898,9.72,0.197173872,9.1472,9.6646,11,2004,307
11/3/2004,9.79268,9.484,10.005,0.141684829,9.5646,9.961,11,2004,308
11/4/2004,9.703834783,9.493,9.83,0.08770849,9.5654,9.7996,11,2004,309
11/5/2004,9.126441739,8.678,9.496,0.225538349,8.7814,9.3956,11,2004,310
11/6/2004,9.042926957,8.266,9.495,0.325319186,8.5476,9.416,11,2004,311
11/7/2004,8.941092174,7.978,9.362,0.323150007,8.4558,9.2906,11,2004,312
11/8/2004,8.913034783,8.238,9.224,0.234186037,8.5628,9.1686,11,2004,313
11/9/2004,8.736485217,8.359,9.058,0.171119218,8.5114,8.9756,11,2004,314
11/10/2004,8.675561739,8.3,8.973,0.171396852,8.421,8.9106,11,2004,315
11/11/2004,8.838697391,8.479,9.223,0.180030027,8.6034,9.1014,11,2004,316
11/12/2004,8.479542609,8.12,8.943,0.205162605,8.2134,8.7706,11,2004,317
11/13/2004,7.932690435,7.64,8.394,0.182606682,7.7114,8.2026,11,2004,318
11/14/2004,7.738473043,7.391,8.241,0.215571929,7.4524,8.034,11,2004,319
11/15/2004,7.814149565,7.497,8.282,0.207360327,7.5544,8.13,11,2004,320
11/16/2004,7.485627826,7.328,7.947,0.123645091,7.3874,7.6936,11,2004,321
11/17/2004,7.320975652,7.082,7.921,0.218850249,7.123,7.7092,11,2004,322
11/18/2004,7.345394783,7.029,7.968,0.233177503,7.1084,7.7216,11,2004,323
11/19/2004,7.494511304,7.235,7.897,0.153887701,7.3104,7.7266,11,2004,324
11/20/2004,7.827316522,7.532,8.14,0.147004174,7.6334,8.0266,11,2004,325
11/21/2004,6.885434783,6.644,7.24,0.142673718,6.707,7.0978,11,2004,326
11/22/2004,6.974266087,6.807,7.183,0.095733154,6.8634,7.1196,11,2004,327
11/23/2004,6.8734,6.589,7.15,0.157608554,6.6864,7.124,11,2004,328
11/24/2004,6.894175652,6.698,7.192,0.12675873,6.732,7.0826,11,2004,329
11/25/2004,7.333373913,7.108,7.769,0.176841405,7.133,7.601,11,2004,330
11/26/2004,7.24786087,6.868,7.812,0.276420358,6.9104,7.681,11,2004,331
11/27/2004,6.852043478,6.395,7.877,0.394394168,6.4968,7.5096,11,2004,332
11/28/2004,6.40834087,6.133,7.088,0.214782133,6.186,6.734,11,2004,333
11/29/2004,6.524730435,6.32,7.016,0.184218451,6.3514,6.8358,11,2004,334
11/30/2004,7.175638261,6.972,7.412,0.114236099,7.015,7.3216,11,2004,335
12/1/2004,6.987951304,6.629,7.603,0.237767127,6.7068,7.31,12,2004,336
12/2/2004,7.002158261,6.627,7.671,0.273422637,6.689,7.382,12,2004,337
12/3/2004,6.910453913,6.279,7.592,0.334828591,6.4234,7.3474,12,2004,338
12/4/2004,6.301386087,5.959,6.878,0.24033053,6.0368,6.675,12,2004,339
12/5/2004,6.062551304,5.876,6.388,0.119609209,5.9024,6.2286,12,2004,340
12/6/2004,6.044556522,5.797,6.411,0.156102999,5.8474,6.2726,12,2004,341
12/7/2004,6.018283478,5.809,6.34,0.118605668,5.874,6.184,12,2004,342
12/8/2004,5.955158261,5.617,6.413,0.215205892,5.691,6.2892,12,2004,343
12/9/2004,5.840234783,5.398,6.349,0.259616091,5.5118,6.2332,12,2004,344
12/10/2004,5.726361739,5.428,6.235,0.207191611,5.488,6.0632,12,2004,345
12/11/2004,5.977594783,5.752,6.277,0.12061521,5.822,6.15,12,2004,346
12/12/2004,5.889269565,5.633,6.155,0.129818952,5.714,6.0668,12,2004,347
12/13/2004,5.893257391,5.553,6.391,0.245168213,5.6068,6.2896,12,2004,348
12/14/2004,5.742805217,5.311,6.346,0.295696851,5.4034,6.2152,12,2004,349
12/15/2004,5.637949565,5.202,6.21,0.245932229,5.384,6.0414,12,2004,350
12/16/2004,5.576446957,5.223,6.157,0.24499727,5.3228,5.9812,12,2004,351
12/17/2004,5.673055652,5.334,6.448,0.281917149,5.3938,6.1416,12,2004,352
12/18/2004,5.740048696,5.39,6.464,0.261517591,5.4724,6.151,12,2004,353
12/19/2004,5.902046957,5.541,6.442,0.2133634,5.643,6.2112,12,2004,354
12/20/2004,5.347587826,5.159,5.735,0.119320867,5.22,5.5296,12,2004,355
12/21/2004,5.04942087,4.703,5.525,0.190367004,4.8058,5.3092,12,2004,356
12/22/2004,5.152426087,4.81,5.513,0.168197881,4.946,5.401,12,2004,357
12/23/2004,5.240071304,4.896,5.576,0.143460432,5.0218,5.4046,12,2004,358
12/24/2004,5.145246957,4.777,5.688,0.202529522,4.895,5.4482,12,2004,359
12/25/2004,5.13257913,4.798,5.793,0.226099505,4.894,5.4842,12,2004,360
12/26/2004,5.348384348,5.03,5.781,0.169361869,5.1304,5.5858,12,2004,361
12/27/2004,5.330233043,5.088,5.655,0.113748644,5.1752,5.455,12,2004,362
12/28/2004,4.929093913,4.616,5.634,0.218902485,4.694,5.256,12,2004,363
12/29/2004,4.813088696,4.397,5.523,0.263509438,4.5072,5.2148,12,2004,364
12/30/2004,4.721713043,4.39,5.458,0.243568761,4.464,5.065,12,2004,365
12/31/2004,5.015304348,4.384,5.95,0.45095156,4.4694,5.6758,12,2004,366
1/1/2005,4.968102609,4.261,5.996,0.50786156,4.3574,5.694,1,2005,1
1/2/2005,4.841570435,4.253,5.641,0.374835306,4.3714,5.36,1,2005,2
1/3/2005,4.915273043,4.479,5.485,0.250724122,4.5972,5.2952,1,2005,3
1/4/2005,5.088829565,4.741,5.509,0.17467329,4.8528,5.3278,1,2005,4
1/5/2005,5.415615652,5.162,5.61,0.114903611,5.247,5.5596,1,2005,5
1/6/2005,4.605147826,4.368,4.759,0.099082133,4.4604,4.728,1,2005,6
1/7/2005,4.693469565,4.237,5.083,0.220738266,4.3796,4.9852,1,2005,7
1/8/2005,4.472596522,3.926,5.057,0.279158792,4.108,4.8808,1,2005,8
1/9/2005,4.30270087,3.823,5.005,0.284228605,3.9364,4.689,1,2005,9
1/10/2005,4.079026087,3.426,4.943,0.390520212,3.5872,4.6846,1,2005,10
1/11/2005,4.193029565,3.557,5.138,0.393303051,3.702,4.8126,1,2005,11
1/12/2005,4.231873043,3.619,5.126,0.379199059,3.7644,4.7832,1,2005,12
1/13/2005,4.302125217,3.87,4.84,0.249250643,3.985,4.67,1,2005,13
1/14/2005,4.497518261,4.235,4.674,0.112191735,4.334,4.639,1,2005,14
1/15/2005,4.653525217,4.384,4.839,0.117197125,4.4804,4.802,1,2005,15
1/16/2005,4.01354087,3.715,4.314,0.133349942,3.8284,4.1816,1,2005,16
1/17/2005,3.627791304,3.289,3.95,0.164503217,3.4004,3.8522,1,2005,17
1/18/2005,3.280250435,2.843,4.058,0.284215798,2.9424,3.6902,1,2005,18
1/19/2005,3.245867826,2.774,4.178,0.308251351,2.8964,3.6658,1,2005,19
1/20/2005,3.178535652,2.69,4.021,0.315706963,2.806,3.6638,1,2005,20
1/21/2005,2.997497391,2.476,4.182,0.380100614,2.5972,3.588,1,2005,21
1/22/2005,2.579617391,2.061,3.916,0.477633659,2.1454,3.3176,1,2005,22
1/23/2005,2.45589913,1.891,3.451,0.392147088,2.024,3.0706,1,2005,23
1/24/2005,2.593686957,2.063,3.594,0.342116373,2.2012,3.089,1,2005,24
1/25/2005,2.685972174,2.172,3.552,0.323407951,2.2898,3.1436,1,2005,25
1/26/2005,2.414064348,1.88,3.041,0.280602322,2.0474,2.809,1,2005,26
1/27/2005,2.278864348,1.651,3.113,0.329691006,1.856,2.7326,1,2005,27
1/28/2005,2.234753043,1.53,3.025,0.359166876,1.7778,2.7446,1,2005,28
1/29/2005,2.399726957,1.772,2.977,0.283182954,2.0128,2.7792,1,2005,29
1/30/2005,2.51361913,1.834,3.055,0.263412474,2.1306,2.8328,1,2005,30
1/31/2005,2.40956,1.742,2.99,0.272092747,2.0448,2.7826,1,2005,31
2/1/2005,2.312751304,1.592,2.838,0.266824367,1.9432,2.65,2,2005,32
2/2/2005,1.956674783,1.186,2.749,0.381905091,1.4546,2.486,2,2005,33
2/3/2005,1.96777913,1.244,2.771,0.344826389,1.5164,2.4372,2,2005,34
2/4/2005,2.114650435,1.352,2.855,0.351452568,1.632,2.604,2,2005,35
2/5/2005,2.033466087,1.266,2.743,0.369171478,1.541,2.5562,2,2005,36
2/6/2005,2.025664348,1.28,2.738,0.370137737,1.5224,2.5468,2,2005,37
2/7/2005,1.883086957,1.043,2.536,0.397449621,1.3024,2.3732,2,2005,38
2/8/2005,1.890913043,1.078,2.364,0.306218198,1.4446,2.2692,2,2005,39
2/9/2005,1.769394783,0.95,2.495,0.36244626,1.3042,2.286,2,2005,40
2/10/2005,1.781855652,1.098,2.334,0.290683135,1.4018,2.1842,2,2005,41
2/11/2005,1.701071304,1.108,2.226,0.265299174,1.4094,2.1126,2,2005,42
2/12/2005,1.57746087,1.068,2.089,0.267742995,1.2774,1.984,2,2005,43
2/13/2005,1.585528696,1.122,2.023,0.24349537,1.2884,1.9256,2,2005,44
2/14/2005,1.429935652,0.876,2.089,0.402522951,0.9308,1.992,2,2005,45
2/15/2005,1.192307826,0.7,1.873,0.338550915,0.7864,1.7102,2,2005,46
2/16/2005,1.006753043,0.661,1.763,0.227867003,0.752,1.3256,2,2005,47
2/17/2005,1.28913913,0.687,2.102,0.370168562,0.8324,1.8526,2,2005,48
2/18/2005,1.371923478,0.749,2.07,0.346908077,0.9242,1.8808,2,2005,49
2/19/2005,1.329817391,0.911,1.835,0.24136266,1.01,1.6548,2,2005,50
2/20/2005,1.181669565,0.818,1.603,0.206718653,0.9104,1.4716,2,2005,51
2/21/2005,1.024175652,0.557,1.464,0.247495269,0.6714,1.3488,2,2005,52
2/22/2005,0.853542609,0.429,1.194,0.201764269,0.5584,1.1112,2,2005,53
2/23/2005,0.797862609,0.423,1.257,0.198096834,0.533,1.0672,2,2005,54
2/24/2005,0.640728696,0.187,1.072,0.221271239,0.3268,0.9282,2,2005,55
2/25/2005,0.602822609,0.122,1.004,0.23347858,0.2654,0.893,2,2005,56
2/26/2005,0.669387826,0.19,1.245,0.252826291,0.3176,0.9676,2,2005,57
2/27/2005,0.641351304,0.165,1.306,0.260198996,0.2882,0.9484,2,2005,58
2/28/2005,0.53042087,0.038,1.097,0.251443083,0.17,0.8256,2,2005,59
3/1/2005,0.774281739,0.332,1.248,0.234445392,0.46,1.1038,3,2005,60
3/2/2005,1.079351304,0.583,1.767,0.311625566,0.7258,1.5936,3,2005,61
3/3/2005,1.103443478,0.55,1.799,0.332521498,0.718,1.645,3,2005,62
3/4/2005,1.201558261,0.75,1.693,0.238979902,0.8822,1.5456,3,2005,63
3/5/2005,1.316236522,0.968,1.757,0.190448617,1.072,1.589,3,2005,64
3/6/2005,1.583733913,1.036,2.18,0.327140798,1.1432,2.0466,3,2005,65
3/7/2005,1.561617391,0.939,2.302,0.379087369,1.0838,2.1256,3,2005,66
3/8/2005,1.521041739,1.023,2.07,0.311370364,1.1148,1.9716,3,2005,67
3/9/2005,1.367749565,0.999,2.176,0.313061598,1.0348,1.8622,3,2005,68
3/10/2005,1.515382609,1.151,2.25,0.278013128,1.209,1.9412,3,2005,69
3/11/2005,1.639975652,1.389,2.116,0.167464665,1.4564,1.8904,3,2005,70
3/12/2005,1.835370435,1.56,2.138,0.142990388,1.6394,2.032,3,2005,71
3/13/2005,1.821189565,1.559,2.358,0.173850683,1.623,2.0668,3,2005,72
3/14/2005,1.739827826,1.415,2.351,0.195865372,1.509,1.9828,3,2005,73
3/15/2005,1.844822609,1.552,2.319,0.167612056,1.6364,2.074,3,2005,74
3/16/2005,1.944850435,1.591,2.504,0.262685843,1.6514,2.365,3,2005,75
3/17/2005,1.956942609,1.584,2.585,0.281865714,1.6604,2.4196,3,2005,76
3/18/2005,2.07308,1.759,2.595,0.206614313,1.89,2.4342,3,2005,77
3/19/2005,2.361537391,1.78,2.858,0.255870418,2.0004,2.7246,3,2005,78
3/20/2005,2.486135652,1.901,3.031,0.280297998,2.0978,2.8926,3,2005,79
3/21/2005,2.457772174,2.055,2.926,0.211735944,2.1924,2.7682,3,2005,80
3/22/2005,2.551354783,2.02,3.129,0.230232982,2.314,2.8966,3,2005,81
3/23/2005,2.691794783,1.901,3.536,0.320591298,2.3466,3.1584,3,2005,82
3/24/2005,2.681834783,1.722,3.299,0.354635381,2.2718,3.1776,3,2005,83
3/25/2005,2.728328696,1.726,3.407,0.40396197,2.1816,3.2498,3,2005,84
3/26/2005,2.765645217,1.878,3.428,0.423046808,2.1576,3.3042,3,2005,85
3/27/2005,2.794836522,2.1,3.274,0.274258826,2.401,3.1382,3,2005,86
3/28/2005,2.728142609,2.123,3.106,0.208559329,2.475,2.97,3,2005,87
3/29/2005,3.37201913,2.692,3.515,0.120638969,3.2594,3.476,3,2005,88
3/30/2005,3.405857391,2.858,3.662,0.110215708,3.2794,3.527,3,2005,89
3/31/2005,3.354775652,2.854,3.602,0.140750379,3.1284,3.5078,3,2005,90
4/1/2005,3.239085217,2.847,3.451,0.137280283,3.03,3.4066,4,2005,91
4/2/2005,3.321544348,3.188,3.398,0.044731304,3.258,3.3746,4,2005,92
4/3/2005,3.239603478,2.99,3.53,0.126058553,3.084,3.4256,4,2005,93
4/4/2005,3.304048696,3.19,3.48,0.059172085,3.2304,3.3906,4,2005,94
4/5/2005,4.066713043,3.496,4.332,0.198063076,3.7402,4.2636,4,2005,95
4/6/2005,4.396222609,4.06,4.701,0.151169077,4.1774,4.5892,4,2005,96
4/7/2005,4.611853913,4.059,5.023,0.256897422,4.2214,4.9166,4,2005,97
4/8/2005,5.069354783,4.193,5.366,0.191089831,4.8292,5.2748,4,2005,98
4/9/2005,5.053394783,4.214,5.384,0.214623572,4.7786,5.2744,4,2005,99
4/10/2005,5.226526957,4.46,5.703,0.230902657,4.9636,5.5626,4,2005,100
4/11/2005,4.963617391,4.281,5.412,0.237012157,4.716,5.286,4,2005,101
4/12/2005,4.97726087,4.323,5.475,0.228166754,4.7074,5.227,4,2005,102
4/13/2005,4.800834783,4.34,5.003,0.145517599,4.616,4.97,4,2005,103
4/14/2005,5.224911304,4.764,5.777,0.277885672,4.8962,5.6206,4,2005,104
4/15/2005,5.224118261,4.717,5.753,0.194719981,4.9464,5.4376,4,2005,105
4/16/2005,5.236386087,4.979,5.439,0.094227136,5.1024,5.3496,4,2005,106
4/17/2005,5.604071304,5.333,5.78,0.078766913,5.504,5.7086,4,2005,107
4/18/2005,6.173236522,5.683,6.785,0.252292098,5.8758,6.5928,4,2005,108
4/19/2005,6.459373913,6.018,7.189,0.246352502,6.1138,6.7996,4,2005,109
4/20/2005,6.855874783,6.559,7.474,0.242190227,6.6184,7.262,4,2005,110
4/21/2005,7.07444,6.826,7.277,0.071117972,7.0144,7.192,4,2005,111
4/22/2005,6.993782609,6.704,7.217,0.121122493,6.82,7.155,4,2005,112
4/23/2005,6.770846957,6.557,6.941,0.091794086,6.6404,6.8896,4,2005,113
4/24/2005,6.387041739,6.187,6.563,0.114726405,6.2154,6.529,4,2005,114
4/25/2005,6.356027826,5.953,6.776,0.243919767,6.042,6.706,4,2005,115
4/26/2005,6.483008696,6.043,7.027,0.275812651,6.146,6.903,4,2005,116
4/27/2005,6.864815652,6.445,7.442,0.26115861,6.517,7.2428,4,2005,117
4/28/2005,6.930008696,6.699,7.132,0.126008178,6.749,7.0896,4,2005,118
4/29/2005,6.85262087,6.391,7.09,0.115923225,6.7138,7.0082,4,2005,119
4/30/2005,6.951111304,6.475,7.404,0.178811528,6.7374,7.1882,4,2005,120
5/1/2005,7.1666,6.493,7.594,0.2090578,6.955,7.4912,5,2005,121
5/2/2005,7.240603478,6.534,7.766,0.235700593,6.99,7.592,5,2005,122
5/3/2005,7.277506087,6.828,7.622,0.220374253,6.9504,7.5564,5,2005,123
5/4/2005,7.432726957,7.013,8.084,0.301544422,7.0764,7.8956,5,2005,124
5/5/2005,7.643888696,7.152,8.584,0.37844471,7.245,8.1856,5,2005,125
5/6/2005,7.590130435,7.17,8.196,0.305296649,7.2064,8.019,5,2005,126
5/7/2005,7.412276522,7.271,7.535,0.084776865,7.2874,7.521,5,2005,127
5/8/2005,6.783904348,6.633,7.027,0.071994601,6.6994,6.8912,5,2005,128
5/9/2005,6.601770435,6.295,6.865,0.130221506,6.438,6.7834,5,2005,129
5/10/2005,6.647636522,6.406,7.034,0.15248542,6.465,6.872,5,2005,130
5/11/2005,6.892273043,6.568,7.35,0.197681836,6.6434,7.1426,5,2005,131
5/12/2005,7.847824348,7.46,8.445,0.223320184,7.5754,8.1976,5,2005,132
5/13/2005,7.888986087,7.357,8.58,0.27804788,7.5338,8.292,5,2005,133
5/14/2005,7.629417391,7.236,8.121,0.224517407,7.3194,7.9324,5,2005,134
5/15/2005,8.176142609,7.925,8.419,0.12363224,8.008,8.3486,5,2005,135
5/16/2005,8.202095652,7.909,8.48,0.132654129,8.0174,8.3856,5,2005,136
5/17/2005,8.025907826,7.555,8.403,0.198312463,7.7368,8.278,5,2005,137
5/18/2005,8.842951304,8.445,9.067,0.086332521,8.7414,8.937,5,2005,138
5/19/2005,9.05805913,8.559,9.479,0.242266663,8.7254,9.3766,5,2005,139
5/20/2005,9.0698,8.499,9.553,0.266340734,8.7184,9.4288,5,2005,140
5/21/2005,8.906313043,8.211,9.226,0.158815178,8.736,9.1256,5,2005,141
5/22/2005,8.672542609,8.048,8.865,0.157817689,8.4324,8.813,5,2005,142
5/23/2005,8.368970435,7.963,8.612,0.16571379,8.1138,8.559,5,2005,143
5/24/2005,7.185657391,6.882,7.391,0.114940808,7.024,7.3336,5,2005,144
5/25/2005,6.694935652,6.499,6.821,0.071509321,6.5938,6.786,5,2005,145
5/26/2005,6.531949565,6.372,6.638,0.064305477,6.4334,6.609,5,2005,146
5/27/2005,6.789547826,6.502,6.999,0.116181631,6.6154,6.935,5,2005,147
5/28/2005,7.268624348,6.899,7.53,0.144178539,7.0644,7.452,5,2005,148
5/29/2005,10.15782087,9.531,10.475,0.212073177,9.8176,10.4066,5,2005,149
5/30/2005,10.63167652,10.128,11.096,0.219752997,10.3508,10.945,5,2005,150
5/31/2005,10.24573391,9.938,10.659,0.141095998,10.0994,10.4594,5,2005,151
6/1/2005,10.1699513,9.812,10.572,0.165140752,9.938,10.3816,6,2005,152
6/2/2005,10.40362609,9.783,11.253,0.35616043,9.99,10.9122,6,2005,153
6/3/2005,10.76162609,9.959,11.447,0.331679247,10.2984,11.1758,6,2005,154
6/4/2005,10.81608174,10.074,11.119,0.236311866,10.439,11.071,6,2005,155
6/5/2005,11.04841565,10.636,11.373,0.169017584,10.815,11.268,6,2005,156
6/6/2005,11.28142087,10.917,11.656,0.164187898,11.085,11.52,6,2005,157
6/7/2005,11.73696174,11.378,12.102,0.163108454,11.5174,11.966,6,2005,158
6/8/2005,11.90568,11.408,12.389,0.223164301,11.5774,12.2126,6,2005,159
6/9/2005,12.74499304,12.417,13.113,0.200159144,12.474,13.0042,6,2005,160
6/10/2005,13.18811478,12.758,13.49,0.153960708,12.976,13.3966,6,2005,161
6/11/2005,12.96090087,12.447,13.399,0.212638868,12.664,13.249,6,2005,162
6/12/2005,13.51474609,12.918,14.047,0.25500469,13.158,13.8506,6,2005,163
6/13/2005,12.8444313,12.396,13.324,0.213404105,12.5452,13.1282,6,2005,164
6/14/2005,12.17947652,11.9,12.483,0.138799265,11.989,12.365,6,2005,165
6/15/2005,10.96978261,10.693,11.28,0.14648604,10.7734,11.178,6,2005,166
6/16/2005,9.691546087,9.496,9.976,0.11298127,9.55,9.8578,6,2005,167
6/17/2005,9.93510087,9.595,10.346,0.1848659,9.6884,10.197,6,2005,168
6/18/2005,11.22917217,10.967,11.436,0.103179894,11.085,11.358,6,2005,169
6/19/2005,11.73325913,11.323,12.145,0.20166453,11.4694,12.0228,6,2005,170
6/20/2005,12.1020713,11.602,12.4,0.171594145,11.8678,12.308,6,2005,171
6/21/2005,12.66352696,12.238,12.945,0.166025392,12.4194,12.8436,6,2005,172
6/22/2005,12.71262609,12.315,13.184,0.25663329,12.377,13.0694,6,2005,173
6/23/2005,12.92309913,12.277,13.853,0.428108198,12.3832,13.4882,6,2005,174
6/24/2005,13.34590261,12.572,14.281,0.517997462,12.696,13.9974,6,2005,175
6/25/2005,13.58994783,12.816,14.037,0.3179063,13.0992,13.9496,6,2005,176
6/26/2005,14.32546435,13.419,14.739,0.342196057,13.7904,14.673,6,2005,177
6/27/2005,14.8496887,14.685,15.058,0.074803753,14.742,14.9366,6,2005,178
6/28/2005,15.14453739,14.772,15.485,0.151103138,14.946,15.352,6,2005,179
6/29/2005,15.25178783,14.636,15.788,0.280182532,14.8488,15.6122,6,2005,180
6/30/2005,15.04471304,14.476,15.608,0.277497414,14.6566,15.4116,6,2005,181
7/1/2005,15.0406713,14.205,15.645,0.343517257,14.5664,15.4996,7,2005,182
7/2/2005,15.38853739,14.4,16.183,0.442034781,14.7492,15.9172,7,2005,183
7/3/2005,15.38643478,14.474,16.259,0.425971076,14.7992,15.8996,7,2005,184
7/4/2005,15.20965043,14.484,15.761,0.321762044,14.7196,15.5826,7,2005,185
7/5/2005,15.10422087,14.392,15.8,0.307029879,14.6422,15.487,7,2005,186
7/6/2005,14.91360348,14.594,15.472,0.183156212,14.7078,15.1976,7,2005,187
7/7/2005,14.65829565,14.171,15.256,0.283245076,14.2916,15.0694,7,2005,188
7/8/2005,13.9470313,13.599,14.342,0.126752162,13.782,14.1154,7,2005,189
7/9/2005,13.70816348,13.271,14.318,0.254120553,13.3668,14.0626,7,2005,190
7/10/2005,13.85109565,13.34,14.546,0.304124527,13.4452,14.245,7,2005,191
7/11/2005,14.44127478,13.828,15.23,0.364567704,13.9674,15.0148,7,2005,192
7/12/2005,14.81485739,14.203,15.703,0.290580928,14.5154,15.255,7,2005,193
7/13/2005,15.33208522,14.794,15.816,0.270391659,14.972,15.6826,7,2005,194
7/14/2005,15.61514435,14.979,16.127,0.267162334,15.2114,15.884,7,2005,195
7/15/2005,16.22512,15.832,16.757,0.180228159,16.018,16.5058,7,2005,196
7/16/2005,16.56384348,16.21,16.915,0.126250842,16.416,16.7384,7,2005,197
7/17/2005,16.6504087,16.316,17.113,0.197850412,16.441,16.978,7,2005,198
7/18/2005,16.76165391,16.455,17.055,0.118371221,16.6294,16.9476,7,2005,199
7/19/2005,16.95592,16.716,17.26,0.108870062,16.8178,17.1076,7,2005,200
7/20/2005,17.21223826,16.583,17.859,0.340326305,16.7758,17.7048,7,2005,201
7/21/2005,17.96930783,17.363,18.364,0.164171516,17.757,18.144,7,2005,202
7/22/2005,18.06471478,17.153,18.518,0.270452142,17.631,18.332,7,2005,203
7/23/2005,17.78657565,16.612,18.595,0.460224946,17.0948,18.3432,7,2005,204
7/24/2005,17.56321913,16.253,18.353,0.497695764,16.8448,18.1644,7,2005,205
7/25/2005,16.98428174,15.713,17.448,0.443970638,16.1984,17.3946,7,2005,206
7/26/2005,16.23702087,15.699,17.07,0.340663218,15.874,16.8354,7,2005,207
7/27/2005,16.20086783,15.944,16.632,0.171466426,16.0188,16.4646,7,2005,208
7/28/2005,15.99373217,15.763,16.38,0.140212586,15.857,16.245,7,2005,209
7/29/2005,16.05053913,15.799,16.566,0.186341052,15.8994,16.3966,7,2005,210
7/30/2005,16.33947652,15.543,16.785,0.236194383,16.044,16.641,7,2005,211
7/31/2005,16.71757391,16.372,16.97,0.111346718,16.5948,16.8838,7,2005,212
8/1/2005,16.91536696,16.631,17.307,0.149012894,16.7134,17.1188,8,2005,213
8/2/2005,17.29699652,16.657,17.778,0.280395707,16.9018,17.6748,8,2005,214
8/3/2005,18.09721565,16.849,18.659,0.422617238,17.4342,18.499,8,2005,215
8/4/2005,18.40423304,17.381,19.052,0.279542835,18.011,18.7106,8,2005,216
8/5/2005,18.54430957,17.792,19.094,0.19648598,18.3174,18.8216,8,2005,217
8/6/2005,19.00225565,18.252,19.475,0.22823329,18.698,19.3034,8,2005,218
8/7/2005,19.22739652,18.431,19.712,0.279232122,18.8418,19.5686,8,2005,219
8/8/2005,19.18324522,18.409,19.551,0.246198903,18.8254,19.4672,8,2005,220
8/9/2005,18.7498713,18.101,19.035,0.191759179,18.4608,18.9566,8,2005,221
8/10/2005,18.30834957,17.931,18.949,0.240579457,18.03,18.6994,8,2005,222
8/11/2005,18.15681391,17.702,18.991,0.318978501,17.8448,18.7212,8,2005,223
8/12/2005,18.05265739,17.69,18.65,0.246119817,17.794,18.4728,8,2005,224
8/13/2005,17.79142783,17.514,17.994,0.097351878,17.6544,17.91,8,2005,225
8/14/2005,17.72758087,17.441,18.179,0.161049638,17.5324,17.9678,8,2005,226
8/15/2005,17.75321217,17.525,18.191,0.142370206,17.6084,17.9796,8,2005,227
8/16/2005,17.77479478,17.512,18.273,0.145591439,17.6224,17.9832,8,2005,228
8/17/2005,17.94961043,17.616,18.498,0.168799051,17.785,18.2094,8,2005,229
8/18/2005,17.94178783,17.474,18.895,0.308972265,17.589,18.3452,8,2005,230
8/19/2005,18.11381217,17.657,18.726,0.273138373,17.7914,18.5428,8,2005,231
8/20/2005,18.63194435,17.919,19.128,0.268077522,18.2522,18.9638,8,2005,232
8/21/2005,18.60778087,17.709,19.249,0.295608457,18.1088,18.8492,8,2005,233
8/22/2005,18.54292348,17.602,19.257,0.341150739,17.9634,18.9064,8,2005,234
8/23/2005,18.53762957,17.496,19.207,0.415479912,17.9068,18.9836,8,2005,235
8/24/2005,18.13273565,17.439,18.669,0.318013832,17.737,18.5292,8,2005,236
8/25/2005,18.18928348,17.488,18.738,0.307664584,17.7624,18.5846,8,2005,237
8/26/2005,17.98784696,17.345,18.615,0.318050246,17.546,18.422,8,2005,238
8/27/2005,17.64826435,17.031,18.29,0.297780541,17.3116,18.0812,8,2005,239
8/28/2005,17.61315478,17.065,18.228,0.284311514,17.2768,18.0262,8,2005,240
8/29/2005,17.52794261,16.856,18.204,0.31118553,17.1334,17.9762,8,2005,241
8/30/2005,17.60455304,16.983,18.181,0.271690277,17.2558,17.9878,8,2005,242
8/31/2005,17.70012348,17.402,18.005,0.139935228,17.5074,17.886,8,2005,243
9/1/2005,17.21302783,16.797,17.666,0.223991186,16.8694,17.5008,9,2005,244
9/2/2005,17.12681217,16.413,17.876,0.472749257,16.4804,17.692,9,2005,245
9/3/2005,17.33340174,16.557,18.123,0.513486559,16.644,18.0232,9,2005,246
9/4/2005,17.3663113,16.654,17.974,0.417503096,16.772,17.897,9,2005,247
9/5/2005,17.55487826,17.01,18.342,0.370358221,17.1074,18.0876,9,2005,248
9/6/2005,17.02268174,16.648,17.782,0.277901459,16.7048,17.4486,9,2005,249
9/7/2005,17.06784174,16.742,18.047,0.316040747,16.7654,17.528,9,2005,250
9/8/2005,17.13723652,16.796,17.683,0.25137669,16.8552,17.5578,9,2005,251
9/9/2005,17.22419826,16.732,17.677,0.159247191,17.0784,17.4696,9,2005,252
9/10/2005,16.80015478,16.119,17.473,0.293608462,16.3718,17.1796,9,2005,253
9/11/2005,16.32690435,15.456,17.182,0.329811776,15.9764,16.773,9,2005,254
9/12/2005,15.97924348,15.48,16.603,0.202725256,15.7904,16.3012,9,2005,255
9/13/2005,15.89513043,15.452,16.391,0.237165525,15.5722,16.2312,9,2005,256
9/14/2005,15.86490261,15.285,16.288,0.266496186,15.4794,16.1922,9,2005,257
9/15/2005,15.92757565,15.511,16.599,0.217936851,15.621,16.1624,9,2005,258
9/16/2005,16.22937565,15.783,16.911,0.247330538,15.9524,16.5812,9,2005,259
9/17/2005,15.68978087,14.813,16.443,0.373192654,15.2124,16.2262,9,2005,260
9/18/2005,15.61846783,14.917,16.193,0.218893978,15.3828,15.9138,9,2005,261
9/19/2005,15.52953913,15.043,16.203,0.184901381,15.3224,15.8012,9,2005,262
9/20/2005,15.38386261,14.953,15.771,0.224905866,15.0694,15.7096,9,2005,263
9/21/2005,15.18447652,14.648,15.749,0.327429247,14.7604,15.6278,9,2005,264
9/22/2005,14.96702609,14.343,15.53,0.315603676,14.5332,15.3546,9,2005,265
9/23/2005,14.63900696,14.067,15.124,0.308159728,14.1768,15.015,9,2005,266
9/24/2005,14.26608696,13.521,14.895,0.302291987,13.8172,14.6378,9,2005,267
9/25/2005,13.87244696,13.156,14.309,0.236364605,13.563,14.1786,9,2005,268
9/26/2005,13.48622261,13.044,13.931,0.193976342,13.269,13.7924,9,2005,269
9/27/2005,13.2263113,12.49,13.822,0.346019373,12.679,13.6402,9,2005,270
9/28/2005,12.94204522,12.029,13.607,0.325174177,12.5096,13.4206,9,2005,271
9/29/2005,12.33064,11.857,12.657,0.180074832,12.0684,12.5606,9,2005,272
9/30/2005,12.29914261,11.793,12.692,0.229254816,11.941,12.5856,9,2005,273
10/1/2005,12.84237565,12.149,13.436,0.36019524,12.3136,13.2982,10,2005,274
10/2/2005,12.8107287,12.3,13.375,0.247177586,12.4804,13.13,10,2005,275
10/3/2005,12.94702783,12.533,13.324,0.173768727,12.678,13.136,10,2005,276
10/4/2005,13.08798783,12.701,13.374,0.181694813,12.775,13.273,10,2005,277
10/5/2005,13.40911478,12.885,13.88,0.234709719,13.094,13.7286,10,2005,278
10/6/2005,13.76951304,13.363,14.176,0.192513494,13.513,14.0212,10,2005,279
10/7/2005,13.78842609,13.443,14.204,0.178130627,13.5624,14.0256,10,2005,280
10/8/2005,13.71161913,13.044,14.084,0.214709063,13.407,13.9688,10,2005,281
10/9/2005,12.92417217,12.02,13.728,0.491246732,12.1906,13.5436,10,2005,282
10/10/2005,12.14994957,11.875,12.462,0.142632819,11.9484,12.3362,10,2005,283
10/11/2005,12.49706435,11.893,13.143,0.358733371,12.0284,12.9976,10,2005,284
10/12/2005,12.90205739,12.305,13.353,0.243244801,12.565,13.2164,10,2005,285
10/13/2005,12.97689739,12.469,13.384,0.197653354,12.7302,13.2484,10,2005,286
10/14/2005,12.77533565,12.368,13.065,0.149066341,12.5732,12.971,10,2005,287
10/15/2005,12.53650783,12.361,12.694,0.081838795,12.4324,12.6472,10,2005,288
10/16/2005,11.72043826,11.637,11.953,0.065975573,11.651,11.8212,10,2005,289
10/17/2005,11.66009739,11.456,11.921,0.082619426,11.559,11.7656,10,2005,290
10/18/2005,11.68926783,11.497,11.918,0.094914474,11.556,11.8096,10,2005,291
10/19/2005,11.69181391,11.489,12.012,0.116821561,11.5504,11.88,10,2005,292
10/20/2005,11.78813043,11.545,12.073,0.110292367,11.655,11.9506,10,2005,293
10/21/2005,11.58317565,11.23,11.934,0.188782738,11.3152,11.8316,10,2005,294
10/22/2005,11.26418957,11.14,11.396,0.074980373,11.163,11.363,10,2005,295
10/23/2005,11.04395826,11.009,11.125,0.02744475,11.014,11.088,10,2005,296
10/24/2005,11.37582435,11.319,11.455,0.036342286,11.331,11.431,10,2005,297
10/25/2005,10.53710783,10.372,10.699,0.071322491,10.4454,10.637,10,2005,298
10/26/2005,10.60044522,10.392,10.988,0.142410324,10.468,10.8368,10,2005,299
10/27/2005,10.62576696,10.367,11.052,0.165358152,10.4754,10.8974,10,2005,300
10/28/2005,10.48878087,10.264,10.928,0.173772702,10.3134,10.7676,10,2005,301
10/29/2005,10.01439478,9.85,10.235,0.116706916,9.874,10.1876,10,2005,302
10/30/2005,9.81342087,9.64,9.984,0.096255957,9.6954,9.954,10,2005,303
10/31/2005,9.877313043,9.41,10.306,0.212923068,9.6144,10.1902,10,2005,304
11/1/2005,9.891975652,9.256,10.386,0.246389212,9.5992,10.2466,11,2005,305
11/2/2005,9.704671304,9.269,9.986,0.169424003,9.4738,9.9216,11,2005,306
11/3/2005,9.68296,9.052,10.059,0.266831649,9.2984,9.9836,11,2005,307
11/4/2005,9.688935652,8.935,10.117,0.328601982,9.1872,10.05,11,2005,308
11/5/2005,9.728361739,9.211,10.125,0.275255652,9.3332,10.0566,11,2005,309
11/6/2005,10.01462783,9.922,10.149,0.052991327,9.947,10.087,11,2005,310
11/7/2005,9.888128696,9.691,10.089,0.108537285,9.759,10.057,11,2005,311
11/8/2005,9.901989565,9.669,10.23,0.171459628,9.713,10.172,11,2005,312
11/9/2005,10.19034435,9.819,10.666,0.249127823,9.9004,10.57,11,2005,313
11/10/2005,9.59045913,9.324,9.882,0.132693884,9.418,9.7766,11,2005,314
11/11/2005,9.519135652,9.056,9.924,0.214400003,9.2242,9.8216,11,2005,315
11/12/2005,9.202991304,8.851,9.69,0.223888299,8.952,9.552,11,2005,316
11/13/2005,9.10378087,8.853,9.595,0.187150084,8.9194,9.4276,11,2005,317
11/14/2005,9.333902609,9.008,9.657,0.144738516,9.1318,9.5158,11,2005,318
11/15/2005,9.354184348,8.906,9.605,0.181846848,9.079,9.5696,11,2005,319
11/16/2005,9.090342609,8.806,9.242,0.104875914,8.9278,9.2096,11,2005,320
11/17/2005,9.097954783,8.734,9.384,0.172734983,8.8578,9.3206,11,2005,321
11/18/2005,8.817951304,8.418,9.192,0.195933754,8.5412,9.0642,11,2005,322
11/19/2005,8.3592,7.928,8.96,0.211528064,8.053,8.633,11,2005,323
11/20/2005,8.35516,7.944,8.858,0.229129101,8.048,8.7152,11,2005,324
11/21/2005,8.552949565,8.371,8.768,0.109086926,8.42,8.7084,11,2005,325
11/22/2005,8.751193043,8.595,8.801,0.041058545,8.688,8.79,11,2005,326
11/23/2005,8.559406957,8.389,8.716,0.071715208,8.4634,8.657,11,2005,327
11/24/2005,8.494311304,8.249,8.976,0.172036628,8.2984,8.744,11,2005,328
11/25/2005,8.292886957,8.03,8.735,0.163693995,8.1164,8.545,11,2005,329
11/26/2005,8.19457913,7.968,8.731,0.146341923,8.049,8.4008,11,2005,330
11/27/2005,8.192036522,8.063,8.438,0.096702084,8.092,8.3396,11,2005,331
11/28/2005,8.2308,8.135,8.325,0.047461629,8.165,8.293,11,2005,332
11/29/2005,8.056149565,7.627,8.47,0.217105279,7.7494,8.3456,11,2005,333
11/30/2005,7.878737391,7.261,8.431,0.332573136,7.4138,8.3254,11,2005,334
12/1/2005,7.806735652,7.152,8.363,0.351955062,7.309,8.273,12,2005,335
12/2/2005,7.731191304,7.146,8.284,0.319953184,7.286,8.1642,12,2005,336
12/3/2005,8.227083478,7.753,8.79,0.272640029,7.868,8.6146,12,2005,337
12/4/2005,8.209965217,7.903,8.67,0.210850969,7.9698,8.5452,12,2005,338
12/5/2005,7.968269565,7.636,8.342,0.17029656,7.734,8.2252,12,2005,339
12/6/2005,7.821742609,7.383,8.118,0.157178719,7.5652,7.9766,12,2005,340
12/7/2005,7.832052174,7.443,8.315,0.18149532,7.6084,8.1136,12,2005,341
12/8/2005,7.879502609,7.357,8.614,0.256553014,7.5882,8.2722,12,2005,342
12/9/2005,7.562753043,7.013,7.881,0.182566197,7.246,7.7606,12,2005,343
12/10/2005,7.388062609,6.76,7.81,0.222998757,7.0028,7.6316,12,2005,344
12/11/2005,7.193843478,6.86,7.592,0.17845059,6.9848,7.4976,12,2005,345
12/12/2005,7.216078261,6.749,7.811,0.272015447,6.9038,7.6232,12,2005,346
12/13/2005,6.802521739,6.636,7.153,0.125856781,6.664,7.008,12,2005,347
12/14/2005,6.552565217,6.334,6.926,0.147073196,6.373,6.7416,12,2005,348
12/15/2005,6.563083478,6.257,7.184,0.210675295,6.302,6.821,12,2005,349
12/16/2005,6.367064348,6.107,6.904,0.195635072,6.175,6.671,12,2005,350
12/17/2005,6.26636,5.988,7.093,0.241394809,6.045,6.629,12,2005,351
12/18/2005,6.212114783,5.982,6.726,0.16376995,6.062,6.4672,12,2005,352
12/19/2005,6.086302609,5.813,6.764,0.178255216,5.9404,6.3538,12,2005,353
12/20/2005,6.067786087,5.775,6.539,0.156694084,5.9114,6.2996,12,2005,354
12/21/2005,6.094297391,5.796,6.593,0.162881608,5.953,6.3422,12,2005,355
12/22/2005,5.926382609,5.539,6.652,0.23710937,5.6982,6.3022,12,2005,356
12/23/2005,5.917718261,5.654,6.498,0.186911522,5.7418,6.2118,12,2005,357
12/24/2005,5.890118261,5.601,6.037,0.091579424,5.7574,5.9926,12,2005,358
12/25/2005,5.950733913,5.658,6.186,0.122282633,5.7778,6.1138,12,2005,359
12/26/2005,5.528064348,5.355,5.808,0.105903814,5.3964,5.6856,12,2005,360
12/27/2005,5.382273043,5.148,5.745,0.146574654,5.2024,5.6006,12,2005,361
12/28/2005,5.315881739,5.048,5.643,0.167356637,5.11,5.5572,12,2005,362
12/29/2005,5.42401913,5.278,5.603,0.083567669,5.313,5.54,12,2005,363
12/30/2005,5.334624348,5.152,5.813,0.145966471,5.1834,5.5562,12,2005,364
12/31/2005,5.079713043,4.666,5.862,0.288574502,4.734,5.494,12,2005,365
1/1/2006,4.973756522,4.504,5.585,0.285386259,4.6022,5.3792,1,2006,1
1/2/2006,4.580528696,4.218,5.044,0.208474671,4.309,4.8706,1,2006,2
1/3/2006,4.229631304,3.808,5.217,0.286148404,3.9186,4.6442,1,2006,3
1/4/2006,4.090923478,3.658,5.166,0.322264831,3.765,4.5692,1,2006,4
1/5/2006,4.201530435,3.766,5.088,0.319893632,3.8334,4.6698,1,2006,5
1/6/2006,3.92726087,3.612,4.365,0.17027753,3.7024,4.1616,1,2006,6
1/7/2006,3.494196522,3.068,3.979,0.208591179,3.22,3.7496,1,2006,7
1/8/2006,3.355370435,2.932,3.885,0.257844712,3.0414,3.7182,1,2006,8
1/9/2006,3.282965217,2.85,4.02,0.235838298,2.9794,3.5756,1,2006,9
1/10/2006,3.482890435,3.09,4.074,0.195785767,3.225,3.7402,1,2006,10
1/11/2006,4.220671304,3.569,4.838,0.345054702,3.735,4.6806,1,2006,11
1/12/2006,4.554582609,3.871,5.599,0.430933154,4.0282,5.2426,1,2006,12
1/13/2006,4.611953043,4.046,5.597,0.355546093,4.28,5.185,1,2006,13
1/14/2006,4.827749565,4.494,5.403,0.246244277,4.545,5.2194,1,2006,14
1/15/2006,4.990944348,4.722,5.272,0.14131678,4.8154,5.1912,1,2006,15
1/16/2006,5.054231304,4.776,5.527,0.177308881,4.847,5.318,1,2006,16
1/17/2006,5.174933913,4.848,5.733,0.194049454,4.9424,5.452,1,2006,17
1/18/2006,5.163109565,4.732,5.633,0.226130347,4.8488,5.4632,1,2006,18
1/19/2006,5.010629565,4.662,5.341,0.171751888,4.761,5.2414,1,2006,19
1/20/2006,4.977186087,4.688,5.341,0.170628818,4.7524,5.221,1,2006,20
1/21/2006,4.75426087,4.215,5.646,0.315521919,4.3794,5.215,1,2006,21
1/22/2006,4.784683478,4.461,5.638,0.260573732,4.518,5.1628,1,2006,22
1/23/2006,4.913918261,4.661,5.639,0.20195561,4.701,5.2182,1,2006,23
1/24/2006,5.039466087,4.712,5.385,0.156409658,4.8304,5.2536,1,2006,24
1/25/2006,4.41772,4.148,4.733,0.160094386,4.2254,4.669,1,2006,25
1/26/2006,4.47972,4.024,5.092,0.331723684,4.059,4.9802,1,2006,26
1/27/2006,4.499217391,4.011,5.19,0.355505534,4.0964,5.0506,1,2006,27
1/28/2006,4.809368696,3.945,5.592,0.430015979,4.2024,5.4098,1,2006,28
1/29/2006,4.931754783,4.191,5.748,0.427979151,4.383,5.5826,1,2006,29
1/30/2006,4.813775652,4.184,5.553,0.380435552,4.3158,5.3894,1,2006,30
1/31/2006,4.188130435,3.615,4.582,0.256519607,3.794,4.4966,1,2006,31
2/1/2006,3.970996522,3.418,4.491,0.276537104,3.5734,4.331,2,2006,32
2/2/2006,4.018224348,3.488,4.469,0.255373314,3.6548,4.353,2,2006,33
2/3/2006,4.318834783,3.812,4.805,0.253847973,3.97,4.6544,2,2006,34
2/4/2006,4.067893913,3.637,4.439,0.211217215,3.766,4.34,2,2006,35
2/5/2006,4.239629565,3.767,4.659,0.230407623,3.9094,4.5286,2,2006,36
2/6/2006,4.094184348,3.623,4.567,0.252066824,3.7478,4.4326,2,2006,37
2/7/2006,3.871933913,3.447,4.371,0.232370295,3.5514,4.1932,2,2006,38
2/8/2006,3.768269565,3.26,4.342,0.290650811,3.3754,4.169,2,2006,39
2/9/2006,3.593052174,2.701,4.375,0.45437877,2.9638,4.2124,2,2006,40
2/10/2006,3.452271304,2.859,4.106,0.315943286,3.0296,3.9052,2,2006,41
2/11/2006,3.194966957,2.787,3.631,0.209655202,2.9142,3.4882,2,2006,42
2/12/2006,3.160956522,2.817,3.656,0.209049008,2.9144,3.4838,2,2006,43
2/13/2006,3.18684,2.693,3.964,0.358576496,2.808,3.774,2,2006,44
2/14/2006,3.105187826,2.444,4.098,0.511466682,2.492,3.9066,2,2006,45
2/15/2006,3.386558261,2.806,4.198,0.398428266,2.895,3.9372,2,2006,46
2/16/2006,4.020735652,3.775,4.349,0.130529262,3.857,4.211,2,2006,47
2/17/2006,4.358158261,3.649,5.217,0.421817002,3.7854,4.9674,2,2006,48
2/18/2006,4.243333913,3.917,4.945,0.254666188,3.981,4.631,2,2006,49
2/19/2006,3.897852174,3.727,4.324,0.144009754,3.761,4.1222,2,2006,50
2/20/2006,3.831676522,3.662,4.418,0.152342189,3.684,4.0732,2,2006,51
2/21/2006,3.800229565,3.584,4.278,0.1718807,3.637,4.0746,2,2006,52
2/22/2006,3.685626087,3.438,4.198,0.159095618,3.5294,3.9388,2,2006,53
2/23/2006,3.621533913,3.401,4.158,0.159418713,3.4324,3.842,2,2006,54
2/24/2006,3.875003478,3.624,4.49,0.186158834,3.6894,4.1442,2,2006,55
2/25/2006,3.851123478,3.629,4.609,0.204708377,3.676,4.1474,2,2006,56
2/26/2006,3.925546087,3.7,4.435,0.156280808,3.758,4.1538,2,2006,57
2/27/2006,3.493194783,3.358,3.84,0.11287036,3.39,3.6766,2,2006,58
2/28/2006,3.287017391,3.073,3.929,0.209973168,3.0904,3.6112,2,2006,59
3/1/2006,3.164570435,2.83,3.882,0.262950138,2.859,3.5376,3,2006,60
3/2/2006,3.214812174,2.895,3.898,0.233482646,2.97,3.5682,3,2006,61
3/3/2006,3.112073043,2.962,3.499,0.128320788,2.986,3.3176,3,2006,62
3/4/2006,3.198953043,3.048,3.5,0.112499398,3.0794,3.384,3,2006,63
3/5/2006,3.457048696,3.121,4.297,0.291407884,3.1494,3.911,3,2006,64
3/6/2006,3.469826087,3.177,4.264,0.262241605,3.2024,3.8706,3,2006,65
3/7/2006,3.425937391,3.176,4.069,0.226577866,3.1904,3.7478,3,2006,66
3/8/2006,3.516342609,3.321,3.827,0.137669069,3.36,3.7132,3,2006,67
3/9/2006,4.13585913,3.841,4.529,0.185123518,3.924,4.4208,3,2006,68
3/10/2006,4.101742609,3.646,4.781,0.294319808,3.764,4.5416,3,2006,69
3/11/2006,3.980198261,3.588,4.647,0.272329713,3.6914,4.372,3,2006,70
3/12/2006,3.924841739,3.649,4.603,0.23559296,3.678,4.2856,3,2006,71
3/13/2006,3.887575652,3.636,4.457,0.187281201,3.6964,4.1746,3,2006,72
3/14/2006,3.838676522,3.524,4.125,0.128746664,3.6718,4.009,3,2006,73
3/15/2006,3.558438261,3.398,3.968,0.133465153,3.428,3.7746,3,2006,74
3/16/2006,3.66410087,3.328,4.212,0.2351454,3.391,4.0448,3,2006,75
3/17/2006,3.727563478,3.273,4.433,0.357198189,3.352,4.305,3,2006,76
3/18/2006,3.360697391,2.805,4.074,0.407493347,2.862,4.0006,3,2006,77
3/19/2006,3.20925913,2.742,3.871,0.329803665,2.7914,3.7106,3,2006,78
3/20/2006,3.239706087,2.689,4,0.409578149,2.7412,3.8426,3,2006,79
3/21/2006,3.314791304,2.709,4.049,0.415635781,2.833,3.9178,3,2006,80
3/22/2006,3.317321739,2.825,3.948,0.312610341,2.952,3.767,3,2006,81
3/23/2006,3.231883478,2.864,3.537,0.174869664,2.9734,3.4516,3,2006,82
3/24/2006,3.267772174,2.873,3.783,0.238978973,2.976,3.6356,3,2006,83
3/25/2006,3.415918261,3.028,3.833,0.216466682,3.1108,3.7062,3,2006,84
3/26/2006,3.988156522,3.62,4.261,0.189149867,3.715,4.2296,3,2006,85
3/27/2006,4.177610435,3.809,4.529,0.211036461,3.8898,4.4696,3,2006,86
3/28/2006,4.265405217,3.842,4.641,0.217306382,3.966,4.542,3,2006,87
3/29/2006,4.295643478,3.858,4.691,0.213310834,3.9908,4.5502,3,2006,88
3/30/2006,4.274690435,4.12,4.412,0.072879177,4.1674,4.371,3,2006,89
3/31/2006,5.22788,5.076,5.365,0.077302888,5.114,5.3336,3,2006,90
4/1/2006,5.53362087,5.067,5.986,0.282740352,5.12,5.8962,4,2006,91
4/2/2006,5.607366957,5.068,6.131,0.291896519,5.2098,5.983,4,2006,92
4/3/2006,5.555213913,5.112,5.917,0.232154485,5.239,5.8408,4,2006,93
4/4/2006,5.342726957,4.938,5.68,0.174394084,5.148,5.6082,4,2006,94
4/5/2006,5.052205217,4.584,5.216,0.153677577,4.7906,5.202,4,2006,95
4/6/2006,5.270081739,5.012,5.464,0.106582853,5.1484,5.416,4,2006,96
4/7/2006,5.565452174,5.308,5.72,0.086271273,5.4494,5.67,4,2006,97
4/8/2006,5.39552,5.186,5.462,0.051875815,5.3214,5.4426,4,2006,98
4/9/2006,5.162085217,4.891,5.444,0.171681623,4.931,5.404,4,2006,99
4/10/2006,5.13830087,4.715,5.524,0.205580511,4.88,5.4192,4,2006,100
4/11/2006,5.337509565,4.856,5.91,0.253601658,5.0248,5.7226,4,2006,101
4/12/2006,5.602584348,5.216,6.124,0.248922646,5.3014,6.0138,4,2006,102
4/13/2006,5.685427826,5.253,6.169,0.215078483,5.4684,6.0376,4,2006,103
4/14/2006,5.918358261,5.451,6.351,0.188289579,5.692,6.153,4,2006,104
4/15/2006,6.289509565,5.819,6.925,0.267261841,5.983,6.7152,4,2006,105
4/16/2006,6.29886087,5.771,6.786,0.205737032,6.0528,6.5838,4,2006,106
4/17/2006,6.309706087,5.783,6.889,0.229514764,6.049,6.6326,4,2006,107
4/18/2006,6.139801739,5.763,6.552,0.186261559,5.9224,6.4278,4,2006,108
4/19/2006,6.208633043,5.71,6.473,0.182839287,5.9474,6.4246,4,2006,109
4/20/2006,6.53944,6.025,6.969,0.20254979,6.3372,6.8686,4,2006,110
4/21/2006,6.620132174,6.127,7.002,0.190651807,6.4354,6.9476,4,2006,111
4/22/2006,6.55413913,5.853,7.061,0.229178494,6.2502,6.878,4,2006,112
4/23/2006,6.366761739,5.852,6.698,0.164765509,6.148,6.5916,4,2006,113
4/24/2006,6.423046957,6.221,6.591,0.094522638,6.294,6.5536,4,2006,114
4/25/2006,6.954431304,6.421,7.361,0.225356887,6.6022,7.2122,4,2006,115
4/26/2006,6.997886957,6.434,7.523,0.283523265,6.5794,7.3298,4,2006,116
4/27/2006,7.042968696,6.595,7.628,0.254318079,6.711,7.3954,4,2006,117
4/28/2006,7.24254087,6.77,7.771,0.270601559,6.8754,7.6086,4,2006,118
4/29/2006,7.188097391,6.654,7.819,0.282836216,6.829,7.6112,4,2006,119
4/30/2006,7.40393913,7.17,7.563,0.094951784,7.2714,7.52,4,2006,120
5/1/2006,7.427332174,7.201,7.691,0.117990222,7.295,7.6102,5,2006,121
5/2/2006,7.370349565,7.22,7.668,0.109641392,7.2554,7.5446,5,2006,122
5/3/2006,7.673627826,7.123,7.832,0.155466166,7.419,7.823,5,2006,123
5/4/2006,8.441643478,8.152,8.641,0.122290423,8.2934,8.5926,5,2006,124
5/5/2006,9.008198261,8.692,9.294,0.146635884,8.802,9.1906,5,2006,125
5/6/2006,8.756353043,8.417,9.22,0.15331956,8.5664,8.9456,5,2006,126
5/7/2006,8.512533913,8.092,8.909,0.18454324,8.2278,8.699,5,2006,127
5/8/2006,8.460041739,8.142,8.668,0.140178588,8.2372,8.6116,5,2006,128
5/9/2006,8.271669565,8.048,8.388,0.076646585,8.1574,8.36,5,2006,129
5/10/2006,8.209676522,7.902,8.585,0.155407791,8.0064,8.424,5,2006,130
5/11/2006,8.312137391,8.146,8.563,0.0902267,8.199,8.44,5,2006,131
5/12/2006,7.60365913,7.461,7.731,0.063332472,7.52,7.6906,5,2006,132
5/13/2006,7.283076522,7.135,7.444,0.070903829,7.1934,7.3852,5,2006,133
5/14/2006,7.116436522,6.852,7.336,0.107031382,6.975,7.2626,5,2006,134
5/15/2006,7.973332174,7.782,8.152,0.078645763,7.869,8.0766,5,2006,135
5/16/2006,8.293507826,8.062,8.528,0.101685805,8.162,8.4376,5,2006,136
5/17/2006,8.352142609,8.099,8.677,0.141913628,8.1794,8.5642,5,2006,137
5/18/2006,8.36825913,8.042,8.789,0.186389295,8.1362,8.6322,5,2006,138
5/19/2006,8.98705913,8.685,9.238,0.133171263,8.8082,9.1662,5,2006,139
5/20/2006,9.046361739,8.65,9.481,0.210096472,8.7562,9.3344,5,2006,140
5/21/2006,9.135673043,8.634,9.712,0.246931011,8.7788,9.4612,5,2006,141
5/22/2006,9.168163478,8.832,9.538,0.180214045,8.9254,9.4302,5,2006,142
5/23/2006,9.478523478,9.268,9.654,0.086018204,9.3634,9.593,5,2006,143
5/24/2006,9.936587826,9.746,10.129,0.094201516,9.8114,10.0716,5,2006,144
5/25/2006,9.930826087,9.66,10.634,0.242981361,9.696,10.3426,5,2006,145
5/26/2006,10.30865217,9.896,11.063,0.225020752,10.0368,10.5472,5,2006,146
5/27/2006,10.93949565,10.459,11.561,0.245451521,10.623,11.318,5,2006,147
5/28/2006,11.8650487,11.018,12.675,0.476484734,11.1408,12.42,5,2006,148
5/29/2006,12.44762609,12.001,12.793,0.151962852,12.231,12.6552,5,2006,149
5/30/2006,12.7175513,12.373,13.431,0.188542162,12.5174,12.9572,5,2006,150
5/31/2006,12.8394087,12.582,13.273,0.118203517,12.6994,12.9946,5,2006,151
6/1/2006,13.12242783,12.717,13.418,0.164320302,12.8718,13.32,6,2006,152
6/2/2006,13.04065565,12.376,13.612,0.313434075,12.5918,13.4546,6,2006,153
6/3/2006,13.13555826,12.589,13.627,0.260947776,12.7684,13.4866,6,2006,154
6/4/2006,11.7751287,11.085,12.399,0.332609549,11.3004,12.2098,6,2006,155
6/5/2006,11.60344348,10.915,12.352,0.393154335,11.1284,12.1978,6,2006,156
6/6/2006,11.63823826,10.733,12.413,0.439323257,11.0234,12.2116,6,2006,157
6/7/2006,11.41545565,10.284,12.03,0.467128001,10.7068,11.9742,6,2006,158
6/8/2006,10.84246261,10.055,11.353,0.334301448,10.3298,11.2406,6,2006,159
6/9/2006,9.960603478,9.863,10.098,0.051081945,9.891,10.0306,6,2006,160
6/10/2006,10.37526435,10.279,10.507,0.059634132,10.301,10.465,6,2006,161
6/11/2006,11.66570087,11.599,11.761,0.03969765,11.618,11.726,6,2006,162
6/12/2006,12.91368174,12.593,13.092,0.107764057,12.77,13.0516,6,2006,163
6/13/2006,13.16863304,12.7,13.62,0.213567767,12.8848,13.4628,6,2006,164
6/14/2006,14.46882261,14.008,14.871,0.193126504,14.2084,14.736,6,2006,165
6/15/2006,15.47477913,14.699,15.932,0.270494144,15.0608,15.8008,6,2006,166
6/16/2006,16.08561739,15.1,16.67,0.302580464,15.6624,16.4668,6,2006,167
6/17/2006,16.21353739,15.54,16.734,0.330226163,15.7072,16.6226,6,2006,168
6/18/2006,16.25741391,15.505,16.732,0.326370953,15.7458,16.627,6,2006,169
6/19/2006,16.36119304,15.991,16.733,0.139766166,16.165,16.5472,6,2006,170
6/20/2006,16.57578609,16.05,17.067,0.210863443,16.2734,16.8466,6,2006,171
6/21/2006,16.50896522,15.871,16.891,0.168320642,16.3084,16.7082,6,2006,172
6/22/2006,16.49111652,15.849,16.873,0.172859892,16.2542,16.6896,6,2006,173
6/23/2006,16.43278087,15.844,16.823,0.164498321,16.2246,16.6272,6,2006,174
6/24/2006,16.50094435,16.027,16.98,0.208672527,16.2044,16.7722,6,2006,175
6/25/2006,16.13944174,15.557,16.733,0.27099251,15.764,16.5008,6,2006,176
6/26/2006,16.27952522,15.741,16.75,0.212031584,15.9982,16.568,6,2006,177
6/27/2006,16.33815304,15.777,16.77,0.209663462,16.063,16.6126,6,2006,178
6/28/2006,16.26590261,15.712,16.703,0.227140605,15.941,16.5632,6,2006,179
6/29/2006,16.23321043,15.707,16.462,0.187853757,15.9302,16.4176,6,2006,180
6/30/2006,16.2693113,15.664,16.645,0.187637175,16.0334,16.521,6,2006,181
7/1/2006,16.19783826,15.426,16.824,0.374297428,15.642,16.6786,7,2006,182
7/2/2006,16.3234,15.908,16.664,0.191997586,16.0646,16.5946,7,2006,183
7/3/2006,16.33680522,15.832,16.823,0.27043673,15.9554,16.679,7,2006,184
7/4/2006,16.29597913,15.424,16.929,0.384972074,15.7612,16.7716,7,2006,185
7/5/2006,16.5258887,16.028,17.014,0.262810264,16.1448,16.8616,7,2006,186
7/6/2006,16.33310087,16.039,16.569,0.121769847,16.1114,16.459,7,2006,187
7/7/2006,16.53801739,16.194,17.242,0.303412777,16.248,17.0552,7,2006,188
7/8/2006,16.92839478,16.403,17.644,0.276691816,16.6528,17.363,7,2006,189
7/9/2006,17.02613217,16.645,17.653,0.244679702,16.771,17.419,7,2006,190
7/10/2006,17.36147826,16.979,17.836,0.165387,17.16,17.6076,7,2006,191
7/11/2006,17.19079304,16.976,17.758,0.168903527,17.025,17.4646,7,2006,192
7/12/2006,17.26892522,17.063,17.737,0.170279355,17.116,17.5626,7,2006,193
7/13/2006,17.29352696,17.069,17.596,0.138737132,17.1184,17.4946,7,2006,194
7/14/2006,18.49980348,18.136,19.007,0.217045568,18.236,18.8392,7,2006,195
7/15/2006,18.99222435,18.701,19.195,0.109686217,18.854,19.1256,7,2006,196
7/16/2006,19.16829913,18.645,19.634,0.254213581,18.8256,19.5106,7,2006,197
7/17/2006,19.26151304,18.748,19.902,0.285763967,18.9684,19.711,7,2006,198
7/18/2006,19.61572,19.306,20.122,0.200501714,19.3478,19.8996,7,2006,199
7/19/2006,19.66229391,19.344,20.046,0.110109823,19.544,19.8272,7,2006,200
7/20/2006,19.88961565,19.471,20.262,0.154551064,19.6914,20.1194,7,2006,201
7/21/2006,19.83501043,19.343,20.294,0.180766804,19.6508,20.1206,7,2006,202
7/22/2006,19.59465739,18.925,20.194,0.278398999,19.2404,19.9866,7,2006,203
7/23/2006,18.89141043,18.481,19.214,0.1653153,18.6458,19.093,7,2006,204
7/24/2006,18.60965217,18.034,19.085,0.297913787,18.1858,18.993,7,2006,205
7/25/2006,18.52931304,17.973,19.252,0.380410469,18.0498,19.0206,7,2006,206
7/26/2006,18.14994783,17.657,18.652,0.254617697,17.7724,18.4578,7,2006,207
7/27/2006,18.08084522,17.647,18.583,0.220386164,17.7524,18.364,7,2006,208
7/28/2006,18.18938957,17.726,18.559,0.218854019,17.8374,18.4666,7,2006,209
7/29/2006,18.26495304,17.566,18.721,0.230067471,17.9374,18.5418,7,2006,210
7/30/2006,18.2617513,17.451,19.051,0.33372501,17.9074,18.7936,7,2006,211
7/31/2006,18.69524696,18.059,19.585,0.426590667,18.2456,19.4312,7,2006,212
8/1/2006,19.11246609,18.727,19.535,0.252760167,18.8234,19.4696,8,2006,213
8/2/2006,19.77003652,19.334,20.181,0.16509231,19.54,19.9986,8,2006,214
8/3/2006,19.92297565,19.498,20.317,0.145711923,19.7844,20.1386,8,2006,215
8/4/2006,20.11362435,19.629,20.362,0.108377428,19.973,20.226,8,2006,216
8/5/2006,20.07921913,19.672,20.339,0.091086936,19.9654,20.184,8,2006,217
8/6/2006,19.92732,19.255,20.468,0.284846762,19.5894,20.2444,8,2006,218
8/7/2006,19.81550609,19.057,20.575,0.284699829,19.4904,20.1686,8,2006,219
8/8/2006,19.60346783,18.895,20.101,0.268698901,19.1956,19.9076,8,2006,220
8/9/2006,19.12794435,18.707,19.671,0.203546022,18.9078,19.449,8,2006,221
8/10/2006,18.79628,18.389,19.124,0.131169597,18.634,18.9752,8,2006,222
8/11/2006,17.9287113,17.173,18.497,0.306555126,17.4518,18.2676,8,2006,223
8/12/2006,17.31120348,16.7,18.137,0.332020588,16.9158,17.7528,8,2006,224
8/13/2006,16.98343826,16.405,17.893,0.296713084,16.6146,17.4114,8,2006,225
8/14/2006,16.87428174,16.121,17.723,0.358242001,16.424,17.3806,8,2006,226
8/15/2006,16.71238957,16.085,17.456,0.35216854,16.2102,17.1694,8,2006,227
8/16/2006,16.72272174,16.221,17.339,0.304519349,16.3098,17.1188,8,2006,228
8/17/2006,16.83134783,16.303,17.239,0.202285997,16.5478,17.095,8,2006,229
8/18/2006,17.0507287,16.62,17.628,0.235554634,16.7746,17.403,8,2006,230
8/19/2006,17.34961739,16.917,18.068,0.281932578,17.021,17.7686,8,2006,231
8/20/2006,17.78177391,17.497,18.145,0.138193337,17.6084,17.9832,8,2006,232
8/21/2006,17.8341113,17.583,18.055,0.101442101,17.71,17.9826,8,2006,233
8/22/2006,17.56462261,17.145,17.957,0.184876007,17.3104,17.8112,8,2006,234
8/23/2006,17.50455826,17.131,17.895,0.174131863,17.2714,17.754,8,2006,235
8/24/2006,17.07130783,16.745,17.591,0.141164844,16.932,17.2564,8,2006,236
8/25/2006,16.79141391,16.468,17.27,0.187022365,16.5522,17.07,8,2006,237
8/26/2006,16.53323652,16.183,17.057,0.167502124,16.379,16.7922,8,2006,238
8/27/2006,16.4779913,16.027,17.139,0.244287398,16.2104,16.8416,8,2006,239
8/28/2006,16.63737739,16.081,17.235,0.240010021,16.338,16.9698,8,2006,240
8/29/2006,16.23369913,15.854,16.716,0.187616003,16.013,16.5126,8,2006,241
8/30/2006,15.96826087,15.744,16.238,0.115325481,15.8264,16.1432,8,2006,242
8/31/2006,16.00397391,15.411,16.818,0.333136574,15.6388,16.5644,8,2006,243
9/1/2006,16.0470487,15.441,16.841,0.332227874,15.6634,16.5746,9,2006,244
9/2/2006,15.97828174,15.597,16.599,0.244646037,15.722,16.3712,9,2006,245
9/3/2006,15.7980313,15.362,16.06,0.126906997,15.6194,15.9552,9,2006,246
9/4/2006,15.81459304,15.45,16.191,0.180359082,15.5944,16.081,9,2006,247
9/5/2006,15.77651652,15.373,16.214,0.199208213,15.5348,16.0764,9,2006,248
9/6/2006,15.7424,15.4,16.066,0.160803319,15.5398,15.9758,9,2006,249
9/7/2006,15.89917391,15.563,16.21,0.103367234,15.7702,16.026,9,2006,250
9/8/2006,16.55067652,16.159,17.012,0.139859186,16.396,16.7442,9,2006,251
9/9/2006,16.27174435,15.584,16.885,0.337834406,15.7188,16.6538,9,2006,252
9/10/2006,16.14164174,15.627,16.576,0.21080321,15.8668,16.457,9,2006,253
9/11/2006,15.77090261,15.246,16.345,0.26964792,15.3636,16.1466,9,2006,254
9/12/2006,15.21741565,14.905,15.555,0.135281946,15.0454,15.401,9,2006,255
9/13/2006,15.25996174,15.018,15.583,0.139988011,15.0714,15.4728,9,2006,256
9/14/2006,15.26148696,14.987,15.541,0.090499693,15.1644,15.3876,9,2006,257
9/15/2006,16.28598435,15.963,16.519,0.096832508,16.1574,16.413,9,2006,258
9/16/2006,16.50557913,15.881,17.124,0.367122339,16.0098,17.0008,9,2006,259
9/17/2006,16.56941913,15.901,17.238,0.417489552,16.0274,17.1492,9,2006,260
9/18/2006,16.57152696,16.007,17.128,0.34134666,16.1082,17.0192,9,2006,261
9/19/2006,16.22347826,16.03,16.433,0.098890266,16.086,16.3612,9,2006,262
9/20/2006,15.40518957,15.09,15.866,0.170630397,15.218,15.6666,9,2006,263
9/21/2006,15.18636,14.669,15.808,0.207776668,14.9484,15.4756,9,2006,264
9/22/2006,14.91252696,14.496,15.421,0.20746171,14.6368,15.1722,9,2006,265
9/23/2006,14.53337391,13.731,14.889,0.222075585,14.2268,14.8056,9,2006,266
9/24/2006,14.07769913,13.629,14.671,0.278293571,13.7254,14.5166,9,2006,267
9/25/2006,14.02433565,13.582,14.62,0.302885474,13.6512,14.5086,9,2006,268
9/26/2006,13.92800348,13.44,14.474,0.294774744,13.5184,14.3508,9,2006,269
9/27/2006,13.8282087,13.331,14.44,0.306299206,13.414,14.3072,9,2006,270
9/28/2006,13.86557565,13.384,14.372,0.235738998,13.5566,14.2116,9,2006,271
9/29/2006,14.14200174,13.644,14.591,0.244974005,13.7676,14.4672,9,2006,272
9/30/2006,14.28597391,13.981,14.633,0.139746763,14.1012,14.4816,9,2006,273
10/1/2006,13.51136174,13.289,13.679,0.095310174,13.369,13.638,10,2006,274
10/2/2006,13.43020174,13.144,13.745,0.156602543,13.233,13.6586,10,2006,275
10/3/2006,13.49456174,13.037,13.94,0.205564497,13.25,13.8112,10,2006,276
10/4/2006,13.53066261,13.211,14.035,0.224772221,13.271,13.8802,10,2006,277
10/5/2006,13.49280696,13.258,13.852,0.167372811,13.297,13.7576,10,2006,278
10/6/2006,13.25793739,13.136,13.465,0.062738545,13.1824,13.342,10,2006,279
10/7/2006,13.16270783,12.96,13.454,0.114764999,13.005,13.3126,10,2006,280
10/8/2006,13.20188348,12.95,13.485,0.115237939,13.0334,13.3442,10,2006,281
10/9/2006,13.32981217,13.01,13.614,0.123677983,13.1554,13.479,10,2006,282
10/10/2006,13.32227304,12.869,13.686,0.155384608,13.1164,13.5036,10,2006,283
10/11/2006,13.33505217,13.023,13.557,0.116390461,13.1694,13.484,10,2006,284
10/12/2006,13.19150609,13.09,13.348,0.05458318,13.1284,13.2752,10,2006,285
10/13/2006,12.77090261,12.542,12.98,0.103974187,12.6074,12.906,10,2006,286
10/14/2006,12.67462957,12.451,12.917,0.126606252,12.493,12.852,10,2006,287
10/15/2006,12.50162087,12.243,12.727,0.089946784,12.4174,12.6276,10,2006,288
10/16/2006,12.09357391,11.719,12.341,0.129359469,11.9196,12.234,10,2006,289
10/17/2006,12.14541217,11.705,12.518,0.170210135,11.944,12.3666,10,2006,290
10/18/2006,12.34390087,12.024,12.619,0.108410831,12.223,12.497,10,2006,291
10/19/2006,12.41479304,11.951,12.707,0.12482526,12.3004,12.5822,10,2006,292
10/20/2006,12.43025217,12.24,12.592,0.095572167,12.303,12.551,10,2006,293
10/21/2006,12.26074087,11.967,12.463,0.111374125,12.1134,12.4136,10,2006,294
10/22/2006,12.09252348,11.761,12.309,0.11450569,11.9328,12.2324,10,2006,295
10/23/2006,11.96864,11.512,12.181,0.147960151,11.7612,12.1326,10,2006,296
10/24/2006,11.4887513,11.368,11.573,0.047227514,11.416,11.542,10,2006,297
10/25/2006,11.04044348,10.576,11.232,0.132871266,10.8432,11.1936,10,2006,298
10/26/2006,11.01842957,10.526,11.283,0.14131782,10.8378,11.2106,10,2006,299
10/27/2006,11.0516487,10.671,11.392,0.142644029,10.858,11.2418,10,2006,300
10/28/2006,11.10598087,10.911,11.394,0.104643886,10.9874,11.2666,10,2006,301
10/29/2006,11.04696696,10.889,11.225,0.084708337,10.936,11.17,10,2006,302
10/30/2006,10.63658435,10.275,11.19,0.21556376,10.3348,10.9402,10,2006,303
10/31/2006,10.41690609,10.136,10.746,0.151970626,10.2174,10.635,10,2006,304
11/1/2006,10.31314087,10.004,10.589,0.146092088,10.108,10.5096,11,2006,305
11/2/2006,10.09643304,9.811,10.548,0.142419518,9.921,10.3158,11,2006,306
11/3/2006,9.69505913,9.445,9.998,0.119780388,9.5278,9.8486,11,2006,307
11/4/2006,8.82844,8.514,9.099,0.135410845,8.6534,9.025,11,2006,308
11/5/2006,8.983951304,8.761,9.314,0.147353131,8.809,9.225,11,2006,309
11/6/2006,8.90044,8.606,9.285,0.195829246,8.6544,9.189,11,2006,310
11/7/2006,8.98429913,8.613,9.369,0.243127376,8.6732,9.312,11,2006,311
11/8/2006,9.254937391,9.108,9.438,0.084604447,9.1634,9.3902,11,2006,312
11/9/2006,9.822130435,9.576,10.084,0.123798414,9.6494,9.984,11,2006,313
11/10/2006,9.897907826,9.645,10.305,0.161206612,9.696,10.1262,11,2006,314
11/11/2006,9.87469913,9.642,10.267,0.151128144,9.682,10.0854,11,2006,315
11/12/2006,9.845622609,9.659,10.17,0.116850951,9.703,10.0138,11,2006,316
11/13/2006,9.986114783,9.932,10.085,0.036885746,9.939,10.0406,11,2006,317
11/14/2006,9.985513043,9.895,10.051,0.033189133,9.9288,10.0216,11,2006,318
11/15/2006,10.02169043,9.918,10.107,0.038189581,9.957,10.063,11,2006,319
11/16/2006,10.3491687,10.156,10.527,0.091288346,10.2214,10.4772,11,2006,320
11/17/2006,10.53327304,10.322,10.77,0.113834498,10.3898,10.702,11,2006,321
11/18/2006,10.42110435,10.098,10.713,0.124570773,10.2624,10.6,11,2006,322
11/19/2006,10.1997913,9.976,10.369,0.085733167,10.099,10.323,11,2006,323
11/20/2006,9.499233043,9.117,9.754,0.142334474,9.31,9.7106,11,2006,324
11/21/2006,9.221873043,8.892,9.601,0.157188039,9.0174,9.419,11,2006,325
11/22/2006,8.939845217,8.654,9.209,0.144431055,8.7464,9.116,11,2006,326
11/23/2006,8.800572174,8.554,9.104,0.130739566,8.6334,8.9972,11,2006,327
11/24/2006,8.770231304,8.458,9.312,0.19865813,8.551,9.0842,11,2006,328
11/25/2006,8.809688696,8.48,9.397,0.208142437,8.5822,9.141,11,2006,329
11/26/2006,8.840290435,8.49,9.443,0.211694987,8.5894,9.148,11,2006,330
11/27/2006,9.084017391,8.772,9.418,0.168740042,8.854,9.3166,11,2006,331
11/28/2006,8.502111304,8.399,8.612,0.048762971,8.435,8.571,11,2006,332
11/29/2006,8.513302609,8.396,8.674,0.06438678,8.43,8.6096,11,2006,333
11/30/2006,9.067686957,8.876,9.288,0.105066046,8.931,9.2176,11,2006,334
12/1/2006,8.876008696,8.646,9.372,0.196342422,8.689,9.1938,12,2006,335
12/2/2006,8.720951304,8.369,9.333,0.252882486,8.4694,9.116,12,2006,336
12/3/2006,8.751133913,8.478,9.374,0.211170633,8.541,9.0692,12,2006,337
12/4/2006,8.582076522,8.377,9.291,0.215040287,8.387,8.9118,12,2006,338
12/5/2006,8.300525217,8.086,8.605,0.118752821,8.1584,8.4706,12,2006,339
12/6/2006,8.267768696,7.99,8.674,0.138290233,8.0954,8.4304,12,2006,340
12/7/2006,8.380271304,8.175,8.674,0.098204541,8.253,8.4918,12,2006,341
12/8/2006,8.432568696,8.362,8.655,0.057183991,8.38,8.5136,12,2006,342
12/9/2006,8.521968696,8.388,8.772,0.070109042,8.4454,8.6098,12,2006,343
12/10/2006,8.493236522,8.422,8.719,0.059455922,8.436,8.58,12,2006,344
12/11/2006,8.542871304,8.409,8.666,0.058206985,8.459,8.616,12,2006,345
12/12/2006,8.437944348,8.272,8.618,0.074465344,8.3318,8.5264,12,2006,346
12/13/2006,8.258438261,8.154,8.432,0.050997567,8.1944,8.3322,12,2006,347
12/14/2006,8.25866087,8.167,8.439,0.051548105,8.2024,8.3396,12,2006,348
12/15/2006,8.279857391,8.162,8.415,0.048169567,8.21,8.331,12,2006,349
12/16/2006,8.210867826,8.029,8.319,0.070981299,8.1084,8.2956,12,2006,350
12/17/2006,8.424582609,8.123,8.673,0.129299061,8.2428,8.595,12,2006,351
12/18/2006,8.313307826,8.191,8.45,0.063307123,8.2394,8.4076,12,2006,352
12/19/2006,8.306257391,8.004,8.608,0.131061306,8.1404,8.5076,12,2006,353
12/20/2006,8.343401739,8.015,8.698,0.153899364,8.1374,8.5728,12,2006,354
12/21/2006,8.345217391,8.135,8.548,0.094536462,8.246,8.4976,12,2006,355
12/22/2006,8.415853913,8.312,8.631,0.06374762,8.343,8.509,12,2006,356
12/23/2006,8.275017391,8.142,8.795,0.154382708,8.1604,8.536,12,2006,357
12/24/2006,8.194817391,7.995,8.855,0.200679377,8.02,8.5224,12,2006,358
12/25/2006,8.146413913,7.939,8.944,0.224607523,7.969,8.5084,12,2006,359
12/26/2006,8.208071304,8.026,8.811,0.176613577,8.045,8.4886,12,2006,360
12/27/2006,8.119526957,7.94,8.332,0.101901104,7.987,8.268,12,2006,361
12/28/2006,7.199878261,6.984,7.521,0.112047413,7.049,7.3478,12,2006,362
12/29/2006,7.150102609,6.971,7.435,0.102443126,7.022,7.287,12,2006,363
12/30/2006,7.179525217,6.886,7.631,0.200521617,6.94,7.5086,12,2006,364
12/31/2006,7.17114087,6.761,7.768,0.272817949,6.7984,7.5932,12,2006,365
1/1/2007,7.247866087,6.854,7.791,0.250139288,6.927,7.613,1,2007,1
1/2/2007,7.364864348,6.977,8.238,0.305717843,7.051,7.8546,1,2007,2
1/3/2007,7.366347826,6.99,8.374,0.326095047,7.06,7.8882,1,2007,3
1/4/2007,7.547747826,7.201,8.247,0.251214681,7.279,7.9432,1,2007,4
1/5/2007,8.012194783,7.678,8.434,0.196417142,7.7462,8.2786,1,2007,5
1/6/2007,7.676972174,7.115,8.624,0.389415124,7.1948,8.2526,1,2007,6
1/7/2007,7.692810435,7.131,8.655,0.38082639,7.2278,8.2724,1,2007,7
1/8/2007,7.72526087,7.393,8.268,0.2204401,7.4528,8.0646,1,2007,8
1/9/2007,7.523170435,7.334,7.966,0.12438705,7.393,7.7016,1,2007,9
1/10/2007,7.488857391,7.255,7.942,0.160567592,7.3194,7.7314,1,2007,10
1/11/2007,7.553813913,7.374,8.016,0.143972819,7.4264,7.7802,1,2007,11
1/12/2007,7.598231304,7.417,7.933,0.102575766,7.485,7.7432,1,2007,12
1/13/2007,7.588834783,7.368,7.743,0.081420825,7.474,7.688,1,2007,13
1/14/2007,7.309373913,6.976,7.503,0.115812706,7.1404,7.4496,1,2007,14
1/15/2007,6.897617391,6.666,7.052,0.091594792,6.7704,7.0106,1,2007,15
1/16/2007,6.205669565,6.01,6.705,0.147072864,6.0624,6.4286,1,2007,16
1/17/2007,6.132786087,5.876,7.057,0.251420358,5.907,6.5076,1,2007,17
1/18/2007,6.070238261,5.78,6.928,0.24970047,5.818,6.4488,1,2007,18
1/19/2007,6.196864348,6.011,6.527,0.133364421,6.053,6.404,1,2007,19
1/20/2007,6.059448696,5.843,6.699,0.190650401,5.856,6.3386,1,2007,20
1/21/2007,6.01268,5.751,6.681,0.213675725,5.778,6.3232,1,2007,21
1/22/2007,6.126071304,5.902,6.649,0.189644046,5.919,6.414,1,2007,22
1/23/2007,6.404114783,6.186,6.747,0.120637812,6.25,6.5666,1,2007,23
1/24/2007,5.570768696,5.293,5.963,0.149316353,5.3724,5.774,1,2007,24
1/25/2007,5.140968696,4.861,5.626,0.170763174,4.925,5.369,1,2007,25
1/26/2007,5.1448,4.842,5.634,0.186048353,4.917,5.418,1,2007,26
1/27/2007,5.220996522,4.887,5.886,0.224003601,4.9684,5.5582,1,2007,27
1/28/2007,5.154161739,4.852,5.66,0.180660046,4.9368,5.4236,1,2007,28
1/29/2007,5.152958261,4.787,5.735,0.203972162,4.8924,5.432,1,2007,29
1/30/2007,4.868845217,4.467,5.61,0.240055391,4.58,5.2146,1,2007,30
1/31/2007,4.420186087,4.02,4.907,0.229203032,4.123,4.7442,1,2007,31
2/1/2007,4.386302609,4.054,4.92,0.211543709,4.137,4.6996,2,2007,32
2/2/2007,4.438377391,4.078,4.909,0.213152205,4.1688,4.7466,2,2007,33
2/3/2007,4.802012174,4.311,5.724,0.363472952,4.402,5.3546,2,2007,34
2/4/2007,4.856,4.431,5.737,0.312183783,4.5164,5.325,2,2007,35
2/5/2007,5.007530435,4.64,5.682,0.248512295,4.738,5.395,2,2007,36
2/6/2007,5.214754783,4.791,5.811,0.232315914,4.9236,5.5564,2,2007,37
2/7/2007,4.958450435,4.457,5.57,0.257969073,4.6282,5.3206,2,2007,38
2/8/2007,4.756102609,4.38,5.177,0.16837168,4.536,4.9758,2,2007,39
2/9/2007,4.567137391,4.289,4.868,0.127928988,4.3938,4.7316,2,2007,40
2/10/2007,4.436706087,4.161,4.75,0.13268945,4.2574,4.619,2,2007,41
2/11/2007,4.395055652,4.132,4.691,0.127541946,4.2204,4.5582,2,2007,42
2/12/2007,4.218669565,3.954,4.748,0.169420704,4.022,4.4726,2,2007,43
2/13/2007,3.909824348,3.575,4.735,0.223914996,3.655,4.234,2,2007,44
2/14/2007,3.849613913,3.48,4.627,0.238726508,3.5658,4.196,2,2007,45
2/15/2007,4.310572174,3.962,4.664,0.173399886,4.0724,4.538,2,2007,46
2/16/2007,4.302488696,3.926,4.846,0.215435665,4.0356,4.626,2,2007,47
2/17/2007,4.222165217,3.696,4.794,0.259049083,3.887,4.5938,2,2007,48
2/18/2007,4.17152,3.702,4.679,0.233274111,3.8634,4.499,2,2007,49
2/19/2007,3.952916522,3.596,4.368,0.177135708,3.7094,4.197,2,2007,50
2/20/2007,3.903968696,3.576,4.253,0.16230446,3.6818,4.1178,2,2007,51
2/21/2007,3.54653913,3.231,4.017,0.163494402,3.329,3.7646,2,2007,52
2/22/2007,3.482678261,3.185,3.932,0.15862454,3.27,3.6922,2,2007,53
2/23/2007,3.63808,3.342,4.011,0.153774668,3.4284,3.8456,2,2007,54
2/24/2007,3.778012174,3.452,4.128,0.160461762,3.5498,3.9772,2,2007,55
2/25/2007,3.793267826,3.448,4.15,0.163505111,3.564,4.0068,2,2007,56
2/26/2007,3.654697391,3.29,3.967,0.167567425,3.409,3.8646,2,2007,57
2/27/2007,3.151092174,2.784,3.655,0.198344833,2.8902,3.4206,2,2007,58
2/28/2007,3.004613913,2.545,3.617,0.242904967,2.6738,3.3336,2,2007,59
3/1/2007,2.902107826,2.517,3.403,0.199204268,2.6298,3.17,3,2007,60
3/2/2007,3.006024348,2.645,3.568,0.204912421,2.7494,3.2922,3,2007,61
3/3/2007,3.004645217,2.691,3.633,0.188705657,2.7814,3.2736,3,2007,62
3/4/2007,3.130972174,2.847,3.61,0.140587701,2.9544,3.3158,3,2007,63
3/5/2007,3.202911304,2.892,3.514,0.140946913,3.013,3.384,3,2007,64
3/6/2007,2.905728696,2.519,3.406,0.216039653,2.6378,3.2284,3,2007,65
3/7/2007,2.819182609,2.371,3.452,0.27335081,2.505,3.2572,3,2007,66
3/8/2007,2.818521739,2.343,3.328,0.207556279,2.5392,3.0936,3,2007,67
3/9/2007,2.892125217,2.399,3.368,0.197619046,2.62,3.1378,3,2007,68
3/10/2007,2.993556522,2.547,3.414,0.206269604,2.7108,3.273,3,2007,69
3/11/2007,2.972450435,2.583,3.724,0.272222964,2.674,3.3804,3,2007,70
3/12/2007,3.031673043,2.632,3.771,0.257498975,2.7372,3.4126,3,2007,71
3/13/2007,3.135335652,2.718,3.862,0.259449485,2.8454,3.524,3,2007,72
3/14/2007,3.196450435,2.805,3.767,0.216935869,2.9404,3.513,3,2007,73
3/15/2007,3.139323478,2.834,3.495,0.154644258,2.9424,3.3536,3,2007,74
3/16/2007,3.360907826,3.008,3.736,0.158278908,3.1582,3.5792,3,2007,75
3/17/2007,2.698306087,2.499,2.913,0.088865597,2.5808,2.8186,3,2007,76
3/18/2007,2.654053913,2.495,3.001,0.12465035,2.518,2.8502,3,2007,77
3/19/2007,2.712415652,2.492,2.944,0.102073995,2.5848,2.867,3,2007,78
3/20/2007,2.724116522,2.438,3.173,0.193905367,2.5154,3.0306,3,2007,79
3/21/2007,2.625951304,2.357,3.099,0.193649152,2.4234,2.9302,3,2007,80
3/22/2007,2.870885217,2.655,3.152,0.117177301,2.713,3.033,3,2007,81
3/23/2007,3.182226087,2.784,3.99,0.322678615,2.8148,3.6466,3,2007,82
3/24/2007,3.434074783,3.066,4.294,0.299182742,3.096,3.8646,3,2007,83
3/25/2007,3.498446957,3.202,4.012,0.226025993,3.2454,3.855,3,2007,84
3/26/2007,3.762723478,3.501,4.037,0.088855744,3.642,3.8476,3,2007,85
3/27/2007,4.019128696,3.33,4.685,0.421287723,3.491,4.599,3,2007,86
3/28/2007,3.558208696,2.98,4.206,0.327558615,3.1306,4.0356,3,2007,87
3/29/2007,3.275092174,2.889,3.773,0.224473989,2.9974,3.5816,3,2007,88
3/30/2007,3.455408696,3.122,3.69,0.131085876,3.253,3.602,3,2007,89
3/31/2007,3.529986087,2.99,3.78,0.147464741,3.323,3.6926,3,2007,90
4/1/2007,3.331226087,2.88,3.748,0.235559326,3.034,3.683,4,2007,91
4/2/2007,3.383812174,3.073,3.726,0.183330824,3.1424,3.6452,4,2007,92
4/3/2007,3.466236522,3.251,3.707,0.11196238,3.3084,3.611,4,2007,93
4/4/2007,3.05537913,2.951,3.199,0.055969214,2.982,3.133,4,2007,94
4/5/2007,3.111502609,2.964,3.279,0.07683547,3.0064,3.2146,4,2007,95
4/6/2007,2.932116522,2.747,3.055,0.082816253,2.8074,3.0266,4,2007,96
4/7/2007,2.989486957,2.611,3.265,0.189129307,2.6982,3.1986,4,2007,97
4/8/2007,2.978029565,2.467,3.38,0.239032918,2.6288,3.254,4,2007,98
4/9/2007,2.996546087,2.635,3.213,0.164230125,2.7356,3.1902,4,2007,99
4/10/2007,3.172227826,2.473,3.574,0.23012586,2.8224,3.4206,4,2007,100
4/11/2007,3.17313913,2.43,3.578,0.244517654,2.7872,3.4192,4,2007,101
4/12/2007,3.234474783,2.681,3.556,0.168531707,2.9894,3.4146,4,2007,102
4/13/2007,3.521907826,2.986,3.946,0.217500203,3.2438,3.8052,4,2007,103
4/14/2007,3.596504348,3.032,4.13,0.226301708,3.323,3.897,4,2007,104
4/15/2007,3.664636522,3.07,4.079,0.206259879,3.3714,3.9306,4,2007,105
4/16/2007,3.616052174,3.151,3.815,0.153531474,3.3696,3.7736,4,2007,106
4/17/2007,3.35070087,3.084,3.57,0.110959582,3.202,3.4966,4,2007,107
4/18/2007,4.026613913,3.812,4.147,0.088759946,3.8864,4.1306,4,2007,108
4/19/2007,4.326509565,4.144,4.514,0.076620265,4.2314,4.425,4,2007,109
4/20/2007,4.484633043,4.213,4.974,0.177079775,4.2904,4.7488,4,2007,110
4/21/2007,5.511286957,4.849,6.198,0.235702175,5.272,5.8502,4,2007,111
4/22/2007,5.743318261,5.029,6.255,0.26227591,5.3904,6.0846,4,2007,112
4/23/2007,5.941427826,5.41,6.335,0.193876998,5.647,6.1814,4,2007,113
4/24/2007,6.309372174,6.08,6.48,0.065880083,6.235,6.3996,4,2007,114
4/25/2007,6.864947826,6.408,7.157,0.154715792,6.644,7.0536,4,2007,115
4/26/2007,6.890205217,6.398,7.252,0.165584825,6.6604,7.1026,4,2007,116
4/27/2007,6.76458087,6.351,7.022,0.139035954,6.5654,6.9336,4,2007,117
4/28/2007,6.654718261,6.382,6.776,0.080319445,6.5344,6.7386,4,2007,118
4/29/2007,6.28530087,5.965,6.634,0.154587768,6.0818,6.4996,4,2007,119
4/30/2007,6.353307826,6.102,6.75,0.147569629,6.1714,6.5596,4,2007,120
5/1/2007,7.329726957,6.607,7.733,0.334923331,6.7714,7.686,5,2007,121
5/2/2007,7.52088,6.863,7.961,0.321401745,7.0014,7.865,5,2007,122
5/3/2007,7.656462609,6.917,8.308,0.437290416,7.0186,8.251,5,2007,123
5/4/2007,7.613932174,6.888,8.515,0.41872494,7.1584,8.294,5,2007,124
5/5/2007,7.534471304,6.991,8.225,0.310574356,7.2058,8.0706,5,2007,125
5/6/2007,7.640481739,7.06,8.053,0.198263988,7.3668,7.9102,5,2007,126
5/7/2007,7.756549565,7.352,8.283,0.221344948,7.499,8.098,5,2007,127
5/8/2007,7.861930435,7.638,8.112,0.102089197,7.7398,8.018,5,2007,128
5/9/2007,8.065323478,7.939,8.185,0.047883821,7.9974,8.1286,5,2007,129
5/10/2007,8.446163478,8.212,8.662,0.106646185,8.296,8.5886,5,2007,130
5/11/2007,8.950206957,8.547,9.249,0.181967357,8.6904,9.188,5,2007,131
5/12/2007,9.317772174,8.831,9.649,0.211141304,9.0028,9.5696,5,2007,132
5/13/2007,9.578406957,9.133,9.988,0.166408908,9.3748,9.828,5,2007,133
5/14/2007,9.577034783,9.034,9.998,0.180884371,9.3338,9.8066,5,2007,134
5/15/2007,9.52097913,8.914,9.921,0.195222493,9.2078,9.7466,5,2007,135
5/16/2007,9.492921739,8.996,9.882,0.138142477,9.3334,9.6662,5,2007,136
5/17/2007,8.743808696,8.349,9.022,0.159284391,8.5026,8.937,5,2007,137
5/18/2007,8.132311304,7.985,8.259,0.064314684,8.0364,8.2106,5,2007,138
5/19/2007,8.221907826,8.013,8.401,0.102335022,8.056,8.3416,5,2007,139
5/20/2007,8.556885217,8.367,8.74,0.072931002,8.4692,8.6576,5,2007,140
5/21/2007,8.574570435,8.057,9.104,0.187606448,8.3454,8.8292,5,2007,141
5/22/2007,8.56361913,8.046,9.152,0.215605345,8.296,8.8468,5,2007,142
5/23/2007,8.531151304,8.132,8.97,0.153887125,8.352,8.7626,5,2007,143
5/24/2007,8.57446087,8.269,8.838,0.123486735,8.385,8.721,5,2007,144
5/25/2007,10.23406261,9.74,10.717,0.233466916,9.924,10.5596,5,2007,145
5/26/2007,11.26295652,10.486,11.589,0.182823395,11.0202,11.452,5,2007,146
5/27/2007,12.25774783,11.988,12.523,0.149075586,12.049,12.4566,5,2007,147
5/28/2007,12.42626261,11.833,13.038,0.343766262,11.9224,12.8882,5,2007,148
5/29/2007,12.40962087,11.723,13.1,0.38324331,11.858,12.917,5,2007,149
5/30/2007,12.31429565,11.819,12.753,0.275651644,11.9164,12.671,5,2007,150
5/31/2007,12.23519478,11.875,12.536,0.135372336,12.0594,12.4248,5,2007,151
6/1/2007,12.55945565,12.283,12.87,0.135093261,12.3744,12.74,6,2007,152
6/2/2007,12.7639287,12.492,13.035,0.125301783,12.5894,12.9332,6,2007,153
6/3/2007,11.37832174,11.227,11.661,0.101024917,11.26,11.5296,6,2007,154
6/4/2007,10.87685913,10.435,11.822,0.338423239,10.501,11.3776,6,2007,155
6/5/2007,10.7978,10.003,11.578,0.349364919,10.3594,11.2062,6,2007,156
6/6/2007,10.91024522,10.331,11.383,0.316074872,10.4512,11.319,6,2007,157
6/7/2007,10.82750087,10.167,11.515,0.376176125,10.333,11.3716,6,2007,158
6/8/2007,10.79858783,10.268,11.387,0.327187341,10.3502,11.2746,6,2007,159
6/9/2007,10.9290487,10.715,11.258,0.13832684,10.7774,11.144,6,2007,160
6/10/2007,12.63047478,11.897,13.081,0.318379229,12.1448,12.9926,6,2007,161
6/11/2007,13.3730487,12.733,13.836,0.269415016,12.9924,13.7086,6,2007,162
6/12/2007,13.46113913,12.764,14.006,0.317503878,12.9862,13.8428,6,2007,163
6/13/2007,13.12369391,12.399,13.45,0.227923042,12.7598,13.3576,6,2007,164
6/14/2007,12.41491652,11.795,12.888,0.244315006,12.064,12.716,6,2007,165
6/15/2007,12.3227287,11.725,12.789,0.266707691,11.9884,12.6816,6,2007,166
6/16/2007,12.40504,11.863,12.872,0.263046829,12.0408,12.747,6,2007,167
6/17/2007,12.74112348,12.286,13.174,0.246280378,12.37,13.05,6,2007,168
6/18/2007,13.26270783,12.71,13.676,0.163054826,13.0614,13.503,6,2007,169
6/19/2007,13.95185217,13.257,14.463,0.266938699,13.5808,14.3106,6,2007,170
6/20/2007,14.88599652,14.267,15.2,0.203420284,14.5674,15.1086,6,2007,171
6/21/2007,14.80361391,14.082,15.273,0.266729046,14.3644,15.107,6,2007,172
6/22/2007,14.41207826,13.498,14.857,0.248343612,14.1242,14.6976,6,2007,173
6/23/2007,13.68037043,12.856,14.2,0.300185199,13.2182,14.013,6,2007,174
6/24/2007,13.75026087,13.018,14.319,0.31797148,13.2824,14.116,6,2007,175
6/25/2007,14.3784313,13.769,15.219,0.400483582,13.9348,15.0072,6,2007,176
6/26/2007,14.4752087,13.768,15.481,0.493553998,13.9306,15.2452,6,2007,177
6/27/2007,14.54858783,13.85,15.25,0.374366046,14.0956,15.107,6,2007,178
6/28/2007,14.13344348,13.571,14.624,0.252417944,13.781,14.4556,6,2007,179
6/29/2007,14.09972,13.576,14.649,0.284675021,13.7724,14.5232,6,2007,180
6/30/2007,14.03229391,13.533,14.69,0.32025064,13.7154,14.5304,6,2007,181
7/1/2007,14.0982713,13.627,14.358,0.201937366,13.7678,14.287,7,2007,182
7/2/2007,14.06734087,13.644,14.585,0.229073004,13.745,14.37,7,2007,183
7/3/2007,14.02152696,13.635,14.657,0.244562296,13.7242,14.329,7,2007,184
7/4/2007,14.0034887,13.582,14.346,0.19446519,13.7402,14.2496,7,2007,185
7/5/2007,14.07295304,13.8,14.532,0.174287648,13.8612,14.32,7,2007,186
7/6/2007,14.15550087,13.935,14.45,0.131643337,13.967,14.331,7,2007,187
7/7/2007,14.17941043,13.862,14.591,0.18504025,13.9244,14.435,7,2007,188
7/8/2007,14.49110087,14.114,14.986,0.210416064,14.1962,14.7834,7,2007,189
7/9/2007,14.62433043,14.27,15.009,0.141127399,14.443,14.8072,7,2007,190
7/10/2007,14.63551478,14.301,14.846,0.112755645,14.4814,14.767,7,2007,191
7/11/2007,14.97725391,14.614,15.418,0.161319434,14.767,15.1986,7,2007,192
7/12/2007,15.30390435,14.931,15.867,0.188616048,15.0614,15.566,7,2007,193
7/13/2007,15.56764174,15.173,16.36,0.261420884,15.3014,15.9452,7,2007,194
7/14/2007,15.68424696,15.23,16.38,0.199959599,15.498,15.9554,7,2007,195
7/15/2007,15.77989565,15.401,16.545,0.26407917,15.5034,16.1986,7,2007,196
7/16/2007,15.67182087,15.26,16.225,0.231814132,15.4026,16.0368,7,2007,197
7/17/2007,15.74446087,15.512,16.154,0.142531572,15.5628,15.9516,7,2007,198
7/18/2007,15.80738435,15.541,16.197,0.139012057,15.6178,15.984,7,2007,199
7/19/2007,16.71734609,16.539,17.048,0.096194998,16.5974,16.839,7,2007,200
7/20/2007,16.69204174,16.319,17.542,0.271765671,16.3888,17.0726,7,2007,201
7/21/2007,16.67917217,16.25,17.662,0.302432185,16.3344,17.067,7,2007,202
7/22/2007,16.97216348,16.482,17.373,0.195481326,16.6934,17.2122,7,2007,203
7/23/2007,17.22286261,16.809,17.912,0.253960504,16.9104,17.5704,7,2007,204
7/24/2007,17.59359826,17.297,18.278,0.225744175,17.3674,17.959,7,2007,205
7/25/2007,17.73108696,17.307,18.404,0.218909586,17.4534,18.0052,7,2007,206
7/26/2007,18.1252313,17.675,18.888,0.2827355,17.792,18.5582,7,2007,207
7/27/2007,18.31216174,17.726,18.966,0.30974423,17.8902,18.7342,7,2007,208
7/28/2007,18.58924348,18.194,19.169,0.232572576,18.3014,18.8946,7,2007,209
7/29/2007,18.67102087,18.232,19.039,0.170720209,18.499,18.9402,7,2007,210
7/30/2007,19.76448522,19.354,19.895,0.075109393,19.696,19.848,7,2007,211
7/31/2007,20.12770087,19.764,20.815,0.31650194,19.819,20.6618,7,2007,212
8/1/2007,20.16598609,19.578,20.896,0.311172958,19.884,20.6976,8,2007,213
8/2/2007,19.85929391,19.409,20.619,0.318612353,19.5424,20.415,8,2007,214
8/3/2007,19.5586,19.127,20.275,0.295404146,19.228,20.04,8,2007,215
8/4/2007,19.07378957,18.857,19.48,0.130108421,18.9278,19.2526,8,2007,216
8/5/2007,18.39841391,17.92,18.989,0.276154603,18.064,18.8096,8,2007,217
8/6/2007,17.92232,17.504,18.593,0.283934726,17.5904,18.3256,8,2007,218
8/7/2007,17.87404,17.509,18.178,0.14746883,17.691,18.0626,8,2007,219
8/8/2007,17.70792696,17.125,17.979,0.163385699,17.474,17.8876,8,2007,220
8/9/2007,16.79942609,16.294,17.177,0.178859972,16.5474,17.0266,8,2007,221
8/10/2007,16.97730435,16.402,17.264,0.197497028,16.6828,17.214,8,2007,222
8/11/2007,17.0303913,16.18,17.547,0.315811302,16.5756,17.4676,8,2007,223
8/12/2007,17.08686957,16.221,17.757,0.354123109,16.5858,17.5446,8,2007,224
8/13/2007,17.14724,16.412,17.689,0.267125429,16.7658,17.4746,8,2007,225
8/14/2007,17.03092522,16.538,17.423,0.169443554,16.8104,17.256,8,2007,226
8/15/2007,16.93077391,16.342,17.502,0.203282534,16.6762,17.189,8,2007,227
8/16/2007,16.87911826,16.381,17.259,0.135918273,16.733,17.0586,8,2007,228
8/17/2007,16.70396348,16.097,17.016,0.19135743,16.4158,16.914,8,2007,229
8/18/2007,16.02931304,15.423,16.387,0.203936741,15.7434,16.271,8,2007,230
8/19/2007,15.69241565,15.012,16.098,0.307529114,15.181,16.025,8,2007,231
8/20/2007,15.71577739,15.02,16.041,0.284515615,15.2138,15.9656,8,2007,232
8/21/2007,15.59867304,15.057,15.925,0.196875429,15.291,15.8196,8,2007,233
8/22/2007,15.55161739,15.123,16.007,0.186111689,15.3452,15.8452,8,2007,234
8/23/2007,15.71950957,15.311,16.065,0.136240102,15.522,15.8966,8,2007,235
8/24/2007,15.9150313,15.502,16.225,0.149113007,15.7144,16.108,8,2007,236
8/25/2007,17.16272348,16.728,17.273,0.086246093,17.0484,17.2426,8,2007,237
8/26/2007,17.5053287,16.921,17.838,0.2133842,17.2274,17.7776,8,2007,238
8/27/2007,17.60727826,17.004,18.072,0.292669444,17.211,18,8,2007,239
8/28/2007,17.48225565,16.936,18.163,0.269912586,17.1468,17.8644,8,2007,240
8/29/2007,17.48744174,17.005,17.906,0.226949632,17.1994,17.8016,8,2007,241
8/30/2007,17.55606957,17.197,18.124,0.208086827,17.324,17.8516,8,2007,242
8/31/2007,17.38039826,17.007,17.711,0.188731654,17.1104,17.609,8,2007,243
9/1/2007,16.56693043,16.277,16.813,0.12653295,16.3934,16.7296,9,2007,244
9/2/2007,16.49353739,16.211,16.792,0.114306155,16.3384,16.6346,9,2007,245
9/3/2007,16.40849913,16.23,16.622,0.062176462,16.34,16.498,9,2007,246
9/4/2007,16.18366261,15.918,16.613,0.15528293,16.0014,16.4192,9,2007,247
9/5/2007,15.81192348,15.348,16.337,0.219648574,15.4908,16.0756,9,2007,248
9/6/2007,15.42004,14.792,15.812,0.284440872,14.9554,15.7106,9,2007,249
9/7/2007,15.43677913,14.88,15.991,0.265890572,15.0818,15.7826,9,2007,250
9/8/2007,15.2905687,14.786,15.852,0.242573338,14.9818,15.6416,9,2007,251
9/9/2007,15.01809391,14.754,15.214,0.109925433,14.875,15.1776,9,2007,252
9/10/2007,15.06743304,14.644,15.277,0.119628542,14.901,15.19,9,2007,253
9/11/2007,14.63911478,14.137,15.153,0.26918926,14.2714,14.9858,9,2007,254
9/12/2007,14.02723652,13.634,14.657,0.276561452,13.758,14.5396,9,2007,255
9/13/2007,13.85755652,13.277,14.498,0.32694853,13.4742,14.3752,9,2007,256
9/14/2007,13.83710435,13.242,14.368,0.302099102,13.4154,14.2176,9,2007,257
9/15/2007,13.96671478,13.431,14.402,0.262139712,13.5144,14.245,9,2007,258
9/16/2007,14.06881739,13.645,14.526,0.213087417,13.7122,14.328,9,2007,259
9/17/2007,13.9634313,13.758,14.184,0.08470168,13.837,14.0636,9,2007,260
9/18/2007,14.01541565,13.802,14.207,0.078483155,13.9078,14.1126,9,2007,261
9/19/2007,14.40739304,14.146,14.826,0.116343831,14.278,14.5618,9,2007,262
9/20/2007,14.78125043,14.555,14.983,0.075953933,14.6774,14.8808,9,2007,263
9/21/2007,14.88958261,14.75,15.145,0.076205524,14.796,14.9836,9,2007,264
9/22/2007,15.14127304,14.735,15.562,0.184934211,14.875,15.38,9,2007,265
9/23/2007,15.22750435,14.836,15.66,0.194690453,14.9636,15.5218,9,2007,266
9/24/2007,15.28992348,14.977,15.609,0.163264938,15.0674,15.4996,9,2007,267
9/25/2007,15.31820696,14.869,15.685,0.162227313,15.1348,15.5342,9,2007,268
9/26/2007,15.29364522,14.951,15.598,0.104173248,15.1654,15.4156,9,2007,269
9/27/2007,15.02458261,14.655,15.414,0.133760654,14.862,15.197,9,2007,270
9/28/2007,14.60221913,14.199,15.31,0.252965955,14.3038,14.9716,9,2007,271
9/29/2007,14.67945913,14.051,15.745,0.360665275,14.2414,15.1828,9,2007,272
9/30/2007,14.72336522,13.984,15.947,0.415502821,14.2172,15.3002,9,2007,273
10/1/2007,14.80117913,14.183,15.807,0.353341009,14.3524,15.2752,10,2007,274
10/2/2007,15.07601391,14.568,15.68,0.247531914,14.7478,15.4162,10,2007,275
10/3/2007,15.70252348,15.098,16.138,0.226826237,15.397,16.0046,10,2007,276
10/4/2007,15.72725217,15.167,16.12,0.206321653,15.4314,15.9706,10,2007,277
10/5/2007,15.72758783,15.166,16.235,0.162395092,15.5054,15.9028,10,2007,278
10/6/2007,15.82498261,15.354,16.365,0.216415854,15.551,16.1336,10,2007,279
10/7/2007,15.71829391,15.031,16.176,0.240810563,15.371,15.9896,10,2007,280
10/8/2007,14.87169913,14.091,15.677,0.403156623,14.3134,15.402,10,2007,281
10/9/2007,14.67490435,13.907,15.568,0.410122217,14.1604,15.2498,10,2007,282
10/10/2007,14.48202609,13.757,15.545,0.445013543,13.9694,15.1578,10,2007,283
10/11/2007,13.45518609,12.73,14.279,0.387944653,12.9502,14.0148,10,2007,284
10/12/2007,13.08587478,12.649,13.454,0.198889946,12.828,13.3446,10,2007,285
10/13/2007,13.02659304,12.624,13.417,0.170472763,12.8024,13.251,10,2007,286
10/14/2007,12.7753913,12.402,13.183,0.181784289,12.5296,13.0332,10,2007,287
10/15/2007,12.65888,12.345,12.971,0.17513375,12.4274,12.8996,10,2007,288
10/16/2007,12.55633043,12.239,12.915,0.191944239,12.2988,12.8416,10,2007,289
10/17/2007,12.39829043,11.94,12.802,0.203651263,12.1394,12.6856,10,2007,290
10/18/2007,12.1166,11.519,12.545,0.273777434,11.7574,12.4786,10,2007,291
10/19/2007,12.13790783,11.784,12.541,0.214293158,11.8374,12.41,10,2007,292
10/20/2007,13.08621043,12.798,13.279,0.113583747,12.9314,13.239,10,2007,293
10/21/2007,13.20283652,12.753,13.643,0.233645092,12.8972,13.5516,10,2007,294
10/22/2007,13.16945217,12.735,13.585,0.213910628,12.8852,13.477,10,2007,295
10/23/2007,13.09882957,12.779,13.312,0.127642762,12.917,13.252,10,2007,296
10/24/2007,12.50816522,12.364,12.719,0.087749736,12.3904,12.6296,10,2007,297
10/25/2007,11.92748174,11.542,12.476,0.214461385,11.6702,12.2612,10,2007,298
10/26/2007,11.90647304,11.47,12.543,0.234961393,11.623,12.2634,10,2007,299
10/27/2007,11.58147826,11.23,11.896,0.139615634,11.405,11.7706,10,2007,300
10/28/2007,10.93023652,10.423,11.131,0.089639132,10.8508,11.02,10,2007,301
10/29/2007,10.87596174,10.296,11.17,0.109621022,10.7808,10.9914,10,2007,302
10/30/2007,10.8760713,10.334,11.094,0.115632679,10.7274,10.9888,10,2007,303
10/31/2007,10.4681513,10.121,10.665,0.135766644,10.2504,10.622,10,2007,304
11/1/2007,10.36374609,10.019,10.69,0.165428874,10.1024,10.5662,11,2007,305
11/2/2007,10.38502087,10.019,10.711,0.173851652,10.1044,10.597,11,2007,306
11/3/2007,10.35249391,10.059,10.62,0.130773188,10.1604,10.529,11,2007,307
11/4/2007,10.39606261,10.276,10.557,0.06898232,10.313,10.496,11,2007,308
11/5/2007,9.588151304,9.487,9.806,0.064451395,9.5304,9.6856,11,2007,309
11/6/2007,9.458561739,9.251,9.917,0.145256745,9.2954,9.678,11,2007,310
11/7/2007,9.443034783,9.189,9.921,0.149396167,9.263,9.6458,11,2007,311
11/8/2007,9.435266087,9.25,9.804,0.106507122,9.325,9.591,11,2007,312
11/9/2007,9.499353043,9.444,9.606,0.030159429,9.4694,9.544,11,2007,313
11/10/2007,8.59156,8.546,8.718,0.033749685,8.554,8.638,11,2007,314
11/11/2007,8.4322,8.354,8.696,0.066625376,8.37,8.5186,11,2007,315
11/12/2007,8.451050435,8.349,8.825,0.092454693,8.366,8.5676,11,2007,316
11/13/2007,8.554328696,8.469,8.784,0.06567899,8.485,8.6484,11,2007,317
11/14/2007,8.767606957,8.715,8.919,0.042301456,8.719,8.824,11,2007,318
11/15/2007,8.923217391,8.74,9.174,0.118867726,8.7774,9.1006,11,2007,319
11/16/2007,8.770857391,8.461,9.199,0.197558408,8.4934,9.0456,11,2007,320
11/17/2007,8.568095652,8.195,9.046,0.220464325,8.2752,8.8934,11,2007,321
11/18/2007,8.292314783,7.836,8.962,0.270314412,7.9554,8.6732,11,2007,322
11/19/2007,7.82050087,7.558,8.085,0.110547133,7.6938,7.9756,11,2007,323
11/20/2007,7.439730435,7.184,7.776,0.124811448,7.2636,7.6106,11,2007,324
11/21/2007,7.103815652,6.916,7.551,0.119388471,6.9928,7.2716,11,2007,325
11/22/2007,7.252726957,6.991,7.668,0.160569197,7.0554,7.5152,11,2007,326
11/23/2007,7.731326957,7.088,8.473,0.323160063,7.3154,8.1716,11,2007,327
11/24/2007,7.670657391,7.123,8.441,0.246228795,7.3366,7.9582,11,2007,328
11/25/2007,7.724177391,7.293,8.213,0.172252114,7.497,7.9476,11,2007,329
11/26/2007,7.854942609,7.402,8.451,0.270295757,7.5298,8.2734,11,2007,330
11/27/2007,7.793224348,7.36,8.333,0.251098833,7.4848,8.1852,11,2007,331
11/28/2007,7.755330435,7.37,8.3,0.238099331,7.4622,8.1328,11,2007,332
11/29/2007,7.549377391,7.324,8.041,0.170667909,7.389,7.8252,11,2007,333
11/30/2007,7.579965217,7.246,8.163,0.196819773,7.4154,7.9096,11,2007,334
12/1/2007,7.667224348,7.429,8.266,0.206110851,7.463,8.0046,12,2007,335
12/2/2007,7.623097391,7.393,7.888,0.091730219,7.5018,7.7256,12,2007,336
12/3/2007,7.505890435,7.312,7.808,0.114668832,7.365,7.668,12,2007,337
12/4/2007,6.564906087,6.499,6.676,0.039229578,6.517,6.619,12,2007,338
12/5/2007,6.361587826,6.23,6.638,0.093881471,6.2544,6.489,12,2007,339
12/6/2007,6.23121913,6.027,6.521,0.119099981,6.084,6.4116,12,2007,340
12/7/2007,6.171838261,6.003,6.478,0.105056248,6.047,6.316,12,2007,341
12/8/2007,6.095991304,5.818,6.742,0.232861644,5.8618,6.4666,12,2007,342
12/9/2007,6.057248696,5.783,6.759,0.243091054,5.8484,6.4568,12,2007,343
12/10/2007,6.132634783,5.894,6.676,0.188945871,5.9464,6.4418,12,2007,344
12/11/2007,6.171071304,5.95,6.375,0.112519933,6.0224,6.315,12,2007,345
12/12/2007,6.260777391,5.812,7.001,0.275456895,5.9254,6.6324,12,2007,346
12/13/2007,6.325165217,5.903,7.02,0.242038775,6.029,6.6536,12,2007,347
12/14/2007,6.298553043,5.887,6.838,0.218450124,6.0108,6.5818,12,2007,348
12/15/2007,6.340965217,5.942,6.659,0.186397861,6.0694,6.5788,12,2007,349
12/16/2007,5.321547826,5.061,5.672,0.143075115,5.1374,5.5186,12,2007,350
12/17/2007,5.010892174,4.73,5.64,0.222543342,4.7854,5.3652,12,2007,351
12/18/2007,4.938874783,4.61,5.68,0.252293345,4.673,5.3282,12,2007,352
12/19/2007,4.936252174,4.661,5.488,0.187220921,4.7274,5.219,12,2007,353
12/20/2007,5.097412174,4.875,5.448,0.131052808,4.939,5.2868,12,2007,354
12/21/2007,4.838786087,4.412,5.731,0.318714324,4.5068,5.3566,12,2007,355
12/22/2007,5.177526957,4.483,6.18,0.466622585,4.631,5.8932,12,2007,356
12/23/2007,5.3022,4.908,5.844,0.219639799,5.0204,5.6078,12,2007,357
12/24/2007,4.928953043,4.571,5.659,0.224184258,4.674,5.2594,12,2007,358
12/25/2007,4.750107826,4.313,5.564,0.255909839,4.4374,5.0952,12,2007,359
12/26/2007,4.733810435,4.276,5.292,0.233598401,4.413,5.0356,12,2007,360
12/27/2007,4.690627826,4.307,5.121,0.191901263,4.4242,4.9458,12,2007,361
12/28/2007,4.626274783,4.252,4.98,0.190815792,4.3618,4.887,12,2007,362
12/29/2007,4.611789565,4.173,5.082,0.232153595,4.3,4.9228,12,2007,363
12/30/2007,4.651544348,4.199,5.145,0.248069707,4.3234,4.9942,12,2007,364
12/31/2007,4.649966957,4.189,5.165,0.240615204,4.3208,4.9646,12,2007,365
1/1/2008,4.350133913,3.986,4.734,0.180925691,4.097,4.5846,1,2008,1
1/2/2008,3.741706087,3.349,4.204,0.185533478,3.4814,3.9656,1,2008,2
1/3/2008,3.618133913,3.243,4.211,0.189608953,3.3694,3.8566,1,2008,3
1/4/2008,3.519342609,3.06,4.191,0.247006833,3.2014,3.845,1,2008,4
1/5/2008,3.645662609,3.202,4.185,0.219812046,3.3486,3.9346,1,2008,5
1/6/2008,3.524238261,3.056,3.941,0.201006797,3.229,3.7668,1,2008,6
1/7/2008,4.011963478,3.361,4.545,0.30083379,3.6184,4.4146,1,2008,7
1/8/2008,4.518798261,3.931,4.984,0.304248061,4.0854,4.9072,1,2008,8
1/9/2008,4.532721739,3.841,5.33,0.3794482,4.04,5.059,1,2008,9
1/10/2008,4.613125217,3.889,5.532,0.393481528,4.1068,5.1808,1,2008,10
1/11/2008,4.634732174,4.227,5.256,0.244393514,4.3302,5.0004,1,2008,11
1/12/2008,4.507372174,4.297,4.913,0.147961505,4.3524,4.7486,1,2008,12
1/13/2008,4.363714783,4.071,4.692,0.140870336,4.1834,4.5592,1,2008,13
1/14/2008,4.173144348,3.914,4.619,0.146356035,3.9988,4.386,1,2008,14
1/15/2008,3.908370435,3.614,4.225,0.133243732,3.724,4.079,1,2008,15
1/16/2008,3.653285217,3.329,4.033,0.151690883,3.447,3.8476,1,2008,16
1/17/2008,3.586398261,3.254,4.04,0.173068333,3.3708,3.8266,1,2008,17
1/18/2008,3.663612174,3.283,4.075,0.22106517,3.3864,4.004,1,2008,18
1/19/2008,3.664448696,3.287,4.177,0.25002733,3.3684,4.0642,1,2008,19
1/20/2008,3.632445217,3.234,4.1,0.237588986,3.339,3.9932,1,2008,20
1/21/2008,3.389453913,3.058,3.862,0.203121445,3.128,3.6726,1,2008,21
1/22/2008,3.2728,3.016,3.836,0.177785566,3.0704,3.5142,1,2008,22
1/23/2008,3.372869565,3.081,3.957,0.178340185,3.1822,3.6492,1,2008,23
1/24/2008,3.760281739,3.447,4.211,0.172564134,3.542,4.01,1,2008,24
1/25/2008,3.558864348,3.293,4.302,0.203338415,3.371,3.8728,1,2008,25
1/26/2008,3.425853913,3.094,4.298,0.28108736,3.166,3.8786,1,2008,26
1/27/2008,3.75477913,3.628,4.22,0.12391561,3.641,3.9404,1,2008,27
1/28/2008,3.726513043,3.55,4.122,0.131568358,3.5804,3.9198,1,2008,28
1/29/2008,3.908346087,3.718,4.186,0.114086892,3.766,4.0644,1,2008,29
1/30/2008,3.917730435,3.699,4.334,0.157490574,3.741,4.1596,1,2008,30
1/31/2008,3.768638261,3.522,4.347,0.217999404,3.553,4.132,1,2008,31
2/1/2008,3.718038261,3.45,4.291,0.217489946,3.489,4.06,2,2008,32
2/2/2008,3.730885217,3.547,3.949,0.104852181,3.594,3.88,2,2008,33
2/3/2008,3.165892174,2.618,3.82,0.278479018,2.8132,3.5678,2,2008,34
2/4/2008,3.032012174,2.402,3.819,0.35394857,2.5744,3.5496,2,2008,35
2/5/2008,3.03922087,2.458,3.695,0.289803691,2.6526,3.4374,2,2008,36
2/6/2008,2.971488696,2.575,3.334,0.182912965,2.718,3.2206,2,2008,37
2/7/2008,2.466246957,2.143,2.813,0.1598981,2.2474,2.6842,2,2008,38
2/8/2008,2.172085217,1.771,2.455,0.173776123,1.9204,2.3926,2,2008,39
2/9/2008,2.2636,1.861,2.549,0.195687166,1.9846,2.504,2,2008,40
2/10/2008,2.278822609,1.844,2.659,0.239119261,1.9538,2.598,2,2008,41
2/11/2008,2.218128696,1.732,2.805,0.308442181,1.8348,2.6626,2,2008,42
2/12/2008,2.118375652,1.542,2.76,0.364097067,1.672,2.6672,2,2008,43
2/13/2008,2.187509565,1.797,2.61,0.227225631,1.8954,2.5242,2,2008,44
2/14/2008,1.984833043,1.596,2.437,0.22193177,1.6944,2.311,2,2008,45
2/15/2008,2.221895652,1.764,2.738,0.299207326,1.8254,2.6092,2,2008,46
2/16/2008,2.272354783,1.809,2.762,0.319745166,1.8618,2.7006,2,2008,47
2/17/2008,2.387488696,2.058,2.713,0.201981998,2.1224,2.667,2,2008,48
2/18/2008,2.707427826,2.42,3.048,0.166671309,2.4764,2.932,2,2008,49
2/19/2008,2.744972174,2.386,3.229,0.248664655,2.4274,3.119,2,2008,50
2/20/2008,2.737808696,2.364,3.247,0.267688222,2.405,3.1466,2,2008,51
2/21/2008,2.735368696,2.459,3.319,0.204911802,2.507,3.0354,2,2008,52
2/22/2008,2.648198261,2.415,3.181,0.190334015,2.447,2.9462,2,2008,53
2/23/2008,2.637782609,2.161,3.226,0.273107718,2.264,3.0216,2,2008,54
2/24/2008,2.482652174,1.949,3.096,0.296463071,2.1092,2.8692,2,2008,55
2/25/2008,2.373267826,1.875,2.94,0.313273741,1.9744,2.7912,2,2008,56
2/26/2008,2.368095652,2.018,2.813,0.218472667,2.0754,2.6566,2,2008,57
2/27/2008,2.278874783,2.064,2.542,0.116297206,2.125,2.4382,2,2008,58
2/28/2008,2.186641739,1.912,2.684,0.191620197,1.964,2.464,2,2008,59
2/29/2008,2.322288696,2.029,2.82,0.178197909,2.1,2.552,2,2008,60
3/1/2008,2.237726957,1.95,2.617,0.181955723,2.0094,2.5002,3,2008,61
3/2/2008,2.224081739,1.528,2.934,0.443983852,1.644,2.825,3,2008,62
3/3/2008,2.218116522,1.527,2.966,0.467317911,1.6164,2.8346,3,2008,63
3/4/2008,2.314431304,1.732,2.889,0.352123536,1.8346,2.8012,3,2008,64
3/5/2008,2.649474783,1.987,3.304,0.394395938,2.1124,3.1716,3,2008,65
3/6/2008,2.773387826,2.023,3.616,0.468581852,2.1684,3.389,3,2008,66
3/7/2008,2.794831304,2.247,3.471,0.360279955,2.3474,3.2888,3,2008,67
3/8/2008,3.068726957,2.597,3.582,0.291144492,2.7132,3.479,3,2008,68
3/9/2008,2.831514783,2.349,3.627,0.333963391,2.4854,3.3212,3,2008,69
3/10/2008,2.611076522,2.271,3.198,0.200812117,2.3444,2.9086,3,2008,70
3/11/2008,2.566429565,2.21,2.911,0.186423252,2.2974,2.789,3,2008,71
3/12/2008,2.563504348,2.185,2.828,0.183510065,2.2892,2.776,3,2008,72
3/13/2008,2.590233043,2.326,2.826,0.132227148,2.4008,2.7626,3,2008,73
3/14/2008,2.567932174,2.282,2.804,0.135696091,2.3814,2.747,3,2008,74
3/15/2008,2.513344348,2.249,2.74,0.126840058,2.3404,2.6806,3,2008,75
3/16/2008,2.8292,2.453,3.177,0.18050783,2.5844,3.0702,3,2008,76
3/17/2008,2.912973913,2.505,3.398,0.246667456,2.5904,3.2478,3,2008,77
3/18/2008,2.909316522,2.437,3.407,0.266498493,2.5818,3.266,3,2008,78
3/19/2008,2.867398261,2.474,3.258,0.21284954,2.577,3.1488,3,2008,79
3/20/2008,2.63114087,2.206,2.917,0.198620046,2.3038,2.865,3,2008,80
3/21/2008,2.653271304,2.037,3.039,0.271865608,2.2644,2.971,3,2008,81
3/22/2008,2.529347826,1.859,3.121,0.390741113,1.9974,3.04,3,2008,82
3/23/2008,2.372626087,1.767,2.87,0.339888562,1.9008,2.8096,3,2008,83
3/24/2008,2.267615652,1.764,2.788,0.293953699,1.879,2.699,3,2008,84
3/25/2008,2.273857391,1.976,2.671,0.194644822,2.0484,2.5786,3,2008,85
3/26/2008,2.794366957,2.335,3.279,0.244323761,2.4,3.1138,3,2008,86
3/27/2008,2.975506087,2.498,3.563,0.237065898,2.6218,3.2756,3,2008,87
3/28/2008,2.885506087,2.56,3.287,0.189894945,2.6468,3.1496,3,2008,88
3/29/2008,2.75210087,2.377,3.139,0.236293859,2.4734,3.0746,3,2008,89
3/30/2008,2.72906087,2.205,3.24,0.2878488,2.3724,3.08,3,2008,90
3/31/2008,2.742942609,2.296,3.547,0.292219445,2.4074,3.2328,3,2008,91
4/1/2008,3.689942609,3.309,3.982,0.134154411,3.514,3.8686,4,2008,92
4/2/2008,3.813655652,3.493,4.259,0.142098863,3.662,4.0096,4,2008,93
4/3/2008,3.510947826,3.038,4,0.213830212,3.2084,3.7638,4,2008,94
4/4/2008,3.89528,3.502,4.152,0.116369096,3.77,4.0492,4,2008,95
4/5/2008,3.815393043,3.606,3.954,0.078514354,3.707,3.915,4,2008,96
4/6/2008,3.874685217,3.426,4.175,0.202327408,3.5588,4.1126,4,2008,97
4/7/2008,4.035318261,3.686,4.404,0.214651207,3.721,4.312,4,2008,98
4/8/2008,3.767471304,3.281,4.344,0.287108192,3.4004,4.214,4,2008,99
4/9/2008,3.805255652,3.551,4.204,0.163902747,3.6052,4.06,4,2008,100
4/10/2008,3.849878261,3.316,4.375,0.258445984,3.4844,4.1988,4,2008,101
4/11/2008,3.924873043,3.501,4.583,0.292444943,3.5504,4.3554,4,2008,102
4/12/2008,4.748806957,4.566,5.021,0.10918368,4.6134,4.9046,4,2008,103
4/13/2008,5.234787826,4.875,5.667,0.182031663,4.991,5.488,4,2008,104
4/14/2008,5.235549565,4.722,5.563,0.194963082,4.938,5.471,4,2008,105
4/15/2008,5.314904348,4.862,5.699,0.200325631,5.0436,5.5866,4,2008,106
4/16/2008,5.89634087,5.536,6.248,0.179706813,5.64,6.1292,4,2008,107
4/17/2008,6.977676522,6.503,7.199,0.174838332,6.6908,7.144,4,2008,108
4/18/2008,7.829686957,7.527,8.339,0.238536382,7.6254,8.243,4,2008,109
4/19/2008,8.18858087,7.753,8.982,0.380823914,7.8,8.8572,4,2008,110
4/20/2008,8.195502609,7.793,8.927,0.337228176,7.8524,8.7902,4,2008,111
4/21/2008,8.12277913,7.589,8.53,0.134787166,7.994,8.297,4,2008,112
4/22/2008,7.986064348,7.323,8.442,0.175767885,7.789,8.2422,4,2008,113
4/23/2008,7.916342609,7.389,8.134,0.114506071,7.7812,8.0516,4,2008,114
4/24/2008,8.554450435,7.448,8.95,0.394181444,7.8822,8.892,4,2008,115
4/25/2008,9.020610435,8.028,9.289,0.169783192,8.827,9.2106,4,2008,116
4/26/2008,9.111262609,8.543,9.317,0.12345914,8.9374,9.2566,4,2008,117
4/27/2008,9.013274783,8.427,9.254,0.131478,8.8318,9.1406,4,2008,118
4/28/2008,8.740372174,8.042,9.174,0.259877096,8.3382,9.0426,4,2008,119
4/29/2008,8.26144,7.675,8.553,0.167278314,8.0328,8.465,4,2008,120
4/30/2008,8.278473043,7.534,8.483,0.137021981,8.1144,8.4166,4,2008,121
5/1/2008,8.23716,7.627,8.432,0.119316252,8.0794,8.366,5,2008,122
5/2/2008,8.325951304,7.816,8.714,0.154543413,8.1188,8.5128,5,2008,123
5/3/2008,8.412810435,7.876,8.746,0.189083321,8.1704,8.665,5,2008,124
5/4/2008,8.410427826,7.737,8.82,0.240015094,8.0522,8.6948,5,2008,125
5/5/2008,8.512307826,8.125,9.056,0.17440829,8.306,8.7286,5,2008,126
5/6/2008,8.49529913,7.996,9.148,0.195373075,8.2614,8.7296,5,2008,127
5/7/2008,8.51262087,8.038,8.793,0.14624846,8.302,8.688,5,2008,128
5/8/2008,8.57118087,8.275,8.874,0.137599943,8.382,8.7528,5,2008,129
5/9/2008,8.284530435,7.831,8.613,0.192970639,8.016,8.54,5,2008,130
5/10/2008,8.385695652,7.669,9.088,0.34590867,7.8952,8.8752,5,2008,131
5/11/2008,8.456933913,7.683,9.273,0.402822367,7.9006,9.0252,5,2008,132
5/12/2008,8.51896,7.829,9.159,0.312451407,8.088,8.9586,5,2008,133
5/13/2008,8.821406957,8.233,9.098,0.183030722,8.5576,9.0474,5,2008,134
5/14/2008,8.862295652,8.307,9.296,0.231217968,8.5264,9.1706,5,2008,135
5/15/2008,8.80146087,8.284,9.238,0.204584072,8.5178,9.0816,5,2008,136
5/16/2008,9.42716,9.121,9.699,0.151559496,9.202,9.6116,5,2008,137
5/17/2008,9.875822609,9.462,10.165,0.18606192,9.608,10.1066,5,2008,138
5/18/2008,9.810913043,9.462,10.031,0.144416208,9.6074,9.986,5,2008,139
5/19/2008,9.707547826,9.383,9.83,0.064589085,9.6138,9.769,5,2008,140
5/20/2008,9.26297913,8.958,9.524,0.126588456,9.0874,9.4266,5,2008,141
5/21/2008,8.836452174,8.605,9.128,0.125930173,8.6744,9.013,5,2008,142
5/22/2008,9.053772174,8.551,9.248,0.15201855,8.8044,9.208,5,2008,143
5/23/2008,9.116763478,8.253,9.798,0.30027369,8.7012,9.4948,5,2008,144
5/24/2008,9.182253913,8.26,9.782,0.337037242,8.7168,9.5916,5,2008,145
5/25/2008,9.700789565,8.949,10.124,0.256570424,9.2924,9.9726,5,2008,146
5/26/2008,10.01393391,9.215,10.485,0.360849109,9.483,10.4216,5,2008,147
5/27/2008,9.934702609,9.215,10.417,0.374727837,9.3702,10.3486,5,2008,148
5/28/2008,9.837434783,9.114,10.444,0.386216268,9.2328,10.2562,5,2008,149
5/29/2008,9.97872,9.252,10.604,0.354966033,9.3974,10.4026,5,2008,150
5/30/2008,9.978566957,9.321,10.346,0.220476943,9.6526,10.244,5,2008,151
5/31/2008,9.952683478,9.735,10.226,0.104564439,9.825,10.1046,5,2008,152
6/1/2008,10.25159478,9.572,10.77,0.238752589,9.941,10.5756,6,2008,153
6/2/2008,11.23239478,10.513,11.605,0.267552474,10.862,11.5362,6,2008,154
6/3/2008,11.53978957,11.097,11.792,0.213264127,11.184,11.7486,6,2008,155
6/4/2008,11.59025913,11.272,11.769,0.106420116,11.4114,11.701,6,2008,156
6/5/2008,11.5914713,11.347,11.734,0.075110363,11.496,11.6866,6,2008,157
6/6/2008,11.0109287,10.737,11.225,0.111118953,10.85,11.156,6,2008,158
6/7/2008,11.57267478,11.197,11.881,0.169618943,11.3258,11.786,6,2008,159
6/8/2008,12.00905391,11.552,12.334,0.194352661,11.729,12.2636,6,2008,160
6/9/2008,13.98852348,13.482,14.352,0.209693594,13.704,14.261,6,2008,161
6/10/2008,13.87781565,13.439,14.225,0.135819249,13.7056,14.0596,6,2008,162
6/11/2008,14.15578087,13.793,14.87,0.226668888,13.9328,14.4898,6,2008,163
6/12/2008,14.18648348,13.867,15.014,0.21315157,14.021,14.4626,6,2008,164
6/13/2008,14.16972522,13.778,14.692,0.188934333,13.9644,14.4472,6,2008,165
6/14/2008,13.88154087,13.237,14.336,0.229508431,13.5308,14.17,6,2008,166
6/15/2008,13.52809043,12.79,14.063,0.312919598,13.0758,13.9292,6,2008,167
6/16/2008,13.72608348,12.928,14.296,0.320897554,13.2862,14.1422,6,2008,168
6/17/2008,13.88331652,13.263,14.181,0.201132683,13.5678,14.0726,6,2008,169
6/18/2008,14.14034609,13.555,14.376,0.146254921,13.9468,14.3072,6,2008,170
6/19/2008,14.34651304,13.792,14.932,0.263338575,14.0612,14.7618,6,2008,171
6/20/2008,14.57567652,14.17,15.219,0.248634115,14.3184,14.979,6,2008,172
6/21/2008,14.89781391,14.484,15.356,0.187997605,14.6884,15.1564,6,2008,173
6/22/2008,15.2627687,14.887,15.727,0.206578145,15.03,15.573,6,2008,174
6/23/2008,15.84735652,15.271,16.167,0.162131974,15.6278,16.006,6,2008,175
6/24/2008,15.86371304,15.293,16.408,0.307623049,15.3934,16.2826,6,2008,176
6/25/2008,15.90781565,15.328,16.565,0.341997444,15.436,16.3972,6,2008,177
6/26/2008,15.91082261,15.413,16.469,0.279973144,15.5018,16.267,6,2008,178
6/27/2008,15.56806609,15.212,15.823,0.098632792,15.448,15.667,6,2008,179
6/28/2008,15.19754783,14.605,15.598,0.188560513,14.9238,15.4172,6,2008,180
6/29/2008,15.28526087,14.794,15.633,0.172949938,15.0376,15.4948,6,2008,181
6/30/2008,15.28997565,14.878,15.689,0.156269543,15.065,15.465,6,2008,182
7/1/2008,15.44968348,15.15,15.803,0.13222683,15.277,15.6376,7,2008,183
7/2/2008,15.38838261,14.989,15.909,0.19807065,15.1166,15.668,7,2008,184
7/3/2008,15.51460174,15.205,15.767,0.108175894,15.373,15.641,7,2008,185
7/4/2008,16.19278261,15.733,16.498,0.149690248,15.977,16.3676,7,2008,186
7/5/2008,16.54954957,16.056,16.983,0.206162888,16.2526,16.8084,7,2008,187
7/6/2008,16.66428522,15.953,17.217,0.310345478,16.2108,17.0316,7,2008,188
7/7/2008,16.65028348,16.258,17.052,0.189800128,16.3934,16.9378,7,2008,189
7/8/2008,16.76458609,16.288,17.401,0.248947735,16.5384,17.156,7,2008,190
7/9/2008,16.85950261,16.601,17.4,0.184060642,16.662,17.1352,7,2008,191
7/10/2008,17.18743304,16.906,17.658,0.189619604,16.9628,17.5114,7,2008,192
7/11/2008,17.15341913,16.549,17.763,0.342470915,16.6258,17.6026,7,2008,193
7/12/2008,17.24140174,16.494,17.652,0.296100652,16.7718,17.5762,7,2008,194
7/13/2008,17.14190261,16.478,17.679,0.287042569,16.7348,17.5016,7,2008,195
7/14/2008,17.91792174,17.479,18.283,0.26334429,17.5504,18.2542,7,2008,196
7/15/2008,18.10031478,17.231,19.056,0.591888556,17.3488,18.936,7,2008,197
7/16/2008,18.17397913,17.178,19.44,0.736618779,17.3078,19.2482,7,2008,198
7/17/2008,18.07426261,17.219,19.169,0.54324376,17.4126,18.8856,7,2008,199
7/18/2008,18.11530261,17.539,18.809,0.341975174,17.6324,18.5936,7,2008,200
7/19/2008,18.41534261,17.435,19.158,0.496570846,17.6688,19.0276,7,2008,201
7/20/2008,18.4782487,17.544,19.331,0.534242277,17.7344,19.197,7,2008,202
7/21/2008,18.59921217,18.25,19.153,0.282930509,18.3124,19.0556,7,2008,203
7/22/2008,18.38961739,18.184,18.719,0.122071763,18.26,18.5456,7,2008,204
7/23/2008,17.87265565,17.375,18.216,0.151108689,17.7018,18.107,7,2008,205
7/24/2008,18.66277913,18.389,18.865,0.116905729,18.4978,18.8116,7,2008,206
7/25/2008,19.04732,18.841,19.388,0.151574668,18.8658,19.2852,7,2008,207
7/26/2008,18.8767113,18.198,19.779,0.436742411,18.3614,19.584,7,2008,208
7/27/2008,18.85603652,18.057,19.71,0.467652504,18.2618,19.5576,7,2008,209
7/28/2008,18.80216,18.108,19.444,0.390030311,18.2864,19.3274,7,2008,210
7/29/2008,18.81140522,18.086,19.482,0.40838244,18.299,19.341,7,2008,211
7/30/2008,18.69308,18.113,19.326,0.306302469,18.3064,19.0708,7,2008,212
7/31/2008,18.89636174,18.375,19.383,0.204334122,18.674,19.204,7,2008,213
8/1/2008,18.86508348,18.263,19.233,0.198628801,18.5752,19.0876,8,2008,214
8/2/2008,18.80952696,18.162,19.367,0.260917683,18.4444,19.137,8,2008,215
8/3/2008,18.59884696,17.986,19.068,0.238872105,18.2764,18.9106,8,2008,216
8/4/2008,18.52050087,17.916,18.985,0.198108652,18.296,18.8056,8,2008,217
8/5/2008,18.41201217,17.854,18.851,0.182727024,18.2054,18.684,8,2008,218
8/6/2008,18.48401391,17.865,18.943,0.223581023,18.2228,18.7976,8,2008,219
8/7/2008,18.18424348,17.512,18.747,0.259997587,17.8594,18.5556,8,2008,220
8/8/2008,17.16401739,16.223,17.591,0.234995299,16.8166,17.3966,8,2008,221
8/9/2008,16.95122261,16.262,17.414,0.208200978,16.6796,17.2272,8,2008,222
8/10/2008,17.01842261,16.248,17.637,0.27359421,16.6574,17.3878,8,2008,223
8/11/2008,17.32752522,16.415,17.814,0.261523669,17.018,17.7,8,2008,224
8/12/2008,17.34131304,16.443,18.304,0.419449576,16.8564,17.952,8,2008,225
8/13/2008,17.3444487,16.228,18.532,0.53138341,16.7178,18.0938,8,2008,226
8/14/2008,17.28720174,16.244,18.288,0.466668306,16.691,17.9216,8,2008,227
8/15/2008,17.89193217,17.029,18.546,0.340778695,17.4124,18.3398,8,2008,228
8/16/2008,18.0816,17.277,18.567,0.236126671,17.76,18.3826,8,2008,229
8/17/2008,18.10129391,17.374,18.735,0.240920937,17.8338,18.413,8,2008,230
8/18/2008,17.96121217,17.307,18.628,0.220720874,17.7274,18.2528,8,2008,231
8/19/2008,17.77683304,17.112,18.612,0.261376016,17.5112,18.147,8,2008,232
8/20/2008,16.96861043,16.26,17.681,0.347417262,16.468,17.448,8,2008,233
8/21/2008,16.08972696,15.632,16.666,0.246089592,15.7354,16.4332,8,2008,234
8/22/2008,16.24907478,15.938,16.673,0.172530863,16.017,16.4526,8,2008,235
8/23/2008,16.60496348,16.225,17.124,0.22026011,16.3438,16.913,8,2008,236
8/24/2008,16.85969217,16.354,17.499,0.322773511,16.4834,17.3376,8,2008,237
8/25/2008,16.81990087,16.287,17.337,0.252587941,16.4544,17.164,8,2008,238
8/26/2008,16.35918435,15.979,16.929,0.222230953,16.1194,16.6812,8,2008,239
8/27/2008,16.24641565,15.828,16.603,0.16310913,16.0288,16.4586,8,2008,240
8/28/2008,16.19541043,15.502,16.638,0.245288649,15.837,16.4996,8,2008,241
8/29/2008,16.28315304,15.553,16.653,0.217039803,15.9612,16.4936,8,2008,242
8/30/2008,16.41912696,15.718,16.848,0.220402213,16.131,16.672,8,2008,243
8/31/2008,16.18753217,15.451,16.828,0.336759561,15.7078,16.6436,8,2008,244
9/1/2008,16.07705913,15.159,16.815,0.483821518,15.3442,16.7002,9,2008,245
9/2/2008,16.0777287,15.144,16.769,0.47285218,15.3432,16.6586,9,2008,246
9/3/2008,16.06976522,15.431,16.612,0.261027397,15.7684,16.482,9,2008,247
9/4/2008,16.15415826,15.556,16.684,0.245882924,15.8612,16.5288,9,2008,248
9/5/2008,16.11225565,15.689,16.46,0.154849615,15.9448,16.3286,9,2008,249
9/6/2008,16.36863478,15.722,16.881,0.303944444,15.9398,16.7756,9,2008,250
9/7/2008,16.6502887,16.008,17.205,0.262572977,16.3212,17.0222,9,2008,251
9/8/2008,16.27705043,15.758,16.747,0.227681855,16.0064,16.6058,9,2008,252
9/9/2008,15.94392174,15.537,16.301,0.174430679,15.758,16.2302,9,2008,253
9/10/2008,15.7554,15.226,16.311,0.234951763,15.4884,16.1286,9,2008,254
9/11/2008,15.80619652,14.8,16.465,0.332419776,15.3756,16.234,9,2008,255
9/12/2008,15.68731826,14.86,16.197,0.276756232,15.3254,16.043,9,2008,256
9/13/2008,15.47244,15.027,15.757,0.188166255,15.1888,15.6918,9,2008,257
9/14/2008,15.2210087,14.905,15.492,0.162642245,15.011,15.4486,9,2008,258
9/15/2008,15.07151304,14.294,15.718,0.452004921,14.3778,15.6188,9,2008,259
9/16/2008,15.01662957,14.26,15.722,0.459588018,14.3248,15.5766,9,2008,260
9/17/2008,14.75620174,14.053,15.611,0.451391049,14.1994,15.4318,9,2008,261
9/18/2008,14.62758783,13.922,15.424,0.427281483,14.0592,15.2196,9,2008,262
9/19/2008,14.33380522,13.979,14.819,0.223849284,14.041,14.672,9,2008,263
9/20/2008,13.97130957,13.782,14.245,0.099186613,13.854,14.1176,9,2008,264
9/21/2008,13.94193217,13.838,14.134,0.056110586,13.867,14.017,9,2008,265
9/22/2008,14.16469565,13.974,14.5,0.141612944,14.034,14.4044,9,2008,266
9/23/2008,14.00639478,13.761,14.399,0.170389518,13.8004,14.2526,9,2008,267
9/24/2008,13.9968713,13.712,14.36,0.179572724,13.779,14.2608,9,2008,268
9/25/2008,14.10705391,13.743,14.623,0.240695187,13.8204,14.4586,9,2008,269
9/26/2008,14.08760696,13.832,14.517,0.198472657,13.873,14.427,9,2008,270
9/27/2008,14.02221739,13.802,14.189,0.058613151,13.9514,14.096,9,2008,271
9/28/2008,13.94068522,13.426,14.504,0.286598713,13.5486,14.3436,9,2008,272
9/29/2008,13.87351652,13.268,14.463,0.303457566,13.4684,14.3066,9,2008,273
9/30/2008,13.89876174,13.334,14.449,0.2810331,13.5244,14.294,9,2008,274
10/1/2008,13.94232,13.588,14.15,0.118039038,13.7684,14.08,10,2008,275
10/2/2008,13.84310261,13.502,14.102,0.139815676,13.6358,14.006,10,2008,276
10/3/2008,13.36017391,12.849,13.647,0.19037052,13.0894,13.58,10,2008,277
10/4/2008,13.09107826,12.421,13.671,0.275156147,12.7078,13.4846,10,2008,278
10/5/2008,12.88661217,12.513,13.082,0.117697677,12.7304,13.031,10,2008,279
10/6/2008,12.67329391,12.575,12.805,0.049710614,12.622,12.7542,10,2008,280
10/7/2008,12.51143826,12.3,12.687,0.090728906,12.3854,12.637,10,2008,281
10/8/2008,12.60217391,12.326,12.822,0.102138038,12.473,12.7656,10,2008,282
10/9/2008,12.98956174,12.658,13.421,0.182414839,12.7492,13.243,10,2008,283
10/10/2008,12.95318261,12.526,13.465,0.196811101,12.6884,13.2204,10,2008,284
10/11/2008,12.90265391,12.477,13.305,0.163473501,12.6958,13.1156,10,2008,285
10/12/2008,12.88771652,12.548,13.25,0.163064654,12.659,13.1092,10,2008,286
10/13/2008,12.64850783,12.489,12.978,0.090346581,12.556,12.7776,10,2008,287
10/14/2008,12.44303478,12.194,12.813,0.176487887,12.2184,12.6832,10,2008,288
10/15/2008,12.4898313,12.241,12.869,0.173130797,12.2804,12.735,10,2008,289
10/16/2008,12.46915478,12.137,12.808,0.189619375,12.1934,12.6986,10,2008,290
10/17/2008,12.3383287,11.947,12.703,0.172650373,12.1074,12.5496,10,2008,291
10/18/2008,12.13481739,11.663,12.512,0.207646266,11.8162,12.3992,10,2008,292
10/19/2008,11.5805913,11.123,11.944,0.203288697,11.2576,11.8346,10,2008,293
10/20/2008,11.29536174,10.965,11.735,0.165098676,11.0698,11.5372,10,2008,294
10/21/2008,11.32617391,11.057,11.667,0.126294169,11.1446,11.494,10,2008,295
10/22/2008,11.55858261,11.399,11.79,0.085874512,11.4524,11.682,10,2008,296
10/23/2008,10.78285217,10.372,11.071,0.119893452,10.6048,10.9386,10,2008,297
10/24/2008,10.74735304,10.31,11.033,0.126219027,10.5474,10.899,10,2008,298
10/25/2008,10.99955304,10.825,11.277,0.106210478,10.8584,11.1442,10,2008,299
10/26/2008,11.33096174,10.846,11.643,0.177952217,11.0898,11.5656,10,2008,300
10/27/2008,11.30875478,10.835,11.663,0.174497988,11.0928,11.533,10,2008,301
10/28/2008,11.29584522,10.987,11.568,0.134188756,11.1084,11.482,10,2008,302
10/29/2008,10.56977217,10.355,10.782,0.112588867,10.4044,10.7136,10,2008,303
10/30/2008,10.07949043,9.592,10.444,0.203281759,9.775,10.349,10,2008,304
10/31/2008,10.02137391,9.547,10.476,0.236435826,9.6796,10.3492,10,2008,305
11/1/2008,9.743874783,9.449,10.091,0.168470704,9.536,10.0016,11,2008,306
11/2/2008,9.603984348,9.362,10.058,0.188779561,9.421,9.9136,11,2008,307
11/3/2008,9.618876522,9.499,9.845,0.086944275,9.5374,9.7666,11,2008,308
11/4/2008,9.626353043,9.547,9.798,0.05998396,9.5614,9.7196,11,2008,309
11/5/2008,9.658389565,9.562,9.752,0.051568343,9.589,9.731,11,2008,310
11/6/2008,9.777966957,9.733,9.841,0.026109938,9.747,9.817,11,2008,311
11/7/2008,10.59806957,10.5,10.705,0.044655694,10.54,10.6596,11,2008,312
11/8/2008,10.50126609,10.443,10.575,0.029179138,10.464,10.543,11,2008,313
11/9/2008,9.949408696,9.83,10.123,0.069771016,9.8604,10.05,11,2008,314
11/10/2008,9.75310087,9.553,10.069,0.119182714,9.611,9.941,11,2008,315
11/11/2008,9.695398261,9.444,10.08,0.137643468,9.5184,9.9096,11,2008,316
11/12/2008,9.771848696,9.456,10.024,0.122396425,9.604,9.933,11,2008,317
11/13/2008,9.684591304,9.369,9.97,0.130415825,9.4974,9.851,11,2008,318
11/14/2008,9.530573913,9.325,9.688,0.080404754,9.418,9.636,11,2008,319
11/15/2008,9.684947826,9.616,9.747,0.033144768,9.638,9.729,11,2008,320
11/16/2008,9.07808,9,9.266,0.055201915,9.014,9.157,11,2008,321
11/17/2008,8.889022609,8.552,9.249,0.180999272,8.6534,9.1514,11,2008,322
11/18/2008,8.821349565,8.506,9.117,0.14875233,8.6104,9.0266,11,2008,323
11/19/2008,8.627935652,8.392,8.842,0.110346071,8.48,8.7856,11,2008,324
11/20/2008,8.461375652,8.23,8.82,0.154145407,8.285,8.7138,11,2008,325
11/21/2008,8.22666087,7.937,8.632,0.175034565,8.0018,8.4868,11,2008,326
11/22/2008,8.107594783,7.717,8.489,0.201181305,7.8314,8.3678,11,2008,327
11/23/2008,7.965205217,7.529,8.473,0.229768456,7.6574,8.2732,11,2008,328
11/24/2008,7.871758261,7.473,8.317,0.204385692,7.61,8.1566,11,2008,329
11/25/2008,7.497464348,7.261,7.856,0.141494703,7.3264,7.7116,11,2008,330
11/26/2008,7.361831304,7.069,7.906,0.220403702,7.14,7.7452,11,2008,331
11/27/2008,7.303462609,7,7.894,0.23228342,7.073,7.706,11,2008,332
11/28/2008,7.288370435,7.067,7.812,0.193170422,7.0984,7.6086,11,2008,333
11/29/2008,7.223577391,7.033,7.631,0.143180269,7.059,7.45,11,2008,334
11/30/2008,7.146476522,6.951,7.485,0.123802469,6.9954,7.317,11,2008,335
12/1/2008,7.203975652,6.98,7.548,0.130391341,7.039,7.3876,12,2008,336
12/2/2008,7.260109565,7.042,7.626,0.13379781,7.0934,7.4526,12,2008,337
12/3/2008,7.227361739,6.99,7.625,0.146067957,7.049,7.4466,12,2008,338
12/4/2008,6.944758261,6.61,7.349,0.191829099,6.6894,7.2184,12,2008,339
12/5/2008,6.87021913,6.438,7.298,0.235489321,6.5618,7.203,12,2008,340
12/6/2008,6.619506087,6.364,6.887,0.118606292,6.4584,6.777,12,2008,341
12/7/2008,6.660913043,6.359,7.066,0.165874148,6.4454,6.8796,12,2008,342
12/8/2008,6.66701913,6.32,7.017,0.192796117,6.39,6.9152,12,2008,343
12/9/2008,6.640737391,6.226,7.115,0.225737774,6.331,6.958,12,2008,344
12/10/2008,6.605097391,6.416,6.829,0.120143255,6.4454,6.783,12,2008,345
12/11/2008,6.799883478,6.647,7.098,0.100681088,6.686,6.951,12,2008,346
12/12/2008,6.704394783,6.502,7.121,0.14442213,6.544,6.928,12,2008,347
12/13/2008,6.51442087,6.376,7.106,0.140274483,6.395,6.704,12,2008,348
12/14/2008,6.419942609,6.1,6.929,0.135645297,6.3,6.5968,12,2008,349
12/15/2008,6.4844,6.373,6.648,0.067319199,6.4044,6.58,12,2008,350
12/16/2008,6.332895652,6.178,6.476,0.070038339,6.23,6.416,12,2008,351
12/17/2008,5.636372174,5.504,6.077,0.117826722,5.523,5.7934,12,2008,352
12/18/2008,5.428728696,5.212,6.022,0.1746088,5.247,5.6934,12,2008,353
12/19/2008,5.59753913,5.296,6.085,0.178904199,5.374,5.8412,12,2008,354
12/20/2008,5.751793043,5.45,6.033,0.145182766,5.5448,5.935,12,2008,355
12/21/2008,5.473893913,5.243,5.796,0.117752002,5.315,5.6336,12,2008,356
12/22/2008,5.499913043,5.176,5.896,0.182275635,5.2714,5.797,12,2008,357
12/23/2008,5.632429565,5.307,6.036,0.174414066,5.4088,5.908,12,2008,358
12/24/2008,5.468318261,5.235,5.762,0.128727968,5.3058,5.6556,12,2008,359
12/25/2008,5.677074783,5.371,6.003,0.15554481,5.4754,5.9044,12,2008,360
12/26/2008,6.009721739,5.728,6.269,0.132671593,5.8188,6.189,12,2008,361
12/27/2008,5.555001739,5.294,5.989,0.171425002,5.351,5.8172,12,2008,362
12/28/2008,5.39173913,5.131,6.116,0.252697292,5.148,5.769,12,2008,363
12/29/2008,5.471043478,5.202,6.194,0.241528372,5.228,5.833,12,2008,364
12/30/2008,5.522914783,5.306,5.943,0.157478315,5.343,5.7632,12,2008,365
12/31/2008,5.440088696,5.122,6.167,0.205081561,5.204,5.7286,12,2008,366
1/1/2009,5.081613913,4.782,5.608,0.186310353,4.8674,5.3672,1,2009,1
1/2/2009,5.02598087,4.887,5.336,0.097411148,4.929,5.178,1,2009,2
1/3/2009,4.95784,4.725,5.238,0.102005135,4.8336,5.1058,1,2009,3
1/4/2009,5.165212174,5.023,5.504,0.114539284,5.0494,5.3504,1,2009,4
1/5/2009,5.164434783,5.033,5.493,0.095602084,5.0714,5.3136,1,2009,5
1/6/2009,4.995238261,4.836,5.583,0.141945077,4.868,5.2034,1,2009,6
1/7/2009,5.074333913,4.857,5.507,0.132456658,4.9224,5.2676,1,2009,7
1/8/2009,4.806906087,4.596,5.405,0.1933708,4.6174,5.106,1,2009,8
1/9/2009,4.478252174,4.21,5.21,0.214200257,4.246,4.756,1,2009,9
1/10/2009,4.305777391,3.985,5.137,0.234107481,4.0634,4.609,1,2009,10
1/11/2009,4.265532174,3.971,4.904,0.2158883,4.0374,4.5586,1,2009,11
1/12/2009,4.15934087,3.98,4.416,0.129698573,3.999,4.342,1,2009,12
1/13/2009,4.243953043,4.023,4.505,0.122192469,4.088,4.421,1,2009,13
1/14/2009,3.72024,3.571,4.057,0.098810318,3.6094,3.8618,1,2009,14
1/15/2009,3.449525217,3.183,4.106,0.199159765,3.224,3.7386,1,2009,15
1/16/2009,3.432587826,3.153,3.827,0.170828557,3.2094,3.6716,1,2009,16
1/17/2009,3.42117913,3.153,3.889,0.156531996,3.2204,3.631,1,2009,17
1/18/2009,3.500685217,3.268,3.973,0.139898109,3.3344,3.7052,1,2009,18
1/19/2009,3.664473043,3.415,3.962,0.125302765,3.493,3.831,1,2009,19
1/20/2009,3.38733913,3.174,3.726,0.131277102,3.226,3.5872,1,2009,20
1/21/2009,3.44470087,3.124,3.827,0.195543843,3.2054,3.7398,1,2009,21
1/22/2009,3.730817391,3.222,4.434,0.322562972,3.3574,4.2278,1,2009,22
1/23/2009,3.503744348,2.988,4.33,0.363944528,3.0902,4.0778,1,2009,23
1/24/2009,3.339111304,2.815,4.621,0.400031177,2.91,3.9558,1,2009,24
1/25/2009,3.176836522,2.645,4.422,0.389464312,2.747,3.7524,1,2009,25
1/26/2009,3.16688,2.664,4.141,0.377490999,2.7478,3.7422,1,2009,26
1/27/2009,3.247713043,2.823,4.039,0.328105755,2.9,3.7672,1,2009,27
1/28/2009,3.197135652,2.923,3.665,0.165194729,2.997,3.4386,1,2009,28
1/29/2009,2.875770435,2.603,3.542,0.222803024,2.6524,3.2228,1,2009,29
1/30/2009,2.785396522,2.509,3.354,0.198928084,2.5624,3.0892,1,2009,30
1/31/2009,2.785410435,2.575,3.209,0.142341563,2.6204,2.9966,1,2009,31
2/1/2009,2.893546087,2.606,3.349,0.168955412,2.6882,3.1256,2,2009,32
2/2/2009,3.075913043,2.78,3.391,0.142208965,2.884,3.2876,2,2009,33
2/3/2009,3.03601913,2.745,3.362,0.154492091,2.8274,3.2426,2,2009,34
2/4/2009,2.822198261,2.564,3.366,0.190568924,2.6094,3.1194,2,2009,35
2/5/2009,2.584965217,2.253,3.205,0.219853274,2.3268,2.928,2,2009,36
2/6/2009,2.538747826,2.272,2.869,0.146700152,2.347,2.7352,2,2009,37
2/7/2009,2.622323478,2.384,3.005,0.144713654,2.4414,2.8256,2,2009,38
2/8/2009,2.777944348,2.439,3.59,0.283133826,2.502,3.242,2,2009,39
2/9/2009,2.845271304,2.483,3.816,0.317826316,2.5168,3.3568,2,2009,40
2/10/2009,3.031864348,2.714,4.144,0.305390118,2.741,3.4714,2,2009,41
2/11/2009,3.137923478,2.84,3.83,0.226845081,2.9008,3.4858,2,2009,42
2/12/2009,3.108786087,2.82,3.539,0.184864696,2.8854,3.3896,2,2009,43
2/13/2009,2.9614,2.694,3.664,0.243810874,2.728,3.3752,2,2009,44
2/14/2009,2.941412174,2.704,3.746,0.253987864,2.731,3.3762,2,2009,45
2/15/2009,2.978873043,2.797,3.763,0.200440255,2.814,3.274,2,2009,46
2/16/2009,3.065474783,2.933,3.447,0.10442053,2.961,3.214,2,2009,47
2/17/2009,2.769227826,2.632,3.204,0.125656098,2.653,2.9696,2,2009,48
2/18/2009,2.584372174,2.334,3.166,0.215208271,2.381,2.9332,2,2009,49
2/19/2009,2.685890435,2.532,3.123,0.14194942,2.55,2.9128,2,2009,50
2/20/2009,2.761201739,2.545,3.397,0.216872514,2.569,3.1328,2,2009,51
2/21/2009,2.662126957,2.348,3.523,0.297041955,2.392,3.17,2,2009,52
2/22/2009,2.597636522,2.363,3.291,0.230401003,2.387,2.984,2,2009,53
2/23/2009,2.70590087,2.352,3.015,0.135456779,2.5358,2.8882,2,2009,54
2/24/2009,2.685450435,2.252,3.51,0.326269881,2.371,3.2054,2,2009,55
2/25/2009,2.678071304,2.23,3.611,0.403750863,2.2784,3.3414,2,2009,56
2/26/2009,2.774770435,2.294,3.697,0.412269472,2.39,3.4866,2,2009,57
2/27/2009,2.73453913,2.361,3.313,0.209981619,2.535,3.0586,2,2009,58
2/28/2009,2.526476522,2.093,2.872,0.157201448,2.3144,2.7336,2,2009,59
3/1/2009,2.240942609,1.812,2.526,0.158239614,2.0164,2.445,3,2009,60
3/2/2009,2.059598261,1.7,2.302,0.141992493,1.8548,2.237,3,2009,61
3/3/2009,2.021806957,1.64,2.59,0.229868996,1.7732,2.384,3,2009,62
3/4/2009,1.972318261,1.586,2.678,0.288696743,1.6774,2.4472,3,2009,63
3/5/2009,2.057829565,1.681,2.732,0.268132018,1.7894,2.5052,3,2009,64
3/6/2009,2.112422609,1.712,2.551,0.18601096,1.889,2.3806,3,2009,65
3/7/2009,2.144606957,1.822,2.363,0.129688727,1.957,2.3076,3,2009,66
3/8/2009,2.524015652,2.207,2.752,0.134059278,2.3304,2.69,3,2009,67
3/9/2009,2.557309565,2.22,2.921,0.180997945,2.3048,2.8,3,2009,68
3/10/2009,2.449293913,2.151,2.867,0.1771018,2.227,2.708,3,2009,69
3/11/2009,2.679765217,2.196,3.005,0.197710895,2.377,2.9176,3,2009,70
3/12/2009,2.845377391,2.118,3.413,0.380585797,2.3034,3.3176,3,2009,71
3/13/2009,2.702561739,2.135,3.1,0.261624274,2.3292,3.0176,3,2009,72
3/14/2009,2.581673043,2.065,3.101,0.303068099,2.176,2.992,3,2009,73
3/15/2009,2.593144348,2.072,3.153,0.329939592,2.1618,3.0482,3,2009,74
3/16/2009,2.527867826,2.122,2.947,0.217842517,2.2192,2.8332,3,2009,75
3/17/2009,2.587038261,2.305,2.997,0.148792639,2.3902,2.8098,3,2009,76
3/18/2009,2.953492174,2.469,3.398,0.223640873,2.6454,3.265,3,2009,77
3/19/2009,2.86592,2.432,3.224,0.205397644,2.5794,3.1016,3,2009,78
3/20/2009,2.584834783,2.31,2.997,0.165879502,2.3814,2.832,3,2009,79
3/21/2009,2.701123478,2.358,3.202,0.20210471,2.4634,2.9996,3,2009,80
3/22/2009,2.712516522,2.383,3.069,0.168988359,2.496,2.953,3,2009,81
3/23/2009,2.606993043,2.407,2.756,0.097754581,2.456,2.7176,3,2009,82
3/24/2009,2.800405217,2.616,2.971,0.063216852,2.713,2.8786,3,2009,83
3/25/2009,3.031158261,2.698,3.303,0.130880738,2.8298,3.192,3,2009,84
3/26/2009,3.104507826,2.766,3.372,0.098849494,2.9634,3.213,3,2009,85
3/27/2009,3.070495652,2.797,3.242,0.08745838,2.9494,3.1766,3,2009,86
3/28/2009,3.160646957,2.981,3.313,0.076519421,3.058,3.261,3,2009,87
3/29/2009,2.824666087,2.679,2.923,0.045224101,2.769,2.8872,3,2009,88
3/30/2009,2.742989565,2.622,2.877,0.073881296,2.638,2.837,3,2009,89
3/31/2009,2.649008696,2.5,2.782,0.081012699,2.543,2.753,3,2009,90
4/1/2009,2.65789913,2.541,2.76,0.059528082,2.574,2.732,4,2009,91
4/2/2009,2.713182609,2.588,2.784,0.041052228,2.656,2.762,4,2009,92
4/3/2009,3.15416,3.055,3.262,0.048537016,3.095,3.2246,4,2009,93
4/4/2009,4.450735652,3.931,4.65,0.189088607,4.1392,4.638,4,2009,94
4/5/2009,4.712786087,3.911,4.894,0.164086972,4.519,4.844,4,2009,95
4/6/2009,4.764066087,4.152,5.117,0.145779232,4.588,4.914,4,2009,96
4/7/2009,4.685753043,4.078,4.842,0.141086432,4.4754,4.813,4,2009,97
4/8/2009,4.146245217,3.834,4.295,0.098767795,3.9992,4.253,4,2009,98
4/9/2009,4.163786087,3.551,4.539,0.239285968,3.854,4.4626,4,2009,99
4/10/2009,4.146467826,3.56,4.669,0.255152271,3.8176,4.4998,4,2009,100
4/11/2009,4.09256,3.826,4.544,0.146649762,3.918,4.3006,4,2009,101
4/12/2009,4.01737913,3.777,4.739,0.223711726,3.836,4.4058,4,2009,102
4/13/2009,4.078215652,3.699,4.314,0.16187096,3.8184,4.255,4,2009,103
4/14/2009,4.10784,3.728,4.426,0.180389471,3.8484,4.3316,4,2009,104
4/15/2009,4.877161739,4.48,5.248,0.147948303,4.661,5.0646,4,2009,105
4/16/2009,5.175937391,4.8,5.447,0.16070319,4.935,5.3752,4,2009,106
4/17/2009,5.314516522,5.033,5.545,0.11254922,5.146,5.449,4,2009,107
4/18/2009,5.700921739,5.485,5.98,0.133235961,5.5214,5.9042,4,2009,108
4/19/2009,5.811827826,5.369,6.329,0.259198241,5.4636,6.1422,4,2009,109
4/20/2009,5.769394783,5.311,6.355,0.28128501,5.4074,6.1382,4,2009,110
4/21/2009,5.792737391,5.403,6.158,0.215264093,5.464,6.063,4,2009,111
4/22/2009,5.921866087,5.823,5.993,0.033382293,5.882,5.9686,4,2009,112
4/23/2009,7.435147826,7.207,7.554,0.092454136,7.302,7.5426,4,2009,113
4/24/2009,7.462307826,7.245,7.676,0.118933827,7.2854,7.6102,4,2009,114
4/25/2009,7.391653913,7.053,7.728,0.193603892,7.1182,7.6728,4,2009,115
4/26/2009,7.34512,7.142,7.624,0.141969722,7.178,7.5642,4,2009,116
4/27/2009,8.092107826,7.789,8.242,0.084986854,7.9934,8.2076,4,2009,117
4/28/2009,8.227426087,7.787,8.575,0.23925123,7.8702,8.515,4,2009,118
4/29/2009,7.937977391,7.257,8.595,0.30691891,7.556,8.4136,4,2009,119
4/30/2009,7.532747826,6.839,8.405,0.371825852,7.157,8.1268,4,2009,120
5/1/2009,7.298953043,6.71,7.787,0.249425394,6.9608,7.637,5,2009,121
5/2/2009,7.364563478,6.891,7.939,0.288076238,7.0154,7.8356,5,2009,122
5/3/2009,8.515387826,8.285,8.65,0.088790876,8.3852,8.628,5,2009,123
5/4/2009,8.14597913,7.867,8.287,0.085770557,8.0212,8.245,5,2009,124
5/5/2009,7.667330435,7.369,7.946,0.127809168,7.5004,7.841,5,2009,125
5/6/2009,7.750208696,7.406,8.062,0.141613272,7.5638,7.939,5,2009,126
5/7/2009,7.71585913,7.426,7.99,0.121265306,7.5558,7.8782,5,2009,127
5/8/2009,7.380721739,7.099,7.656,0.127454573,7.2114,7.555,5,2009,128
5/9/2009,7.348177391,7.102,7.522,0.081056094,7.2444,7.4596,5,2009,129
5/10/2009,7.524836522,7.308,7.888,0.129379951,7.376,7.7316,5,2009,130
5/11/2009,8.40828,8.249,8.579,0.080627892,8.2994,8.527,5,2009,131
5/12/2009,8.713285217,8.355,9.085,0.239827912,8.4058,9.0292,5,2009,132
5/13/2009,8.975565217,8.512,9.592,0.306297831,8.5934,9.4172,5,2009,133
5/14/2009,9.203365217,8.711,9.9,0.329567908,8.799,9.71,5,2009,134
5/15/2009,9.027902609,8.495,9.582,0.30389038,8.6792,9.4886,5,2009,135
5/16/2009,8.979073043,8.732,9.248,0.153491462,8.7784,9.207,5,2009,136
5/17/2009,9.195702609,9.048,9.29,0.059703888,9.116,9.2776,5,2009,137
5/18/2009,9.513530435,9.299,9.619,0.076637379,9.4014,9.606,5,2009,138
5/19/2009,9.950083478,9.49,10.218,0.186601412,9.69,10.1686,5,2009,139
5/20/2009,10.09672,9.449,10.611,0.297203352,9.7334,10.474,5,2009,140
5/21/2009,9.991186087,9.707,10.201,0.152480187,9.779,10.184,5,2009,141
5/22/2009,9.962829565,9.839,10.045,0.046818749,9.8924,10.02,5,2009,142
5/23/2009,11.1107113,10.802,11.352,0.11312974,10.945,11.2556,5,2009,143
5/24/2009,11.06162087,10.527,11.482,0.229733838,10.6558,11.3116,5,2009,144
5/25/2009,11.02377739,10.235,11.553,0.330467823,10.4588,11.402,5,2009,145
5/26/2009,10.88545739,10.475,11.248,0.185779255,10.579,11.1014,5,2009,146
5/27/2009,10.86030783,10.538,11.056,0.11112529,10.6858,10.9832,5,2009,147
5/28/2009,10.08580696,9.657,10.335,0.168939537,9.8478,10.3,5,2009,148
5/29/2009,10.95112,10.533,11.42,0.200991951,10.6914,11.2366,5,2009,149
5/30/2009,10.5622087,10.284,10.82,0.144928908,10.354,10.7426,5,2009,150
5/31/2009,10.45056696,10.075,10.839,0.227178824,10.1694,10.7446,5,2009,151
6/1/2009,10.35279304,9.978,10.715,0.209253153,10.0514,10.5996,6,2009,152
6/2/2009,10.34557565,10.131,10.61,0.117926928,10.1904,10.5186,6,2009,153
6/3/2009,10.41457391,10.148,10.639,0.116278221,10.2468,10.5662,6,2009,154
6/4/2009,11.55252174,11.261,11.783,0.129520649,11.366,11.7192,6,2009,155
6/5/2009,12.19942261,11.764,12.448,0.148715372,11.9754,12.369,6,2009,156
6/6/2009,12.10006609,11.773,12.561,0.203349048,11.8564,12.4206,6,2009,157
6/7/2009,12.11006783,11.722,12.628,0.223438064,11.833,12.4448,6,2009,158
6/8/2009,12.19879478,11.779,12.465,0.129559491,12.0364,12.368,6,2009,159
6/9/2009,12.15334783,11.717,12.51,0.191795634,11.878,12.408,6,2009,160
6/10/2009,12.57728522,12.127,12.906,0.186439513,12.32,12.828,6,2009,161
6/11/2009,12.51414609,11.923,13.053,0.285922676,12.1154,12.912,6,2009,162
6/12/2009,12.42932,11.781,13.043,0.300548926,12.007,12.847,6,2009,163
6/13/2009,12.4798713,11.82,13.07,0.273691064,12.0842,12.86,6,2009,164
6/14/2009,12.71910261,12.258,13.18,0.225016906,12.4104,13.0296,6,2009,165
6/15/2009,13.53471304,13.275,13.811,0.086454875,13.4414,13.6576,6,2009,166
6/16/2009,13.63504,13.183,14.342,0.277512878,13.2842,14.0654,6,2009,167
6/17/2009,13.58812,13.093,14.409,0.308972205,13.1934,14.0804,6,2009,168
6/18/2009,13.69845565,13.326,14.204,0.197699921,13.4364,13.983,6,2009,169
6/19/2009,13.49861565,13.086,13.883,0.169310119,13.2802,13.7378,6,2009,170
6/20/2009,13.55655826,12.893,14.104,0.290642529,13.1614,13.953,6,2009,171
6/21/2009,13.58468174,12.912,14.14,0.300560918,13.1748,13.9958,6,2009,172
6/22/2009,13.02237739,12.44,13.587,0.296664069,12.6144,13.437,6,2009,173
6/23/2009,12.06097739,11.78,12.34,0.124155802,11.898,12.226,6,2009,174
6/24/2009,13.28501739,12.822,13.918,0.298193679,12.9008,13.7202,6,2009,175
6/25/2009,13.68441217,13.292,14.182,0.193703486,13.481,13.9886,6,2009,176
6/26/2009,13.58140348,13.301,13.966,0.137853204,13.4334,13.796,6,2009,177
6/27/2009,13.60466261,13.255,14.035,0.173216077,13.4314,13.8766,6,2009,178
6/28/2009,13.41222783,13.039,13.79,0.16512321,13.2044,13.6406,6,2009,179
6/29/2009,12.31731304,12.034,12.52,0.111811031,12.1674,12.467,6,2009,180
6/30/2009,12.2527513,12,12.417,0.095743737,12.1254,12.381,6,2009,181
7/1/2009,12.24817565,11.945,12.498,0.125246025,12.0858,12.4212,7,2009,182
7/2/2009,12.44642609,12.166,12.692,0.116676528,12.293,12.603,7,2009,183
7/3/2009,13.31156,13.092,13.487,0.100889387,13.173,13.4476,7,2009,184
7/4/2009,13.94025043,13.726,14.161,0.098765551,13.807,14.0766,7,2009,185
7/5/2009,14.56844696,14.019,15.249,0.322662616,14.1174,15.0422,7,2009,186
7/6/2009,15.49824348,15.044,16.004,0.228329687,15.2384,15.831,7,2009,187
7/7/2009,15.64977913,15.175,16.275,0.209037303,15.4068,15.936,7,2009,188
7/8/2009,15.74742783,15.102,16.521,0.299124334,15.3712,16.1886,7,2009,189
7/9/2009,15.48697739,14.75,16.006,0.287135367,15.0748,15.848,7,2009,190
7/10/2009,15.10236,14.487,15.765,0.223763682,14.8008,15.3756,7,2009,191
7/11/2009,15.04572696,14.51,15.781,0.224603872,14.787,15.3616,7,2009,192
7/12/2009,15.05898435,14.553,15.536,0.185437325,14.7874,15.268,7,2009,193
7/13/2009,14.61281217,14.354,14.809,0.113512081,14.445,14.7516,7,2009,194
7/14/2009,14.46855826,14.134,14.697,0.142664843,14.259,14.6396,7,2009,195
7/15/2009,14.55912348,14.233,14.785,0.148173974,14.348,14.7396,7,2009,196
7/16/2009,14.68031478,14.438,14.974,0.134551481,14.508,14.8686,7,2009,197
7/17/2009,15.3896487,14.97,15.91,0.21582215,15.1294,15.7026,7,2009,198
7/18/2009,16.30946435,15.923,16.492,0.123499841,16.125,16.43,7,2009,199
7/19/2009,16.60881043,16.26,16.965,0.151530441,16.4208,16.8472,7,2009,200
7/20/2009,16.74659826,16.255,17.285,0.2374231,16.4104,17.0594,7,2009,201
7/21/2009,15.96339304,15.663,16.427,0.141077975,15.8214,16.1858,7,2009,202
7/22/2009,16.17080174,15.921,16.583,0.132255147,16.0324,16.3746,7,2009,203
7/23/2009,16.21792348,15.876,16.641,0.138226324,16.06,16.4262,7,2009,204
7/24/2009,15.99823652,15.683,16.442,0.166813411,15.7774,16.2414,7,2009,205
7/25/2009,15.88839652,15.415,16.264,0.191960097,15.625,16.1396,7,2009,206
7/26/2009,15.81025739,15.329,16.132,0.168534025,15.5688,16.013,7,2009,207
7/27/2009,15.91385391,15.571,16.504,0.274145571,15.617,16.37,7,2009,208
7/28/2009,16.6507113,16.072,17.331,0.390154271,16.1454,17.197,7,2009,209
7/29/2009,16.91724174,16.608,17.109,0.107908558,16.759,17.0396,7,2009,210
7/30/2009,16.90241739,16.401,17.294,0.178436658,16.6476,17.1166,7,2009,211
7/31/2009,16.95403304,16.554,17.368,0.165599367,16.7324,17.1756,7,2009,212
8/1/2009,17.00077043,16.602,17.614,0.228217566,16.7264,17.335,8,2009,213
8/2/2009,17.1634313,16.736,17.336,0.12471845,16.966,17.284,8,2009,214
8/3/2009,18.05874261,17.559,18.416,0.176432148,17.8098,18.3036,8,2009,215
8/4/2009,18.46918261,17.891,19.067,0.317744791,18.0204,18.9002,8,2009,216
8/5/2009,18.65366609,18.071,19.181,0.281872169,18.2742,19.0532,8,2009,217
8/6/2009,18.80293391,18.317,19.474,0.301834979,18.4798,19.3122,8,2009,218
8/7/2009,18.64915826,18.395,19.011,0.131736583,18.507,18.8322,8,2009,219
8/8/2009,18.29243304,17.903,18.665,0.164341189,18.033,18.512,8,2009,220
8/9/2009,17.94118609,17.662,18.206,0.158032078,17.723,18.1402,8,2009,221
8/10/2009,18.21442957,17.855,18.829,0.26723335,17.9294,18.6768,8,2009,222
8/11/2009,18.21402435,17.946,18.787,0.230858033,18.0004,18.616,8,2009,223
8/12/2009,18.39076522,18.275,18.595,0.080095058,18.3134,18.5296,8,2009,224
8/13/2009,18.28156174,18.051,18.475,0.077248722,18.184,18.3798,8,2009,225
8/14/2009,18.29601913,18.038,18.565,0.124141153,18.1322,18.456,8,2009,226
8/15/2009,18.63071826,18.372,19.219,0.131963359,18.488,18.758,8,2009,227
8/16/2009,19.27702261,18.778,19.99,0.28309074,18.9522,19.7112,8,2009,228
8/17/2009,20.26748,19.764,21.017,0.301357618,19.901,20.684,8,2009,229
8/18/2009,20.59324,20.147,20.885,0.149700275,20.3848,20.783,8,2009,230
8/19/2009,20.59174261,20.292,20.812,0.083495184,20.486,20.694,8,2009,231
8/20/2009,20.32730435,19.876,20.539,0.122900896,20.18,20.4756,8,2009,232
8/21/2009,19.62382609,19.286,20.09,0.185953736,19.378,19.894,8,2009,233
8/22/2009,19.32030261,19.117,19.948,0.149860559,19.19,19.5002,8,2009,234
8/23/2009,19.13370609,18.671,19.781,0.218919318,18.8948,19.4458,8,2009,235
8/24/2009,19.17405565,18.318,19.704,0.31637632,18.693,19.5302,8,2009,236
8/25/2009,19.26653217,18.236,20.036,0.45532029,18.623,19.8472,8,2009,237
8/26/2009,19.16828174,18.173,19.856,0.433584489,18.5552,19.6942,8,2009,238
8/27/2009,18.70642957,18.171,19.431,0.235861993,18.457,19.0738,8,2009,239
8/28/2009,18.37554087,17.503,18.772,0.213295826,18.0724,18.601,8,2009,240
8/29/2009,16.42953565,15.715,17.4,0.348463299,15.9914,16.92,8,2009,241
8/30/2009,16.32258957,15.592,16.781,0.264684143,15.954,16.637,8,2009,242
8/31/2009,16.24646609,15.554,16.545,0.175545914,15.9964,16.4466,8,2009,243
9/1/2009,16.18720174,15.599,16.48,0.149725746,15.971,16.3636,9,2009,244
9/2/2009,15.9920087,15.647,16.415,0.183008763,15.768,16.276,9,2009,245
9/3/2009,16.3445113,15.927,16.686,0.150508081,16.132,16.5206,9,2009,246
9/4/2009,16.44365043,16.195,16.708,0.123064179,16.265,16.594,9,2009,247
9/5/2009,16.7417513,16.15,17.355,0.353669543,16.2464,17.2442,9,2009,248
9/6/2009,16.67041739,16.347,17.001,0.18838356,16.427,16.9456,9,2009,249
9/7/2009,16.38856,16.052,16.996,0.208655835,16.17,16.7208,9,2009,250
9/8/2009,16.03249217,15.453,16.475,0.215224434,15.7632,16.3392,9,2009,251
9/9/2009,16.32855304,15.594,17.014,0.323623168,15.8804,16.741,9,2009,252
9/10/2009,16.21398783,15.527,17.064,0.347736316,15.7454,16.658,9,2009,253
9/11/2009,16.28415652,15.565,16.943,0.335955022,15.8124,16.6964,9,2009,254
9/12/2009,16.12308,15.661,16.349,0.161360453,15.8918,16.316,9,2009,255
9/13/2009,15.90261913,15.549,16.104,0.117819383,15.7208,16.034,9,2009,256
9/14/2009,15.80478087,15.307,16.043,0.135606602,15.603,15.977,9,2009,257
9/15/2009,15.55895304,14.797,15.975,0.267323656,15.171,15.8786,9,2009,258
9/16/2009,15.33755478,14.341,15.974,0.382854654,14.7844,15.8034,9,2009,259
9/17/2009,14.88889565,14.155,15.619,0.363038171,14.4322,15.4106,9,2009,260
9/18/2009,14.44111478,14.057,14.969,0.164789468,14.2672,14.6912,9,2009,261
9/19/2009,14.47486783,14.096,15.062,0.210183775,14.214,14.7874,9,2009,262
9/20/2009,14.44471478,14.03,15.189,0.246643924,14.1344,14.7958,9,2009,263
9/21/2009,14.51998261,14.15,15.247,0.247189272,14.221,14.8378,9,2009,264
9/22/2009,14.82009391,14.477,15.481,0.196330239,14.5834,15.0912,9,2009,265
9/23/2009,15.12585391,14.638,15.553,0.194635162,14.8136,15.3332,9,2009,266
9/24/2009,14.9890313,14.508,15.529,0.215124077,14.693,15.275,9,2009,267
9/25/2009,14.63584522,14.216,15.364,0.280874733,14.3104,15.065,9,2009,268
9/26/2009,14.4099913,13.974,15.109,0.252919114,14.0964,14.7572,9,2009,269
9/27/2009,14.51171652,14.005,15.248,0.29434415,14.1108,14.915,9,2009,270
9/28/2009,14.29139826,13.921,14.75,0.202524597,14.0198,14.58,9,2009,271
9/29/2009,14.04244348,13.706,14.431,0.202859325,13.7852,14.3512,9,2009,272
9/30/2009,14.00192696,13.654,14.463,0.234076385,13.707,14.3806,9,2009,273
10/1/2009,13.89793043,13.6,14.195,0.163887716,13.701,14.151,10,2009,274
10/2/2009,14.09066261,13.764,14.392,0.136192568,13.9018,14.2696,10,2009,275
10/3/2009,12.87572522,12.779,12.995,0.054734465,12.8014,12.9482,10,2009,276
10/4/2009,13.18883304,12.857,13.388,0.113339642,13.0328,13.321,10,2009,277
10/5/2009,13.1958313,12.72,13.741,0.190848968,12.9498,13.4146,10,2009,278
10/6/2009,13.11777739,12.689,13.711,0.200156513,12.8768,13.388,10,2009,279
10/7/2009,12.81002609,12.462,13.099,0.155361434,12.5954,13.013,10,2009,280
10/8/2009,12.40765913,12.081,12.741,0.154174,12.179,12.6026,10,2009,281
10/9/2009,12.49771478,12.29,12.772,0.082833459,12.3714,12.5856,10,2009,282
10/10/2009,12.4681113,12.311,12.844,0.105932239,12.354,12.605,10,2009,283
10/11/2009,12.44428522,12.224,12.903,0.137039067,12.288,12.604,10,2009,284
10/12/2009,12.48593217,12.305,12.894,0.099910922,12.405,12.6202,10,2009,285
10/13/2009,12.21657391,11.975,12.38,0.114385669,12.0374,12.349,10,2009,286
10/14/2009,11.61833739,11.381,11.898,0.106539964,11.467,11.7546,10,2009,287
10/15/2009,11.43797565,10.984,11.859,0.213628555,11.1588,11.75,10,2009,288
10/16/2009,11.29849565,10.999,11.551,0.134692085,11.1094,11.4756,10,2009,289
10/17/2009,10.84727304,10.683,11.079,0.099333512,10.735,11.0026,10,2009,290
10/18/2009,10.60481913,10.429,11.007,0.131435131,10.459,10.806,10,2009,291
10/19/2009,10.0976487,9.925,10.501,0.124541046,9.9574,10.286,10,2009,292
10/20/2009,9.96201913,9.573,10.398,0.19156024,9.6762,10.2292,10,2009,293
10/21/2009,10.00038957,9.752,10.369,0.140317489,9.8184,10.204,10,2009,294
10/22/2009,10.03586087,9.838,10.238,0.077433223,9.921,10.1266,10,2009,295
10/23/2009,10.1157287,10.017,10.259,0.057524812,10.0374,10.1946,10,2009,296
10/24/2009,10.28783478,10.197,10.385,0.040047996,10.234,10.343,10,2009,297
10/25/2009,10.39681391,10.269,10.576,0.079100068,10.2964,10.512,10,2009,298
10/26/2009,10.0145687,9.622,10.536,0.250284914,9.6702,10.3536,10,2009,299
10/27/2009,9.845486957,9.498,10.451,0.270770168,9.5174,10.243,10,2009,300
10/28/2009,9.516387826,9.348,9.985,0.166560567,9.356,9.7914,10,2009,301
10/29/2009,9.293349565,9.162,9.54,0.09953455,9.1704,9.4422,10,2009,302
10/30/2009,9.405506087,9.296,9.566,0.064773631,9.3228,9.4976,10,2009,303
10/31/2009,9.976177391,9.919,10.143,0.053073349,9.925,10.0616,10,2009,304
11/1/2009,10.34273739,10.247,10.444,0.045267639,10.278,10.401,11,2009,305
11/2/2009,10.11154435,9.931,10.324,0.104356286,9.9734,10.256,11,2009,306
11/3/2009,10.03834957,9.729,10.439,0.207130372,9.7594,10.3356,11,2009,307
11/4/2009,10.06483826,9.687,10.497,0.240948344,9.7394,10.4142,11,2009,308
11/5/2009,10.11522957,9.864,10.432,0.158660122,9.9164,10.345,11,2009,309
11/6/2009,9.688295652,9.574,9.928,0.072280784,9.613,9.793,11,2009,310
11/7/2009,9.163864348,8.969,9.406,0.121408957,9.0072,9.3426,11,2009,311
11/8/2009,9.340394783,9.126,9.772,0.176798362,9.18,9.6482,11,2009,312
11/9/2009,9.949008696,9.613,10.402,0.218548175,9.6912,10.2778,11,2009,313
11/10/2009,10.19493565,9.969,10.394,0.114419658,10.0364,10.3516,11,2009,314
11/11/2009,10.33735478,10.184,10.498,0.078555731,10.232,10.447,11,2009,315
11/12/2009,9.906203478,9.794,9.981,0.047850325,9.835,9.965,11,2009,316
11/13/2009,10.02782435,9.905,10.108,0.048944277,9.9574,10.087,11,2009,317
11/14/2009,10.07330609,9.955,10.153,0.050011046,9.9984,10.1356,11,2009,318
11/15/2009,9.43124,9.241,9.644,0.099373095,9.296,9.566,11,2009,319
11/16/2009,9.18854087,8.783,9.691,0.239791979,8.885,9.5526,11,2009,320
11/17/2009,9.169906087,8.769,9.684,0.243267675,8.8594,9.546,11,2009,321
11/18/2009,9.229904348,8.89,9.607,0.197958464,8.974,9.5172,11,2009,322
11/19/2009,9.30085913,9.006,9.662,0.176351988,9.081,9.5676,11,2009,323
11/20/2009,9.314857391,9.014,9.693,0.176044015,9.084,9.565,11,2009,324
11/21/2009,9.25426087,8.921,9.632,0.185859014,9.007,9.5172,11,2009,325
11/22/2009,9.161613913,8.846,9.559,0.181378578,8.923,9.4096,11,2009,326
11/23/2009,9.185641739,8.927,9.565,0.1512772,8.995,9.399,11,2009,327
11/24/2009,8.900469565,8.569,9.285,0.176340862,8.661,9.1384,11,2009,328
11/25/2009,8.351664348,8.157,8.809,0.160381341,8.181,8.608,11,2009,329
11/26/2009,8.172293913,8.036,8.416,0.085423411,8.0684,8.3012,11,2009,330
11/27/2009,8.959996522,8.61,9.374,0.190109019,8.7108,9.2366,11,2009,331
11/28/2009,9.193389565,8.804,9.775,0.245989989,8.9184,9.5614,11,2009,332
11/29/2009,9.140073043,8.733,9.788,0.262285157,8.8498,9.5338,11,2009,333
11/30/2009,8.78030087,8.448,9.269,0.182742755,8.5874,9.0506,11,2009,334
12/1/2009,8.73008,8.437,9.104,0.168146352,8.517,8.975,12,2009,335
12/2/2009,8.854953043,8.527,9.288,0.190187986,8.6432,9.1628,12,2009,336
12/3/2009,8.844568696,8.564,9.172,0.152710442,8.661,9.0776,12,2009,337
12/4/2009,8.947057391,8.732,9.142,0.104776343,8.799,9.0796,12,2009,338
12/5/2009,8.395474783,8.146,8.762,0.148542955,8.2034,8.6082,12,2009,339
12/6/2009,8.172184348,7.885,8.559,0.145057903,7.99,8.348,12,2009,340
12/7/2009,8.000867826,7.699,8.4,0.168637396,7.7974,8.2346,12,2009,341
12/8/2009,8.119410435,7.837,8.659,0.207639299,7.907,8.4586,12,2009,342
12/9/2009,8.234043478,7.922,8.764,0.186816862,8.0354,8.5436,12,2009,343
12/10/2009,8.169984348,7.622,8.791,0.313730051,7.7448,8.619,12,2009,344
12/11/2009,8.006029565,7.647,8.801,0.259932223,7.7154,8.3834,12,2009,345
12/12/2009,7.57150087,6.99,8.435,0.287776862,7.1812,7.9436,12,2009,346
12/13/2009,7.657535652,7.391,8.015,0.138059517,7.4794,7.839,12,2009,347
12/14/2009,7.630027826,7.519,7.78,0.059874747,7.549,7.7086,12,2009,348
12/15/2009,7.68892,7.486,7.895,0.125787875,7.506,7.845,12,2009,349
12/16/2009,7.604473043,7.304,8.102,0.198643138,7.3554,7.9262,12,2009,350
12/17/2009,7.541551304,7.124,8.146,0.226523569,7.2994,7.9286,12,2009,351
12/18/2009,7.53064,7.3,8.103,0.195777288,7.3164,7.8522,12,2009,352
12/19/2009,7.42842087,7.164,7.989,0.203014306,7.213,7.7152,12,2009,353
12/20/2009,7.46688,7.14,7.889,0.175909913,7.252,7.7106,12,2009,354
12/21/2009,7.231486957,6.928,7.52,0.157887887,7.019,7.4496,12,2009,355
12/22/2009,6.37909913,6.182,6.752,0.130794739,6.219,6.5736,12,2009,356
12/23/2009,6.121446957,5.956,6.385,0.107673611,5.9858,6.2776,12,2009,357
12/24/2009,5.906358261,5.692,6.434,0.171241553,5.7134,6.1402,12,2009,358
12/25/2009,5.8322,5.57,6.47,0.184987136,5.617,6.079,12,2009,359
12/26/2009,6.034523478,5.832,6.523,0.155276091,5.864,6.2492,12,2009,360
12/27/2009,5.847024348,5.648,6.353,0.153132743,5.67,6.0602,12,2009,361
12/28/2009,5.904213913,5.687,6.423,0.16056435,5.7174,6.1266,12,2009,362
12/29/2009,5.913902609,5.656,6.479,0.193829933,5.6974,6.2042,12,2009,363
12/30/2009,5.893012174,5.666,6.531,0.210050454,5.693,6.2334,12,2009,364
12/31/2009,5.867085217,5.585,6.563,0.235459573,5.6264,6.23,12,2009,365
1/1/2010,6.106556522,5.855,6.412,0.142955464,5.9204,6.3092,1,2010,1
1/2/2010,6.07621913,5.885,6.342,0.10266179,5.9394,6.2126,1,2010,2
1/3/2010,5.687801739,5.495,5.943,0.103432075,5.547,5.8206,1,2010,3
1/4/2010,5.772147826,5.542,6.023,0.109810753,5.6154,5.9116,1,2010,4
1/5/2010,4.913591304,4.787,5.272,0.089011245,4.822,5.0404,1,2010,5
1/6/2010,4.907045217,4.688,5.234,0.136064949,4.74,5.1016,1,2010,6
1/7/2010,4.745542609,4.369,5.637,0.316480715,4.4004,5.2338,1,2010,7
1/8/2010,4.630713043,4.173,5.652,0.355988504,4.236,5.1586,1,2010,8
1/9/2010,4.596617391,4.15,5.344,0.306205767,4.2368,5.0596,1,2010,9
1/10/2010,4.666803478,4.281,5.309,0.264551349,4.3554,5.0626,1,2010,10
1/11/2010,4.634365217,4.328,5.068,0.202455825,4.392,4.959,1,2010,11
1/12/2010,4.687253913,4.294,5.357,0.265179299,4.382,5.0916,1,2010,12
1/13/2010,4.728241739,4.33,5.546,0.310040633,4.401,5.1952,1,2010,13
1/14/2010,4.841486957,4.524,5.36,0.20639466,4.597,5.1606,1,2010,14
1/15/2010,4.8394,4.691,5.211,0.142401785,4.699,5.0666,1,2010,15
1/16/2010,4.729867826,4.56,5.084,0.118556695,4.6,4.9034,1,2010,16
1/17/2010,4.604551304,4.477,4.864,0.077499132,4.511,4.707,1,2010,17
1/18/2010,4.608481739,4.536,4.809,0.059361462,4.549,4.6986,1,2010,18
1/19/2010,4.784838261,4.705,4.968,0.057048973,4.718,4.868,1,2010,19
1/20/2010,4.640893913,4.555,4.868,0.057938519,4.574,4.715,1,2010,20
1/21/2010,4.451666087,4.344,4.873,0.101402292,4.357,4.5992,1,2010,21
1/22/2010,4.463657391,4.232,5.05,0.16589554,4.2664,4.6874,1,2010,22
1/23/2010,4.543231304,4.249,5.214,0.211724092,4.2974,4.855,1,2010,23
1/24/2010,4.74956,4.513,5.23,0.153462736,4.566,4.968,1,2010,24
1/25/2010,5.215281739,4.991,5.501,0.133823147,5.046,5.4136,1,2010,25
1/26/2010,4.991954783,4.86,5.404,0.117691832,4.882,5.1736,1,2010,26
1/27/2010,4.572653913,4.391,4.833,0.097568917,4.443,4.7026,1,2010,27
1/28/2010,4.340608696,4.128,4.769,0.125559049,4.1944,4.5102,1,2010,28
1/29/2010,4.375963478,4.083,4.818,0.112958367,4.2228,4.5,1,2010,29
1/30/2010,4.350222609,3.976,4.726,0.127204885,4.1738,4.488,1,2010,30
1/31/2010,4.28922087,4.161,4.523,0.072943142,4.209,4.3902,1,2010,31
2/1/2010,4.15333913,3.918,4.696,0.155339254,3.9824,4.3782,2,2010,32
2/2/2010,4.131398261,3.877,4.75,0.170129075,3.948,4.3616,2,2010,33
2/3/2010,4.189634783,4.027,4.578,0.118108579,4.062,4.3712,2,2010,34
2/4/2010,3.889716522,3.783,4.083,0.068521707,3.806,3.992,2,2010,35
2/5/2010,3.878433043,3.76,4.177,0.107809882,3.7694,4.0596,2,2010,36
2/6/2010,3.803615652,3.659,4.106,0.118947343,3.669,3.9946,2,2010,37
2/7/2010,3.618010435,3.434,4,0.15086323,3.448,3.8622,2,2010,38
2/8/2010,3.592970435,3.269,4.438,0.286896175,3.292,4.0582,2,2010,39
2/9/2010,3.61356,3.334,4.444,0.277487821,3.365,4.087,2,2010,40
2/10/2010,3.60598087,3.374,4.079,0.186072214,3.4144,3.908,2,2010,41
2/11/2010,3.503224348,3.366,3.834,0.100211206,3.392,3.6546,2,2010,42
2/12/2010,3.466511304,3.263,3.977,0.199687219,3.278,3.7802,2,2010,43
2/13/2010,3.415393043,3.147,4.053,0.245826747,3.1774,3.8336,2,2010,44
2/14/2010,3.38213913,3.031,3.925,0.23419523,3.119,3.7472,2,2010,45
2/15/2010,2.876885217,2.56,3.558,0.303445471,2.575,3.3902,2,2010,46
2/16/2010,2.792271304,2.371,3.566,0.356732363,2.466,3.4228,2,2010,47
2/17/2010,2.871081739,2.481,3.489,0.256470744,2.636,3.3038,2,2010,48
2/18/2010,3.08964,2.724,3.379,0.150084427,2.8928,3.2936,2,2010,49
2/19/2010,3.473186087,3.09,4.199,0.315279228,3.1198,3.9732,2,2010,50
2/20/2010,3.378293913,2.82,4.315,0.422445022,2.874,4.0218,2,2010,51
2/21/2010,3.397878261,2.877,4.237,0.390233562,2.9268,4.002,2,2010,52
2/22/2010,3.452111304,3.204,3.863,0.188365068,3.256,3.7596,2,2010,53
2/23/2010,3.385121739,3.26,3.534,0.063465723,3.3124,3.4796,2,2010,54
2/24/2010,3.47558087,3.352,3.578,0.04913336,3.4074,3.541,2,2010,55
2/25/2010,3.143318261,3.058,3.243,0.038197195,3.0954,3.196,2,2010,56
2/26/2010,2.927784348,2.879,3.034,0.034135854,2.886,2.9746,2,2010,57
2/27/2010,2.786926957,2.72,2.883,0.038939355,2.735,2.8396,2,2010,58
2/28/2010,3.055022609,2.994,3.191,0.044838361,3.003,3.125,2,2010,59
3/1/2010,3.666923478,3.499,3.864,0.091069494,3.5454,3.7926,3,2010,60
3/2/2010,3.757483478,3.585,3.952,0.096142693,3.629,3.8922,3,2010,61
3/3/2010,3.7806,3.612,3.97,0.094897634,3.6524,3.913,3,2010,62
3/4/2010,3.400354783,3.18,3.663,0.12465713,3.2354,3.578,3,2010,63
3/5/2010,3.402951304,3.217,3.616,0.082362108,3.295,3.5026,3,2010,64
3/6/2010,3.48290087,3.248,3.602,0.079935093,3.357,3.569,3,2010,65
3/7/2010,3.529436522,3.372,3.666,0.074447435,3.418,3.624,3,2010,66
3/8/2010,3.681307826,3.546,3.933,0.078353889,3.601,3.795,3,2010,67
3/9/2010,3.752506087,3.599,4.082,0.103774495,3.65,3.9286,3,2010,68
3/10/2010,3.761455652,3.604,3.998,0.104866354,3.643,3.9266,3,2010,69
3/11/2010,3.773368696,3.556,4.055,0.13859421,3.617,3.995,3,2010,70
3/12/2010,3.768104348,3.491,4.112,0.135646675,3.589,3.9696,3,2010,71
3/13/2010,3.876942609,3.577,4.289,0.167677272,3.6814,4.131,3,2010,72
3/14/2010,3.896953043,3.58,4.225,0.161925778,3.6682,4.1172,3,2010,73
3/15/2010,4.052606957,3.879,4.35,0.114026383,3.93,4.227,3,2010,74
3/16/2010,4.140514783,3.906,4.62,0.175885879,3.9484,4.4312,3,2010,75
3/17/2010,4.352253913,3.999,4.762,0.196516044,4.0854,4.62,3,2010,76
3/18/2010,4.387678261,4.042,4.87,0.208617456,4.1034,4.6752,3,2010,77
3/19/2010,4.720937391,4.315,5.429,0.241719839,4.4134,5.0878,3,2010,78
3/20/2010,4.924415652,4.436,5.805,0.333614619,4.5448,5.4854,3,2010,79
3/21/2010,5.160561739,4.72,5.759,0.293336767,4.831,5.6718,3,2010,80
3/22/2010,5.456601739,5.161,5.774,0.121968579,5.3494,5.6484,3,2010,81
3/23/2010,4.825398261,4.733,4.911,0.0538749,4.749,4.892,3,2010,82
3/24/2010,4.773321739,4.529,4.976,0.117718138,4.592,4.904,3,2010,83
3/25/2010,4.681222609,4.361,4.954,0.131889072,4.5,4.848,3,2010,84
3/26/2010,4.391071304,4.22,4.555,0.091770792,4.2524,4.504,3,2010,85
3/27/2010,4.17166087,3.821,4.36,0.132786793,3.9752,4.325,3,2010,86
3/28/2010,4.08078087,3.611,4.329,0.162531275,3.8184,4.2446,3,2010,87
3/29/2010,4.055488696,3.8,4.236,0.100761592,3.9114,4.1846,3,2010,88
3/30/2010,3.939389565,3.668,4.146,0.116320151,3.7724,4.0886,3,2010,89
3/31/2010,3.77276,3.657,4.189,0.087188559,3.69,3.8916,3,2010,90
4/1/2010,3.712822609,3.573,4.189,0.103494566,3.6118,3.8582,4,2010,91
4/2/2010,5.150846957,4.913,5.41,0.106190944,5.0134,5.2942,4,2010,92
4/3/2010,5.992457391,5.735,6.277,0.145100558,5.8024,6.2,4,2010,93
4/4/2010,6.12318087,5.832,6.42,0.133606912,5.9484,6.3086,4,2010,94
4/5/2010,6.196758261,6.009,6.376,0.072300782,6.1044,6.2966,4,2010,95
4/6/2010,6.18524,5.966,6.368,0.10705195,6.0274,6.3216,4,2010,96
4/7/2010,6.385052174,6.141,6.69,0.132366417,6.2,6.559,4,2010,97
4/8/2010,6.96637913,6.793,7.153,0.092718894,6.8374,7.0938,4,2010,98
4/9/2010,6.89025913,6.668,7.096,0.094890386,6.761,7.016,4,2010,99
4/10/2010,6.701653913,6.471,6.913,0.110529783,6.55,6.857,4,2010,100
4/11/2010,6.995255652,6.53,7.723,0.360655108,6.6144,7.6002,4,2010,101
4/12/2010,7.011888696,6.472,7.833,0.401638701,6.5922,7.6936,4,2010,102
4/13/2010,6.933250435,6.611,7.427,0.199510463,6.677,7.2166,4,2010,103
4/14/2010,6.76794087,6.273,7.301,0.261974684,6.4094,7.1126,4,2010,104
4/15/2010,6.738591304,6.375,7.213,0.226681448,6.435,7.0486,4,2010,105
4/16/2010,6.755132174,6.658,6.857,0.035740206,6.7084,6.8056,4,2010,106
4/17/2010,6.751128696,6.638,6.825,0.027396065,6.725,6.7896,4,2010,107
4/18/2010,6.785954783,6.51,7.267,0.203721418,6.5464,7.095,4,2010,108
4/19/2010,6.917972174,6.676,7.32,0.157268006,6.7364,7.1526,4,2010,109
4/20/2010,7.345594783,7.007,7.676,0.185787947,7.0714,7.566,4,2010,110
4/21/2010,7.481528696,7.181,7.939,0.176958396,7.257,7.7306,4,2010,111
4/22/2010,7.67766087,7.312,8.007,0.154581265,7.4594,7.8828,4,2010,112
4/23/2010,8.106125217,7.682,8.56,0.238720132,7.7774,8.4136,4,2010,113
4/24/2010,8.40381913,8.057,8.633,0.09997208,8.282,8.5358,4,2010,114
4/25/2010,8.372998261,7.94,8.681,0.139772444,8.215,8.578,4,2010,115
4/26/2010,8.287507826,7.931,8.433,0.100473719,8.1498,8.41,4,2010,116
4/27/2010,8.411886957,8.162,8.588,0.087505457,8.2904,8.5276,4,2010,117
4/28/2010,8.352412174,7.939,8.835,0.189236377,8.178,8.66,4,2010,118
4/29/2010,8.27094087,7.637,9.105,0.297916727,7.9562,8.7178,4,2010,119
4/30/2010,8.003267826,7.314,8.419,0.249870499,7.6456,8.26,4,2010,120
5/1/2010,7.90814087,7.518,8.649,0.29273394,7.585,8.3872,5,2010,121
5/2/2010,8.629843478,8.203,8.918,0.15480911,8.4158,8.84,5,2010,122
5/3/2010,9.252293913,8.893,9.429,0.087390861,9.135,9.3502,5,2010,123
5/4/2010,9.290886957,8.814,9.616,0.216171001,8.9364,9.5422,5,2010,124
5/5/2010,9.490368696,8.997,9.935,0.238829892,9.1224,9.7896,5,2010,125
5/6/2010,9.607241739,9.003,10.275,0.36767986,9.1044,10.1096,5,2010,126
5/7/2010,9.450706087,8.755,10.297,0.48318593,8.8054,10.0984,5,2010,127
5/8/2010,9.186633043,8.662,9.83,0.35011235,8.72,9.6652,5,2010,128
5/9/2010,8.691886957,7.921,9.49,0.38684828,8.0818,9.1596,5,2010,129
5/10/2010,8.22433913,7.502,8.867,0.370160481,7.6672,8.7406,5,2010,130
5/11/2010,7.12401913,6.894,7.536,0.160346319,6.9394,7.364,5,2010,131
5/12/2010,7.112273043,6.8,7.717,0.225742731,6.862,7.4536,5,2010,132
5/13/2010,7.127528696,6.898,7.459,0.134098599,6.953,7.3202,5,2010,133
5/14/2010,7.698956522,7.359,8.012,0.161394834,7.4888,7.906,5,2010,134
5/15/2010,8.282093913,8.057,8.572,0.118389019,8.135,8.4526,5,2010,135
5/16/2010,8.793441739,8.329,9.264,0.21968966,8.513,9.1172,5,2010,136
5/17/2010,9.051073043,8.607,9.899,0.263762263,8.8114,9.4486,5,2010,137
5/18/2010,9.089154783,8.603,10.076,0.276883657,8.859,9.5188,5,2010,138
5/19/2010,9.389688696,9.044,9.71,0.181001537,9.1324,9.624,5,2010,139
5/20/2010,9.974078261,9.56,10.237,0.118229251,9.837,10.1336,5,2010,140
5/21/2010,10.08358087,9.727,10.545,0.181690503,9.8542,10.339,5,2010,141
5/22/2010,10.12414783,9.794,10.425,0.151190643,9.923,10.3386,5,2010,142
5/23/2010,10.4251113,10.013,10.745,0.151682198,10.2318,10.641,5,2010,143
5/24/2010,10.53862435,10.364,10.862,0.120505547,10.411,10.7262,5,2010,144
5/25/2010,11.74700522,11.073,12.366,0.290186414,11.3598,12.1366,5,2010,145
5/26/2010,12.26996522,11.823,12.656,0.158263383,12.0524,12.4876,5,2010,146
5/27/2010,12.42195826,11.791,12.881,0.219367276,12.1796,12.7226,5,2010,147
5/28/2010,12.53908522,11.85,13.209,0.291060146,12.2374,13.0086,5,2010,148
5/29/2010,12.93629913,12.748,13.193,0.07851945,12.8404,13.046,5,2010,149
5/30/2010,13.07557739,12.766,13.523,0.185453791,12.838,13.344,5,2010,150
5/31/2010,13.37733565,13.116,13.917,0.213112835,13.1384,13.728,5,2010,151
6/1/2010,13.54421913,13.147,13.764,0.090814456,13.4314,13.6456,6,2010,152
6/2/2010,13.31723826,12.81,13.682,0.217557403,12.956,13.5196,6,2010,153
6/3/2010,13.00137739,12.607,13.244,0.154687361,12.746,13.1706,6,2010,154
6/4/2010,13.00901739,12.674,13.286,0.150752167,12.7658,13.1866,6,2010,155
6/5/2010,13.20220696,12.589,14.089,0.34728336,12.7244,13.6482,6,2010,156
6/6/2010,13.64822435,13.061,14.23,0.247908949,13.3194,13.981,6,2010,157
6/7/2010,13.69713565,13.032,14.06,0.193426104,13.42,13.9552,6,2010,158
6/8/2010,13.74526783,12.933,14.19,0.257300218,13.3712,14.0686,6,2010,159
6/9/2010,13.38978957,12.867,14.034,0.254443731,13.0744,13.7886,6,2010,160
6/10/2010,12.77801913,12.277,13.354,0.27406947,12.3812,13.1366,6,2010,161
6/11/2010,12.34676,11.949,12.997,0.183047864,12.092,12.5886,6,2010,162
6/12/2010,12.54869217,12.121,12.986,0.211782186,12.241,12.8256,6,2010,163
6/13/2010,13.76766261,13.258,14.13,0.199256075,13.5028,14.0378,6,2010,164
6/14/2010,13.85041391,13.402,14.56,0.243034351,13.547,14.214,6,2010,165
6/15/2010,13.90375304,13.494,14.728,0.253497957,13.6432,14.303,6,2010,166
6/16/2010,14.08481739,13.6,14.656,0.258973946,13.7164,14.4244,6,2010,167
6/17/2010,14.26696348,13.746,14.757,0.258103605,13.9274,14.6232,6,2010,168
6/18/2010,14.299,13.653,14.939,0.323252773,13.875,14.7546,6,2010,169
6/19/2010,14.43121217,13.752,14.843,0.230954821,14.105,14.704,6,2010,170
6/20/2010,14.54031478,14.006,14.884,0.19223019,14.2658,14.7836,6,2010,171
6/21/2010,14.52318957,14.089,15.265,0.275616137,14.2284,14.9484,6,2010,172
6/22/2010,14.71372174,14.21,15.485,0.300222048,14.3932,15.1944,6,2010,173
6/23/2010,15.26282783,14.704,15.681,0.179215995,14.9984,15.4436,6,2010,174
6/24/2010,15.86109739,15.253,16.158,0.156143989,15.63,16.0256,6,2010,175
6/25/2010,15.9413913,15.509,16.379,0.157853099,15.7634,16.1756,6,2010,176
6/26/2010,15.78117739,15.263,16.343,0.177074296,15.59,16.0292,6,2010,177
6/27/2010,15.39197043,14.769,15.693,0.168775042,15.1514,15.5796,6,2010,178
6/28/2010,15.26614261,14.65,15.694,0.198847219,14.9808,15.4866,6,2010,179
6/29/2010,14.68215826,13.876,15.543,0.340745265,14.2468,15.1376,6,2010,180
6/30/2010,14.25744348,13.584,14.883,0.232829228,13.9224,14.4996,6,2010,181
7/1/2010,14.22634261,13.58,15.15,0.266077461,13.9198,14.5816,7,2010,182
7/2/2010,14.17094261,13.588,14.877,0.251015773,13.8374,14.481,7,2010,183
7/3/2010,14.8768713,14.58,15.098,0.085146036,14.8,15.0192,7,2010,184
7/4/2010,14.97749043,14.616,15.274,0.119268588,14.8308,15.1386,7,2010,185
7/5/2010,16.80342435,16.286,17.185,0.1875583,16.5532,17.0446,7,2010,186
7/6/2010,19.06398957,18.017,19.905,0.405592671,18.5244,19.5988,7,2010,187
7/7/2010,19.2089113,18.279,19.931,0.347586303,18.7466,19.6604,7,2010,188
7/8/2010,19.26345739,18.471,19.958,0.313207907,18.8256,19.6652,7,2010,189
7/9/2010,18.97476,18.192,19.524,0.290002832,18.5678,19.3336,7,2010,190
7/10/2010,18.75154087,18.451,19.005,0.134297597,18.569,18.9316,7,2010,191
7/11/2010,18.7442487,18.533,19.095,0.090578411,18.632,18.8646,7,2010,192
7/12/2010,18.61190957,18.223,19.02,0.146445131,18.4048,18.7702,7,2010,193
7/13/2010,18.70336,18.516,19.049,0.113285804,18.5774,18.875,7,2010,194
7/14/2010,18.68419304,18.471,18.819,0.089252661,18.539,18.782,7,2010,195
7/15/2010,18.66117565,18.398,18.995,0.135810711,18.478,18.831,7,2010,196
7/16/2010,18.63464522,18.471,18.719,0.063828352,18.532,18.7,7,2010,197
7/17/2010,18.71035304,18.181,19.048,0.177073064,18.4634,18.938,7,2010,198
7/18/2010,18.46916348,17.861,18.89,0.208651029,18.1846,18.7166,7,2010,199
7/19/2010,18.5901513,18.208,18.992,0.114532924,18.4918,18.7426,7,2010,200
7/20/2010,18.64769565,18.208,18.909,0.120605714,18.5062,18.8026,7,2010,201
7/21/2010,18.71482435,18.219,19.155,0.177661362,18.4878,18.946,7,2010,202
7/22/2010,18.64187652,18.146,19.237,0.249523735,18.2884,18.961,7,2010,203
7/23/2010,18.62657565,18.182,19.185,0.258604229,18.3032,19.02,7,2010,204
7/24/2010,18.55141565,18.071,18.812,0.103798448,18.4304,18.6702,7,2010,205
7/25/2010,18.6051113,18.115,18.977,0.172938746,18.398,18.8514,7,2010,206
7/26/2010,18.51236696,17.972,18.954,0.234622425,18.208,18.8422,7,2010,207
7/27/2010,18.30130783,17.789,18.667,0.218286024,17.9924,18.5822,7,2010,208
7/28/2010,18.08815652,17.383,18.438,0.245839973,17.7214,18.365,7,2010,209
7/29/2010,17.90693391,17.034,18.517,0.426888343,17.2626,18.4316,7,2010,210
7/30/2010,17.03991652,16.621,17.425,0.158953711,16.8372,17.2806,7,2010,211
7/31/2010,17.35761739,17.006,17.625,0.150520814,17.1568,17.5556,7,2010,212
8/1/2010,17.28650261,16.997,17.636,0.11313445,17.143,17.426,8,2010,213
8/2/2010,17.19084522,16.939,17.586,0.113541587,17.059,17.348,8,2010,214
8/3/2010,17.32258261,17.072,17.722,0.115126758,17.2,17.4876,8,2010,215
8/4/2010,18.28446783,17.803,18.636,0.172735579,18.0434,18.5012,8,2010,216
8/5/2010,18.58003478,18.128,18.842,0.083488188,18.5074,18.6736,8,2010,217
8/6/2010,18.54528348,18.06,18.86,0.125839583,18.4118,18.7162,8,2010,218
8/7/2010,17.6538,17.167,18.084,0.195132484,17.4182,17.931,8,2010,219
8/8/2010,17.10035826,16.349,17.848,0.363809529,16.6048,17.6166,8,2010,220
8/9/2010,17.13998957,16.464,17.72,0.317932152,16.692,17.5662,8,2010,221
8/10/2010,17.44020348,16.94,18.001,0.224448752,17.1598,17.754,8,2010,222
8/11/2010,17.9683687,17.349,18.436,0.247474709,17.6354,18.2852,8,2010,223
8/12/2010,18.25766435,17.65,18.776,0.256976287,17.932,18.6268,8,2010,224
8/13/2010,18.42463652,17.794,18.871,0.232615949,18.103,18.7396,8,2010,225
8/14/2010,18.37360696,17.662,18.888,0.242433328,18.0348,18.6898,8,2010,226
8/15/2010,18.36196,17.631,18.851,0.252135624,18.0104,18.6876,8,2010,227
8/16/2010,18.37433913,17.645,18.918,0.275054562,17.992,18.7348,8,2010,228
8/17/2010,18.25956174,17.554,18.752,0.271811428,17.874,18.6126,8,2010,229
8/18/2010,18.35040348,17.617,18.788,0.259274183,17.986,18.68,8,2010,230
8/19/2010,18.59050435,17.826,19.158,0.237159922,18.3394,18.9376,8,2010,231
8/20/2010,18.58385391,17.805,19.255,0.290795897,18.2254,18.9958,8,2010,232
8/21/2010,18.41413565,17.789,19.033,0.261754631,18.0874,18.764,8,2010,233
8/22/2010,18.32950435,17.686,18.873,0.208599477,18.0672,18.6,8,2010,234
8/23/2010,17.98248174,17.32,18.535,0.246043846,17.6474,18.2916,8,2010,235
8/24/2010,16.14364174,15.475,16.743,0.290086639,15.7624,16.5428,8,2010,236
8/25/2010,16.41524348,15.939,16.797,0.171964079,16.1948,16.6546,8,2010,237
8/26/2010,16.43752522,16.059,16.826,0.190624452,16.156,16.6696,8,2010,238
8/27/2010,16.50873217,15.948,16.961,0.263834875,16.1164,16.8366,8,2010,239
8/28/2010,16.66824522,16.169,17.227,0.198661121,16.447,16.943,8,2010,240
8/29/2010,17.02775478,16.387,17.563,0.23064123,16.7072,17.3068,8,2010,241
8/30/2010,18.12546261,17.422,18.416,0.224746582,17.7888,18.3536,8,2010,242
8/31/2010,19.18903304,18.895,19.606,0.147838152,19.0354,19.419,8,2010,243
9/1/2010,19.75307826,19.181,20.258,0.255901568,19.4454,20.0836,9,2010,244
9/2/2010,19.86850957,19.583,20.154,0.151113035,19.6722,20.0856,9,2010,245
9/3/2010,18.79850087,18.448,18.993,0.097683123,18.6584,18.902,9,2010,246
9/4/2010,17.86716,17.428,18.487,0.242060001,17.5548,18.2194,9,2010,247
9/5/2010,17.02183652,16.634,17.655,0.241602218,16.805,17.4424,9,2010,248
9/6/2010,16.44526957,16.064,17.225,0.256392492,16.1714,16.8296,9,2010,249
9/7/2010,15.83061217,15.452,16.406,0.242027393,15.5802,16.2084,9,2010,250
9/8/2010,15.42087304,14.966,15.764,0.19198725,15.1424,15.6516,9,2010,251
9/9/2010,15.31091826,14.889,15.734,0.190420473,15.0478,15.5592,9,2010,252
9/10/2010,14.9194487,14.632,15.229,0.136015514,14.731,15.101,9,2010,253
9/11/2010,14.75744174,14.53,15.036,0.123875709,14.6154,14.9396,9,2010,254
9/12/2010,14.83790957,14.436,15.42,0.201621456,14.6148,15.1362,9,2010,255
9/13/2010,14.94641913,14.68,15.215,0.130875915,14.7884,15.139,9,2010,256
9/14/2010,14.79519826,14.276,15.298,0.224225657,14.4948,15.1006,9,2010,257
9/15/2010,14.64096,14.179,15.354,0.225535839,14.4012,14.975,9,2010,258
9/16/2010,14.59973913,14.199,15.408,0.24050099,14.407,14.9786,9,2010,259
9/17/2010,14.78829043,14.389,15.194,0.167114028,14.572,15.0146,9,2010,260
9/18/2010,14.7782487,14.494,14.953,0.103306245,14.636,14.9,9,2010,261
9/19/2010,14.81556522,14.493,15.093,0.149015873,14.5994,15.002,9,2010,262
9/20/2010,14.78660522,14.557,14.938,0.069423351,14.6902,14.871,9,2010,263
9/21/2010,14.78568174,14.384,15.042,0.116917276,14.6488,14.9244,9,2010,264
9/22/2010,14.69886609,14.304,15.016,0.183131589,14.4678,14.9266,9,2010,265
9/23/2010,14.7891687,14.378,15.146,0.223716286,14.494,15.0934,9,2010,266
9/24/2010,14.7048,14.402,14.977,0.157279329,14.5084,14.9266,9,2010,267
9/25/2010,14.56629565,14.228,14.856,0.145687459,14.3544,14.748,9,2010,268
9/26/2010,14.77814087,14.149,15.283,0.284289069,14.3822,15.1446,9,2010,269
9/27/2010,14.84399304,14.217,15.437,0.277800175,14.4748,15.2136,9,2010,270
9/28/2010,14.99629739,14.453,15.52,0.230462163,14.6994,15.309,9,2010,271
9/29/2010,15.12272522,14.591,15.62,0.220129478,14.838,15.42,9,2010,272
9/30/2010,14.95902261,14.461,15.446,0.211107164,14.6812,15.2476,9,2010,273
10/1/2010,14.1847113,13.896,14.485,0.131659378,14.0164,14.3682,10,2010,274
10/2/2010,14.22185913,13.866,14.431,0.114596258,14.063,14.362,10,2010,275
10/3/2010,14.20250609,13.842,14.437,0.111709723,14.0588,14.3402,10,2010,276
10/4/2010,14.24410087,13.876,14.479,0.131009815,14.064,14.4172,10,2010,277
10/5/2010,14.06844522,13.748,14.394,0.15322869,13.8654,14.276,10,2010,278
10/6/2010,13.60045739,13.404,13.712,0.075033961,13.4898,13.6936,10,2010,279
10/7/2010,13.64696174,13.419,13.846,0.11230815,13.5044,13.814,10,2010,280
10/8/2010,13.58377043,13.288,13.797,0.136074954,13.3788,13.75,10,2010,281
10/9/2010,13.19541913,12.949,13.412,0.126720961,13.0234,13.341,10,2010,282
10/10/2010,13.06018957,12.746,13.292,0.157356031,12.8164,13.241,10,2010,283
10/11/2010,12.88262609,12.512,13.145,0.160030456,12.6318,13.0896,10,2010,284
10/12/2010,12.65294957,12.255,13.018,0.152278168,12.411,12.8366,10,2010,285
10/13/2010,12.49235826,12.05,12.808,0.178613583,12.228,12.7046,10,2010,286
10/14/2010,12.42149043,11.949,12.735,0.194037703,12.1476,12.666,10,2010,287
10/15/2010,12.38435304,11.987,12.677,0.16605176,12.1544,12.5936,10,2010,288
10/16/2010,12.09543652,11.807,12.287,0.122562445,11.9144,12.2356,10,2010,289
10/17/2010,12.11034261,11.792,12.38,0.168429906,11.87,12.307,10,2010,290
10/18/2010,11.94715304,11.597,12.149,0.162929959,11.7028,12.1156,10,2010,291
10/19/2010,11.80621739,11.41,12,0.153744425,11.568,11.961,10,2010,292
10/20/2010,11.66316696,11.261,11.836,0.124221913,11.468,11.7836,10,2010,293
10/21/2010,11.62067478,11.153,11.782,0.13475889,11.4156,11.75,10,2010,294
10/22/2010,11.58258261,11.268,11.828,0.123978318,11.3934,11.741,10,2010,295
10/23/2010,11.09774261,10.832,11.23,0.081639728,10.9778,11.1886,10,2010,296
10/24/2010,11.00050609,10.841,11.168,0.076196081,10.913,11.1168,10,2010,297
10/25/2010,11.06798087,10.932,11.194,0.063507397,10.987,11.157,10,2010,298
10/26/2010,11.49761913,11.403,11.616,0.056697277,11.4254,11.577,10,2010,299
10/27/2010,11.48285565,11.05,11.754,0.178373463,11.2298,11.721,10,2010,300
10/28/2010,11.43226783,10.897,11.649,0.169611242,11.2102,11.626,10,2010,301
10/29/2010,11.24865913,10.808,11.631,0.234258699,10.952,11.53,10,2010,302
10/30/2010,10.67530609,10.424,10.806,0.091092691,10.544,10.7796,10,2010,303
10/31/2010,10.50642783,10.265,10.676,0.090041229,10.3844,10.6326,10,2010,304
11/1/2010,10.40104174,10.224,10.543,0.093122012,10.262,10.507,11,2010,305
11/2/2010,10.09487478,9.617,10.557,0.280831434,9.7178,10.4846,11,2010,306
11/3/2010,9.989862609,9.536,10.587,0.319064427,9.5938,10.479,11,2010,307
11/4/2010,9.894855652,9.593,10.425,0.225397972,9.653,10.2692,11,2010,308
11/5/2010,10.05758609,9.763,10.48,0.182429746,9.8434,10.3312,11,2010,309
11/6/2010,10.14853217,9.883,10.543,0.161530826,9.9458,10.3726,11,2010,310
11/7/2010,9.948361739,9.68,10.377,0.180548452,9.7264,10.209,11,2010,311
11/8/2010,9.548624348,9.306,9.956,0.131419328,9.4102,9.7432,11,2010,312
11/9/2010,9.532714783,9.293,9.961,0.164047314,9.349,9.7726,11,2010,313
11/10/2010,9.613024348,9.446,10.027,0.131170897,9.4674,9.798,11,2010,314
11/11/2010,9.684645217,9.482,10.152,0.141253076,9.522,9.8812,11,2010,315
11/12/2010,9.783596522,9.469,10.154,0.193554422,9.546,10.0676,11,2010,316
11/13/2010,9.615325217,9.355,10.035,0.189032776,9.4,9.912,11,2010,317
11/14/2010,9.557024348,9.356,9.983,0.154440068,9.382,9.7946,11,2010,318
11/15/2010,9.571514783,9.389,9.872,0.108215085,9.437,9.7246,11,2010,319
11/16/2010,9.406194783,9.202,9.682,0.122262514,9.2444,9.5718,11,2010,320
11/17/2010,9.197532174,8.836,9.703,0.22382871,8.8904,9.511,11,2010,321
11/18/2010,9.112241739,8.684,9.663,0.267049081,8.746,9.5068,11,2010,322
11/19/2010,9.155067826,8.826,9.754,0.241398006,8.8834,9.5598,11,2010,323
11/20/2010,9.242001739,8.646,9.7,0.186912243,9.0558,9.5352,11,2010,324
11/21/2010,9.091361739,8.9,9.243,0.082105044,8.9848,9.2026,11,2010,325
11/22/2010,8.87037913,8.759,9.004,0.059485649,8.793,8.9546,11,2010,326
11/23/2010,8.800650435,8.517,9.174,0.165514364,8.6078,9.0492,11,2010,327
11/24/2010,8.96208,8.499,9.342,0.222571667,8.7162,9.298,11,2010,328
11/25/2010,9.13132,8.691,9.71,0.242621022,8.834,9.4832,11,2010,329
11/26/2010,8.680038261,8.339,9.115,0.211629735,8.4108,9.0192,11,2010,330
11/27/2010,8.478966957,8.162,8.944,0.208509362,8.229,8.8252,11,2010,331
11/28/2010,8.393027826,8.003,8.932,0.234718319,8.1108,8.7832,11,2010,332
11/29/2010,8.34589913,7.823,8.973,0.264962867,8.0274,8.753,11,2010,333
11/30/2010,8.400516522,8.14,8.811,0.17950497,8.1948,8.6944,11,2010,334
12/1/2010,8.351467826,8.17,8.647,0.129131049,8.1974,8.545,12,2010,335
12/2/2010,7.860702609,7.361,8.791,0.376520477,7.4058,8.4064,12,2010,336
12/3/2010,7.729989565,7.186,8.607,0.385977365,7.2632,8.2802,12,2010,337
12/4/2010,7.906001739,7.533,8.347,0.221481443,7.6278,8.2272,12,2010,338
12/5/2010,8.110358261,7.808,8.422,0.164812575,7.894,8.3406,12,2010,339
12/6/2010,8.246158261,8.049,8.461,0.101657334,8.1034,8.383,12,2010,340
12/7/2010,8.183815652,7.952,8.414,0.118590168,8.0324,8.3548,12,2010,341
12/8/2010,7.958554783,7.658,8.502,0.21135544,7.719,8.2906,12,2010,342
12/9/2010,7.74394087,7.115,8.572,0.35862302,7.277,8.2432,12,2010,343
12/10/2010,7.713066087,7.114,8.45,0.35684401,7.237,8.212,12,2010,344
12/11/2010,7.72698087,7.354,8.166,0.226365576,7.4298,8.0456,12,2010,345
12/12/2010,7.612526957,7.363,7.993,0.186732911,7.391,7.8872,12,2010,346
12/13/2010,7.610707826,7.309,8.03,0.210670048,7.365,7.93,12,2010,347
12/14/2010,7.571046957,7.423,7.812,0.095209285,7.458,7.7116,12,2010,348
12/15/2010,7.636846957,7.498,7.805,0.071748818,7.54,7.736,12,2010,349
12/16/2010,7.73726087,7.479,8.007,0.132792369,7.5584,7.921,12,2010,350
12/17/2010,7.202424348,6.905,7.503,0.141706046,7.0074,7.3956,12,2010,351
12/18/2010,6.396822609,6.073,6.898,0.198193382,6.1554,6.6882,12,2010,352
12/19/2010,6.376615652,6.011,6.948,0.214182759,6.1138,6.6846,12,2010,353
12/20/2010,6.297855652,5.939,7.004,0.236997225,6.0194,6.6596,12,2010,354
12/21/2010,6.486076522,6.136,7.076,0.204721637,6.2324,6.794,12,2010,355
12/22/2010,5.659048696,5.329,6.178,0.187387368,5.4174,5.9186,12,2010,356
12/23/2010,5.720302609,5.347,6.165,0.214777753,5.452,6.0516,12,2010,357
12/24/2010,5.883558261,5.511,6.283,0.202411222,5.6114,6.159,12,2010,358
12/25/2010,5.960205217,5.57,6.308,0.207490497,5.673,6.2456,12,2010,359
12/26/2010,5.910697391,5.604,6.252,0.166971567,5.6894,6.1432,12,2010,360
12/27/2010,5.955273043,5.702,6.365,0.149069122,5.768,6.1678,12,2010,361
12/28/2010,5.578575652,5.103,6.248,0.28751091,5.23,6.0062,12,2010,362
12/29/2010,5.509972174,4.904,6.317,0.365013296,5.065,6.0546,12,2010,363
12/30/2010,5.778782609,5.225,6.472,0.314648434,5.3802,6.2574,12,2010,364
12/31/2010,5.824389565,5.367,6.429,0.25087723,5.502,6.1872,12,2010,365
1/1/2011,6.027116522,5.579,6.603,0.232750428,5.7234,6.344,1,2011,1
1/2/2011,5.347073043,4.919,5.877,0.210634875,5.056,5.6286,1,2011,2
1/3/2011,5.20673913,4.725,5.671,0.239709111,4.879,5.534,1,2011,3
1/4/2011,5.114273043,4.646,5.633,0.262397165,4.7632,5.4866,1,2011,4
1/5/2011,5.131554783,4.691,5.696,0.27008414,4.781,5.5084,1,2011,5
1/6/2011,5.157913043,4.753,5.764,0.255950342,4.8424,5.5514,1,2011,6
1/7/2011,4.802093913,4.403,5.524,0.250382227,4.5074,5.1556,1,2011,7
1/8/2011,4.88104,4.52,5.451,0.208148015,4.617,5.1602,1,2011,8
1/9/2011,4.91262087,4.47,5.651,0.261652419,4.594,5.2894,1,2011,9
1/10/2011,4.958245217,4.486,5.857,0.301458419,4.6084,5.398,1,2011,10
1/11/2011,5.10974087,4.613,6.06,0.362876421,4.7122,5.7048,1,2011,11
1/12/2011,5.125646957,4.752,5.843,0.276745821,4.8228,5.562,1,2011,12
1/13/2011,5.005744348,4.778,5.525,0.157833069,4.8314,5.2428,1,2011,13
1/14/2011,4.535321739,4.203,5.161,0.264334486,4.2544,4.9796,1,2011,14
1/15/2011,4.859716522,4.278,5.437,0.287735726,4.5188,5.3206,1,2011,15
1/16/2011,4.891046957,4.381,5.371,0.246019877,4.569,5.2292,1,2011,16
1/17/2011,4.555671304,4.154,4.979,0.210506982,4.2864,4.859,1,2011,17
1/18/2011,3.944229565,3.761,4.197,0.106627765,3.807,4.0906,1,2011,18
1/19/2011,4.065262609,3.898,4.264,0.096156878,3.937,4.198,1,2011,19
1/20/2011,3.631570435,3.34,4.107,0.186616093,3.395,3.901,1,2011,20
1/21/2011,3.504347826,2.99,4.07,0.276721266,3.1254,3.857,1,2011,21
1/22/2011,3.411467826,2.887,4.157,0.320144532,2.9926,3.816,1,2011,22
1/23/2011,3.39544,2.899,4.043,0.288920494,3.014,3.782,1,2011,23
1/24/2011,3.636243478,3.271,4.136,0.20658236,3.357,3.9202,1,2011,24
1/25/2011,3.695403478,3.517,4.098,0.129493481,3.5524,3.9042,1,2011,25
1/26/2011,3.467118261,3.32,3.871,0.131756268,3.337,3.6858,1,2011,26
1/27/2011,3.196643478,3.091,3.538,0.081763851,3.106,3.307,1,2011,27
1/28/2011,2.861466087,2.768,3.146,0.074417003,2.781,2.9616,1,2011,28
1/29/2011,3.063822609,2.896,3.487,0.11290863,2.927,3.2126,1,2011,29
1/30/2011,2.98125913,2.615,3.692,0.222438514,2.7208,3.2902,1,2011,30
1/31/2011,2.881773913,2.252,3.751,0.34537295,2.4314,3.3622,1,2011,31
2/1/2011,3.142568696,2.589,3.851,0.293288471,2.7608,3.553,2,2011,32
2/2/2011,3.833006957,3.286,4.423,0.284547841,3.455,4.2406,2,2011,33
2/3/2011,4.073544348,3.464,4.817,0.392080817,3.605,4.6542,2,2011,34
2/4/2011,3.712714783,3.002,4.676,0.508088992,3.1084,4.4612,2,2011,35
2/5/2011,3.357182609,2.997,3.775,0.179263961,3.1038,3.5706,2,2011,36
2/6/2011,3.587186087,3.323,4.028,0.135526545,3.4074,3.761,2,2011,37
2/7/2011,3.78014087,3.484,4.23,0.160422719,3.5684,3.9928,2,2011,38
2/8/2011,4.021401739,3.731,4.403,0.151709689,3.8172,4.2226,2,2011,39
2/9/2011,3.412081739,3.02,3.898,0.209360762,3.14,3.71,2,2011,40
2/10/2011,3.251768696,2.922,3.967,0.228049876,3.0154,3.578,2,2011,41
2/11/2011,3.251831304,2.93,3.988,0.235858683,3.012,3.6006,2,2011,42
2/12/2011,3.369375652,3.057,4.022,0.192851376,3.1528,3.644,2,2011,43
2/13/2011,3.646196522,3.371,4.316,0.191542086,3.451,3.9308,2,2011,44
2/14/2011,3.80086087,3.581,4.262,0.139398414,3.634,3.9956,2,2011,45
2/15/2011,3.766495652,3.355,4.566,0.254198,3.4592,4.111,2,2011,46
2/16/2011,3.719963478,3.255,4.573,0.286162189,3.34,4.083,2,2011,47
2/17/2011,3.724083478,3.459,4.193,0.153096278,3.52,3.922,2,2011,48
2/18/2011,3.721147826,3.526,4.106,0.129810546,3.5504,3.8996,2,2011,49
2/19/2011,3.663826087,3.473,4.14,0.109696387,3.519,3.7722,2,2011,50
2/20/2011,3.647125217,3.515,4.026,0.08078598,3.5614,3.7358,2,2011,51
2/21/2011,3.544530435,3.509,3.754,0.04662429,3.513,3.6066,2,2011,52
2/22/2011,3.593193043,3.407,3.788,0.110571587,3.438,3.731,2,2011,53
2/23/2011,3.626415652,3.358,3.964,0.173268908,3.3894,3.8362,2,2011,54
2/24/2011,3.549410435,3.234,3.874,0.181483785,3.2944,3.769,2,2011,55
2/25/2011,3.52636,3.256,3.791,0.157364656,3.3084,3.73,2,2011,56
2/26/2011,3.48222087,3.367,3.763,0.08543136,3.3854,3.609,2,2011,57
2/27/2011,3.47702087,3.386,3.666,0.062661189,3.4034,3.57,2,2011,58
2/28/2011,3.134166957,3.038,3.357,0.072674325,3.0504,3.24,2,2011,59
3/1/2011,3.018726957,2.903,3.302,0.092586189,2.9154,3.1618,3,2011,60
3/2/2011,2.941547826,2.854,3.15,0.068889909,2.864,3.0442,3,2011,61
3/3/2011,2.962448696,2.841,3.343,0.10061359,2.854,3.106,3,2011,62
3/4/2011,3.075987826,2.877,3.863,0.201733934,2.894,3.3596,3,2011,63
3/5/2011,3.149264348,2.942,3.731,0.175496607,2.97,3.3986,3,2011,64
3/6/2011,3.253267826,3.027,3.586,0.141028815,3.0774,3.4578,3,2011,65
3/7/2011,2.914765217,2.737,3.373,0.148274955,2.764,3.1462,3,2011,66
3/8/2011,2.79428,2.554,3.388,0.196743594,2.589,3.1026,3,2011,67
3/9/2011,2.808413913,2.542,3.419,0.19771754,2.589,3.1036,3,2011,68
3/10/2011,2.954726957,2.718,3.43,0.154172921,2.7674,3.1722,3,2011,69
3/11/2011,3.223316522,2.964,3.498,0.133470928,3.0412,3.406,3,2011,70
3/12/2011,2.725775652,2.513,2.97,0.11040068,2.574,2.8742,3,2011,71
3/13/2011,2.977173913,2.57,3.526,0.228753784,2.7044,3.3152,3,2011,72
3/14/2011,2.861521739,2.381,3.678,0.336284022,2.522,3.4194,3,2011,73
3/15/2011,3.1804,2.723,3.803,0.267383893,2.8668,3.5926,3,2011,74
3/16/2011,3.326634783,2.809,3.82,0.259838409,2.9932,3.6976,3,2011,75
3/17/2011,3.309406957,2.953,3.596,0.17501398,3.0624,3.5326,3,2011,76
3/18/2011,3.429366957,3.295,3.528,0.052379006,3.3704,3.506,3,2011,77
3/19/2011,3.763326957,3.162,4.513,0.353079298,3.2914,4.255,3,2011,78
3/20/2011,3.754314783,3.102,4.517,0.38526545,3.2236,4.274,3,2011,79
3/21/2011,3.812793043,3.254,4.57,0.327924665,3.39,4.271,3,2011,80
3/22/2011,3.379514783,2.94,3.739,0.174717421,3.1522,3.6136,3,2011,81
3/23/2011,3.394177391,2.827,3.832,0.23282625,3.0438,3.695,3,2011,82
3/24/2011,3.303062609,2.869,3.717,0.194864644,3.0524,3.6,3,2011,83
3/25/2011,3.206368696,2.502,3.669,0.318284162,2.732,3.584,3,2011,84
3/26/2011,3.223285217,2.261,3.732,0.39678338,2.6018,3.64,3,2011,85
3/27/2011,3.149457391,2.15,3.779,0.467764672,2.4544,3.7036,3,2011,86
3/28/2011,3.066406957,2.176,3.66,0.42705394,2.4154,3.5788,3,2011,87
3/29/2011,3.391634783,2.357,3.802,0.368484275,2.8074,3.76,3,2011,88
3/30/2011,3.465594783,2.224,3.874,0.384380928,2.812,3.7926,3,2011,89
3/31/2011,3.584968696,2.587,3.947,0.307713047,3.1108,3.894,3,2011,90
4/1/2011,3.749718261,3.088,3.998,0.188119172,3.4888,3.956,4,2011,91
4/2/2011,3.876721739,3.617,4.071,0.092959973,3.7474,4.0068,4,2011,92
4/3/2011,3.925052174,3.656,4.131,0.099519984,3.7622,4.0476,4,2011,93
4/4/2011,3.873453913,3.581,4.002,0.088366718,3.751,3.974,4,2011,94
4/5/2011,4.013151304,3.431,4.422,0.24236135,3.6642,4.3242,4,2011,95
4/6/2011,4.177702609,3.486,4.449,0.180994774,3.9194,4.3562,4,2011,96
4/7/2011,4.355064348,3.856,4.537,0.118972507,4.191,4.481,4,2011,97
4/8/2011,4.444467826,4.095,4.638,0.117237045,4.2618,4.586,4,2011,98
4/9/2011,4.595944348,4.31,4.885,0.113278097,4.4508,4.7504,4,2011,99
4/10/2011,4.662269565,4.346,4.88,0.098184169,4.54,4.793,4,2011,100
4/11/2011,4.676224348,4.405,4.83,0.089794908,4.5522,4.7856,4,2011,101
4/12/2011,4.617946087,4.455,4.736,0.067774572,4.5234,4.707,4,2011,102
4/13/2011,5.790613913,5.39,5.941,0.135679091,5.569,5.922,4,2011,103
4/14/2011,5.872728696,5.262,6.07,0.14857938,5.6742,6.036,4,2011,104
4/15/2011,5.871201739,5.156,6.102,0.174666754,5.6518,6.072,4,2011,105
4/16/2011,5.912810435,5.259,6.106,0.157719883,5.6886,6.081,4,2011,106
4/17/2011,5.900490435,5.535,6.055,0.133412682,5.684,6.039,4,2011,107
4/18/2011,5.253786087,5.093,5.393,0.072603341,5.156,5.3532,4,2011,108
4/19/2011,5.167681739,4.978,5.326,0.081819496,5.059,5.2806,4,2011,109
4/20/2011,5.270083478,5.043,5.439,0.104007856,5.1284,5.412,4,2011,110
4/21/2011,5.372831304,5.008,5.853,0.228865672,5.093,5.722,4,2011,111
4/22/2011,5.409504348,4.988,5.987,0.257419423,5.105,5.8146,4,2011,112
4/23/2011,5.397356522,5.075,5.789,0.193706169,5.1604,5.69,4,2011,113
4/24/2011,5.597507826,5.296,5.858,0.117510914,5.4078,5.719,4,2011,114
4/25/2011,5.695610435,5.392,6.263,0.179415518,5.4854,5.927,4,2011,115
4/26/2011,5.746311304,5.567,6.282,0.150448119,5.586,5.9776,4,2011,116
4/27/2011,5.85629913,5.666,6.171,0.127636178,5.699,6.0452,4,2011,117
4/28/2011,7.486041739,7.348,7.535,0.038774947,7.4294,7.529,4,2011,118
4/29/2011,8.120633043,7.651,8.383,0.189146789,7.8218,8.337,4,2011,119
4/30/2011,8.612128696,7.766,9.065,0.312823247,8.1508,8.9812,4,2011,120
5/1/2011,8.893782609,7.702,9.33,0.282845921,8.5142,9.1396,5,2011,121
5/2/2011,8.939314783,7.921,9.355,0.27891712,8.5404,9.2316,5,2011,122
5/3/2011,8.865966957,8.357,9.126,0.178244754,8.5838,9.067,5,2011,123
5/4/2011,8.752596522,8.414,8.952,0.140494438,8.5394,8.916,5,2011,124
5/5/2011,8.226629565,7.915,8.461,0.133807666,8.032,8.3942,5,2011,125
5/6/2011,8.314725217,8.031,8.488,0.101777329,8.1698,8.4438,5,2011,126
5/7/2011,8.435092174,8.209,8.6,0.07791877,8.336,8.546,5,2011,127
5/8/2011,8.463638261,8.238,8.669,0.094102461,8.3394,8.5956,5,2011,128
5/9/2011,8.54842087,8.354,8.758,0.090746096,8.4544,8.689,5,2011,129
5/10/2011,8.599676522,8.366,8.806,0.106631508,8.453,8.7482,5,2011,130
5/11/2011,8.569217391,8.331,8.719,0.099495853,8.42,8.694,5,2011,131
5/12/2011,8.634238261,8.218,9.016,0.21941476,8.3692,8.953,5,2011,132
5/13/2011,8.633533913,8.298,9.068,0.220641388,8.4004,8.9876,5,2011,133
5/14/2011,8.483909565,8.157,8.744,0.132780499,8.3088,8.668,5,2011,134
5/15/2011,8.406906087,8.197,8.642,0.084004261,8.309,8.5296,5,2011,135
5/16/2011,8.320683478,8.018,8.594,0.143361877,8.1198,8.5186,5,2011,136
5/17/2011,7.581758261,7.407,7.733,0.084709356,7.462,7.695,5,2011,137
5/18/2011,7.372725217,7.152,7.568,0.107880956,7.221,7.519,5,2011,138
5/19/2011,7.753488696,7.52,7.964,0.107146109,7.6084,7.9002,5,2011,139
5/20/2011,7.868194783,7.639,8.102,0.11432846,7.7138,8.0286,5,2011,140
5/21/2011,8.053168696,7.783,8.343,0.138779452,7.865,8.2476,5,2011,141
5/22/2011,8.040723478,7.746,8.35,0.147866199,7.8408,8.246,5,2011,142
5/23/2011,8.55725913,8.281,8.759,0.115896914,8.3958,8.713,5,2011,143
5/24/2011,8.919241739,8.76,9.072,0.077767089,8.812,9.025,5,2011,144
5/25/2011,9.268506087,9.155,9.357,0.044248383,9.206,9.3246,5,2011,145
5/26/2011,9.462829565,9.333,9.586,0.056154269,9.3844,9.5366,5,2011,146
5/27/2011,10.00505913,9.712,10.285,0.128204065,9.8244,10.174,5,2011,147
5/28/2011,10.94226783,10.651,11.232,0.127764406,10.7734,11.1156,5,2011,148
5/29/2011,12.18789913,12.028,12.341,0.071897989,12.086,12.2816,5,2011,149
5/30/2011,12.27954783,12.12,12.41,0.063279377,12.1874,12.36,5,2011,150
5/31/2011,12.41013043,12.27,12.556,0.057083306,12.336,12.489,5,2011,151
6/1/2011,12.30465217,12.031,12.49,0.09960018,12.161,12.4188,6,2011,152
6/2/2011,12.09349043,11.644,12.529,0.185898851,11.8244,12.3258,6,2011,153
6/3/2011,11.6235913,11.281,12.093,0.206046614,11.3898,11.9332,6,2011,154
6/4/2011,11.55409565,11.082,12.267,0.275135189,11.203,11.9636,6,2011,155
6/5/2011,11.4977287,11.101,12.065,0.193536587,11.2148,11.7076,6,2011,156
6/6/2011,11.98220522,11.536,12.588,0.244547095,11.7008,12.3838,6,2011,157
6/7/2011,12.87920696,12.189,13.353,0.319254468,12.3596,13.2196,6,2011,158
6/8/2011,13.64373217,13.414,13.851,0.081676049,13.5298,13.7392,6,2011,159
6/9/2011,13.71941565,13.416,13.939,0.110026522,13.575,13.8682,6,2011,160
6/10/2011,14.15956522,13.942,14.304,0.053394778,14.1,14.2266,6,2011,161
6/11/2011,14.59545391,14.184,14.846,0.143417136,14.3958,14.7746,6,2011,162
6/12/2011,13.25570783,12.769,13.656,0.219096382,12.9484,13.554,6,2011,163
6/13/2011,13.04465217,12.53,13.487,0.23902302,12.7064,13.3678,6,2011,164
6/14/2011,12.96292174,12.487,13.436,0.192670122,12.6974,13.2212,6,2011,165
6/15/2011,13.04559478,12.512,13.501,0.168197135,12.8354,13.24,6,2011,166
6/16/2011,13.01976348,12.324,13.44,0.188688246,12.7492,13.2496,6,2011,167
6/17/2011,13.33112174,12.684,13.849,0.231323369,13.0224,13.6368,6,2011,168
6/18/2011,14.11211652,13.652,14.386,0.128686389,13.946,14.2626,6,2011,169
6/19/2011,14.21122261,13.697,14.673,0.243421336,13.8514,14.5406,6,2011,170
6/20/2011,14.28047652,13.6,14.834,0.337537628,13.7004,14.629,6,2011,171
6/21/2011,14.24925913,13.589,14.634,0.271362527,13.818,14.539,6,2011,172
6/22/2011,13.99215304,13.631,14.287,0.132108079,13.7764,14.1286,6,2011,173
6/23/2011,13.8348313,13.323,14.345,0.225774357,13.5438,14.1456,6,2011,174
6/24/2011,13.74239304,13.224,14.2,0.219415462,13.4544,14.043,6,2011,175
6/25/2011,13.61381565,13.072,14.115,0.249380866,13.2828,13.965,6,2011,176
6/26/2011,13.64364522,13.152,14.112,0.233438215,13.3354,13.9716,6,2011,177
6/27/2011,14.20980174,13.581,14.691,0.252140293,13.8672,14.5398,6,2011,178
6/28/2011,14.44869391,13.818,14.999,0.275414462,14.0824,14.821,6,2011,179
6/29/2011,14.80722957,14.02,15.153,0.250507234,14.412,15.0612,6,2011,180
6/30/2011,14.96630087,13.981,15.438,0.266539035,14.5932,15.283,6,2011,181
7/1/2011,15.02496696,14.274,15.323,0.219200378,14.662,15.2162,7,2011,182
7/2/2011,15.51894957,14.659,16.02,0.332565001,14.9954,15.8756,7,2011,183
7/3/2011,16.20492522,15.278,16.586,0.295325226,15.7482,16.511,7,2011,184
7/4/2011,16.52852174,15.663,17.315,0.394022907,16.019,17.0656,7,2011,185
7/5/2011,17.17820348,16.513,17.638,0.207690818,16.917,17.4556,7,2011,186
7/6/2011,17.71848348,17.172,18.174,0.210373559,17.431,18.012,7,2011,187
7/7/2011,17.92825391,17.208,18.413,0.317701849,17.5058,18.3336,7,2011,188
7/8/2011,18.04037391,17.306,18.39,0.22993739,17.7004,18.294,7,2011,189
7/9/2011,17.62928522,17.169,17.863,0.137428291,17.4474,17.801,7,2011,190
7/10/2011,17.34828348,17.019,17.674,0.127058156,17.1802,17.5152,7,2011,191
7/11/2011,17.40271478,17.065,17.74,0.133313346,17.2234,17.5816,7,2011,192
7/12/2011,17.55219826,17.178,17.885,0.149450663,17.3604,17.757,7,2011,193
7/13/2011,18.25318435,18.058,18.315,0.043786154,18.1924,18.2986,7,2011,194
7/14/2011,17.3514,16.952,17.761,0.176537063,17.1444,17.6192,7,2011,195
7/15/2011,17.03222957,16.529,17.505,0.208653847,16.772,17.3404,7,2011,196
7/16/2011,16.87604522,16.403,17.286,0.169957767,16.685,17.0946,7,2011,197
7/17/2011,17.86846087,17.217,18.391,0.293465539,17.443,18.2226,7,2011,198
7/18/2011,17.69748522,17.572,17.847,0.06643812,17.608,17.7956,7,2011,199
7/19/2011,17.86237043,17.591,18.036,0.097761942,17.719,17.9736,7,2011,200
7/20/2011,17.89892522,17.585,18.1,0.110620296,17.738,18.02,7,2011,201
7/21/2011,17.72079826,17.381,17.974,0.125752804,17.5378,17.871,7,2011,202
7/22/2011,17.43661565,16.858,17.934,0.228990894,17.1348,17.7386,7,2011,203
7/23/2011,17.87442783,17.524,18.111,0.132421844,17.687,18.0386,7,2011,204
7/24/2011,17.78370783,17.502,18.117,0.148933789,17.599,18.007,7,2011,205
7/25/2011,17.71723478,17.455,18.289,0.212930389,17.5244,18.0606,7,2011,206
7/26/2011,17.71714609,17.561,18.036,0.137474557,17.578,17.9384,7,2011,207
7/27/2011,18.29378435,18.146,18.399,0.068066621,18.1914,18.3746,7,2011,208
7/28/2011,18.47046609,18.195,18.824,0.128239168,18.3194,18.6596,7,2011,209
7/29/2011,18.56994609,17.954,18.904,0.164466731,18.3906,18.7756,7,2011,210
7/30/2011,19.08502435,18.716,19.386,0.113190226,18.9584,19.221,7,2011,211
7/31/2011,19.14665565,18.827,19.652,0.172614916,18.9548,19.3816,7,2011,212
8/1/2011,19.20617739,18.853,19.561,0.128534882,19.038,19.3766,8,2011,213
8/2/2011,19.03393391,18.747,19.409,0.110180146,18.8938,19.1756,8,2011,214
8/3/2011,18.48164348,17.8,19.385,0.322215231,18.1192,18.918,8,2011,215
8/4/2011,18.57390435,17.538,19.332,0.367639712,18.0738,19.0364,8,2011,216
8/5/2011,18.90174435,17.74,19.582,0.386733757,18.3984,19.4282,8,2011,217
8/6/2011,18.93073739,17.906,19.435,0.289506156,18.6216,19.342,8,2011,218
8/7/2011,19.01425565,18.009,19.47,0.291926186,18.6242,19.3816,8,2011,219
8/8/2011,19.1615113,18.276,19.46,0.219402791,18.8262,19.391,8,2011,220
8/9/2011,19.17284348,18.427,19.553,0.189779241,18.9454,19.425,8,2011,221
8/10/2011,19.03385739,18.113,19.256,0.237579652,18.636,19.2296,8,2011,222
8/11/2011,18.22233043,17.327,18.593,0.332070532,17.6812,18.533,8,2011,223
8/12/2011,17.58766957,17.129,17.973,0.15279996,17.4042,17.783,8,2011,224
8/13/2011,18.04961739,17.425,18.441,0.183515695,17.8208,18.2942,8,2011,225
8/14/2011,18.00864174,17.323,18.373,0.236503096,17.6434,18.2678,8,2011,226
8/15/2011,17.91531478,17.229,18.413,0.235990278,17.615,18.2352,8,2011,227
8/16/2011,17.15870957,16.503,17.594,0.224043412,16.848,17.436,8,2011,228
8/17/2011,17.05089565,16.578,17.501,0.152089705,16.865,17.2534,8,2011,229
8/18/2011,17.43774957,16.92,18.04,0.273685124,17.062,17.85,8,2011,230
8/19/2011,17.69831478,17.039,18.69,0.473778613,17.15,18.4312,8,2011,231
8/20/2011,17.93275478,17.485,18.584,0.313950379,17.546,18.4166,8,2011,232
8/21/2011,17.73301391,17.227,18.542,0.262656212,17.3864,18.0818,8,2011,233
8/22/2011,17.38170609,17.109,17.779,0.113508395,17.2338,17.53,8,2011,234
8/23/2011,17.01072348,16.582,17.282,0.130141969,16.8498,17.1852,8,2011,235
8/24/2011,17.02402087,16.545,17.453,0.162874397,16.8304,17.2362,8,2011,236
8/25/2011,16.86291826,16.408,17.227,0.179039828,16.6034,17.112,8,2011,237
8/26/2011,16.83944348,16.383,17.416,0.237932097,16.5108,17.1822,8,2011,238
8/27/2011,17.00177565,16.78,17.429,0.173808989,16.836,17.3054,8,2011,239
8/28/2011,16.96802783,16.765,17.274,0.115863788,16.82,17.127,8,2011,240
8/29/2011,16.43537043,16.239,16.722,0.092005473,16.297,16.5346,8,2011,241
8/30/2011,16.47641913,15.842,17.298,0.422545163,15.9094,17.0318,8,2011,242
8/31/2011,16.66094435,15.903,17.596,0.527754543,15.9974,17.3946,8,2011,243
9/1/2011,16.81465043,16.329,17.368,0.292869109,16.4494,17.2276,9,2011,244
9/2/2011,17.53089217,17.147,18.083,0.250579201,17.2154,17.9012,9,2011,245
9/3/2011,17.74802957,17.135,18.214,0.297899348,17.3404,18.156,9,2011,246
9/4/2011,18.07096,17.418,18.439,0.209231005,17.7682,18.3056,9,2011,247
9/5/2011,18.18323652,17.64,18.461,0.133211314,18.0168,18.306,9,2011,248
9/6/2011,18.13173565,17.825,18.352,0.106128807,17.9844,18.265,9,2011,249
9/7/2011,16.7526313,16.642,16.839,0.048331857,16.687,16.819,9,2011,250
9/8/2011,16.83230783,16.688,16.947,0.075522876,16.7134,16.9276,9,2011,251
9/9/2011,16.85647826,16.622,17.125,0.127579841,16.679,17.0466,9,2011,252
9/10/2011,16.95079478,16.657,17.23,0.123424297,16.7644,17.1,9,2011,253
9/11/2011,16.81853739,16.512,17.101,0.099565878,16.6814,16.9466,9,2011,254
9/12/2011,16.90654261,16.548,17.174,0.180049571,16.6298,17.1266,9,2011,255
9/13/2011,17.16275652,16.797,17.515,0.210086932,16.859,17.4326,9,2011,256
9/14/2011,17.28608,17.094,17.494,0.103157202,17.144,17.436,9,2011,257
9/15/2011,17.00649913,16.737,17.308,0.116336303,16.871,17.1996,9,2011,258
9/16/2011,16.3249113,15.831,16.989,0.375270723,15.865,16.8906,9,2011,259
9/17/2011,15.77388,15.544,16.188,0.163308182,15.5884,16.0262,9,2011,260
9/18/2011,15.48006609,15.151,15.848,0.164449062,15.2324,15.694,9,2011,261
9/19/2011,15.35798957,15.036,15.784,0.170791088,15.1032,15.5836,9,2011,262
9/20/2011,15.36956348,15.042,15.811,0.192302505,15.0984,15.641,9,2011,263
9/21/2011,15.66586087,15.287,16.372,0.274033591,15.3384,16.0636,9,2011,264
9/22/2011,16.1546887,15.717,16.74,0.245045446,15.855,16.515,9,2011,265
9/23/2011,16.39290609,16.05,16.76,0.160228185,16.1918,16.6226,9,2011,266
9/24/2011,17.13107478,16.995,17.312,0.078567419,17.0304,17.2416,9,2011,267
9/25/2011,17.64797565,17.562,17.835,0.048736647,17.5924,17.7126,9,2011,268
9/26/2011,17.61854783,17.479,17.865,0.098632465,17.4974,17.7714,9,2011,269
9/27/2011,17.49438261,17.287,17.904,0.151379452,17.3134,17.7076,9,2011,270
9/28/2011,17.20708174,16.823,17.633,0.215848432,16.8864,17.476,9,2011,271
9/29/2011,16.99562783,16.766,17.37,0.148343186,16.8124,17.2116,9,2011,272
9/30/2011,16.95229739,16.734,17.308,0.134517217,16.7844,17.1462,9,2011,273
10/1/2011,16.79174087,16.479,16.991,0.103517209,16.652,16.922,10,2011,274
10/2/2011,16.67928348,16.236,16.928,0.149965006,16.4624,16.864,10,2011,275
10/3/2011,15.71383826,15.362,16.045,0.148291865,15.5204,15.9126,10,2011,276
10/4/2011,14.29693217,13.643,14.717,0.27570878,13.8894,14.6436,10,2011,277
10/5/2011,14.44925391,13.702,14.762,0.267259511,14.0388,14.725,10,2011,278
10/6/2011,14.4653287,13.801,14.788,0.247704151,14.0744,14.7346,10,2011,279
10/7/2011,14.2782887,13.642,14.713,0.301732154,13.841,14.6456,10,2011,280
10/8/2011,14.30750609,13.64,14.746,0.301039233,13.863,14.6592,10,2011,281
10/9/2011,14.85372174,14.217,15.407,0.261643058,14.5004,15.2044,10,2011,282
10/10/2011,15.09802435,14.419,15.866,0.298156624,14.725,15.5232,10,2011,283
10/11/2011,15.38882087,14.657,16.254,0.327492848,14.9728,15.846,10,2011,284
10/12/2011,15.38709739,14.654,16.178,0.343378984,14.9264,15.8622,10,2011,285
10/13/2011,14.8628887,14.328,15.414,0.248445049,14.5112,15.1948,10,2011,286
10/14/2011,14.31884,13.9,14.536,0.120143956,14.1854,14.472,10,2011,287
10/15/2011,14.31094783,13.876,14.601,0.169787428,14.0734,14.5246,10,2011,288
10/16/2011,14.23953217,13.834,14.463,0.145202941,14.0404,14.408,10,2011,289
10/17/2011,13.13362783,12.842,13.489,0.152210337,12.9584,13.3486,10,2011,290
10/18/2011,12.88122435,12.588,13.107,0.107770485,12.7164,13.0036,10,2011,291
10/19/2011,12.78645565,12.575,12.933,0.076579109,12.6718,12.876,10,2011,292
10/20/2011,12.63772,12.447,12.928,0.122285423,12.4894,12.8226,10,2011,293
10/21/2011,12.36368174,12.208,12.746,0.109991105,12.251,12.5012,10,2011,294
10/22/2011,12.38035652,12.277,12.62,0.082513413,12.292,12.5038,10,2011,295
10/23/2011,11.96714783,11.844,12.248,0.088432679,11.867,12.0956,10,2011,296
10/24/2011,11.6714,11.451,11.877,0.098561571,11.529,11.796,10,2011,297
10/25/2011,11.9210087,11.71,12.337,0.145009161,11.7464,12.144,10,2011,298
10/26/2011,11.87386435,11.558,12.374,0.182015944,11.628,12.1332,10,2011,299
10/27/2011,11.85740174,11.619,12.201,0.145703114,11.6672,12.0736,10,2011,300
10/28/2011,11.57708174,11.486,11.73,0.045503784,11.515,11.634,10,2011,301
10/29/2011,10.83722957,10.79,10.914,0.029500065,10.802,10.882,10,2011,302
10/30/2011,10.56145913,10.517,10.66,0.026745568,10.5334,10.5986,10,2011,303
10/31/2011,10.34634957,10.27,10.602,0.074302081,10.277,10.4602,10,2011,304
11/1/2011,10.34127652,10.258,10.665,0.090736543,10.266,10.484,11,2011,305
11/2/2011,10.37646783,10.214,10.799,0.12453513,10.251,10.5702,11,2011,306
11/3/2011,10.45955478,10.299,10.913,0.159708609,10.322,10.7244,11,2011,307
11/4/2011,10.07111304,9.945,10.395,0.098886269,9.9754,10.219,11,2011,308
11/5/2011,10.05379826,9.891,10.487,0.142169555,9.923,10.2996,11,2011,309
11/6/2011,10.3396087,9.999,10.89,0.231029113,10.0538,10.6792,11,2011,310
11/7/2011,10.3738713,10.093,10.825,0.206991005,10.12,10.6776,11,2011,311
11/8/2011,10.36072174,10.198,10.632,0.121496171,10.219,10.549,11,2011,312
11/9/2011,10.41588174,10.232,10.673,0.129131607,10.256,10.5958,11,2011,313
11/10/2011,10.45746087,10.212,10.863,0.186677025,10.232,10.717,11,2011,314
11/11/2011,10.39224696,10.155,10.75,0.155208048,10.1934,10.6216,11,2011,315
11/12/2011,10.35548696,10.131,10.775,0.177073538,10.165,10.6588,11,2011,316
11/13/2011,10.43853217,10.242,10.833,0.164095351,10.2818,10.7036,11,2011,317
11/14/2011,10.51294261,10.308,10.794,0.125900444,10.361,10.7026,11,2011,318
11/15/2011,10.05869217,9.964,10.382,0.098353736,9.9704,10.215,11,2011,319
11/16/2011,10.11248522,9.979,10.438,0.115806516,9.9944,10.2912,11,2011,320
11/17/2011,9.943111304,9.808,10.328,0.122490708,9.82,10.1246,11,2011,321
11/18/2011,10.06545739,9.839,10.374,0.122933388,9.91,10.2426,11,2011,322
11/19/2011,10.03978087,9.801,10.288,0.119667326,9.8774,10.2076,11,2011,323
11/20/2011,9.983650435,9.723,10.286,0.145039792,9.7988,10.204,11,2011,324
11/21/2011,9.719095652,9.57,10.049,0.107940038,9.619,9.8916,11,2011,325
11/22/2011,9.68846087,9.397,10.044,0.153453195,9.4698,9.9282,11,2011,326
11/23/2011,9.61006087,9.506,9.909,0.092470194,9.523,9.749,11,2011,327
11/24/2011,9.261982609,9.098,9.571,0.098924705,9.1494,9.4098,11,2011,328
11/25/2011,9.298349565,9.046,9.713,0.129638271,9.1214,9.457,11,2011,329
11/26/2011,9.55729913,9.294,10.121,0.213984632,9.3648,9.9122,11,2011,330
11/27/2011,9.663466087,9.473,10.01,0.137505154,9.507,9.871,11,2011,331
11/28/2011,9.34174087,9.238,9.563,0.08202849,9.249,9.4702,11,2011,332
11/29/2011,9.276241739,9.023,9.808,0.208208634,9.0474,9.603,11,2011,333
11/30/2011,9.501756522,8.954,10.125,0.312927082,9.0538,9.919,11,2011,334
12/1/2011,9.333589565,8.864,10.061,0.346794925,8.946,9.8644,12,2011,335
12/2/2011,9.024031304,8.781,9.486,0.155963631,8.8494,9.2544,12,2011,336
12/3/2011,8.981669565,8.845,9.284,0.079612424,8.8954,9.092,12,2011,337
12/4/2011,8.899791304,8.671,9.156,0.115869362,8.747,9.0602,12,2011,338
12/5/2011,8.626518261,8.462,8.97,0.118501632,8.4934,8.8056,12,2011,339
12/6/2011,8.605622609,8.452,8.928,0.10834497,8.484,8.775,12,2011,340
12/7/2011,8.372252174,8.14,8.78,0.145435645,8.1948,8.591,12,2011,341
12/8/2011,8.262935652,8.058,8.631,0.132190725,8.1024,8.4616,12,2011,342
12/9/2011,8.507789565,8.335,8.631,0.076118141,8.3964,8.605,12,2011,343
12/10/2011,8.536833043,8.122,9.058,0.226275202,8.2332,8.8744,12,2011,344
12/11/2011,8.481027826,8.018,9.104,0.258199115,8.1516,8.869,12,2011,345
12/12/2011,8.328064348,8,8.979,0.222069599,8.0984,8.6998,12,2011,346
12/13/2011,8.038572174,7.879,8.442,0.12657225,7.895,8.2392,12,2011,347
12/14/2011,8.292652174,8.238,8.448,0.049924585,8.243,8.3746,12,2011,348
12/15/2011,8.55884,8.367,9.001,0.152642561,8.3884,8.7856,12,2011,349
12/16/2011,8.549770435,8.326,9.023,0.173928175,8.352,8.8108,12,2011,350
12/17/2011,8.379808696,8.07,8.981,0.218141073,8.138,8.709,12,2011,351
12/18/2011,8.337737391,8.088,8.655,0.135702632,8.1494,8.5172,12,2011,352
12/19/2011,7.628732174,7.497,7.764,0.064437133,7.541,7.718,12,2011,353
12/20/2011,7.604930435,7.402,7.99,0.162064335,7.424,7.8594,12,2011,354
12/21/2011,7.596391304,7.367,7.972,0.167630156,7.398,7.8586,12,2011,355
12/22/2011,7.343311304,7.191,7.696,0.127755669,7.21,7.5416,12,2011,356
12/23/2011,7.249610435,7.065,7.736,0.131334034,7.11,7.4192,12,2011,357
12/24/2011,7.226107826,7.008,7.813,0.174479641,7.034,7.471,12,2011,358
12/25/2011,7.184692174,7.021,7.585,0.130770063,7.0304,7.377,12,2011,359
12/26/2011,7.251869565,7.114,7.625,0.098217185,7.145,7.3946,12,2011,360
12/27/2011,7.34590087,7.219,7.766,0.102707064,7.2384,7.4878,12,2011,361
12/28/2011,7.408513043,7.199,7.876,0.15791227,7.2354,7.658,12,2011,362
12/29/2011,7.409991304,7.217,7.93,0.164506415,7.2474,7.6692,12,2011,363
12/30/2011,7.343834783,7.173,7.852,0.158522266,7.191,7.589,12,2011,364
12/31/2011,7.522547826,7.412,7.728,0.082371158,7.4374,7.6522,12,2011,365
1/1/2012,7.449766957,7.278,7.691,0.105705781,7.3224,7.6082,1,2012,1
1/2/2012,7.226593043,7.042,7.71,0.150776439,7.077,7.4652,1,2012,2
1/3/2012,7.153846957,6.947,7.7,0.188099529,6.958,7.4536,1,2012,3
1/4/2012,7.192782609,7.021,7.588,0.134945155,7.048,7.408,1,2012,4
1/5/2012,6.971434783,6.853,7.176,0.057703274,6.908,7.05,1,2012,5
1/6/2012,6.928530435,6.789,7.173,0.071205073,6.854,7.0342,1,2012,6
1/7/2012,6.731290435,6.637,6.996,0.075567845,6.646,6.823,1,2012,7
1/8/2012,6.427568696,6.248,6.914,0.148630139,6.2754,6.6516,1,2012,8
1/9/2012,6.216655652,6.002,6.74,0.157562729,6.0494,6.4366,1,2012,9
1/10/2012,6.202008696,6.017,6.583,0.14845467,6.044,6.4266,1,2012,10
1/11/2012,6.576048696,6.315,6.8,0.112113592,6.417,6.719,1,2012,11
1/12/2012,6.815653913,6.519,6.992,0.103357033,6.663,6.9402,1,2012,12
1/13/2012,6.330193043,6.157,6.527,0.083511705,6.218,6.4452,1,2012,13
1/14/2012,6.08996,5.932,6.792,0.161268232,5.9654,6.2954,1,2012,14
1/15/2012,6.025433043,5.836,6.853,0.185634617,5.874,6.2604,1,2012,15
1/16/2012,5.970093913,5.812,6.594,0.134263334,5.843,6.1172,1,2012,16
1/17/2012,6.113309565,6.019,6.33,0.078112789,6.024,6.2286,1,2012,17
1/18/2012,6.122412174,5.927,6.591,0.162541709,5.96,6.3776,1,2012,18
1/19/2012,6.107102609,5.921,6.704,0.175861102,5.946,6.3744,1,2012,19
1/20/2012,6.2268,6.095,6.626,0.130024388,6.104,6.4338,1,2012,20
1/21/2012,6.263697391,6.174,6.412,0.052402977,6.2,6.339,1,2012,21
1/22/2012,5.967003478,5.76,6.315,0.117124342,5.8168,6.1312,1,2012,22
1/23/2012,6.133048696,5.951,6.384,0.094589712,6.0214,6.266,1,2012,23
1/24/2012,6.277149565,5.999,6.529,0.126526533,6.1104,6.4516,1,2012,24
1/25/2012,6.475375652,6.35,6.585,0.05770692,6.392,6.548,1,2012,25
1/26/2012,6.071507826,5.924,6.282,0.083340238,5.9624,6.189,1,2012,26
1/27/2012,5.621601739,5.463,5.889,0.095054411,5.494,5.75,1,2012,27
1/28/2012,5.518175652,5.247,6.049,0.17559536,5.299,5.771,1,2012,28
1/29/2012,5.552506087,5.249,6.273,0.214314984,5.3054,5.8656,1,2012,29
1/30/2012,5.505669565,5.303,6.062,0.164312745,5.348,5.7506,1,2012,30
1/31/2012,5.255977391,5.118,5.51,0.07411697,5.153,5.347,1,2012,31
2/1/2012,5.341591304,5.202,5.548,0.07767619,5.2398,5.4476,2,2012,32
2/2/2012,5.737415652,5.47,5.975,0.123154599,5.5638,5.897,2,2012,33
2/3/2012,5.812446957,5.503,6.072,0.141197727,5.6144,5.9952,2,2012,34
2/4/2012,5.692728696,5.445,5.917,0.114784298,5.527,5.839,2,2012,35
2/5/2012,5.28448,5.045,5.707,0.129429703,5.121,5.459,2,2012,36
2/6/2012,5.085168696,4.913,5.534,0.111606581,4.9634,5.2452,2,2012,37
2/7/2012,5.080584348,4.923,5.609,0.132106451,4.956,5.3044,2,2012,38
2/8/2012,5.020958261,4.765,5.573,0.187747806,4.8214,5.3146,2,2012,39
2/9/2012,4.969233043,4.631,5.484,0.215700418,4.709,5.2936,2,2012,40
2/10/2012,4.951542609,4.614,5.535,0.223856454,4.6934,5.3068,2,2012,41
2/11/2012,4.941756522,4.55,5.494,0.242086869,4.66,5.3128,2,2012,42
2/12/2012,4.780930435,4.419,5.415,0.25775944,4.4862,5.152,2,2012,43
2/13/2012,4.701318261,4.285,5.489,0.29813839,4.3664,5.1336,2,2012,44
2/14/2012,4.759803478,4.211,5.808,0.396363893,4.293,5.3564,2,2012,45
2/15/2012,4.95396,4.381,5.7,0.336984346,4.5318,5.4568,2,2012,46
2/16/2012,4.847198261,4.438,5.393,0.245923756,4.538,5.2146,2,2012,47
2/17/2012,5.09036,4.735,5.548,0.197350951,4.8392,5.3766,2,2012,48
2/18/2012,5.039911304,4.714,5.523,0.194245967,4.7948,5.3196,2,2012,49
2/19/2012,4.83006087,4.57,5.475,0.237557779,4.6,5.23,2,2012,50
2/20/2012,4.799113043,4.548,5.403,0.247133954,4.566,5.2282,2,2012,51
2/21/2012,4.849424348,4.598,5.304,0.19055761,4.641,5.1546,2,2012,52
2/22/2012,4.858513043,4.546,5.408,0.249787421,4.576,5.2544,2,2012,53
2/23/2012,4.906290435,4.606,5.515,0.235463027,4.6704,5.298,2,2012,54
2/24/2012,4.957038261,4.695,5.535,0.215901244,4.746,5.3154,2,2012,55
2/25/2012,4.924547826,4.694,5.3,0.152938001,4.747,5.1592,2,2012,56
2/26/2012,4.819226087,4.577,5.42,0.198571513,4.5984,5.0986,2,2012,57
2/27/2012,4.773269565,4.51,5.561,0.228179293,4.53,5.0896,2,2012,58
2/28/2012,4.651168696,4.449,5.116,0.169993988,4.464,4.9118,2,2012,59
2/29/2012,4.490022609,4.345,5.071,0.154564177,4.356,4.7366,2,2012,60
3/1/2012,4.310187826,3.928,4.865,0.225913429,4.005,4.6404,3,2012,61
3/2/2012,4.935187826,4.557,5.258,0.160073033,4.721,5.1496,3,2012,62
3/3/2012,4.77733913,4.393,5.412,0.200530441,4.535,5.0414,3,2012,63
3/4/2012,4.643405217,4.331,5.479,0.251747449,4.3934,5.0308,3,2012,64
3/5/2012,4.449704348,3.996,5.399,0.380458566,4.0614,5.06,3,2012,65
3/6/2012,4.338586087,3.819,5.322,0.414917408,3.8984,5.0302,3,2012,66
3/7/2012,4.227986087,3.812,4.933,0.303740685,3.901,4.7354,3,2012,67
3/8/2012,4.300833043,3.971,4.631,0.146011192,4.1114,4.5082,3,2012,68
3/9/2012,4.390523478,3.977,4.723,0.134172957,4.2082,4.564,3,2012,69
3/10/2012,4.680561739,4.456,4.985,0.108321157,4.5538,4.8486,3,2012,70
3/11/2012,5.234448696,4.928,5.8,0.230637536,4.971,5.5876,3,2012,71
3/12/2012,5.235406957,4.875,5.889,0.26985428,4.9258,5.634,3,2012,72
3/13/2012,5.246925217,4.926,5.797,0.213842715,5.0094,5.571,3,2012,73
3/14/2012,5.352843478,4.954,5.66,0.141108355,5.156,5.5266,3,2012,74
3/15/2012,5.161869565,4.801,5.334,0.102836083,5.0202,5.285,3,2012,75
3/16/2012,5.375551304,5.093,5.523,0.09382633,5.2528,5.493,3,2012,76
3/17/2012,5.750062609,5.262,6.189,0.2226781,5.4518,6.0206,3,2012,77
3/18/2012,5.997751304,5.754,6.354,0.11283091,5.8544,6.1366,3,2012,78
3/19/2012,6.274149565,5.895,6.524,0.134373726,6.0944,6.441,3,2012,79
3/20/2012,6.610765217,6.033,7.228,0.223468833,6.3018,6.8996,3,2012,80
3/21/2012,7.189521739,6.444,7.77,0.38286607,6.6756,7.682,3,2012,81
3/22/2012,7.423448696,6.924,7.797,0.159753546,7.2094,7.624,3,2012,82
3/23/2012,7.625193043,7.223,7.86,0.116051965,7.456,7.7496,3,2012,83
3/24/2012,7.251262609,6.92,7.547,0.112736436,7.0998,7.401,3,2012,84
3/25/2012,6.230946087,6.094,6.439,0.105809369,6.1224,6.4012,3,2012,85
3/26/2012,5.581238261,5.093,6.026,0.301545827,5.163,5.97,3,2012,86
3/27/2012,5.498231304,4.998,6.034,0.315894334,5.0932,5.9756,3,2012,87
3/28/2012,5.317848696,4.885,5.863,0.295345477,4.973,5.7826,3,2012,88
3/29/2012,5.022881739,4.715,5.358,0.163307591,4.823,5.2756,3,2012,89
3/30/2012,5.071570435,4.799,5.364,0.147183541,4.879,5.2866,3,2012,90
3/31/2012,5.394206957,4.927,5.773,0.239433443,5.0774,5.745,3,2012,91
4/1/2012,5.444031304,4.936,5.865,0.279948687,5.0632,5.836,4,2012,92
4/2/2012,5.40122087,4.938,5.787,0.246692981,5.0478,5.7386,4,2012,93
4/3/2012,5.412946087,5.209,5.516,0.059147329,5.328,5.479,4,2012,94
4/4/2012,5.48542087,5.287,5.617,0.059478866,5.4014,5.5522,4,2012,95
4/5/2012,5.527452174,5.225,5.764,0.113827889,5.3864,5.703,4,2012,96
4/6/2012,5.635869565,5.268,5.873,0.130504777,5.4626,5.8046,4,2012,97
4/7/2012,5.834697391,5.475,6.159,0.162517977,5.605,6.0806,4,2012,98
4/8/2012,5.969626087,5.622,6.22,0.139232344,5.802,6.1686,4,2012,99
4/9/2012,5.785629565,5.517,5.903,0.090939618,5.649,5.8916,4,2012,100
4/10/2012,5.872836522,5.419,6.253,0.236891206,5.5568,6.1808,4,2012,101
4/11/2012,5.887403478,5.411,6.253,0.24322652,5.556,6.176,4,2012,102
4/12/2012,5.904273043,5.575,6.2,0.207259739,5.597,6.147,4,2012,103
4/13/2012,6.292003478,5.979,6.44,0.103832433,6.1224,6.4,4,2012,104
4/14/2012,6.800650435,5.995,7.505,0.428667855,6.193,7.3248,4,2012,105
4/15/2012,6.993848696,6.317,7.526,0.370163058,6.466,7.4312,4,2012,106
4/16/2012,6.899433043,6.469,7.327,0.22973022,6.5722,7.1946,4,2012,107
4/17/2012,6.698133913,6.563,6.862,0.064557117,6.606,6.779,4,2012,108
4/18/2012,8.207050435,7.989,8.454,0.114414549,8.061,8.3736,4,2012,109
4/19/2012,8.088253913,7.756,8.621,0.21280503,7.827,8.396,4,2012,110
4/20/2012,8.026166957,7.585,8.642,0.276623992,7.6844,8.417,4,2012,111
4/21/2012,8.195438261,7.955,8.507,0.128052578,8.0114,8.3712,4,2012,112
4/22/2012,8.260135652,8.038,8.442,0.099385809,8.117,8.388,4,2012,113
4/23/2012,7.70033913,7.445,7.855,0.092764143,7.5728,7.816,4,2012,114
4/24/2012,7.743304348,7.504,7.912,0.090473125,7.6148,7.8596,4,2012,115
4/25/2012,8.04356,7.833,8.377,0.115148924,7.8974,8.1836,4,2012,116
4/26/2012,8.018050435,7.777,8.326,0.134505881,7.836,8.193,4,2012,117
4/27/2012,7.773798261,7.407,7.929,0.095521807,7.636,7.8786,4,2012,118
4/28/2012,7.433853913,7.089,7.717,0.139601896,7.2808,7.652,4,2012,119
4/29/2012,7.655763478,7.236,8.061,0.208130754,7.4148,7.984,4,2012,120
4/30/2012,7.721090435,7.299,8.207,0.229291939,7.4574,8.0966,4,2012,121
5/1/2012,7.821791304,7.369,8.24,0.221996017,7.556,8.162,5,2012,122
5/2/2012,7.633144348,7.317,7.887,0.139676786,7.4494,7.829,5,2012,123
5/3/2012,7.589194783,7.43,7.713,0.063169152,7.5044,7.672,5,2012,124
5/4/2012,8.635003478,8.282,8.836,0.10833779,8.4774,8.762,5,2012,125
5/5/2012,8.558573913,8.37,8.793,0.104413082,8.454,8.7372,5,2012,126
5/6/2012,8.65386087,8.406,9.058,0.178494844,8.4764,8.9632,5,2012,127
5/7/2012,8.816205217,8.554,9.192,0.169739069,8.632,9.075,5,2012,128
5/8/2012,8.847149565,8.572,9.057,0.092320163,8.744,8.985,5,2012,129
5/9/2012,8.791742609,8.494,9.055,0.136278383,8.602,8.979,5,2012,130
5/10/2012,8.975186087,8.667,9.266,0.144266758,8.7714,9.1646,5,2012,131
5/11/2012,9.211878261,9.002,9.381,0.074750566,9.11,9.3136,5,2012,132
5/12/2012,9.586754783,9.376,9.782,0.090775122,9.461,9.7012,5,2012,133
5/13/2012,9.816885217,9.349,9.954,0.112971231,9.6748,9.911,5,2012,134
5/14/2012,9.907071304,9.366,10.28,0.211396296,9.609,10.1766,5,2012,135
5/15/2012,10.29592696,9.711,10.862,0.300074779,9.8816,10.7132,5,2012,136
5/16/2012,11.3755913,10.887,11.713,0.206052102,11.0684,11.6332,5,2012,137
5/17/2012,11.78046435,11.424,11.917,0.095137559,11.6324,11.8676,5,2012,138
5/18/2012,11.88372696,11.44,12.285,0.177693047,11.6904,12.179,5,2012,139
5/19/2012,11.96277739,11.612,12.358,0.172056781,11.7592,12.2286,5,2012,140
5/20/2012,12.22377217,11.656,12.571,0.164984717,11.9764,12.385,5,2012,141
5/21/2012,12.96624,12.28,13.468,0.282247127,12.5552,13.3392,5,2012,142
5/22/2012,13.21972174,12.911,13.386,0.078867391,13.1144,13.3126,5,2012,143
5/23/2012,13.3721687,12.955,13.717,0.177851476,13.1314,13.6092,5,2012,144
5/24/2012,13.4814713,13.08,13.948,0.222681055,13.1964,13.8076,5,2012,145
5/25/2012,13.65869391,13.164,14.165,0.258296342,13.311,14.0226,5,2012,146
5/26/2012,13.79404,13.351,14.204,0.211277152,13.506,14.0888,5,2012,147
5/27/2012,13.89373739,13.44,14.389,0.242844128,13.5698,14.238,5,2012,148
5/28/2012,14.01342957,13.52,14.497,0.245034481,13.6824,14.3604,5,2012,149
5/29/2012,14.16412174,13.641,14.617,0.235866508,13.848,14.4912,5,2012,150
5/30/2012,14.07489391,13.53,14.556,0.25016025,13.7398,14.4232,5,2012,151
5/31/2012,13.89770087,13.415,14.342,0.225382016,13.6002,14.2146,5,2012,152
6/1/2012,13.76949043,13.226,14.248,0.238993635,13.4594,14.1066,6,2012,153
6/2/2012,13.40869391,12.761,13.973,0.284481049,13.0352,13.8068,6,2012,154
6/3/2012,12.59782087,11.965,13.158,0.283636946,12.221,12.9932,6,2012,155
6/4/2012,11.78198261,11.385,11.999,0.136788105,11.5832,11.948,6,2012,156
6/5/2012,12.00519652,11.698,12.19,0.099002312,11.868,12.1352,6,2012,157
6/6/2012,12.00234261,11.666,12.237,0.123589093,11.819,12.15,6,2012,158
6/7/2012,12.21680696,11.956,12.428,0.128546075,12.04,12.3906,6,2012,159
6/8/2012,12.49481391,11.849,13.005,0.268299689,12.1494,12.9078,6,2012,160
6/9/2012,12.70121391,11.894,13.339,0.314951411,12.377,13.156,6,2012,161
6/10/2012,12.80679304,12.012,13.281,0.275866296,12.3736,13.1028,6,2012,162
6/11/2012,13.3521687,13,13.822,0.180702629,13.124,13.582,6,2012,163
6/12/2012,13.44958435,13.102,13.764,0.145017635,13.2544,13.6462,6,2012,164
6/13/2012,14.8048087,14.098,15.049,0.232715102,14.4214,15.027,6,2012,165
6/14/2012,14.99970609,14.071,15.272,0.264016442,14.5872,15.223,6,2012,166
6/15/2012,14.9919287,14.061,15.266,0.282208365,14.5212,15.227,6,2012,167
6/16/2012,14.91901043,13.873,15.434,0.362225977,14.4074,15.388,6,2012,168
6/17/2012,14.58674261,13.657,15.161,0.346153704,14.1122,15.0768,6,2012,169
6/18/2012,14.6406087,13.908,15.189,0.268220634,14.2854,15.0116,6,2012,170
6/19/2012,14.63980522,14.163,15.128,0.23016313,14.3308,14.9806,6,2012,171
6/20/2012,17.45483478,16.738,18.214,0.328478175,17.0234,17.9062,6,2012,172
6/21/2012,18.38535826,17.568,19.04,0.34507951,17.9114,18.8356,6,2012,173
6/22/2012,18.45520174,17.625,19.078,0.343688373,17.9812,18.9042,6,2012,174
6/23/2012,18.45261739,17.642,19.086,0.344860669,17.9768,18.9098,6,2012,175
6/24/2012,18.20125913,17.37,18.925,0.378740394,17.6874,18.7194,6,2012,176
6/25/2012,17.29174435,16.54,17.989,0.35936571,16.8068,17.7962,6,2012,177
6/26/2012,16.5446087,15.876,17.31,0.369990693,16.0538,17.0688,6,2012,178
6/27/2012,16.6772487,15.987,17.19,0.30706701,16.226,17.0602,6,2012,179
6/28/2012,16.67817739,16.083,17.193,0.284075498,16.2634,17.0268,6,2012,180
6/29/2012,16.59604522,15.943,17.27,0.302309389,16.215,17.095,6,2012,181
6/30/2012,16.51088174,16.049,16.926,0.212014076,16.201,16.794,6,2012,182
7/1/2012,16.8698487,16.333,17.22,0.196073361,16.6034,17.1168,7,2012,183
7/2/2012,17.2248313,16.775,17.769,0.203855284,16.967,17.5096,7,2012,184
7/3/2012,17.35616696,16.921,18.024,0.224258383,17.1074,17.6816,7,2012,185
7/4/2012,17.54493739,17.147,18.028,0.181450878,17.3098,17.7868,7,2012,186
7/5/2012,17.79689391,17.472,18.076,0.143570367,17.598,17.9836,7,2012,187
7/6/2012,18.21872174,18.003,18.5,0.137046518,18.076,18.4428,7,2012,188
7/7/2012,18.36656348,17.871,18.814,0.207720126,18.1302,18.681,7,2012,189
7/8/2012,18.30550261,17.691,18.794,0.27871702,17.8626,18.6674,7,2012,190
7/9/2012,18.19861043,17.572,18.767,0.277096572,17.7254,18.5094,7,2012,191
7/10/2012,18.16581043,17.612,18.526,0.209380172,17.8686,18.4296,7,2012,192
7/11/2012,17.89592522,17.463,18.306,0.229006032,17.5504,18.1846,7,2012,193
7/12/2012,18.08972,17.613,18.449,0.173566834,17.8544,18.312,7,2012,194
7/13/2012,18.30753043,17.895,18.633,0.124278862,18.128,18.436,7,2012,195
7/14/2012,18.8035113,18.342,19.638,0.313131919,18.453,19.2898,7,2012,196
7/15/2012,19.22173739,18.574,20.203,0.485684616,18.6714,20.0414,7,2012,197
7/16/2012,19.88686087,19.492,20.418,0.204219296,19.6684,20.2186,7,2012,198
7/17/2012,19.61376522,19.229,20.074,0.221405478,19.319,19.9082,7,2012,199
7/18/2012,19.24566609,18.774,19.828,0.259949666,18.9044,19.6032,7,2012,200
7/19/2012,18.75805565,18.291,19.467,0.31849689,18.3554,19.2176,7,2012,201
7/20/2012,18.89905739,18.458,19.259,0.208038044,18.624,19.1796,7,2012,202
7/21/2012,18.9112713,18.543,19.24,0.132705377,18.783,19.1192,7,2012,203
7/22/2012,18.78242783,18.158,19.194,0.15961986,18.6346,19.0248,7,2012,204
7/23/2012,18.65783304,18.04,19.069,0.197740829,18.4004,18.9206,7,2012,205
7/24/2012,18.18299652,17.686,18.411,0.169765005,17.9298,18.3606,7,2012,206
7/25/2012,17.32852174,16.876,17.874,0.229711527,17.0264,17.648,7,2012,207
7/26/2012,17.08832348,16.67,17.548,0.197468023,16.8124,17.3436,7,2012,208
7/27/2012,17.3881913,16.955,18.024,0.288754115,17.0388,17.8284,7,2012,209
7/28/2012,17.3243513,16.875,18.1,0.341634983,16.928,17.8594,7,2012,210
7/29/2012,17.71622609,17.074,18.221,0.265183431,17.365,18.0596,7,2012,211
7/30/2012,18.04202087,17.585,18.445,0.161262742,17.854,18.2668,7,2012,212
7/31/2012,18.18625043,17.761,18.555,0.156609848,17.9718,18.3846,7,2012,213
8/1/2012,18.44358957,17.922,18.72,0.161001683,18.2224,18.65,8,2012,214
8/2/2012,19.62381565,18.945,20.292,0.25515952,19.3118,19.993,8,2012,215
8/3/2012,20.04846087,19.383,20.927,0.325512929,19.7048,20.5466,8,2012,216
8/4/2012,20.33739652,19.595,21.173,0.288915127,20.0164,20.76,8,2012,217
8/5/2012,20.5445687,19.638,21.279,0.307064972,20.1178,20.88,8,2012,218
8/6/2012,20.03166957,19.402,20.678,0.236925109,19.725,20.3546,8,2012,219
8/7/2012,19.73372696,19.213,20.274,0.25671902,19.4488,20.1394,8,2012,220
8/8/2012,19.63661565,19.18,20.253,0.258476635,19.2958,19.954,8,2012,221
8/9/2012,19.71565043,19.166,20.387,0.28570384,19.3784,20.1134,8,2012,222
8/10/2012,19.72561043,19.257,20.225,0.21449527,19.4802,20.0252,8,2012,223
8/11/2012,19.70089565,19.154,19.799,0.110423336,19.5612,19.786,8,2012,224
8/12/2012,19.57443478,18.982,19.989,0.219067295,19.268,19.848,8,2012,225
8/13/2012,19.7522087,19.138,20.194,0.180424021,19.5004,19.9298,8,2012,226
8/14/2012,19.8606887,19.206,20.526,0.189422041,19.6238,20.022,8,2012,227
8/15/2012,19.54757391,19.14,19.904,0.125923091,19.4,19.6972,8,2012,228
8/16/2012,19.49300348,18.988,19.769,0.145849154,19.3,19.696,8,2012,229
8/17/2012,19.14268174,18.601,20.027,0.368962853,18.7378,19.747,8,2012,230
8/18/2012,19.03873739,18.712,19.634,0.259213933,18.775,19.4738,8,2012,231
8/19/2012,18.79348522,18.37,19.222,0.138829161,18.6414,18.9786,8,2012,232
8/20/2012,18.88110957,18.448,19.298,0.168664348,18.6602,19.1124,8,2012,233
8/21/2012,19.17001043,18.679,19.55,0.240088057,18.803,19.4566,8,2012,234
8/22/2012,19.37194435,18.923,20.041,0.296952847,19.056,19.88,8,2012,235
8/23/2012,19.36770261,18.965,20.022,0.265751122,19.1198,19.8554,8,2012,236
8/24/2012,19.56523652,19.354,20.074,0.201015574,19.3904,19.9216,8,2012,237
8/25/2012,19.89952174,19.64,20.386,0.169821927,19.7134,20.1516,8,2012,238
8/26/2012,19.67031478,19.083,20.432,0.367676441,19.199,20.2536,8,2012,239
8/27/2012,19.36553913,18.489,20.507,0.554954581,18.6754,20.1814,8,2012,240
8/28/2012,19.36617565,18.749,20.107,0.352534698,18.9292,19.9184,8,2012,241
8/29/2012,18.62252,18.403,18.965,0.10561685,18.4952,18.7762,8,2012,242
8/30/2012,17.69461913,17.165,18.637,0.372905032,17.253,18.2704,8,2012,243
8/31/2012,17.58609565,17.143,18.254,0.217370931,17.3424,17.8824,8,2012,244
9/1/2012,17.44012522,17.045,17.993,0.21308012,17.1392,17.7362,9,2012,245
9/2/2012,17.1244087,16.854,17.381,0.111146958,16.9664,17.2496,9,2012,246
9/3/2012,17.00684522,16.741,17.514,0.146189041,16.8238,17.218,9,2012,247
9/4/2012,17.16421913,16.749,17.702,0.201618972,16.883,17.4028,9,2012,248
9/5/2012,17.57018957,17.097,17.826,0.12803499,17.403,17.7316,9,2012,249
9/6/2012,17.98794087,17.208,18.423,0.221941873,17.7274,18.2712,9,2012,250
9/7/2012,18.13781217,17.314,18.654,0.283318457,17.7558,18.4906,9,2012,251
9/8/2012,17.35358435,16.866,17.934,0.22410375,17.0782,17.6686,9,2012,252
9/9/2012,16.93057913,16.496,17.302,0.15261242,16.74,17.1326,9,2012,253
9/10/2012,16.55602261,16.07,17.048,0.234353327,16.217,16.8556,9,2012,254
9/11/2012,16.33737043,15.979,16.682,0.168088651,16.122,16.5616,9,2012,255
9/12/2012,16.11238609,15.949,16.423,0.084373468,16.0084,16.2234,9,2012,256
9/13/2012,16.37913565,16.027,16.857,0.187793874,16.162,16.6298,9,2012,257
9/14/2012,16.65700696,16.359,16.987,0.14260034,16.4874,16.859,9,2012,258
9/15/2012,16.76205391,16.546,17.01,0.07880359,16.676,16.8716,9,2012,259
9/16/2012,16.48398609,16.113,16.963,0.216829876,16.2314,16.8024,9,2012,260
9/17/2012,16.24526957,15.775,16.814,0.249361523,15.9234,16.6052,9,2012,261
9/18/2012,16.16188522,15.748,16.712,0.243558414,15.8644,16.5316,9,2012,262
9/19/2012,15.83714087,15.433,16.325,0.210516155,15.5624,16.129,9,2012,263
9/20/2012,15.15540522,14.645,15.998,0.327648322,14.7844,15.6534,9,2012,264
9/21/2012,15.20139304,14.707,15.855,0.279536685,14.8614,15.6158,9,2012,265
9/22/2012,15.58726957,15.257,16.143,0.213602423,15.3434,15.9068,9,2012,266
9/23/2012,15.78349043,15.532,16.454,0.222536337,15.5434,16.1158,9,2012,267
9/24/2012,15.71862087,15.448,16.492,0.227153609,15.486,16.0656,9,2012,268
9/25/2012,15.95137391,15.675,16.525,0.169834674,15.7984,16.2162,9,2012,269
9/26/2012,16.22355304,15.637,16.651,0.221922453,15.9122,16.5072,9,2012,270
9/27/2012,15.65882957,15.056,16.193,0.282320305,15.2758,16.0358,9,2012,271
9/28/2012,15.5964713,14.955,16.159,0.296663242,15.1824,15.979,9,2012,272
9/29/2012,15.13844,14.527,15.75,0.272445742,14.76,15.4912,9,2012,273
9/30/2012,14.37606261,14.027,15.113,0.233305664,14.147,14.7332,9,2012,274
10/1/2012,14.36857913,13.999,15.317,0.2612981,14.1342,14.7764,10,2012,275
10/2/2012,14.50661391,14.116,15.076,0.217500908,14.2434,14.832,10,2012,276
10/3/2012,15.09176696,14.63,15.445,0.203463943,14.7964,15.3436,10,2012,277
10/4/2012,15.36503652,14.95,15.715,0.15898362,15.1394,15.5686,10,2012,278
10/5/2012,15.20489217,14.829,15.629,0.16638505,14.98,15.434,10,2012,279
10/6/2012,15.19522435,14.756,15.588,0.173346836,14.9644,15.429,10,2012,280
10/7/2012,15.1777687,14.782,15.52,0.130570473,15.038,15.3598,10,2012,281
10/8/2012,15.17812174,14.812,15.454,0.116545915,15.0384,15.3356,10,2012,282
10/9/2012,15.24895652,14.816,15.559,0.171201543,15.0062,15.4666,10,2012,283
10/10/2012,13.77942783,13.602,14.035,0.096924795,13.656,13.926,10,2012,284
10/11/2012,13.71614087,13.444,14.176,0.171741295,13.529,13.9862,10,2012,285
10/12/2012,13.33759652,13.003,13.577,0.13953663,13.1178,13.507,10,2012,286
10/13/2012,12.69454087,12.256,13.072,0.184194152,12.4544,12.9638,10,2012,287
10/14/2012,12.72195478,12.565,12.975,0.087081431,12.613,12.838,10,2012,288
10/15/2012,12.61581913,12.522,12.866,0.074030284,12.536,12.723,10,2012,289
10/16/2012,12.42596696,12.209,12.667,0.084600335,12.324,12.5302,10,2012,290
10/17/2012,12.49741739,12.273,12.682,0.070201128,12.412,12.5826,10,2012,291
10/18/2012,12.35757217,12.236,12.563,0.058033343,12.303,12.4362,10,2012,292
10/19/2012,12.62778261,12.379,12.831,0.098571149,12.479,12.7336,10,2012,293
10/20/2012,12.36850261,12.292,12.549,0.055875012,12.3004,12.4506,10,2012,294
10/21/2012,12.44627652,12.334,12.635,0.057469929,12.389,12.535,10,2012,295
10/22/2012,12.52023826,12.333,12.83,0.089942842,12.438,12.6546,10,2012,296
10/23/2012,12.46538783,12.248,12.803,0.091433212,12.381,12.5906,10,2012,297
10/24/2012,12.14052522,11.974,12.388,0.099389104,12.02,12.3046,10,2012,298
10/25/2012,12.03306435,11.894,12.222,0.089782379,11.9184,12.165,10,2012,299
10/26/2012,12.12767478,11.931,12.303,0.089058159,11.9998,12.243,10,2012,300
10/27/2012,12.33973913,12.107,12.635,0.093807488,12.2178,12.4502,10,2012,301
10/28/2012,12.42906435,12.236,12.697,0.106553569,12.2964,12.5922,10,2012,302
10/29/2012,12.41767826,12.321,12.566,0.063274545,12.337,12.5076,10,2012,303
10/30/2012,12.22278087,12.071,12.429,0.092665018,12.105,12.3596,10,2012,304
10/31/2012,12.27362261,12.156,12.416,0.055057605,12.1994,12.344,10,2012,305
11/1/2012,12.27045565,12.167,12.42,0.046501332,12.2124,12.3356,11,2012,306
11/2/2012,12.28021739,12.162,12.4,0.054878133,12.2044,12.3496,11,2012,307
11/3/2012,11.72267304,11.602,11.854,0.060417977,11.638,11.802,11,2012,308
11/4/2012,11.3397113,10.962,11.84,0.223700506,11.0604,11.6666,11,2012,309
11/5/2012,11.22564,10.924,11.677,0.17887985,11.0324,11.5062,11,2012,310
11/6/2012,11.20054435,10.681,11.59,0.180448641,10.979,11.446,11,2012,311
11/7/2012,11.08896174,10.666,11.534,0.164614475,10.9002,11.3288,11,2012,312
11/8/2012,10.95745391,10.798,11.172,0.083567875,10.862,11.0854,11,2012,313
11/9/2012,10.71146087,10.522,11.031,0.117597901,10.564,10.8822,11,2012,314
11/10/2012,10.48156348,10.203,10.833,0.162864768,10.277,10.7216,11,2012,315
11/11/2012,10.54233217,10.232,11.009,0.217168754,10.2904,10.8844,11,2012,316
11/12/2012,10.65554261,10.383,11.262,0.239060511,10.401,11.0376,11,2012,317
11/13/2012,10.77327826,10.47,11.357,0.22703414,10.5044,11.1196,11,2012,318
11/14/2012,10.66484696,10.346,11.406,0.270480166,10.3748,11.1024,11,2012,319
11/15/2012,10.6534,10.311,11.335,0.26729818,10.355,11.055,11,2012,320
11/16/2012,10.61751304,10.329,11.12,0.188178161,10.4134,10.9164,11,2012,321
11/17/2012,10.03523652,9.825,10.38,0.1461528,9.8514,10.2308,11,2012,322
11/18/2012,9.891175652,9.677,10.108,0.120079541,9.7234,10.047,11,2012,323
11/19/2012,9.861638261,9.619,10.228,0.141098137,9.677,10.0546,11,2012,324
11/20/2012,10.01386087,9.714,10.465,0.198338336,9.7768,10.3116,11,2012,325
11/21/2012,9.996055652,9.784,10.392,0.150723194,9.8204,10.2266,11,2012,326
11/22/2012,10.06566609,9.845,10.605,0.146014592,9.8944,10.2422,11,2012,327
11/23/2012,9.97162087,9.734,10.638,0.171567448,9.7864,10.2018,11,2012,328
11/24/2012,9.877693913,9.636,10.347,0.159840459,9.6994,10.115,11,2012,329
11/25/2012,9.860556522,9.576,10.335,0.203180435,9.627,10.178,11,2012,330
11/26/2012,9.807426087,9.501,10.24,0.209278754,9.5564,10.1314,11,2012,331
11/27/2012,9.761161739,9.658,10.013,0.08800869,9.671,9.8982,11,2012,332
11/28/2012,9.489841739,9.321,9.794,0.130759352,9.345,9.6926,11,2012,333
11/29/2012,9.452189565,9.219,9.898,0.169992992,9.255,9.7008,11,2012,334
11/30/2012,9.530511304,9.322,9.816,0.124003187,9.372,9.7136,11,2012,335
12/1/2012,9.671716522,9.489,9.928,0.101376595,9.5404,9.819,12,2012,336
12/2/2012,9.739822609,9.575,9.974,0.089238239,9.622,9.8606,12,2012,337
12/3/2012,9.753464348,9.604,9.969,0.08714209,9.647,9.8772,12,2012,338
12/4/2012,9.739137391,9.603,9.95,0.077477817,9.643,9.8516,12,2012,339
12/5/2012,9.624401739,9.467,9.931,0.107476358,9.501,9.7866,12,2012,340
12/6/2012,9.491932174,9.369,9.742,0.086231662,9.394,9.6206,12,2012,341
12/7/2012,8.894502609,8.776,9.14,0.070119631,8.8084,8.9922,12,2012,342
12/8/2012,9.224547826,9.067,9.466,0.098250235,9.1014,9.365,12,2012,343
12/9/2012,9.233563478,9.01,9.508,0.123225972,9.0824,9.417,12,2012,344
12/10/2012,9.529286957,9.322,9.775,0.111408262,9.3888,9.6922,12,2012,345
12/11/2012,9.31326087,9.167,9.568,0.081766717,9.2068,9.4186,12,2012,346
12/12/2012,8.965092174,8.819,9.318,0.09362813,8.852,9.0866,12,2012,347
12/13/2012,8.773791304,8.598,9.252,0.111507324,8.64,8.9162,12,2012,348
12/14/2012,8.702711304,8.482,9.049,0.115201339,8.5488,8.8452,12,2012,349
12/15/2012,8.707813913,8.51,8.922,0.093410889,8.5722,8.817,12,2012,350
12/16/2012,8.69361913,8.549,8.952,0.084212354,8.5864,8.8082,12,2012,351
12/17/2012,8.748933913,8.599,8.966,0.082358838,8.6398,8.857,12,2012,352
12/18/2012,8.540146087,8.404,8.789,0.080745306,8.438,8.6446,12,2012,353
12/19/2012,8.261233043,8.129,8.63,0.105438332,8.152,8.4162,12,2012,354
12/20/2012,8.304255652,8.142,8.583,0.100099754,8.1824,8.44,12,2012,355
12/21/2012,8.212151304,7.943,8.796,0.184364687,7.9974,8.4796,12,2012,356
12/22/2012,7.989704348,7.731,8.437,0.159258133,7.795,8.2206,12,2012,357
12/23/2012,7.729646957,7.429,8.064,0.161335548,7.51,7.9496,12,2012,358
12/24/2012,7.481267826,7.162,7.979,0.170040479,7.251,7.6766,12,2012,359
12/25/2012,7.330125217,6.929,7.851,0.19894634,7.0632,7.5836,12,2012,360
12/26/2012,7.206083478,6.781,7.813,0.229396945,6.9144,7.5406,12,2012,361
12/27/2012,7.564151304,7.229,8.021,0.185642701,7.332,7.8346,12,2012,362
12/28/2012,7.747045217,7.527,8.08,0.130470222,7.589,7.9406,12,2012,363
12/29/2012,7.744314783,7.55,8.008,0.113849663,7.602,7.915,12,2012,364
12/30/2012,7.577787826,7.396,7.791,0.091937774,7.4554,7.7048,12,2012,365
12/31/2012,7.533015652,7.36,7.79,0.090711002,7.4124,7.6516,12,2012,366
1/1/2013,7.50098087,7.353,7.745,0.083068407,7.394,7.6156,1,2013,1
1/2/2013,7.36738087,7.198,7.618,0.095005204,7.2464,7.503,1,2013,2
1/3/2013,7.349697391,7.144,7.621,0.115242944,7.202,7.5118,1,2013,3
1/4/2013,7.333893913,7.168,7.554,0.097384547,7.208,7.471,1,2013,4
1/5/2013,7.456773913,7.305,7.657,0.089988836,7.341,7.584,1,2013,5
1/6/2013,7.567627826,7.386,7.856,0.112610769,7.4278,7.726,1,2013,6
1/7/2013,7.006537391,6.782,7.52,0.16655149,6.8074,7.2438,1,2013,7
1/8/2013,7.546507826,7.452,7.748,0.058969633,7.4764,7.6266,1,2013,8
1/9/2013,7.752050435,7.644,7.888,0.051991046,7.682,7.8236,1,2013,9
1/10/2013,7.717090435,7.541,7.972,0.09051124,7.606,7.834,1,2013,10
1/11/2013,7.804344348,7.571,8.091,0.128055899,7.645,7.9844,1,2013,11
1/12/2013,7.911314783,7.725,8.183,0.109685772,7.7794,8.0706,1,2013,12
1/13/2013,7.889526957,7.695,8.124,0.110323276,7.744,8.0476,1,2013,13
1/14/2013,7.814963478,7.653,8,0.077501604,7.7094,7.9196,1,2013,14
1/15/2013,7.5014,7.328,7.689,0.08945721,7.381,7.624,1,2013,15
1/16/2013,7.355205217,7.215,7.671,0.099575123,7.2424,7.5036,1,2013,16
1/17/2013,7.281695652,7.119,7.672,0.116815094,7.1514,7.4496,1,2013,17
1/18/2013,7.350673043,7.18,7.66,0.110483311,7.2164,7.5046,1,2013,18
1/19/2013,7.298669565,7.167,7.478,0.06653229,7.2084,7.386,1,2013,19
1/20/2013,6.735387826,6.475,7.166,0.149844731,6.5418,6.9336,1,2013,20
1/21/2013,6.542083478,6.251,7.163,0.208516462,6.32,6.8728,1,2013,21
1/22/2013,6.507198261,6.212,7.068,0.185886441,6.288,6.7856,1,2013,22
1/23/2013,6.291436522,5.96,6.831,0.192855073,6.0658,6.574,1,2013,23
1/24/2013,5.981217391,5.718,6.39,0.145677929,5.793,6.1868,1,2013,24
1/25/2013,5.847074783,5.578,6.225,0.154368602,5.6498,6.078,1,2013,25
1/26/2013,5.888808696,5.642,6.255,0.136026469,5.713,6.081,1,2013,26
1/27/2013,6.394445217,6.119,6.639,0.135919312,6.2064,6.573,1,2013,27
1/28/2013,6.549405217,6.273,6.852,0.143040494,6.3554,6.7426,1,2013,28
1/29/2013,6.689126957,6.42,6.955,0.134182813,6.504,6.869,1,2013,29
1/30/2013,6.574711304,6.361,6.814,0.100449825,6.431,6.706,1,2013,30
1/31/2013,6.344864348,6.201,6.518,0.077011056,6.245,6.4546,1,2013,31
2/1/2013,6.253878261,6.116,6.427,0.081400882,6.151,6.374,2,2013,32
2/2/2013,6.293182609,6.122,6.528,0.092916768,6.179,6.4302,2,2013,33
2/3/2013,6.291029565,6.06,6.624,0.133093811,6.128,6.4832,2,2013,34
2/4/2013,6.48545913,6.218,6.822,0.158461268,6.277,6.708,2,2013,35
2/5/2013,6.360234783,5.906,6.834,0.232691169,6.0484,6.6762,2,2013,36
2/6/2013,5.369890435,5.04,5.771,0.168225231,5.136,5.5926,2,2013,37
2/7/2013,5.161909565,4.877,5.594,0.160503581,4.952,5.397,2,2013,38
2/8/2013,5.591133913,5.312,5.905,0.136226924,5.4008,5.782,2,2013,39
2/9/2013,5.669716522,5.412,6.044,0.141144283,5.4858,5.864,2,2013,40
2/10/2013,5.365758261,4.969,5.782,0.195969712,5.0942,5.6192,2,2013,41
2/11/2013,4.614652174,4.077,5.347,0.279249238,4.263,4.967,2,2013,42
2/12/2013,4.481135652,3.753,5.115,0.308353963,4.039,4.8796,2,2013,43
2/13/2013,4.471146087,3.828,4.958,0.238728038,4.118,4.7336,2,2013,44
2/14/2013,4.588106087,3.914,5.209,0.274109145,4.1904,4.9186,2,2013,45
2/15/2013,4.817926957,4.111,5.561,0.315942043,4.3966,5.2358,2,2013,46
2/16/2013,5.117852174,4.481,5.75,0.265799512,4.7574,5.4644,2,2013,47
2/17/2013,4.932401739,4.25,5.506,0.257410084,4.5758,5.24,2,2013,48
2/18/2013,4.792782609,4.168,5.469,0.270277802,4.469,5.2046,2,2013,49
2/19/2013,4.704074783,4.133,5.459,0.279455617,4.392,5.137,2,2013,50
2/20/2013,4.776067826,4.212,5.352,0.249927886,4.4584,5.1418,2,2013,51
2/21/2013,4.884015652,4.394,5.346,0.225118184,4.5774,5.1972,2,2013,52
2/22/2013,4.614993043,4.256,4.943,0.163311591,4.3948,4.8356,2,2013,53
2/23/2013,4.723855652,4.398,5.079,0.159085852,4.5084,4.9432,2,2013,54
2/24/2013,4.805038261,4.428,5.194,0.162877624,4.5968,5.0286,2,2013,55
2/25/2013,4.593507826,4.082,5.141,0.225713525,4.3072,4.9028,2,2013,56
2/26/2013,4.466224348,3.916,5.104,0.257792803,4.142,4.8244,2,2013,57
2/27/2013,4.436697391,3.892,5.087,0.265344124,4.1038,4.8042,2,2013,58
2/28/2013,4.557605217,4.124,5.096,0.214405114,4.2904,4.855,2,2013,59
3/1/2013,4.202198261,3.99,4.483,0.11223865,4.063,4.362,3,2013,60
3/2/2013,4.29586087,4.185,4.495,0.067439182,4.213,4.3916,3,2013,61
3/3/2013,4.142926957,4.042,4.277,0.057761388,4.064,4.221,3,2013,62
3/4/2013,3.790106087,3.604,4.124,0.115121951,3.646,3.953,3,2013,63
3/5/2013,3.562702609,3.245,4.063,0.183972029,3.3286,3.8226,3,2013,64
3/6/2013,3.576386087,3.267,4.071,0.179863848,3.3484,3.8302,3,2013,65
3/7/2013,3.690485217,3.379,4.149,0.174468559,3.464,3.9276,3,2013,66
3/8/2013,3.873641739,3.487,4.441,0.2266811,3.5822,4.1926,3,2013,67
3/9/2013,3.690415652,3.354,4.174,0.18398465,3.447,3.943,3,2013,68
3/10/2013,3.721095652,3.391,4.13,0.16713875,3.492,3.9476,3,2013,69
3/11/2013,3.829704348,3.431,4.362,0.22227643,3.5322,4.1456,3,2013,70
3/12/2013,3.911961739,3.564,4.47,0.204721921,3.651,4.1974,3,2013,71
3/13/2013,3.831862609,3.505,4.268,0.170696371,3.606,4.065,3,2013,72
3/14/2013,3.801812174,3.475,4.187,0.165313437,3.579,4.019,3,2013,73
3/15/2013,3.765987826,3.45,4.193,0.174740938,3.543,4.0186,3,2013,74
3/16/2013,3.638450435,3.277,4.002,0.178987573,3.4138,3.9072,3,2013,75
3/17/2013,3.61516,3.228,4.009,0.2003902,3.352,3.91,3,2013,76
3/18/2013,3.512153043,3.186,3.887,0.17194314,3.277,3.743,3,2013,77
3/19/2013,3.257674783,2.96,3.624,0.146561876,3.051,3.4466,3,2013,78
3/20/2013,3.06718087,2.66,3.481,0.216588674,2.7574,3.3316,3,2013,79
3/21/2013,3.02710087,2.564,3.492,0.251849881,2.676,3.3376,3,2013,80
3/22/2013,2.982290435,2.645,3.457,0.221734116,2.7062,3.3072,3,2013,81
3/23/2013,3.258133913,2.881,3.707,0.227040928,2.981,3.597,3,2013,82
3/24/2013,3.683902609,2.904,4.358,0.339623758,3.3016,4.156,3,2013,83
3/25/2013,3.9996,3.245,4.839,0.436201728,3.475,4.63,3,2013,84
3/26/2013,4.114883478,3.374,4.902,0.395858823,3.6402,4.6682,3,2013,85
3/27/2013,4.327904348,3.912,4.763,0.236417534,4.0204,4.6616,3,2013,86
3/28/2013,4.449685217,4.031,4.907,0.252428732,4.11,4.817,3,2013,87
3/29/2013,4.336285217,3.92,4.777,0.243639268,3.994,4.682,3,2013,88
3/30/2013,4.499328696,4.189,5.166,0.238089312,4.2598,4.8848,3,2013,89
3/31/2013,4.505713043,4.219,5.181,0.224261776,4.3078,4.8782,3,2013,90
4/1/2013,4.895238261,4.666,5.286,0.152615789,4.759,5.1536,4,2013,91
4/2/2013,5.055773913,4.831,5.48,0.16060218,4.8658,5.2946,4,2013,92
4/3/2013,4.759257391,4.65,4.935,0.061396437,4.684,4.8512,4,2013,93
4/4/2013,4.692288696,4.415,4.914,0.086677705,4.586,4.808,4,2013,94
4/5/2013,4.803796522,4.624,5.049,0.094255927,4.7048,4.9514,4,2013,95
4/6/2013,4.910947826,4.613,5.073,0.124953388,4.7134,5.053,4,2013,96
4/7/2013,4.949346087,4.743,5.274,0.150092783,4.767,5.1926,4,2013,97
4/8/2013,4.941165217,4.639,5.333,0.153075744,4.7784,5.1906,4,2013,98
4/9/2013,4.941053913,4.733,5.191,0.118682117,4.8038,5.1332,4,2013,99
4/10/2013,5.024890435,4.889,5.072,0.044318103,4.957,5.066,4,2013,100
4/11/2013,5.061481739,4.93,5.177,0.052786955,4.9924,5.1316,4,2013,101
4/12/2013,5.349033043,5.219,5.46,0.051116087,5.2794,5.416,4,2013,102
4/13/2013,5.819133913,5.583,5.968,0.076248798,5.7194,5.9166,4,2013,103
4/14/2013,5.873958261,5.641,6.174,0.097822236,5.8,6.0312,4,2013,104
4/15/2013,5.911615652,5.716,6.276,0.120654213,5.787,6.107,4,2013,105
4/16/2013,6.279744348,6.055,6.391,0.062699013,6.2038,6.373,4,2013,106
4/17/2013,6.769328696,6.409,6.975,0.108790363,6.642,6.907,4,2013,107
4/18/2013,6.804784348,6.066,7.205,0.195273012,6.5604,7.062,4,2013,108
4/19/2013,6.906725217,6.201,7.176,0.172298221,6.658,7.1026,4,2013,109
4/20/2013,7.118297391,6.864,7.358,0.126977131,6.953,7.2936,4,2013,110
4/21/2013,7.215448696,6.843,7.603,0.194706892,6.983,7.4906,4,2013,111
4/22/2013,7.254773913,6.758,7.918,0.27224304,6.9634,7.6986,4,2013,112
4/23/2013,7.302286957,6.948,7.585,0.140137921,7.144,7.5266,4,2013,113
4/24/2013,7.606406957,7.338,7.718,0.07849036,7.485,7.689,4,2013,114
4/25/2013,7.651114783,7.36,7.975,0.116316884,7.5044,7.7956,4,2013,115
4/26/2013,7.535429565,7.274,7.931,0.142071796,7.3534,7.7202,4,2013,116
4/27/2013,7.396777391,7.112,7.664,0.109507716,7.246,7.5356,4,2013,117
4/28/2013,7.497010435,7.181,7.736,0.098154734,7.386,7.6272,4,2013,118
4/29/2013,7.825325217,7.182,8.184,0.188982993,7.5752,8.0866,4,2013,119
4/30/2013,8.820902609,8.507,9.137,0.13050261,8.6352,8.9836,4,2013,120
5/1/2013,9.239184348,9.086,9.492,0.094168509,9.1184,9.3818,5,2013,121
5/2/2013,9.312401739,8.997,9.535,0.098495549,9.174,9.433,5,2013,122
5/3/2013,9.177426087,8.749,9.404,0.119664343,8.991,9.298,5,2013,123
5/4/2013,9.160996522,8.788,9.382,0.112282868,9.0118,9.2966,5,2013,124
5/5/2013,9.323323478,9.154,9.505,0.06866545,9.232,9.417,5,2013,125
5/6/2013,9.338050435,9.079,9.597,0.136066977,9.1464,9.507,5,2013,126
5/7/2013,9.58381913,9.263,9.962,0.162489835,9.362,9.8102,5,2013,127
5/8/2013,10.00841739,9.698,10.401,0.15131727,9.838,10.2486,5,2013,128
5/9/2013,10.18075478,9.845,10.679,0.223126167,9.901,10.537,5,2013,129
5/10/2013,10.00494261,9.667,10.377,0.131642089,9.8664,10.2136,5,2013,130
5/11/2013,9.713363478,9.512,9.956,0.096840965,9.5948,9.8556,5,2013,131
5/12/2013,9.894553043,9.544,10.388,0.217508541,9.617,10.2482,5,2013,132
5/13/2013,9.811570435,9.403,10.265,0.195831262,9.564,10.0676,5,2013,133
5/14/2013,9.31293913,8.915,9.589,0.115638636,9.1774,9.4704,5,2013,134
5/15/2013,9.082394783,8.679,9.589,0.188503872,8.8714,9.3778,5,2013,135
5/16/2013,9.108914783,8.77,9.568,0.174682912,8.8794,9.3564,5,2013,136
5/17/2013,10.19894435,9.506,10.765,0.283057997,9.8186,10.608,5,2013,137
5/18/2013,10.45959652,9.827,10.907,0.268348077,10.0284,10.8146,5,2013,138
5/19/2013,10.36867478,9.92,10.752,0.183449165,10.1224,10.6152,5,2013,139
5/20/2013,10.28610261,9.842,10.431,0.115284279,10.1056,10.3866,5,2013,140
5/21/2013,10.81318087,10.255,11.172,0.210107344,10.5224,11.0802,5,2013,141
5/22/2013,10.78974087,10.195,11.222,0.234349416,10.4702,11.0936,5,2013,142
5/23/2013,10.229,9.731,10.67,0.227215135,9.922,10.5394,5,2013,143
5/24/2013,9.12626087,8.794,9.445,0.164648664,8.899,9.3544,5,2013,144
5/25/2013,9.517706087,9.245,9.805,0.120258457,9.3644,9.6872,5,2013,145
5/26/2013,9.684151304,9.366,10.037,0.190534384,9.459,9.9672,5,2013,146
5/27/2013,9.865455652,9.393,10.24,0.211785732,9.6104,10.176,5,2013,147
5/28/2013,10.05034435,9.56,10.355,0.197902828,9.719,10.271,5,2013,148
5/29/2013,10.00745913,9.48,10.372,0.210103222,9.6844,10.2632,5,2013,149
5/30/2013,9.966165217,9.374,10.425,0.260226213,9.6022,10.3126,5,2013,150
5/31/2013,11.29383826,10.651,11.771,0.269484461,10.9274,11.6578,5,2013,151
6/1/2013,12.06348696,11.438,12.597,0.271092478,11.699,12.4322,6,2013,152
6/2/2013,12.29093043,12.051,12.706,0.119939453,12.158,12.4566,6,2013,153
6/3/2013,12.22193913,11.861,12.871,0.174894945,11.9944,12.451,6,2013,154
6/4/2013,12.06264696,11.643,12.393,0.176191451,11.799,12.257,6,2013,155
6/5/2013,11.92417565,11.759,12.097,0.077514248,11.8214,12.0236,6,2013,156
6/6/2013,11.96221217,11.695,12.126,0.084461567,11.8468,12.069,6,2013,157
6/7/2013,12.33390957,11.748,12.802,0.252319433,11.994,12.6718,6,2013,158
6/8/2013,13.11109391,12.754,13.345,0.117700314,12.9594,13.27,6,2013,159
6/9/2013,13.38050957,12.931,13.547,0.116097698,13.2242,13.5106,6,2013,160
6/10/2013,13.46189391,12.896,13.727,0.149066307,13.2546,13.6066,6,2013,161
6/11/2013,13.34633913,12.934,13.518,0.116326847,13.1776,13.4756,6,2013,162
6/12/2013,12.54750957,12.084,13.118,0.217449484,12.2998,12.8656,6,2013,163
6/13/2013,12.37045565,11.903,13.219,0.2858211,12.0794,12.7976,6,2013,164
6/14/2013,12.97769913,12.632,13.53,0.223859693,12.726,13.3142,6,2013,165
6/15/2013,13.77708174,13.343,14.161,0.125110343,13.6264,13.935,6,2013,166
6/16/2013,14.25191478,13.588,14.886,0.408234789,13.6964,14.7712,6,2013,167
6/17/2013,14.28590261,13.683,15.009,0.414589929,13.74,14.8866,6,2013,168
6/18/2013,14.50205391,14.217,14.821,0.154535109,14.3348,14.7486,6,2013,169
6/19/2013,14.94545739,14.594,15.329,0.225252351,14.6524,15.2256,6,2013,170
6/20/2013,15.0517913,14.676,15.575,0.23089041,14.759,15.361,6,2013,171
6/21/2013,14.99326783,14.819,15.373,0.115372437,14.872,15.185,6,2013,172
6/22/2013,15.40091478,14.771,15.916,0.238599145,15.073,15.6984,6,2013,173
6/23/2013,15.84921739,15.317,16.249,0.19418022,15.5756,16.097,6,2013,174
6/24/2013,15.6283687,15.318,15.89,0.137107411,15.439,15.804,6,2013,175
6/25/2013,15.55152522,15.12,15.901,0.182791466,15.2904,15.7816,6,2013,176
6/26/2013,14.97253739,14.484,15.468,0.212460051,14.6992,15.2626,6,2013,177
6/27/2013,13.87233739,13.419,14.358,0.218711289,13.592,14.183,6,2013,178
6/28/2013,14.15265391,13.574,14.607,0.243143984,13.8168,14.4716,6,2013,179
6/29/2013,14.21185739,13.525,14.702,0.316951266,13.7654,14.633,6,2013,180
6/30/2013,13.98343478,13.258,14.566,0.356376654,13.4998,14.4732,6,2013,181
7/1/2013,13.94364696,13.171,14.518,0.341073222,13.4838,14.4,7,2013,182
7/2/2013,15.76490783,14.982,16.374,0.311305658,15.3462,16.1742,7,2013,183
7/3/2013,17.26856,16.489,17.935,0.325079914,16.8358,17.7012,7,2013,184
7/4/2013,16.27157043,15.514,16.889,0.296716241,15.8634,16.66,7,2013,185
7/5/2013,16.80767304,16.085,17.399,0.288853195,16.4158,17.1962,7,2013,186
7/6/2013,17.64378609,17.177,18.171,0.208241571,17.3744,17.9298,7,2013,187
7/7/2013,17.88860348,17.614,18.321,0.134258186,17.7358,18.0766,7,2013,188
7/8/2013,17.83632,17.495,18.153,0.137191244,17.6444,18.0086,7,2013,189
7/9/2013,17.72737043,17.299,17.995,0.169170028,17.4828,17.9332,7,2013,190
7/10/2013,17.57050261,17.095,17.87,0.187964837,17.2912,17.7996,7,2013,191
7/11/2013,17.08601739,16.631,17.409,0.173518356,16.8336,17.3012,7,2013,192
7/12/2013,17.7722087,17.231,18.16,0.201683252,17.4854,18.022,7,2013,193
7/13/2013,18.08590957,17.591,18.375,0.156927752,17.858,18.2666,7,2013,194
7/14/2013,18.5288,18.161,19.193,0.208053054,18.298,18.849,7,2013,195
7/15/2013,19.47073043,18.753,20.149,0.307489115,19.0578,19.8692,7,2013,196
7/16/2013,19.90670609,19.298,20.488,0.228437609,19.664,20.249,7,2013,197
7/17/2013,19.94257565,19.282,20.416,0.207244988,19.6756,20.2106,7,2013,198
7/18/2013,20.01564174,19.25,20.531,0.254410558,19.6542,20.3222,7,2013,199
7/19/2013,19.93177739,19.057,20.427,0.317102313,19.4708,20.324,7,2013,200
7/20/2013,19.31945565,18.209,20.219,0.457690526,18.7252,19.9786,7,2013,201
7/21/2013,18.73615478,17.804,19.593,0.360264105,18.2586,19.2372,7,2013,202
7/22/2013,18.63471478,17.698,19.396,0.356187652,18.1328,19.0922,7,2013,203
7/23/2013,18.2445513,17.562,18.818,0.276692713,17.8574,18.5974,7,2013,204
7/24/2013,18.20717391,17.694,18.673,0.212154949,17.9024,18.4492,7,2013,205
7/25/2013,18.15002261,17.688,18.563,0.189758983,17.873,18.3676,7,2013,206
7/26/2013,17.65140522,17.098,18.144,0.243173683,17.315,17.9668,7,2013,207
7/27/2013,17.33254783,16.681,18.04,0.30551532,16.9296,17.7666,7,2013,208
7/28/2013,17.08919478,16.237,17.92,0.351468498,16.6054,17.554,7,2013,209
7/29/2013,17.09577043,16.449,17.873,0.296179887,16.7192,17.514,7,2013,210
7/30/2013,17.11047478,16.605,17.724,0.197904358,16.8818,17.395,7,2013,211
7/31/2013,17.35109739,16.834,17.833,0.265119947,16.975,17.7016,7,2013,212
8/1/2013,17.62640522,16.89,18.31,0.352730416,17.1838,18.0676,8,2013,213
8/2/2013,17.96713391,17.418,18.592,0.17798819,17.7734,18.2084,8,2013,214
8/3/2013,17.81029565,17.421,18.424,0.279122798,17.51,18.2612,8,2013,215
8/4/2013,17.64173043,17.197,18.482,0.376859897,17.262,18.256,8,2013,216
8/5/2013,17.37906261,16.809,18.325,0.356085233,17.0664,17.967,8,2013,217
8/6/2013,17.01891304,16.363,17.625,0.23357862,16.6768,17.3068,8,2013,218
8/7/2013,16.66229043,16.195,17.343,0.214704345,16.3954,16.9508,8,2013,219
8/8/2013,16.78937217,16.42,17.323,0.16104461,16.6314,17.0192,8,2013,220
8/9/2013,16.93516348,16.473,17.352,0.155299624,16.7278,17.1186,8,2013,221
8/10/2013,17.04894261,16.529,17.558,0.210100138,16.8404,17.385,8,2013,222
8/11/2013,16.93256348,16.431,17.645,0.332563325,16.503,17.4124,8,2013,223
8/12/2013,16.64982261,16.25,17.332,0.322359793,16.3034,17.1336,8,2013,224
8/13/2013,16.47278435,16.199,16.81,0.17942493,16.258,16.73,8,2013,225
8/14/2013,16.52631826,16.2,16.918,0.17859556,16.3384,16.8048,8,2013,226
8/15/2013,16.69514957,16.283,17.381,0.326675939,16.317,17.1862,8,2013,227
8/16/2013,16.67022957,16.235,17.028,0.22160052,16.3554,16.9516,8,2013,228
8/17/2013,16.71526783,16.225,17.132,0.233304099,16.4054,17.0522,8,2013,229
8/18/2013,16.82913391,16.549,17.074,0.136114324,16.633,17.0206,8,2013,230
8/19/2013,17.1231287,16.71,18.062,0.337509826,16.8154,17.7112,8,2013,231
8/20/2013,17.91032696,17.404,18.603,0.359904213,17.5098,18.466,8,2013,232
8/21/2013,18.48494087,18.161,18.837,0.144819676,18.2944,18.6888,8,2013,233
8/22/2013,18.39968696,18.076,18.634,0.09754459,18.2928,18.5446,8,2013,234
8/23/2013,17.84493565,17.492,18.385,0.21433053,17.57,18.169,8,2013,235
8/24/2013,16.77950261,16.505,17.212,0.229854361,16.532,17.1358,8,2013,236
8/25/2013,16.6457513,16.36,16.873,0.115033743,16.502,16.819,8,2013,237
8/26/2013,17.02938957,16.552,17.582,0.219742226,16.7448,17.3372,8,2013,238
8/27/2013,17.1586313,16.606,17.811,0.28352173,16.805,17.5658,8,2013,239
8/28/2013,17.12537565,16.613,17.695,0.23693963,16.8104,17.448,8,2013,240
8/29/2013,17.60681043,16.985,18.024,0.231640462,17.285,17.9108,8,2013,241
8/30/2013,17.80575826,17.233,18.221,0.205141845,17.5174,18.0738,8,2013,242
8/31/2013,17.83793739,17.237,18.25,0.20910736,17.5402,18.0992,8,2013,243
9/1/2013,17.91164696,17.35,18.24,0.181814755,17.6468,18.1296,9,2013,244
9/2/2013,18.09894261,17.637,18.399,0.138268493,17.908,18.2536,9,2013,245
9/3/2013,17.45394783,16.843,17.988,0.196214934,17.2028,17.668,9,2013,246
9/4/2013,17.46258435,16.893,17.872,0.143871929,17.278,17.6336,9,2013,247
9/5/2013,17.37778261,16.632,17.753,0.231423175,17.0704,17.6426,9,2013,248
9/6/2013,16.85479826,16.238,17.504,0.305462255,16.4902,17.298,9,2013,249
9/7/2013,16.43150261,16.002,16.81,0.18872221,16.203,16.6994,9,2013,250
9/8/2013,16.13513043,15.768,16.47,0.182496237,15.8794,16.3906,9,2013,251
9/9/2013,15.51940174,15.299,15.93,0.168422555,15.331,15.7906,9,2013,252
9/10/2013,15.50465217,15.149,15.789,0.17954021,15.225,15.7236,9,2013,253
9/11/2013,16.32353739,15.846,16.749,0.214233294,16.058,16.641,9,2013,254
9/12/2013,16.39845565,15.959,16.773,0.192596139,16.158,16.6706,9,2013,255
9/13/2013,15.48991304,15.232,15.723,0.104048934,15.3434,15.62,9,2013,256
9/14/2013,14.97583478,14.718,15.392,0.18120882,14.7654,15.2642,9,2013,257
9/15/2013,14.91529217,14.585,15.646,0.27581483,14.6288,15.3204,9,2013,258
9/16/2013,14.91987304,14.72,15.193,0.138236855,14.748,15.1416,9,2013,259
9/17/2013,14.45530957,14.258,14.755,0.110896104,14.3168,14.6166,9,2013,260
9/18/2013,13.88586261,13.771,14.082,0.068883912,13.803,13.987,9,2013,261
9/19/2013,14.28858783,14.098,14.651,0.146886534,14.151,14.5282,9,2013,262
9/20/2013,14.52468174,14.209,15.011,0.220962208,14.29,14.8896,9,2013,263
9/21/2013,14.97260522,14.504,15.497,0.287008096,14.5954,15.3906,9,2013,264
9/22/2013,14.91553043,14.686,15.349,0.204035904,14.7104,15.244,9,2013,265
9/23/2013,14.60702783,13.946,15.213,0.392003652,14.033,15.1226,9,2013,266
9/24/2013,13.66001739,13.27,14.183,0.215326079,13.332,13.9218,9,2013,267
9/25/2013,13.26906261,13.069,13.949,0.154612631,13.135,13.4834,9,2013,268
9/26/2013,13.54266087,13.299,13.776,0.09289677,13.3958,13.65,9,2013,269
9/27/2013,13.85202087,13.553,14.166,0.136271658,13.702,14.0728,9,2013,270
9/28/2013,13.97965391,13.659,14.31,0.130218833,13.8342,14.1862,9,2013,271
9/29/2013,13.99,13.671,14.262,0.121063119,13.863,14.1586,9,2013,272
9/30/2013,14.1136087,13.852,14.435,0.105199851,13.973,14.249,9,2013,273
10/1/2013,14.45592696,14.014,14.649,0.107738884,14.3224,14.596,10,2013,274
10/2/2013,14.75202261,14.422,15.249,0.188255455,14.5038,15.0266,10,2013,275
10/3/2013,14.90351478,14.575,15.426,0.224944816,14.667,15.282,10,2013,276
10/4/2013,14.98513739,14.6,15.394,0.176915678,14.8134,15.2934,10,2013,277
10/5/2013,14.41492522,14.172,15.01,0.174294105,14.2402,14.689,10,2013,278
10/6/2013,14.17016696,13.787,14.722,0.15801193,13.974,14.351,10,2013,279
10/7/2013,14.00492174,13.711,14.106,0.0688311,13.8962,14.076,10,2013,280
10/8/2013,13.93401043,13.783,14.051,0.057874759,13.8524,14.019,10,2013,281
10/9/2013,13.90257391,13.706,14.099,0.086433784,13.815,14.0406,10,2013,282
10/10/2013,13.93714435,13.802,14.037,0.047518619,13.862,13.9946,10,2013,283
10/11/2013,13.61082609,13.368,13.74,0.079135823,13.487,13.7026,10,2013,284
10/12/2013,13.37042261,13.192,13.456,0.055985879,13.2878,13.4346,10,2013,285
10/13/2013,13.46520174,13.205,13.842,0.161874035,13.261,13.7164,10,2013,286
10/14/2013,13.47284348,13.101,13.958,0.2023308,13.1898,13.766,10,2013,287
10/15/2013,13.43535304,13.1,13.652,0.143430186,13.221,13.618,10,2013,288
10/16/2013,13.45513043,13.231,13.554,0.070247884,13.342,13.531,10,2013,289
10/17/2013,14.10768696,13.729,14.21,0.102043559,13.9624,14.204,10,2013,290
10/18/2013,14.25176,13.898,14.51,0.116068096,14.122,14.4222,10,2013,291
10/19/2013,14.11734087,13.469,14.384,0.160295944,13.929,14.3154,10,2013,292
10/20/2013,14.01557739,13.479,14.182,0.134834305,13.8188,14.151,10,2013,293
10/21/2013,13.16113043,12.875,13.432,0.122969935,12.9932,13.3272,10,2013,294
10/22/2013,12.97811652,12.818,13.18,0.082421509,12.873,13.0906,10,2013,295
10/23/2013,12.86592,12.68,13.179,0.097375046,12.754,13.002,10,2013,296
10/24/2013,12.14826261,11.919,12.383,0.096446022,11.996,12.262,10,2013,297
10/25/2013,11.91457217,11.687,12.151,0.104358808,11.7938,12.081,10,2013,298
10/26/2013,11.87453217,11.664,12.2,0.143371773,11.7084,12.1176,10,2013,299
10/27/2013,11.61158783,11.418,11.823,0.118171547,11.453,11.7756,10,2013,300
10/28/2013,11.15414783,10.914,11.366,0.114628854,10.9684,11.3016,10,2013,301
10/29/2013,11.21035478,10.921,11.481,0.13148862,11.012,11.379,10,2013,302
10/30/2013,10.79614261,10.522,10.953,0.115129032,10.6214,10.914,10,2013,303
10/31/2013,10.51608348,10.271,10.803,0.137864297,10.3624,10.739,10,2013,304
11/1/2013,10.99566435,10.722,11.162,0.090272972,10.8774,11.1106,11,2013,305
11/2/2013,10.91276348,10.665,11.106,0.117866279,10.76,11.075,11,2013,306
11/3/2013,10.82083826,10.587,10.946,0.080699338,10.705,10.9266,11,2013,307
11/4/2013,10.18688522,9.934,10.456,0.118300129,10.0256,10.3646,11,2013,308
11/5/2013,10.03702261,9.784,10.478,0.202225013,9.832,10.354,11,2013,309
11/6/2013,9.996965217,9.789,10.343,0.153297252,9.8324,10.2412,11,2013,310
11/7/2013,10.09726783,9.896,10.329,0.093295125,9.965,10.2196,11,2013,311
11/8/2013,9.881676522,9.564,10.262,0.156538469,9.6964,10.1166,11,2013,312
11/9/2013,9.841572174,9.428,10.207,0.177529665,9.6354,10.0978,11,2013,313
11/10/2013,9.873713043,9.68,10.16,0.113795997,9.7504,10.0584,11,2013,314
11/11/2013,9.852631304,9.708,10.067,0.075275312,9.779,9.9706,11,2013,315
11/12/2013,9.703457391,9.433,9.974,0.134478193,9.518,9.8832,11,2013,316
11/13/2013,9.397636522,9.053,9.815,0.193239462,9.1804,9.7124,11,2013,317
11/14/2013,9.369789565,8.95,9.964,0.259111513,9.0958,9.8096,11,2013,318
11/15/2013,9.493791304,9.043,10.169,0.268179697,9.183,9.9216,11,2013,319
11/16/2013,9.283086957,8.902,9.65,0.201775972,9.0204,9.5576,11,2013,320
11/17/2013,9.026641739,8.814,9.269,0.107951839,8.881,9.1676,11,2013,321
11/18/2013,9.268813913,8.981,9.541,0.130004242,9.087,9.423,11,2013,322
11/19/2013,9.347050435,8.962,9.824,0.224887636,9.0664,9.6826,11,2013,323
11/20/2013,9.175831304,8.842,9.588,0.202098368,8.909,9.453,11,2013,324
11/21/2013,9.000196522,8.753,9.516,0.153742017,8.7942,9.2104,11,2013,325
11/22/2013,9.06577913,8.786,9.352,0.134906542,8.88,9.2424,11,2013,326
11/23/2013,9.131511304,8.756,9.597,0.231647695,8.833,9.4628,11,2013,327
11/24/2013,8.976205217,8.604,9.564,0.230335976,8.6504,9.2364,11,2013,328
11/25/2013,8.744946087,8.581,8.935,0.068047858,8.649,8.835,11,2013,329
11/26/2013,8.517989565,8.413,8.704,0.065308114,8.441,8.6192,11,2013,330
11/27/2013,8.672307826,8.541,8.84,0.064634358,8.5834,8.753,11,2013,331
11/28/2013,7.989128696,7.845,8.249,0.090358813,7.8784,8.1186,11,2013,332
11/29/2013,7.686704348,7.507,8.135,0.12807293,7.549,7.8686,11,2013,333
11/30/2013,7.58222087,7.373,8.167,0.164447893,7.415,7.8188,11,2013,334
12/1/2013,7.648147826,7.479,8.088,0.13076396,7.5124,7.8386,12,2013,335
12/2/2013,7.809532174,7.669,8.009,0.081901032,7.704,7.9276,12,2013,336
12/3/2013,7.376203478,7.155,7.714,0.151074278,7.196,7.6036,12,2013,337
12/4/2013,7.38934087,7.094,7.809,0.185317315,7.1614,7.6622,12,2013,338
12/5/2013,7.411450435,7.153,7.754,0.151386509,7.2184,7.6196,12,2013,339
12/6/2013,7.206732174,7.004,7.613,0.129914504,7.053,7.3952,12,2013,340
12/7/2013,7.226106087,6.932,7.697,0.167412573,7.0128,7.4616,12,2013,341
12/8/2013,7.874937391,7.575,8.254,0.158430421,7.6654,8.0976,12,2013,342
12/9/2013,6.707608696,6.423,7.162,0.14936989,6.5084,6.9022,12,2013,343
12/10/2013,6.67830087,6.406,7.07,0.139345602,6.4894,6.863,12,2013,344
12/11/2013,6.920408696,6.63,7.348,0.193927233,6.709,7.2376,12,2013,345
12/12/2013,6.847234783,6.503,7.331,0.242117169,6.5804,7.2272,12,2013,346
12/13/2013,6.606417391,6.324,7.148,0.215012583,6.3504,6.916,12,2013,347
12/14/2013,6.470893913,6.136,7.125,0.207211655,6.2354,6.7492,12,2013,348
12/15/2013,6.410008696,6.247,6.801,0.136139205,6.263,6.6132,12,2013,349
12/16/2013,6.305387826,6.146,6.837,0.102008647,6.2018,6.4248,12,2013,350
12/17/2013,6.328867826,6.066,7.082,0.221271649,6.103,6.6686,12,2013,351
12/18/2013,6.112205217,5.859,6.769,0.190497185,5.9014,6.4006,12,2013,352
12/19/2013,5.862292174,5.417,6.844,0.336032137,5.4814,6.343,12,2013,353
12/20/2013,6.009942609,5.588,6.813,0.300271054,5.669,6.4694,12,2013,354
12/21/2013,6.458187826,6.126,6.839,0.176691752,6.2184,6.7022,12,2013,355
12/22/2013,5.742791304,5.591,5.957,0.08131428,5.6344,5.852,12,2013,356
12/23/2013,5.847756522,5.453,6.229,0.180463833,5.601,6.093,12,2013,357
12/24/2013,5.506513043,4.975,6.116,0.25275123,5.1798,5.846,12,2013,358
12/25/2013,5.511850435,5.16,6.045,0.191374476,5.266,5.7776,12,2013,359
12/26/2013,5.511994783,5.096,5.967,0.184678311,5.2514,5.7376,12,2013,360
12/27/2013,5.433342609,4.932,5.92,0.183311494,5.1946,5.6562,12,2013,361
12/28/2013,5.491993043,4.888,6.111,0.211745985,5.225,5.769,12,2013,362
12/29/2013,5.52922087,4.847,6.096,0.234657965,5.2244,5.8228,12,2013,363
12/30/2013,5.33596,4.742,5.942,0.240101895,5.0438,5.6726,12,2013,364
12/31/2013,4.912890435,4.509,5.25,0.150842455,4.7038,5.1086,12,2013,365
1/1/2014,4.757634783,4.237,5.288,0.201162022,4.4838,5.0222,1,2014,1
1/2/2014,4.708191304,4.169,5.259,0.231627032,4.4008,5.0198,1,2014,2
1/3/2014,4.532587826,4.098,4.952,0.183355585,4.2694,4.7496,1,2014,3
1/4/2014,4.282330435,3.68,4.767,0.266278571,3.9024,4.6166,1,2014,4
1/5/2014,4.308473043,3.667,4.919,0.286445066,3.9014,4.6626,1,2014,5
1/6/2014,4.287612174,3.793,4.765,0.230862745,3.9774,4.589,1,2014,6
1/7/2014,4.053822609,3.592,4.763,0.241235098,3.7608,4.388,1,2014,7
1/8/2014,4.08268,3.594,4.555,0.219618227,3.7868,4.384,1,2014,8
1/9/2014,4.165403478,3.727,4.734,0.208002556,3.9042,4.4442,1,2014,9
1/10/2014,4.127193043,3.692,4.555,0.173645819,3.8898,4.351,1,2014,10
1/11/2014,4.200526957,3.762,4.566,0.185203924,3.9384,4.441,1,2014,11
1/12/2014,4.117714783,3.674,4.573,0.187480643,3.8672,4.3556,1,2014,12
1/13/2014,4.032297391,3.58,4.556,0.209755666,3.7516,4.3026,1,2014,13
1/14/2014,4.194264348,3.833,4.592,0.170504947,3.9648,4.4098,1,2014,14
1/15/2014,4.321333913,4.044,4.683,0.157669614,4.1158,4.5472,1,2014,15
1/16/2014,4.361502609,4.112,4.698,0.142116381,4.1784,4.5618,1,2014,16
1/17/2014,4.31745913,4.125,4.55,0.103846181,4.1804,4.4586,1,2014,17
1/18/2014,4.092262609,3.88,4.359,0.113780516,3.9394,4.2482,1,2014,18
1/19/2014,3.72038087,3.528,3.964,0.108537391,3.579,3.8712,1,2014,19
1/20/2014,3.358674783,3.151,3.73,0.129368785,3.1984,3.5408,1,2014,20
1/21/2014,3.286653913,3.083,3.789,0.152949811,3.1134,3.509,1,2014,21
1/22/2014,3.289944348,3.032,3.965,0.212963617,3.075,3.6392,1,2014,22
1/23/2014,3.277093913,3.011,3.954,0.223486746,3.055,3.6312,1,2014,23
1/24/2014,3.353236522,3.135,3.9,0.183292363,3.1634,3.6402,1,2014,24
1/25/2014,3.546106087,3.394,3.746,0.090171445,3.4304,3.6772,1,2014,25
1/26/2014,3.594873043,3.457,3.803,0.079782476,3.489,3.7026,1,2014,26
1/27/2014,3.997986087,3.822,4.174,0.088486951,3.878,4.117,1,2014,27
1/28/2014,3.589866087,3.288,4.116,0.203344281,3.3454,3.8946,1,2014,28
1/29/2014,3.376373913,3.004,4.273,0.310847113,3.0534,3.8752,1,2014,29
1/30/2014,3.322549565,2.927,4.241,0.324337175,2.978,3.8482,1,2014,30
1/31/2014,3.476871304,3.203,4.233,0.244147013,3.226,3.8642,1,2014,31
2/1/2014,3.730236522,3.58,4.045,0.109820203,3.613,3.9016,2,2014,32
2/2/2014,4.028645217,3.893,4.179,0.066527975,3.9414,4.1236,2,2014,33
2/3/2014,3.664728696,3.542,4.128,0.107541983,3.5614,3.805,2,2014,34
2/4/2014,3.47302087,3.302,4.133,0.165156951,3.313,3.6922,2,2014,35
2/5/2014,3.413286957,3.229,3.891,0.128111366,3.2674,3.5816,2,2014,36
2/6/2014,3.099805217,2.85,3.565,0.156306633,2.909,3.3326,2,2014,37
2/7/2014,3.096697391,2.594,3.741,0.297402235,2.7302,3.55,2,2014,38
2/8/2014,3.19322087,2.67,3.921,0.323349141,2.816,3.7076,2,2014,39
2/9/2014,3.303596522,2.801,3.978,0.303533811,2.9374,3.7648,2,2014,40
2/10/2014,2.92178087,2.523,3.521,0.212945963,2.6456,3.23,2,2014,41
2/11/2014,2.812998261,2.409,3.329,0.20268503,2.528,3.0596,2,2014,42
2/12/2014,2.829977391,2.414,3.438,0.220453179,2.5274,3.1128,2,2014,43
2/13/2014,2.74184,2.372,3.481,0.223154355,2.4652,3.0482,2,2014,44
2/14/2014,2.455015652,2.057,2.979,0.215564912,2.1634,2.7476,2,2014,45
2/15/2014,2.407193043,1.953,2.978,0.265570891,2.0524,2.7706,2,2014,46
2/16/2014,2.529565217,2.136,3.028,0.226742564,2.2364,2.8516,2,2014,47
2/17/2014,2.50242087,2.089,2.968,0.196142939,2.2358,2.7508,2,2014,48
2/18/2014,2.488645217,2.034,3.031,0.207585655,2.216,2.7542,2,2014,49
2/19/2014,2.596831304,2.099,3.02,0.219386334,2.2874,2.8746,2,2014,50
2/20/2014,2.693751304,2.292,3.052,0.182522193,2.4424,2.9326,2,2014,51
2/21/2014,2.727142609,2.389,3.014,0.15942544,2.5044,2.94,2,2014,52
2/22/2014,2.635864348,2.281,2.969,0.179706669,2.385,2.871,2,2014,53
2/23/2014,2.190761739,1.736,2.856,0.29016346,1.852,2.635,2,2014,54
2/24/2014,1.889473043,1.447,2.508,0.28523508,1.5284,2.3008,2,2014,55
2/25/2014,1.54425913,1.142,2.408,0.363956258,1.184,2.1434,2,2014,56
2/26/2014,1.569923478,0.99,2.646,0.483190833,1.0524,2.348,2,2014,57
2/27/2014,1.520452174,0.911,2.651,0.506315997,0.9814,2.3286,2,2014,58
2/28/2014,1.57258087,1.138,2.607,0.374358806,1.1958,2.165,2,2014,59
3/1/2014,1.766603478,1.464,2.538,0.257003374,1.5306,2.1738,3,2014,60
3/2/2014,1.941147826,1.633,2.333,0.169606557,1.7234,2.1828,3,2014,61
3/3/2014,1.820975652,1.499,2.309,0.200079295,1.5764,2.1188,3,2014,62
3/4/2014,1.859078261,1.551,2.306,0.196924929,1.6204,2.162,3,2014,63
3/5/2014,1.828285217,1.496,2.277,0.180571109,1.596,2.0802,3,2014,64
3/6/2014,1.91252,1.585,2.335,0.169626355,1.6944,2.1452,3,2014,65
3/7/2014,1.981947826,1.564,2.57,0.224712075,1.7144,2.306,3,2014,66
3/8/2014,2.239321739,1.841,2.704,0.19757806,1.988,2.5256,3,2014,67
3/9/2014,2.548772174,2.049,2.893,0.182518345,2.2856,2.771,3,2014,68
3/10/2014,2.837149565,2.221,3.23,0.22478178,2.5108,3.108,3,2014,69
3/11/2014,3.037822609,2.554,3.44,0.204046973,2.7486,3.3052,3,2014,70
3/12/2014,2.262271304,2.033,2.45,0.098447599,2.12,2.385,3,2014,71
3/13/2014,2.07358087,1.83,2.268,0.104106368,1.926,2.206,3,2014,72
3/14/2014,2.090747826,1.673,2.395,0.191126044,1.816,2.3306,3,2014,73
3/15/2014,2.253573913,1.655,2.746,0.320283473,1.7858,2.634,3,2014,74
3/16/2014,1.924772174,1.177,2.494,0.341945141,1.4242,2.3388,3,2014,75
3/17/2014,1.531358261,1.121,1.889,0.195523724,1.2378,1.782,3,2014,76
3/18/2014,1.444726957,0.82,2.199,0.385072757,0.9214,1.9974,3,2014,77
3/19/2014,1.52289913,0.946,2.31,0.351161771,1.0654,2.0312,3,2014,78
3/20/2014,1.637186087,1.186,2.11,0.228888288,1.3364,1.963,3,2014,79
3/21/2014,1.745271304,1.028,2.213,0.315454071,1.3234,2.13,3,2014,80
3/22/2014,1.695671304,0.897,2.217,0.354060146,1.213,2.12,3,2014,81
3/23/2014,1.547085217,0.886,2.172,0.357222436,1.0718,2.0268,3,2014,82
3/24/2014,1.410132174,0.791,2.02,0.36725514,0.9112,1.9028,3,2014,83
3/25/2014,1.200956522,0.691,1.72,0.308163154,0.7942,1.6256,3,2014,84
3/26/2014,1.422229565,0.857,2.001,0.323526086,0.982,1.875,3,2014,85
3/27/2014,1.635878261,1.151,2.262,0.326884116,1.2074,2.1202,3,2014,86
3/28/2014,2.323874783,1.943,2.718,0.209443834,2.042,2.608,3,2014,87
3/29/2014,2.538165217,1.87,2.976,0.299845097,2.0604,2.883,3,2014,88
3/30/2014,2.507361739,2.097,2.889,0.227263262,2.158,2.7926,3,2014,89
3/31/2014,2.388857391,2.026,2.77,0.206163006,2.093,2.6592,3,2014,90
4/1/2014,2.25668,1.693,2.842,0.336897417,1.7828,2.6926,4,2014,91
4/2/2014,2.470128696,1.917,3.021,0.368840273,1.9814,2.9632,4,2014,92
4/3/2014,2.494406957,1.974,3.015,0.353180232,2.0328,2.96,4,2014,93
4/4/2014,2.588302609,2.138,3.117,0.294541294,2.2234,3.0046,4,2014,94
4/5/2014,2.669812174,2.199,3.202,0.260377292,2.31,3.0174,4,2014,95
4/6/2014,3.378368696,2.752,3.819,0.320980868,2.9154,3.782,4,2014,96
4/7/2014,3.617566957,2.732,4.013,0.269350985,3.2804,3.9056,4,2014,97
4/8/2014,3.894231304,2.997,4.202,0.230772299,3.557,4.1422,4,2014,98
4/9/2014,3.86049913,2.949,4.243,0.259374186,3.482,4.141,4,2014,99
4/10/2014,3.66452,2.897,4.044,0.304222117,3.1816,3.9686,4,2014,100
4/11/2014,3.744586087,3.44,3.947,0.138568248,3.5518,3.928,4,2014,101
4/12/2014,3.785342609,3.554,3.917,0.077345569,3.678,3.8806,4,2014,102
4/13/2014,4.514466087,4.201,4.775,0.134849633,4.3214,4.6896,4,2014,103
4/14/2014,4.769241739,4.523,4.986,0.112822155,4.6124,4.9156,4,2014,104
4/15/2014,4.107154783,3.543,4.493,0.234239593,3.7682,4.4126,4,2014,105
4/16/2014,4.387467826,3.436,4.909,0.357661572,3.853,4.8308,4,2014,106
4/17/2014,4.37404,3.362,4.956,0.377188236,3.8258,4.8486,4,2014,107
4/18/2014,4.465937391,4.134,4.673,0.145936635,4.24,4.6386,4,2014,108
4/19/2014,5.352982609,4.745,5.795,0.205211635,5.1002,5.6642,4,2014,109
4/20/2014,5.563626087,5.001,5.839,0.158696402,5.3516,5.766,4,2014,110
4/21/2014,5.481888696,5.061,5.934,0.190290384,5.2412,5.747,4,2014,111
4/22/2014,5.350652174,5,5.596,0.119699482,5.186,5.498,4,2014,112
4/23/2014,5.28672,4.949,5.504,0.121826903,5.1012,5.4336,4,2014,113
4/24/2014,4.945182609,4.759,5.238,0.115354958,4.8054,5.1116,4,2014,114
4/25/2014,5.041342609,4.789,5.303,0.135318836,4.838,5.209,4,2014,115
4/26/2014,5.665133913,5.187,5.985,0.194067379,5.4178,5.934,4,2014,116
4/27/2014,5.996243478,5.628,6.406,0.191091701,5.7246,6.2436,4,2014,117
4/28/2014,6.121766957,5.724,6.584,0.203589585,5.845,6.3978,4,2014,118
4/29/2014,6.126022609,5.802,6.411,0.143859365,5.9288,6.3236,4,2014,119
4/30/2014,6.097102609,5.883,6.276,0.089087231,5.9824,6.224,4,2014,120
5/1/2014,6.376646957,6.271,6.522,0.038617875,6.3244,6.4216,5,2014,121
5/2/2014,6.396286957,6.189,6.771,0.089642997,6.304,6.5086,5,2014,122
5/3/2014,6.550083478,6.254,6.976,0.195421683,6.325,6.8646,5,2014,123
5/4/2014,6.64593913,6.227,7.417,0.29987439,6.3524,7.1334,5,2014,124
5/5/2014,7.312010435,6.783,7.527,0.155820823,7.0484,7.442,5,2014,125
5/6/2014,7.420186087,7.122,7.922,0.203871112,7.187,7.7436,5,2014,126
5/7/2014,7.463304348,7.173,8.037,0.216077463,7.223,7.7822,5,2014,127
5/8/2014,7.573603478,7.287,7.948,0.159447596,7.3824,7.8204,5,2014,128
5/9/2014,7.799914783,7.49,8.023,0.12925217,7.6024,7.949,5,2014,129
5/10/2014,9.069721739,8.617,9.251,0.145459691,8.847,9.219,5,2014,130
5/11/2014,9.477575652,9.204,9.843,0.172976748,9.26,9.7202,5,2014,131
5/12/2014,9.4806,9.057,10.046,0.255578493,9.168,9.8376,5,2014,132
5/13/2014,9.511881739,9.207,9.867,0.183568015,9.2784,9.7706,5,2014,133
5/14/2014,9.396546087,8.965,9.531,0.115250572,9.2116,9.504,5,2014,134
5/15/2014,9.425266087,8.695,9.827,0.254816988,9.0518,9.715,5,2014,135
5/16/2014,9.401544348,8.918,9.606,0.154006972,9.1664,9.559,5,2014,136
5/17/2014,9.446513043,8.983,9.707,0.135424675,9.263,9.6056,5,2014,137
5/18/2014,9.511356522,8.973,9.861,0.160561601,9.304,9.711,5,2014,138
5/19/2014,9.352132174,8.885,9.535,0.134471063,9.1494,9.487,5,2014,139
5/20/2014,9.23033913,8.78,9.536,0.167237937,8.9948,9.4286,5,2014,140
5/21/2014,8.808003478,8.364,9.27,0.228719934,8.4928,9.1192,5,2014,141
5/22/2014,9.009113043,8.515,9.469,0.247800533,8.6624,9.3446,5,2014,142
5/23/2014,9.365168696,8.852,9.838,0.255241618,9.0042,9.7052,5,2014,143
5/24/2014,9.963269565,9.517,10.324,0.195761798,9.6904,10.2286,5,2014,144
5/25/2014,10.11410261,9.752,10.402,0.152245612,9.9064,10.318,5,2014,145
5/26/2014,9.891172174,9.516,10.183,0.164381927,9.6622,10.1122,5,2014,146
5/27/2014,9.49830087,9.235,9.648,0.085365814,9.3756,9.6016,5,2014,147
5/28/2014,9.59610087,9.108,9.755,0.116763066,9.4324,9.717,5,2014,148
5/29/2014,9.709269565,9.102,9.89,0.140169007,9.5168,9.8446,5,2014,149
5/30/2014,9.891575652,9.624,10.149,0.132612075,9.7484,10.0866,5,2014,150
5/31/2014,11.29374609,10.695,11.642,0.188846558,11.0644,11.5796,5,2014,151
6/1/2014,11.36738609,10.906,11.728,0.211456836,11.0664,11.6738,6,2014,152
6/2/2014,11.66926087,11.439,11.858,0.09201739,11.5314,11.782,6,2014,153
6/3/2014,12.02946783,11.775,12.194,0.087888938,11.9004,12.1456,6,2014,154
6/4/2014,12.23499652,12,12.463,0.09905065,12.1138,12.389,6,2014,155
6/5/2014,12.29738783,12.08,12.521,0.095570892,12.173,12.4296,6,2014,156
6/6/2014,12.36550783,12.204,12.602,0.087265122,12.2534,12.4932,6,2014,157
6/7/2014,12.39859652,12.259,12.618,0.082444284,12.3014,12.522,6,2014,158
6/8/2014,12.49457913,12.344,12.749,0.093500919,12.388,12.6366,6,2014,159
6/9/2014,12.88609043,12.532,13.304,0.171738585,12.658,13.1246,6,2014,160
6/10/2014,13.86899826,13.634,14.022,0.077293943,13.7468,13.957,6,2014,161
6/11/2014,13.85167826,13.676,14.027,0.069264371,13.754,13.9446,6,2014,162
6/12/2014,14.06986435,13.831,14.241,0.088129492,13.933,14.175,6,2014,163
6/13/2014,13.75495826,13.438,14.013,0.141389613,13.5478,13.933,6,2014,164
6/14/2014,13.46429391,13.183,13.705,0.114349298,13.31,13.614,6,2014,165
6/15/2014,13.35089913,13.073,13.608,0.123687057,13.188,13.5186,6,2014,166
6/16/2014,13.12465043,12.761,13.49,0.192913553,12.8584,13.396,6,2014,167
6/17/2014,13.82501913,13.337,14.176,0.217834771,13.5014,14.0986,6,2014,168
6/18/2014,14.32109217,13.688,14.748,0.236041225,13.9552,14.597,6,2014,169
6/19/2014,14.59696696,13.849,14.997,0.267529016,14.1476,14.854,6,2014,170
6/20/2014,14.41972522,13.564,15.004,0.352660951,13.839,14.7898,6,2014,171
6/21/2014,13.97946261,13.354,14.73,0.300740674,13.56,14.4266,6,2014,172
6/22/2014,13.88757043,13.483,14.433,0.187470652,13.6276,14.1516,6,2014,173
6/23/2014,14.36695304,14.145,14.951,0.174237851,14.183,14.612,6,2014,174
6/24/2014,14.59165565,14.259,15.019,0.158689438,14.441,14.8396,6,2014,175
6/25/2014,14.35976348,14.15,14.576,0.079637351,14.2554,14.4652,6,2014,176
6/26/2014,14.56062087,14.402,14.764,0.082169254,14.46,14.6716,6,2014,177
6/27/2014,14.93974957,14.63,15.158,0.085858809,14.8414,15.0666,6,2014,178
6/28/2014,15.37604,15.069,15.742,0.135382772,15.231,15.5812,6,2014,179
6/29/2014,15.79844348,15.402,16.059,0.14180177,15.5978,15.9942,6,2014,180
6/30/2014,16.19329913,15.774,16.568,0.205243887,15.8978,16.4772,6,2014,181
7/1/2014,16.89250261,16.321,17.303,0.217442939,16.585,17.1702,7,2014,182
7/2/2014,16.99144,16.424,17.371,0.21841455,16.6814,17.2586,7,2014,183
7/3/2014,16.5722713,15.993,17.057,0.227248408,16.2564,16.8662,7,2014,184
7/4/2014,16.34119478,15.71,16.893,0.252534712,15.993,16.6782,7,2014,185
7/5/2014,16.08160348,15.414,16.632,0.262235012,15.7188,16.4176,7,2014,186
7/6/2014,15.5684313,15.015,16.034,0.215413633,15.2694,15.8518,7,2014,187
7/7/2014,16.10843478,15.416,16.563,0.254733253,15.749,16.4378,7,2014,188
7/8/2014,16.33234435,15.708,16.774,0.235548895,16.0038,16.6372,7,2014,189
7/9/2014,16.24532522,15.775,16.612,0.206431081,15.9512,16.5076,7,2014,190
7/10/2014,16.04657913,15.59,16.535,0.23039554,15.7294,16.3446,7,2014,191
7/11/2014,16.18343478,15.677,16.614,0.219376998,15.8748,16.4632,7,2014,192
7/12/2014,16.39418261,15.809,16.826,0.234800664,16.0614,16.6696,7,2014,193
7/13/2014,16.21758783,15.592,16.784,0.286850194,15.8206,16.6,7,2014,194
7/14/2014,16.35386261,15.702,17.072,0.325581833,15.915,16.7926,7,2014,195
7/15/2014,14.64657043,14.004,15.434,0.32245518,14.217,15.091,7,2014,196
7/16/2014,14.4938487,13.981,15.089,0.249585754,14.1448,14.8206,7,2014,197
7/17/2014,14.94967652,14.37,15.921,0.348963153,14.524,15.4506,7,2014,198
7/18/2014,15.39997739,14.761,16.353,0.354715877,14.9758,15.9236,7,2014,199
7/19/2014,16.62828,16.175,17.08,0.225402806,16.3128,16.9246,7,2014,200
7/20/2014,16.85462957,16.436,17.504,0.215828329,16.5924,17.1506,7,2014,201
7/21/2014,16.91994609,16.636,17.579,0.200720988,16.719,17.2382,7,2014,202
7/22/2014,17.19434435,16.739,18.361,0.386672046,16.7884,17.7836,7,2014,203
7/23/2014,18.16364696,17.651,19.021,0.308414139,17.8274,18.6498,7,2014,204
7/24/2014,18.27579826,17.841,18.683,0.177754198,18.042,18.5096,7,2014,205
7/25/2014,18.14939304,17.656,18.575,0.161302058,17.9714,18.3714,7,2014,206
7/26/2014,18.22547652,17.661,18.739,0.197248792,17.97,18.4912,7,2014,207
7/27/2014,17.3959287,16.56,18.437,0.421455145,16.884,18.026,7,2014,208
7/28/2014,16.14702261,15.711,16.761,0.249693989,15.8394,16.5082,7,2014,209
7/29/2014,15.7591113,15.167,16.733,0.429075862,15.2834,16.4494,7,2014,210
7/30/2014,16.16734957,15.669,16.819,0.246291981,15.839,16.5132,7,2014,211
7/31/2014,17.15433391,16.588,17.842,0.292189953,16.7674,17.5366,7,2014,212
8/1/2014,17.46761739,16.912,17.988,0.25120126,17.1372,17.7936,8,2014,213
8/2/2014,17.61576696,17.41,17.87,0.095884065,17.512,17.76,8,2014,214
8/3/2014,18.40358957,17.7,19.017,0.317875732,17.9956,18.8632,8,2014,215
8/4/2014,18.98529565,18.611,19.226,0.14587673,18.7788,19.1646,8,2014,216
8/5/2014,19.20376348,18.848,19.402,0.115312376,19.0464,19.3432,8,2014,217
8/6/2014,19.09403652,18.659,19.488,0.182554561,18.8442,19.3276,8,2014,218
8/7/2014,18.64660696,18.246,19.347,0.211014198,18.4078,18.9312,8,2014,219
8/8/2014,18.27106957,17.873,18.734,0.189655479,18.0284,18.5372,8,2014,220
8/9/2014,18.2528487,17.774,18.428,0.139893226,18.0404,18.363,8,2014,221
8/10/2014,18.14969391,17.576,18.438,0.16921343,17.9132,18.305,8,2014,222
8/11/2014,18.13593565,17.629,18.518,0.170931566,17.9352,18.367,8,2014,223
8/12/2014,18.20730261,17.658,18.475,0.113831079,18.0734,18.317,8,2014,224
8/13/2014,17.77560174,17.219,18.293,0.22371443,17.4764,18.0626,8,2014,225
8/14/2014,16.61038087,16.373,16.935,0.154226075,16.3984,16.8148,8,2014,226
8/15/2014,16.36276522,15.739,16.927,0.331077997,15.8872,16.7968,8,2014,227
8/16/2014,16.3673687,15.934,16.966,0.265402376,16.1028,16.7988,8,2014,228
8/17/2014,17.09245043,16.325,17.323,0.17343392,16.866,17.259,8,2014,229
8/18/2014,17.23245391,16.483,17.561,0.186590332,17,17.4436,8,2014,230
8/19/2014,16.93367652,16.383,17.3,0.138483573,16.7768,17.0824,8,2014,231
8/20/2014,16.88126957,16.343,17.471,0.202089551,16.618,17.1468,8,2014,232
8/21/2014,16.6798713,16.09,17.09,0.16369516,16.4938,16.8986,8,2014,233
8/22/2014,16.57271478,15.938,16.97,0.205212982,16.268,16.8256,8,2014,234
8/23/2014,16.63510087,16.249,16.912,0.151496105,16.4294,16.8212,8,2014,235
8/24/2014,16.65922261,16.416,16.962,0.116392939,16.5224,16.8366,8,2014,236
8/25/2014,16.75636696,16.294,17.345,0.212864967,16.4802,17.0536,8,2014,237
8/26/2014,17.71279478,16.898,18.252,0.329665837,17.2544,18.1206,8,2014,238
8/27/2014,17.1812313,16.712,17.735,0.24367914,16.84,17.5096,8,2014,239
8/28/2014,16.5909287,16.329,17.033,0.158032216,16.383,16.8162,8,2014,240
8/29/2014,16.33901391,15.855,16.769,0.199044021,16.0582,16.6092,8,2014,241
8/30/2014,16.1943113,15.803,16.681,0.205229723,15.9414,16.501,8,2014,242
8/31/2014,16.34108174,15.871,16.89,0.260680004,16.014,16.7466,8,2014,243
9/1/2014,16.70598435,16.464,16.97,0.110798345,16.5434,16.8436,9,2014,244
9/2/2014,17.3334,16.983,17.928,0.2031949,17.0994,17.6312,9,2014,245
9/3/2014,18.04344174,17.703,18.593,0.223581794,17.798,18.3712,9,2014,246
9/4/2014,18.22030261,17.851,18.843,0.287322553,17.88,18.6622,9,2014,247
9/5/2014,18.07727652,17.36,18.903,0.44007802,17.5374,18.711,9,2014,248
9/6/2014,17.96993913,17.521,18.704,0.325189033,17.598,18.482,9,2014,249
9/7/2014,17.67668348,17.258,17.966,0.141820545,17.5004,17.8762,9,2014,250
9/8/2014,17.4511113,16.884,18.122,0.355029515,16.9574,17.9326,9,2014,251
9/9/2014,16.62163826,16.208,17.155,0.186281879,16.3924,16.8588,9,2014,252
9/10/2014,16.40644348,15.863,17.107,0.278985225,16.0332,16.7878,9,2014,253
9/11/2014,15.94372174,15.51,16.566,0.209158058,15.7468,16.254,9,2014,254
9/12/2014,15.91605739,15.552,16.569,0.230620006,15.6194,16.2378,9,2014,255
9/13/2014,15.80150261,15.182,16.277,0.198597056,15.565,16.066,9,2014,256
9/14/2014,14.96528522,14.325,15.423,0.232643007,14.625,15.243,9,2014,257
9/15/2014,14.80569217,14.387,15.262,0.16342943,14.6154,15.0474,9,2014,258
9/16/2014,14.97393565,14.52,15.523,0.178914734,14.789,15.239,9,2014,259
9/17/2014,15.08696174,14.827,15.532,0.136685307,14.9404,15.2882,9,2014,260
9/18/2014,15.13274783,14.883,15.439,0.122129411,14.994,15.3232,9,2014,261
9/19/2014,14.86093043,14.556,15.158,0.102194418,14.741,14.997,9,2014,262
9/20/2014,14.30537391,14.041,14.619,0.125426746,14.1458,14.4796,9,2014,263
9/21/2014,14.12403304,13.771,14.646,0.24150796,13.8724,14.5258,9,2014,264
9/22/2014,14.18908348,13.979,14.452,0.133649667,14.024,14.3926,9,2014,265
9/23/2014,13.73033913,13.161,14.386,0.243532235,13.4158,14.0436,9,2014,266
9/24/2014,13.75306087,12.926,14.348,0.259815429,13.396,14.056,9,2014,267
9/25/2014,14.24591826,13.417,14.626,0.219046163,13.9272,14.4852,9,2014,268
9/26/2014,14.5749113,14.191,14.94,0.179022104,14.306,14.8042,9,2014,269
9/27/2014,14.81799652,14.444,15.31,0.219943056,14.49,15.0536,9,2014,270
9/28/2014,15.25214609,14.9,15.844,0.21130887,14.9524,15.5038,9,2014,271
9/29/2014,15.46384174,15.099,15.794,0.125575085,15.3032,15.629,9,2014,272
9/30/2014,15.32911304,14.884,15.638,0.157107542,15.1086,15.5266,9,2014,273
10/1/2014,13.85196174,13.486,14.117,0.121308797,13.6864,13.9966,10,2014,274
10/2/2014,13.87993217,13.594,14.109,0.093997816,13.761,13.9986,10,2014,275
10/3/2014,13.87538957,13.547,14.19,0.11767648,13.7394,14.019,10,2014,276
10/4/2014,13.72328348,13.427,13.857,0.088471996,13.5854,13.797,10,2014,277
10/5/2014,13.88824174,13.444,14.113,0.129124507,13.7004,14.0462,10,2014,278
10/6/2014,13.74725217,13.256,14.005,0.111473989,13.6314,13.9056,10,2014,279
10/7/2014,13.64342783,13.196,14.021,0.170203889,13.4394,13.9282,10,2014,280
10/8/2014,13.67575826,13.253,13.928,0.112259541,13.5688,13.859,10,2014,281
10/9/2014,13.73612174,13.466,14.029,0.110791478,13.598,13.8906,10,2014,282
10/10/2014,13.45216174,13.174,13.583,0.065931571,13.372,13.531,10,2014,283
10/11/2014,13.11445913,12.8,13.27,0.101163982,12.967,13.2366,10,2014,284
10/12/2014,12.99473913,12.621,13.249,0.15799544,12.787,13.212,10,2014,285
10/13/2014,12.82551826,12.314,13.412,0.372893665,12.365,13.3242,10,2014,286
10/14/2014,12.46849043,12.091,13.229,0.257777508,12.218,12.8702,10,2014,287
10/15/2014,12.40756348,12.26,12.739,0.10674142,12.3104,12.581,10,2014,288
10/16/2014,13.40379478,13.07,13.696,0.167366494,13.1582,13.6176,10,2014,289
10/17/2014,13.95595652,13.707,14.275,0.125740053,13.7944,14.0966,10,2014,290
10/18/2014,13.58244522,13.387,13.768,0.0909053,13.4724,13.728,10,2014,291
10/19/2014,13.39563304,13.051,13.651,0.137410988,13.2112,13.5756,10,2014,292
10/20/2014,13.12607304,12.799,13.436,0.151607708,12.9322,13.3386,10,2014,293
10/21/2014,12.58837391,12.502,12.667,0.044854441,12.5264,12.6486,10,2014,294
10/22/2014,12.58152,12.508,12.663,0.035835219,12.53,12.6256,10,2014,295
10/23/2014,12.12802087,12.02,12.27,0.055542929,12.0558,12.208,10,2014,296
10/24/2014,11.82448,11.741,12.029,0.066594324,11.751,11.9286,10,2014,297
10/25/2014,11.77994783,11.691,11.856,0.044678457,11.7124,11.836,10,2014,298
10/26/2014,11.72206957,11.579,11.885,0.095251887,11.5874,11.8556,10,2014,299
10/27/2014,11.73983652,11.6,11.91,0.084254185,11.623,11.859,10,2014,300
10/28/2014,11.65255478,11.471,11.802,0.09537255,11.5114,11.766,10,2014,301
10/29/2014,11.5663687,11.331,11.866,0.158294701,11.352,11.7916,10,2014,302
10/30/2014,11.46912174,11.179,11.809,0.195063339,11.216,11.7576,10,2014,303
10/31/2014,11.32702609,10.971,11.68,0.17331364,11.1032,11.5632,10,2014,304
11/1/2014,11.20441913,10.742,11.669,0.211237048,10.935,11.5296,11,2014,305
11/2/2014,10.94665913,10.822,11.299,0.11422776,10.8374,11.1256,11,2014,306
11/3/2014,10.80001043,10.501,11.377,0.202898071,10.564,11.1082,11,2014,307
11/4/2014,10.76411478,10.444,11.459,0.228843511,10.517,11.1172,11,2014,308
11/5/2014,10.7429687,10.466,11.249,0.195670835,10.5264,11.048,11,2014,309
11/6/2014,10.72292174,10.422,11.224,0.211003738,10.482,11.0522,11,2014,310
11/7/2014,10.42358261,10.079,10.777,0.182166261,10.173,10.6708,11,2014,311
11/8/2014,10.43966435,10.201,10.824,0.154191023,10.2674,10.6886,11,2014,312
11/9/2014,10.47981391,10.259,10.848,0.135770373,10.316,10.6822,11,2014,313
11/10/2014,10.45545217,10.26,10.853,0.124355596,10.316,10.6354,11,2014,314
11/11/2014,10.63811652,10.291,11.064,0.192554129,10.3988,10.9378,11,2014,315
11/12/2014,10.69397739,10.275,11.202,0.256094776,10.3828,11.0944,11,2014,316
11/13/2014,10.7111687,10.245,11.262,0.290547712,10.3268,11.1576,11,2014,317
11/14/2014,10.27167304,9.994,10.608,0.139896207,10.0904,10.465,11,2014,318
11/15/2014,9.883702609,9.673,10.418,0.149077267,9.7414,10.083,11,2014,319
11/16/2014,9.864958261,9.599,10.352,0.169093448,9.6748,10.1268,11,2014,320
11/17/2014,9.912471304,9.65,10.281,0.136122314,9.731,10.0866,11,2014,321
11/18/2014,9.990476522,9.54,10.526,0.292312954,9.6024,10.404,11,2014,322
11/19/2014,9.916869565,9.413,10.464,0.305160982,9.513,10.3436,11,2014,323
11/20/2014,9.96917913,9.795,10.299,0.126691486,9.8214,10.1646,11,2014,324
11/21/2014,9.872226087,9.779,10.197,0.085871659,9.799,10.0086,11,2014,325
11/22/2014,9.879826087,9.676,10.307,0.128096875,9.7534,10.0742,11,2014,326
11/23/2014,10.00134435,9.874,10.304,0.096935715,9.903,10.144,11,2014,327
11/24/2014,10.13484174,9.949,10.407,0.106863264,10.0044,10.2904,11,2014,328
11/25/2014,9.913601739,9.648,10.271,0.141744432,9.7348,10.1178,11,2014,329
11/26/2014,9.515852174,9.352,9.726,0.084583839,9.405,9.6336,11,2014,330
11/27/2014,9.226045217,9.093,9.387,0.069545273,9.132,9.322,11,2014,331
11/28/2014,8.930467826,8.8,9.144,0.075129194,8.8354,9.0408,11,2014,332
11/29/2014,8.968873043,8.813,9.215,0.083897645,8.8604,9.0886,11,2014,333
11/30/2014,8.983566957,8.818,9.223,0.087029163,8.869,9.1016,11,2014,334
12/1/2014,8.947890435,8.781,9.204,0.094228613,8.824,9.079,12,2014,335
12/2/2014,9.038205217,8.84,9.321,0.115699838,8.893,9.2056,12,2014,336
12/3/2014,8.599036522,8.367,9.255,0.179760246,8.416,8.8598,12,2014,337
12/4/2014,8.312046957,8.044,9.143,0.235849845,8.078,8.6394,12,2014,338
12/5/2014,8.1894,7.91,8.832,0.213783561,7.951,8.526,12,2014,339
12/6/2014,8.29170087,8.084,8.692,0.161192921,8.1104,8.544,12,2014,340
12/7/2014,8.048146087,7.846,8.458,0.135408967,7.89,8.2576,12,2014,341
12/8/2014,7.901843478,7.602,8.316,0.174799427,7.671,8.1406,12,2014,342
12/9/2014,8.044758261,7.778,8.564,0.173513063,7.8354,8.3012,12,2014,343
12/10/2014,8.550365217,8.346,8.94,0.124913847,8.398,8.724,12,2014,344
12/11/2014,7.873648696,7.76,7.998,0.057826441,7.793,7.9496,12,2014,345
12/12/2014,7.437057391,7.301,7.662,0.075514647,7.336,7.5372,12,2014,346
12/13/2014,7.328746087,7.132,7.657,0.117302469,7.1774,7.493,12,2014,347
12/14/2014,7.112236522,6.854,7.424,0.14151091,6.929,7.3232,12,2014,348
12/15/2014,7.140398261,6.818,7.465,0.159090576,6.9234,7.3626,12,2014,349
12/16/2014,6.873624348,6.51,7.29,0.18491248,6.627,7.1198,12,2014,350
12/17/2014,6.708674783,6.431,7.038,0.149869712,6.506,6.9136,12,2014,351
12/18/2014,6.079918261,5.744,6.496,0.190627933,5.8228,6.338,12,2014,352
12/19/2014,6.147897391,5.766,6.555,0.198997378,5.878,6.4126,12,2014,353
12/20/2014,6.103746087,5.63,6.555,0.228656426,5.806,6.4362,12,2014,354
12/21/2014,6.210544348,5.869,6.498,0.163579987,5.985,6.4296,12,2014,355
12/22/2014,6.369328696,6.059,6.801,0.162559412,6.151,6.588,12,2014,356
12/23/2014,7.173514783,6.792,7.528,0.176861487,6.9282,7.402,12,2014,357
12/24/2014,7.289222609,6.941,7.69,0.172482163,7.0534,7.5106,12,2014,358
12/25/2014,6.344128696,5.909,6.842,0.225675426,6.0294,6.6408,12,2014,359
12/26/2014,6.119716522,5.578,6.728,0.285697742,5.7334,6.514,12,2014,360
12/27/2014,6.003775652,5.394,6.584,0.31881472,5.561,6.4422,12,2014,361
12/28/2014,5.917857391,5.412,6.419,0.245222378,5.5694,6.2396,12,2014,362
12/29/2014,6.21776,5.761,6.706,0.24172181,5.924,6.5874,12,2014,363
12/30/2014,5.817001739,5.303,6.451,0.286119627,5.465,6.2322,12,2014,364
12/31/2014,5.530834783,5.158,6.08,0.22750915,5.2624,5.8716,12,2014,365
1/1/2015,5.831446957,5.273,6.51,0.318216519,5.447,6.31,1,2015,1
1/2/2015,6.447683478,5.434,7.271,0.44916885,5.7256,7.0036,1,2015,2
1/3/2015,6.854913043,6.389,7.555,0.348009276,6.4452,7.4086,1,2015,3
1/4/2015,7.251132174,7.083,7.426,0.081269779,7.142,7.366,1,2015,4
1/5/2015,6.961427826,6.83,7.291,0.093262684,6.8734,7.1046,1,2015,5
1/6/2015,6.689034783,6.401,7.371,0.226906707,6.463,7.036,1,2015,6
1/7/2015,6.56566087,6.417,6.978,0.131347432,6.43,6.7622,1,2015,7
1/8/2015,6.235824348,5.923,6.674,0.180683069,6.0068,6.4976,1,2015,8
1/9/2015,6.74384,6.361,7.388,0.269615584,6.4274,7.1438,1,2015,9
1/10/2015,6.829848696,6.648,7.283,0.150533499,6.6844,7.0646,1,2015,10
1/11/2015,6.683991304,6.365,7.048,0.119241045,6.5412,6.8448,1,2015,11
1/12/2015,6.681090435,6.571,7.011,0.083809487,6.606,6.8066,1,2015,12
1/13/2015,6.626507826,6.509,6.818,0.065293304,6.5454,6.718,1,2015,13
1/14/2015,6.254768696,6.12,6.549,0.092537442,6.147,6.381,1,2015,14
1/15/2015,6.203262609,6.11,6.459,0.081290392,6.122,6.3322,1,2015,15
1/16/2015,6.013485217,5.897,6.275,0.078886232,5.924,6.1292,1,2015,16
1/17/2015,5.84588,5.496,6.236,0.172412896,5.6168,6.095,1,2015,17
1/18/2015,5.818243478,5.496,6.192,0.156304402,5.6128,6.0326,1,2015,18
1/19/2015,5.296466087,5.045,5.859,0.182269505,5.1014,5.5726,1,2015,19
1/20/2015,5.133718261,4.787,5.795,0.234126601,4.866,5.4884,1,2015,20
1/21/2015,5.165695652,4.787,5.873,0.228707053,4.8978,5.4976,1,2015,21
1/22/2015,5.236231304,4.878,5.696,0.175457303,4.993,5.4586,1,2015,22
1/23/2015,5.1764,4.823,5.549,0.167959054,4.94,5.3912,1,2015,23
1/24/2015,4.966497391,4.541,5.382,0.206404839,4.6764,5.2372,1,2015,24
1/25/2015,4.854462609,4.332,5.493,0.264073414,4.4892,5.1974,1,2015,25
1/26/2015,4.664956522,4.15,5.572,0.34062728,4.2668,5.1844,1,2015,26
1/27/2015,4.541074783,4.004,5.403,0.336995512,4.1424,5.0534,1,2015,27
1/28/2015,4.146373913,3.73,4.606,0.222404294,3.8458,4.4428,1,2015,28
1/29/2015,4.107509565,3.588,4.646,0.261898562,3.7418,4.4362,1,2015,29
1/30/2015,4.191753043,3.701,4.665,0.23688806,3.863,4.513,1,2015,30
1/31/2015,4.140674783,3.713,4.514,0.20177638,3.8524,4.399,1,2015,31
2/1/2015,3.996389565,3.543,4.418,0.21720613,3.6934,4.2876,2,2015,32
2/2/2015,3.861064348,3.426,4.352,0.227132629,3.5584,4.177,2,2015,33
2/3/2015,3.495624348,3.027,3.999,0.239399826,3.1724,3.8298,2,2015,34
2/4/2015,3.199982609,2.614,3.749,0.273962375,2.8272,3.558,2,2015,35
2/5/2015,3.113368696,2.5,4.187,0.321647512,2.7368,3.5502,2,2015,36
2/6/2015,2.853189565,2.309,4.126,0.34960624,2.4552,3.331,2,2015,37
2/7/2015,2.729986087,2.259,3.635,0.293903472,2.371,3.1362,2,2015,38
2/8/2015,2.661466087,2.225,3.112,0.231551686,2.3518,2.9946,2,2015,39
2/9/2015,2.681906087,2.146,3.313,0.280768554,2.316,3.0688,2,2015,40
2/10/2015,2.422873043,2.014,3.306,0.299389971,2.0984,2.8866,2,2015,41
2/11/2015,2.286813913,1.936,3.145,0.288638589,1.994,2.7096,2,2015,42
2/12/2015,2.360191304,2.011,2.829,0.20062496,2.0988,2.6372,2,2015,43
2/13/2015,2.453182609,2.024,3.021,0.234367574,2.1434,2.7792,2,2015,44
2/14/2015,2.367006957,1.964,2.928,0.209900009,2.0892,2.6474,2,2015,45
2/15/2015,2.472445217,2.098,2.998,0.197266591,2.2132,2.7406,2,2015,46
2/16/2015,2.724130435,2.291,3.274,0.226929801,2.417,3.0298,2,2015,47
2/17/2015,2.790888696,2.309,3.362,0.251155188,2.4434,3.1254,2,2015,48
2/18/2015,2.951226087,2.436,3.629,0.270865443,2.5864,3.3176,2,2015,49
2/19/2015,2.66744,2.11,3.478,0.30324432,2.2748,3.0936,2,2015,50
2/20/2015,2.678156522,2.219,3.385,0.262650653,2.3484,3.0584,2,2015,51
2/21/2015,2.561584348,2.123,3.243,0.259962312,2.2454,2.9256,2,2015,52
2/22/2015,2.386613913,1.921,3.132,0.276087474,2.0554,2.7806,2,2015,53
2/23/2015,1.885688696,1.57,2.352,0.177824853,1.6504,2.1426,2,2015,54
2/24/2015,1.703290435,1.423,2.093,0.159916314,1.492,1.9276,2,2015,55
2/25/2015,1.910523478,1.695,2.235,0.120403513,1.747,2.0766,2,2015,56
2/26/2015,2.074474783,1.91,2.355,0.091959726,1.9554,2.198,2,2015,57
2/27/2015,2.620476522,2.521,2.781,0.059226598,2.549,2.705,2,2015,58
2/28/2015,2.56050087,2.426,2.74,0.083459558,2.454,2.679,2,2015,59
3/1/2015,2.567269565,2.445,2.752,0.071254454,2.4804,2.668,3,2015,60
3/2/2015,2.584233043,2.486,2.752,0.061487156,2.505,2.668,3,2015,61
3/3/2015,2.236653913,2.112,2.432,0.079377655,2.134,2.3486,3,2015,62
3/4/2015,2.02497913,1.868,2.283,0.088272363,1.909,2.1456,3,2015,63
3/5/2015,1.872970435,1.792,2.045,0.05433482,1.808,1.9516,3,2015,64
3/6/2015,1.895309565,1.806,2.092,0.064708121,1.8214,1.9928,3,2015,65
3/7/2015,1.853848696,1.735,2.096,0.074113599,1.764,1.9576,3,2015,66
3/8/2015,2.068808696,1.844,2.33,0.115178781,1.907,2.232,3,2015,67
3/9/2015,1.798304348,1.481,2.78,0.285471679,1.511,2.21,3,2015,68
3/10/2015,1.781422609,1.461,2.832,0.291269187,1.4924,2.1652,3,2015,69
3/11/2015,2.220568696,1.941,2.743,0.184651989,1.9814,2.475,3,2015,70
3/12/2015,2.505961739,2.248,2.999,0.173040111,2.2994,2.7596,3,2015,71
3/13/2015,2.456874783,2.142,3.326,0.226943411,2.1984,2.741,3,2015,72
3/14/2015,2.401608696,2.108,3.083,0.205429239,2.164,2.6856,3,2015,73
3/15/2015,2.580038261,2.377,2.905,0.116225205,2.429,2.7432,3,2015,74
3/16/2015,2.326149565,2.125,2.635,0.123947985,2.18,2.5172,3,2015,75
3/17/2015,2.10702087,1.858,2.851,0.2584901,1.867,2.5472,3,2015,76
3/18/2015,2.099933913,1.83,2.892,0.27472607,1.864,2.5816,3,2015,77
3/19/2015,2.113226087,1.971,2.646,0.155628671,1.987,2.3586,3,2015,78
3/20/2015,2.173747826,2.079,2.574,0.099404906,2.102,2.3206,3,2015,79
3/21/2015,2.1966,2.133,2.401,0.05791785,2.14,2.2832,3,2015,80
3/22/2015,2.025906087,1.867,2.364,0.1160301,1.8994,2.2056,3,2015,81
3/23/2015,1.862116522,1.65,2.341,0.168355342,1.683,2.136,3,2015,82
3/24/2015,1.766236522,1.536,2.218,0.167972112,1.576,2.021,3,2015,83
3/25/2015,1.817363478,1.6,2.261,0.160077143,1.6364,2.067,3,2015,84
3/26/2015,1.969067826,1.798,2.229,0.105226157,1.837,2.1228,3,2015,85
3/27/2015,2.27158087,2.162,2.431,0.05875399,2.1924,2.3496,3,2015,86
3/28/2015,2.366236522,2.067,2.667,0.16476963,2.1348,2.5916,3,2015,87
3/29/2015,2.152349565,1.695,2.68,0.297891132,1.7634,2.5588,3,2015,88
3/30/2015,2.154553043,1.658,2.694,0.31457698,1.749,2.5766,3,2015,89
3/31/2015,2.138325217,1.612,2.664,0.29715836,1.735,2.5336,3,2015,90
4/1/2015,2.100707826,1.52,2.56,0.297657442,1.676,2.488,4,2015,91
4/2/2015,2.071933913,1.588,2.575,0.26297146,1.7248,2.433,4,2015,92
4/3/2015,2.367304348,2.033,2.745,0.19022183,2.116,2.6356,4,2015,93
4/4/2015,2.478114783,2.104,2.918,0.189412435,2.2354,2.7638,4,2015,94
4/5/2015,2.752422609,2.543,3.082,0.10739189,2.625,2.901,4,2015,95
4/6/2015,2.815450435,2.637,3.168,0.092309304,2.705,2.9326,4,2015,96
4/7/2015,2.948413913,2.64,3.539,0.192617879,2.7484,3.246,4,2015,97
4/8/2015,2.989770435,2.648,3.698,0.222132513,2.7496,3.3254,4,2015,98
4/9/2015,3.026486957,2.715,3.666,0.194277836,2.8204,3.3264,4,2015,99
4/10/2015,3.315634783,3.024,3.569,0.132487231,3.136,3.4886,4,2015,100
4/11/2015,3.298429565,2.857,3.648,0.200560065,3.0454,3.5928,4,2015,101
4/12/2015,3.239949565,2.714,3.571,0.206736436,2.9344,3.483,4,2015,102
4/13/2015,3.524165217,3.185,3.9,0.147792074,3.3274,3.728,4,2015,103
4/14/2015,3.971215652,3.584,4.527,0.265019923,3.6164,4.373,4,2015,104
4/15/2015,4.941626087,4.217,5.468,0.374594849,4.3824,5.385,4,2015,105
4/16/2015,5.39470087,4.841,5.915,0.292900105,4.968,5.7436,4,2015,106
4/17/2015,5.490189565,5.057,5.675,0.122248892,5.3206,5.6242,4,2015,107
4/18/2015,5.311424348,4.871,5.748,0.223253323,4.9874,5.592,4,2015,108
4/19/2015,5.330038261,4.641,5.897,0.272695498,4.9864,5.6796,4,2015,109
4/20/2015,5.290356522,4.871,5.603,0.182756096,5.0534,5.542,4,2015,110
4/21/2015,5.301234783,4.633,5.589,0.221470589,4.9274,5.5006,4,2015,111
4/22/2015,5.135603478,4.312,5.487,0.264445115,4.7174,5.4166,4,2015,112
4/23/2015,5.155885217,4.597,5.411,0.199505471,4.8234,5.348,4,2015,113
4/24/2015,5.535933913,5.137,5.719,0.137256503,5.3228,5.6946,4,2015,114
4/25/2015,5.819304348,5.224,6.316,0.298043609,5.3534,6.2064,4,2015,115
4/26/2015,5.831172174,5.153,6.421,0.336100885,5.309,6.2478,4,2015,116
4/27/2015,5.827001739,5.219,6.249,0.290945578,5.3724,6.1656,4,2015,117
4/28/2015,5.865803478,5.377,6.15,0.197320627,5.5572,6.0906,4,2015,118
4/29/2015,5.991993043,5.59,6.545,0.232781918,5.6984,6.335,4,2015,119
4/30/2015,6.24672,6.008,6.687,0.161837284,6.0628,6.5016,4,2015,120
5/1/2015,6.152024348,5.863,6.356,0.078772615,6.0424,6.2306,5,2015,121
5/2/2015,6.152024348,5.863,6.356,0.078772615,6.0424,6.2306,5,2015,122
5/3/2015,6.657241739,6.254,6.883,0.140199965,6.4498,6.8146,5,2015,123
5/4/2015,7.128133913,6.617,7.529,0.239871803,6.7758,7.4218,5,2015,124
5/5/2015,7.69764,7.269,7.988,0.215704649,7.344,7.9246,5,2015,125
5/6/2015,8.014074783,7.216,8.587,0.43516599,7.336,8.5116,5,2015,126
5/7/2015,8.140584348,7.411,8.777,0.395516787,7.5138,8.63,5,2015,127
5/8/2015,8.219081739,7.889,8.566,0.172952296,7.9734,8.4592,5,2015,128
5/9/2015,7.757114783,7.463,7.868,0.083426034,7.6288,7.833,5,2015,129
5/10/2015,7.150673043,7.013,7.276,0.062918792,7.059,7.234,5,2015,130
5/11/2015,7.905942609,7.607,8.178,0.132516445,7.728,8.0884,5,2015,131
5/12/2015,7.966589565,7.575,8.295,0.168661657,7.7366,8.203,5,2015,132
5/13/2015,8.055387826,7.595,8.392,0.164572567,7.8654,8.2868,5,2015,133
5/14/2015,8.083525217,7.634,8.575,0.201386195,7.8244,8.3966,5,2015,134
5/15/2015,8.161991304,7.799,8.488,0.163730971,7.9464,8.4016,5,2015,135
5/16/2015,8.119034783,7.84,8.501,0.145613883,7.9398,8.3556,5,2015,136
5/17/2015,8.1192,7.895,8.342,0.098947739,7.993,8.2622,5,2015,137
5/18/2015,8.469801739,8.194,8.764,0.128880488,8.3048,8.6516,5,2015,138
5/19/2015,8.541033043,8.289,8.687,0.075476632,8.448,8.649,5,2015,139
5/20/2015,8.880413913,8.501,9.21,0.143175616,8.709,9.0876,5,2015,140
5/21/2015,8.882805217,8.451,9.211,0.149484796,8.7064,9.1,5,2015,141
5/22/2015,8.871713043,8.559,9.174,0.123443943,8.733,9.0546,5,2015,142
5/23/2015,8.91417913,8.59,9.193,0.161073741,8.687,9.123,5,2015,143
5/24/2015,8.846549565,8.475,9.34,0.187420693,8.596,9.0996,5,2015,144
5/25/2015,8.74638087,8.445,8.945,0.077195503,8.6512,8.8346,5,2015,145
5/26/2015,8.625410435,8.322,8.8,0.101879678,8.482,8.75,5,2015,146
5/27/2015,8.882786087,8.607,9.109,0.106946914,8.7414,9.0246,5,2015,147
5/28/2015,9.743933913,9.572,9.909,0.07273432,9.6464,9.842,5,2015,148
5/29/2015,10.03825217,9.873,10.234,0.084144273,9.931,10.1376,5,2015,149
5/30/2015,10.18892,9.96,10.492,0.099288008,10.0724,10.324,5,2015,150
5/31/2015,10.33478783,10.215,10.68,0.106508887,10.233,10.4996,5,2015,151
6/1/2015,10.49052348,10.347,10.62,0.063501261,10.4024,10.5726,6,2015,152
6/2/2015,9.934993043,9.856,10.049,0.038369875,9.883,9.988,6,2015,153
6/3/2015,9.956577391,9.735,10.328,0.106592064,9.8164,10.0956,6,2015,154
6/4/2015,10.10711652,9.926,10.544,0.107908249,9.985,10.2648,6,2015,155
6/5/2015,10.60530435,10.431,10.864,0.105329612,10.458,10.7426,6,2015,156
6/6/2015,11.15027826,10.754,11.384,0.125618203,10.961,11.2906,6,2015,157
6/7/2015,11.11080696,10.727,11.294,0.120201599,10.9194,11.2176,6,2015,158
6/8/2015,10.7505687,10.406,11.092,0.158851689,10.5424,10.9656,6,2015,159
6/9/2015,10.92018435,10.621,11.189,0.131737983,10.743,11.0966,6,2015,160
6/10/2015,11.00147652,10.768,11.234,0.099549713,10.874,11.1362,6,2015,161
6/11/2015,10.13629913,9.751,10.535,0.188826804,9.893,10.4056,6,2015,162
6/12/2015,10.29467478,9.815,10.747,0.228032435,9.993,10.6156,6,2015,163
6/13/2015,10.60829565,10.147,11.053,0.225374886,10.312,10.9252,6,2015,164
6/14/2015,11.00653913,10.532,11.483,0.238823243,10.6872,11.3426,6,2015,165
6/15/2015,12.89708348,12.374,13.447,0.253032934,12.584,13.2656,6,2015,166
6/16/2015,12.96983478,12.637,13.482,0.182164241,12.777,13.2444,6,2015,167
6/17/2015,12.8909113,12.458,13.398,0.225681123,12.605,13.2078,6,2015,168
6/18/2015,13.07953217,12.772,13.498,0.140055857,12.9074,13.2544,6,2015,169
6/19/2015,13.44049217,12.919,14.309,0.282592471,13.1468,13.8826,6,2015,170
6/20/2015,13.83633043,13.36,14.754,0.399287696,13.479,14.5296,6,2015,171
6/21/2015,12.99797391,11.865,13.49,0.343188007,12.5062,13.3722,6,2015,172
6/22/2015,14.23855652,13.232,15.203,0.42121816,13.6204,14.807,6,2015,173
6/23/2015,13.98135478,13.087,14.919,0.477706475,13.3154,14.606,6,2015,174
6/24/2015,13.96533391,13.085,14.737,0.453134249,13.317,14.538,6,2015,175
6/25/2015,14.02577739,13.405,14.462,0.296060621,13.5664,14.366,6,2015,176
6/26/2015,14.74764348,13.792,15.384,0.343707871,14.2122,15.1212,6,2015,177
6/27/2015,14.61757391,13.409,15.335,0.403270313,14.0258,15.0832,6,2015,178
6/28/2015,14.77799826,14.001,15.252,0.245930499,14.382,15.0416,6,2015,179
6/29/2015,13.52257739,13.17,13.793,0.145430949,13.2982,13.697,6,2015,180
6/30/2015,13.48548696,13.159,13.759,0.135755196,13.283,13.6506,6,2015,181
7/1/2015,13.76635826,13.395,13.971,0.102369916,13.6324,13.8946,7,2015,182
7/2/2015,13.91107652,13.498,14.428,0.212344055,13.68,14.2446,7,2015,183
7/3/2015,13.96607478,13.473,14.291,0.136468256,13.8464,14.1698,7,2015,184
7/4/2015,14.56438783,14.177,14.809,0.095275417,14.458,14.681,7,2015,185
7/5/2015,14.6634313,14.362,15.135,0.161477666,14.52,14.9292,7,2015,186
7/6/2015,14.9345913,14.498,15.3,0.155627386,14.7644,15.1668,7,2015,187
7/7/2015,15.03349739,14.684,15.303,0.135446003,14.8548,15.217,7,2015,188
7/8/2015,15.25689739,14.831,15.601,0.175687732,15.0244,15.4906,7,2015,189
7/9/2015,15.64189217,15.042,16.158,0.249082775,15.314,15.9798,7,2015,190
7/10/2015,16.05997913,15.236,16.785,0.341992924,15.6104,16.5228,7,2015,191
7/11/2015,16.36179304,15.362,17.148,0.389659532,15.841,16.8716,7,2015,192
7/12/2015,16.47868348,15.452,17.277,0.400407855,15.946,17.0042,7,2015,193
7/13/2015,16.48913565,15.447,17.34,0.416116657,15.9346,17.0428,7,2015,194
7/14/2015,17.14746783,16.411,17.789,0.30123017,16.757,17.5502,7,2015,195
7/15/2015,16.7242313,15.945,17.417,0.320423708,16.309,17.152,7,2015,196
7/16/2015,16.2321513,15.511,16.858,0.295336853,15.8464,16.6254,7,2015,197
7/17/2015,15.84805565,15.218,16.358,0.245232295,15.5098,16.17,7,2015,198
7/18/2015,15.89694435,15.291,16.389,0.235646114,15.5722,16.2066,7,2015,199
7/19/2015,16.02569913,15.418,16.52,0.236029914,15.7104,16.3358,7,2015,200
7/20/2015,15.90916696,15.275,16.468,0.255163273,15.5806,16.2528,7,2015,201
7/21/2015,16.00149217,15.497,16.489,0.211726887,15.7212,16.2936,7,2015,202
7/22/2015,16.61182261,16.057,17.309,0.267467918,16.3098,17.0136,7,2015,203
7/23/2015,16.97102261,16.384,17.521,0.239117282,16.579,17.2596,7,2015,204
7/24/2015,16.97826609,16.184,17.609,0.320835838,16.4514,17.3252,7,2015,205
7/25/2015,16.81406435,16.413,17.343,0.184645732,16.5554,17.0396,7,2015,206
7/26/2015,16.13809565,15.131,16.765,0.426072947,15.5178,16.6776,7,2015,207
7/27/2015,15.8596887,15.08,16.388,0.344730686,15.35,16.3016,7,2015,208
7/28/2015,16.76345739,16.429,17.227,0.125409105,16.604,16.9,7,2015,209
7/29/2015,17.01246609,16.657,17.406,0.188819121,16.7624,17.2776,7,2015,210
7/30/2015,18.13676174,17.596,18.803,0.289785059,17.7508,18.541,7,2015,211
7/31/2015,18.67022087,17.86,19.235,0.285951663,18.235,19.0136,7,2015,212
8/1/2015,18.85372174,17.974,19.141,0.263822694,18.4108,19.0766,8,2015,213
8/2/2015,18.69723304,17.973,19,0.222655954,18.3386,18.9306,8,2015,214
8/3/2015,18.16730435,17.519,18.681,0.206886466,17.9196,18.474,8,2015,215
8/4/2015,17.1077913,16.581,17.467,0.205596332,16.8,17.362,8,2015,216
8/5/2015,16.71660522,16.264,17.153,0.194941363,16.4404,16.957,8,2015,217
8/6/2015,17.56365217,17.104,18.219,0.334836224,17.1828,18.0594,8,2015,218
8/7/2015,18.15809739,17.526,18.639,0.243871498,17.8444,18.516,8,2015,219
8/8/2015,17.91872,17.493,18.41,0.231438578,17.6374,18.2856,8,2015,220
8/9/2015,16.82993565,16.543,17.28,0.179652406,16.6304,17.1006,8,2015,221
8/10/2015,16.82210783,16.267,17.64,0.295146646,16.447,17.1752,8,2015,222
8/11/2015,17.2142,16.551,17.916,0.283956283,16.8874,17.6812,8,2015,223
8/12/2015,16.99544348,16.422,17.266,0.1646868,16.7476,17.194,8,2015,224
8/13/2015,16.86727304,16.279,17.276,0.206508692,16.5742,17.1206,8,2015,225
8/14/2015,17.15035478,16.586,17.652,0.251795212,16.7942,17.503,8,2015,226
8/15/2015,17.42943304,16.874,17.785,0.151687702,17.26,17.6144,8,2015,227
8/16/2015,17.65683826,17.085,18.376,0.293667753,17.262,18.063,8,2015,228
8/17/2015,18.39818957,18.052,18.665,0.140707646,18.1834,18.556,8,2015,229
8/18/2015,19.18842435,18.778,19.919,0.246032152,18.8768,19.53,8,2015,230
8/19/2015,19.61998261,19.153,20.378,0.313631949,19.2114,20.062,8,2015,231
8/20/2015,19.36919652,18.873,20.011,0.323774733,18.95,19.836,8,2015,232
8/21/2015,19.2631513,18.958,19.586,0.183260177,19.0248,19.5172,8,2015,233
8/22/2015,18.83149565,18.478,19.152,0.155903938,18.6174,19.037,8,2015,234
8/23/2015,18.77574957,18.538,18.916,0.081484099,18.655,18.868,8,2015,235
8/24/2015,18.81029043,18.555,19.077,0.128624298,18.6568,19.01,8,2015,236
8/25/2015,18.79321043,18.471,19.098,0.144486605,18.6014,18.9956,8,2015,237
8/26/2015,18.64849565,18.172,19.122,0.224468725,18.38,18.9466,8,2015,238
8/27/2015,18.41395826,17.559,19.24,0.370141189,18.0072,18.9602,8,2015,239
8/28/2015,18.33138783,17.585,19.179,0.364797019,17.9686,18.9078,8,2015,240
8/29/2015,18.42109565,17.799,19.197,0.402748869,17.952,19.036,8,2015,241
8/30/2015,18.55444348,18.07,18.887,0.180591671,18.325,18.7976,8,2015,242
8/31/2015,18.67193043,18.171,19.04,0.185016701,18.4078,18.8938,8,2015,243
9/1/2015,19.07251304,18.612,19.401,0.15939594,18.8498,19.265,9,2015,244
9/2/2015,18.99838087,18.55,19.29,0.122643783,18.857,19.1548,9,2015,245
9/3/2015,18.86422609,18.223,19.209,0.161857804,18.6684,19.0856,9,2015,246
9/4/2015,17.69504348,17.042,18.06,0.147143438,17.537,17.875,9,2015,247
9/5/2015,17.25348522,16.583,17.786,0.192419754,17.019,17.4762,9,2015,248
9/6/2015,17.31099304,16.606,17.799,0.23096004,17.0114,17.5986,9,2015,249
9/7/2015,17.50438609,16.765,17.784,0.186821983,17.1944,17.654,9,2015,250
9/8/2015,17.56825043,16.861,18.104,0.280538997,17.1818,17.9402,9,2015,251
9/9/2015,17.78511652,16.918,18.504,0.34432542,17.3256,18.2354,9,2015,252
9/10/2015,16.0665113,15.628,16.417,0.181841364,15.8202,16.3148,9,2015,253
9/11/2015,15.94966609,15.389,16.392,0.292954991,15.5304,16.2986,9,2015,254
9/12/2015,15.77038087,14.996,16.434,0.359163225,15.2768,16.2416,9,2015,255
9/13/2015,15.78265913,15.277,16.338,0.319005366,15.384,16.2422,9,2015,256
9/14/2015,15.88446957,15.427,16.392,0.295584584,15.488,16.278,9,2015,257
9/15/2015,15.95944522,15.308,16.68,0.420711915,15.4462,16.587,9,2015,258
9/16/2015,15.88074783,15.41,16.352,0.268418236,15.49,16.2186,9,2015,259
9/17/2015,16.28422261,15.817,16.542,0.162268594,16.0584,16.509,9,2015,260
9/18/2015,16.74116174,16.489,17.051,0.113723777,16.595,16.899,9,2015,261
9/19/2015,16.88397217,16.618,17.265,0.151131836,16.7258,17.1162,9,2015,262
9/20/2015,16.43931304,15.859,16.828,0.247414581,16.0458,16.7276,9,2015,263
9/21/2015,15.94459826,15.527,16.678,0.276101191,15.6854,16.3924,9,2015,264
9/22/2015,15.81836348,15.436,16.133,0.113026985,15.6668,15.9506,9,2015,265
9/23/2015,15.61413739,14.998,15.951,0.156787891,15.4288,15.8096,9,2015,266
9/24/2015,15.60896696,15.035,16.122,0.193936402,15.3838,15.8528,9,2015,267
9/25/2015,15.4588887,14.902,15.733,0.147681813,15.2468,15.6126,9,2015,268
9/26/2015,15.30793739,14.833,15.482,0.135994849,15.104,15.4406,9,2015,269
9/27/2015,15.23748696,14.675,15.496,0.150556689,15.0674,15.4226,9,2015,270
9/28/2015,15.19910435,14.633,15.474,0.139351133,15.025,15.3702,9,2015,271
9/29/2015,15.15471478,14.762,15.42,0.122200934,15.0196,15.3292,9,2015,272
9/30/2015,15.28217913,15.096,15.456,0.090765373,15.1638,15.422,9,2015,273
10/1/2015,14.93432522,14.623,15.172,0.128331712,14.7474,15.0896,10,2015,274
10/2/2015,13.62806087,13.363,13.759,0.099721571,13.4812,13.747,10,2015,275
10/3/2015,13.62946783,13.304,13.858,0.146842891,13.4334,13.817,10,2015,276
10/4/2015,13.46316174,13.095,13.717,0.140114686,13.257,13.638,10,2015,277
10/5/2015,13.36476,12.988,13.643,0.170709612,13.12,13.574,10,2015,278
10/6/2015,13.27801913,12.993,13.536,0.163620145,13.0484,13.4886,10,2015,279
10/7/2015,13.44766609,13.107,13.616,0.124800453,13.299,13.591,10,2015,280
10/8/2015,13.49402957,13.125,13.689,0.126775739,13.3324,13.6516,10,2015,281
10/9/2015,13.26719478,13.01,13.417,0.095857856,13.128,13.382,10,2015,282
10/10/2015,13.2071687,12.932,13.392,0.089938913,13.085,13.324,10,2015,283
10/11/2015,12.98197913,12.741,13.307,0.129727869,12.8198,13.186,10,2015,284
10/12/2015,12.91751826,12.744,13.275,0.111196765,12.7958,13.0926,10,2015,285
10/13/2015,13.23231652,13.002,13.551,0.099472865,13.134,13.3798,10,2015,286
10/14/2015,13.24383826,12.913,13.701,0.170668648,13.068,13.5104,10,2015,287
10/15/2015,13.00597217,12.54,13.45,0.171996848,12.832,13.3024,10,2015,288
10/16/2015,12.30123652,12.074,12.504,0.110568312,12.151,12.461,10,2015,289
10/17/2015,11.9186087,11.642,12.176,0.082690146,11.829,12.0246,10,2015,290
10/18/2015,11.51201739,11.283,11.892,0.12838277,11.3854,11.7118,10,2015,291
10/19/2015,11.25844522,10.991,11.638,0.105705462,11.124,11.385,10,2015,292
10/20/2015,11.23875478,10.873,11.634,0.136648704,11.03,11.3806,10,2015,293
10/21/2015,11.64324348,11.477,11.843,0.089332737,11.5194,11.761,10,2015,294
10/22/2015,11.6792,11.408,12.018,0.134082948,11.4968,11.861,10,2015,295
10/23/2015,11.4898887,11.159,11.999,0.183465151,11.288,11.7568,10,2015,296
10/24/2015,11.06929217,10.744,11.412,0.15736891,10.8354,11.2932,10,2015,297
10/25/2015,10.76354435,10.626,11.009,0.07433539,10.664,10.855,10,2015,298
10/26/2015,10.69294783,10.446,10.985,0.11731843,10.5034,10.807,10,2015,299
10/27/2015,10.65881565,10.476,10.946,0.084356805,10.5594,10.765,10,2015,300
10/28/2015,10.47878957,10.343,10.891,0.104652948,10.395,10.6354,10,2015,301
10/29/2015,10.60961391,10.435,11.014,0.123687889,10.471,10.7888,10,2015,302
10/30/2015,10.57287478,10.17,10.94,0.149278701,10.395,10.7912,10,2015,303
10/31/2015,10.48647478,10.062,10.824,0.157346116,10.323,10.729,10,2015,304
11/1/2015,10.49901739,9.988,10.754,0.173785471,10.2274,10.7004,11,2015,305
11/2/2015,10.55500696,10.021,10.782,0.181179517,10.2654,10.742,11,2015,306
11/3/2015,10.43013391,10.118,10.683,0.122491646,10.254,10.595,11,2015,307
11/4/2015,10.44932696,10.266,10.7,0.09358179,10.3334,10.5902,11,2015,308
11/5/2015,10.55489739,10.33,10.77,0.107848995,10.403,10.6886,11,2015,309
11/6/2015,10.61875304,10.414,10.871,0.116378789,10.459,10.7816,11,2015,310
11/7/2015,10.42946783,10.197,10.715,0.147632579,10.238,10.6376,11,2015,311
11/8/2015,10.50087826,10.237,10.835,0.171726199,10.2744,10.7326,11,2015,312
11/9/2015,10.47382435,10.236,10.819,0.153076518,10.283,10.6936,11,2015,313
11/10/2015,10.75062435,10.523,11.006,0.126365675,10.5844,10.9236,11,2015,314
11/11/2015,10.70854783,10.505,11.068,0.125276978,10.56,10.8986,11,2015,315
11/12/2015,10.34574087,10.145,10.645,0.105723444,10.2098,10.494,11,2015,316
11/13/2015,9.829326957,9.561,10.106,0.139393088,9.641,10.0246,11,2015,317
11/14/2015,9.70372,9.405,10.214,0.196659958,9.4734,10.0018,11,2015,318
11/15/2015,9.557173913,9.251,10.132,0.232565628,9.303,9.919,11,2015,319
11/16/2015,9.52022087,9.125,10.028,0.228031345,9.2308,9.8698,11,2015,320
11/17/2015,9.594166957,9.203,10.36,0.318427003,9.284,10.1126,11,2015,321
11/18/2015,9.420210435,8.987,10.299,0.338941418,9.0688,9.9466,11,2015,322
11/19/2015,9.412883478,9.013,10.066,0.25819072,9.152,9.8304,11,2015,323
11/20/2015,9.792786087,9.379,10.37,0.249897731,9.4774,10.1484,11,2015,324
11/21/2015,9.822805217,9.453,10.414,0.238336549,9.4952,10.158,11,2015,325
11/22/2015,9.691853913,9.284,10.127,0.21940669,9.4014,10.0008,11,2015,326
11/23/2015,9.07705913,8.725,9.432,0.181601259,8.834,9.343,11,2015,327
11/24/2015,8.854142609,8.424,9.361,0.243981465,8.5574,9.2276,11,2015,328
11/25/2015,8.605737391,8.329,9.103,0.162504052,8.4172,8.8396,11,2015,329
11/26/2015,8.625166957,8.42,8.842,0.109062843,8.4808,8.7928,11,2015,330
11/27/2015,8.854486957,8.709,9.128,0.092328131,8.743,8.9882,11,2015,331
11/28/2015,8.875233043,8.513,9.346,0.224620535,8.6054,9.1956,11,2015,332
11/29/2015,8.60185913,8.254,9.239,0.248232033,8.3374,8.993,11,2015,333
11/30/2015,8.427704348,8.094,8.972,0.201452892,8.1808,8.7262,11,2015,334
12/1/2015,8.360438261,8.085,8.821,0.185756526,8.151,8.6492,12,2015,335
12/2/2015,8.406853913,8.11,8.837,0.180151406,8.186,8.679,12,2015,336
12/3/2015,8.127846957,7.891,8.525,0.171200661,7.9134,8.3908,12,2015,337
12/4/2015,7.970354783,7.602,8.574,0.274153844,7.656,8.413,12,2015,338
12/5/2015,8.227488696,7.71,8.828,0.309866161,7.8562,8.698,12,2015,339
12/6/2015,8.291,7.737,8.852,0.301271539,7.931,8.7418,12,2015,340
12/7/2015,8.233605217,7.735,8.819,0.282794262,7.8844,8.6526,12,2015,341
12/8/2015,7.919589565,7.642,8.435,0.187035972,7.677,8.1698,12,2015,342
12/9/2015,7.93721913,7.638,8.361,0.204946897,7.6704,8.2256,12,2015,343
12/10/2015,8.032106087,7.768,8.536,0.171323484,7.817,8.2646,12,2015,344
12/11/2015,8.230387826,7.958,8.658,0.158762366,8.034,8.4638,12,2015,345
12/12/2015,8.202090435,7.933,8.73,0.175939436,8.0172,8.4698,12,2015,346
12/13/2015,8.256064348,8.011,8.61,0.137721798,8.083,8.453,12,2015,347
12/14/2015,8.601443478,8.352,8.903,0.139328754,8.4184,8.7976,12,2015,348
12/15/2015,8.441288696,8.193,8.861,0.175226305,8.2418,8.7158,12,2015,349
12/16/2015,8.337147826,8.092,8.803,0.18979997,8.134,8.639,12,2015,350
12/17/2015,8.201556522,7.803,8.622,0.212096955,7.9184,8.4946,12,2015,351
12/18/2015,7.868690435,7.558,8.242,0.172790053,7.642,8.118,12,2015,352
12/19/2015,7.864676522,7.412,8.409,0.274737435,7.48,8.2672,12,2015,353
12/20/2015,7.852368696,7.361,8.435,0.299013494,7.4364,8.289,12,2015,354
12/21/2015,7.921601739,7.603,8.318,0.210027109,7.6538,8.235,12,2015,355
12/22/2015,7.981636522,7.808,8.164,0.084035987,7.8634,8.0896,12,2015,356
12/23/2015,8.484937391,8.268,8.651,0.080755468,8.375,8.588,12,2015,357
12/24/2015,8.132424348,8.045,8.203,0.045291208,8.071,8.189,12,2015,358
12/25/2015,8.042824348,7.96,8.121,0.036118834,7.99,8.086,12,2015,359
12/26/2015,8.173772174,8.05,8.321,0.061883885,8.0894,8.254,12,2015,360
12/27/2015,8.119306087,7.983,8.276,0.067890388,8.0264,8.207,12,2015,361
12/28/2015,7.782815652,7.639,7.97,0.07407067,7.684,7.8826,12,2015,362
12/29/2015,7.757074783,7.599,7.964,0.081592958,7.648,7.866,12,2015,363
12/30/2015,7.425932174,7.196,7.603,0.105316235,7.276,7.5636,12,2015,364
12/31/2015,6.924321739,6.606,7.168,0.134112722,6.7394,7.0926,12,2015,365
1/1/2016,7.242325217,6.846,7.763,0.234015546,6.9704,7.5982,1,2016,1
1/2/2016,7.308405217,6.938,7.772,0.185720945,7.087,7.5766,1,2016,2
1/3/2016,7.192285217,6.711,7.516,0.196941453,6.9088,7.4366,1,2016,3
1/4/2016,7.068546087,6.709,7.432,0.160762645,6.8472,7.275,1,2016,4
1/5/2016,6.947142609,6.612,7.569,0.225558294,6.7114,7.2716,1,2016,5
1/6/2016,6.768387826,6.525,7.158,0.1672623,6.597,7.0456,1,2016,6
1/7/2016,6.706408696,6.45,7.213,0.220303026,6.522,7.1122,1,2016,7
1/8/2016,6.812692174,6.592,7.21,0.147180544,6.6658,7.0646,1,2016,8
1/9/2016,6.834695652,6.549,7.233,0.140361714,6.653,7.0306,1,2016,9
1/10/2016,6.31616,6.031,6.604,0.147707624,6.1154,6.523,1,2016,10
1/11/2016,6.155624348,5.764,6.65,0.219970448,5.8734,6.4782,1,2016,11
1/12/2016,6.166231304,5.775,6.657,0.223249748,5.88,6.4972,1,2016,12
1/13/2016,6.225205217,5.876,6.677,0.196417965,5.9784,6.5086,1,2016,13
1/14/2016,6.360043478,6.043,6.69,0.153515868,6.161,6.5762,1,2016,14
1/15/2016,6.39294087,6.103,6.652,0.133310463,6.206,6.5696,1,2016,15
1/16/2016,6.354958261,6.169,6.504,0.086723709,6.23,6.47,1,2016,16
1/17/2016,6.29065913,6.142,6.491,0.079203034,6.1864,6.3986,1,2016,17
1/18/2016,5.718168696,5.507,6.1,0.138216859,5.563,5.9312,1,2016,18
1/19/2016,5.557737391,5.216,6.4,0.31400391,5.259,6.0696,1,2016,19
1/20/2016,5.42626087,5.002,6.379,0.3845236,5.039,6.0556,1,2016,20
1/21/2016,5.449325217,5.074,6.307,0.317749809,5.1374,5.966,1,2016,21
1/22/2016,5.545262609,5.221,5.954,0.176456988,5.3164,5.7954,1,2016,22
1/23/2016,5.421062609,5.111,5.763,0.154233588,5.2098,5.6252,1,2016,23
1/24/2016,5.498789565,5.164,5.914,0.161122346,5.276,5.6976,1,2016,24
1/25/2016,5.5576,5.282,5.813,0.132120537,5.3704,5.732,1,2016,25
1/26/2016,4.949526957,4.578,5.438,0.217152571,4.6742,5.2662,1,2016,26
1/27/2016,4.801048696,4.384,5.666,0.27620726,4.4862,5.228,1,2016,27
1/28/2016,4.670530435,4.224,5.616,0.304080453,4.3318,5.1432,1,2016,28
1/29/2016,4.811448696,4.387,5.541,0.259273208,4.4924,5.1858,1,2016,29
1/30/2016,5.082601739,4.789,5.458,0.167468983,4.8664,5.3246,1,2016,30
1/31/2016,5.489586087,5.267,5.718,0.117637839,5.332,5.6486,1,2016,31
2/1/2016,5.382935652,5.067,5.975,0.224892644,5.135,5.7286,2,2016,32
2/2/2016,5.166895652,4.816,5.981,0.301193363,4.868,5.6512,2,2016,33
2/3/2016,5.101895652,4.737,5.879,0.312249765,4.7892,5.6116,2,2016,34
2/4/2016,4.979013913,4.65,5.482,0.211744175,4.7252,5.301,2,2016,35
2/5/2016,4.654613913,4.268,5.183,0.222892297,4.3694,4.9714,2,2016,36
2/6/2016,4.572166957,4.118,5.149,0.248266379,4.2488,4.9072,2,2016,37
2/7/2016,4.494966957,4.113,5.015,0.225411526,4.2142,4.8252,2,2016,38
2/8/2016,4.48305913,4.235,5.042,0.175974578,4.2874,4.7398,2,2016,39
2/9/2016,4.068224348,3.726,4.571,0.199725142,3.8174,4.3406,2,2016,40
2/10/2016,3.838434783,3.501,4.4,0.183813311,3.593,4.073,2,2016,41
2/11/2016,4.04018087,3.586,4.541,0.272261452,3.7274,4.446,2,2016,42
2/12/2016,4.003669565,3.517,4.611,0.30977912,3.6276,4.4612,2,2016,43
2/13/2016,3.714302609,3.231,4.382,0.295326652,3.3264,4.1288,2,2016,44
2/14/2016,3.491521739,3.141,4.114,0.247313959,3.216,3.8872,2,2016,45
2/15/2016,3.44776,3.106,4.262,0.28946475,3.171,3.9228,2,2016,46
2/16/2016,3.543262609,3.242,4.051,0.192286342,3.3224,3.8478,2,2016,47
2/17/2016,3.576010435,3.259,3.942,0.162227514,3.356,3.8026,2,2016,48
2/18/2016,3.507233043,3.114,3.896,0.191311414,3.2478,3.7454,2,2016,49
2/19/2016,3.509175652,3.087,3.925,0.200129955,3.2344,3.758,2,2016,50
2/20/2016,3.489450435,3.085,3.975,0.20147217,3.2212,3.7662,2,2016,51
2/21/2016,3.736610435,3.357,4.185,0.203587274,3.4614,4.0186,2,2016,52
2/22/2016,3.870956522,3.547,4.282,0.172384466,3.642,4.103,2,2016,53
2/23/2016,3.816238261,3.518,4.245,0.156682074,3.6068,4.0132,2,2016,54
2/24/2016,3.626913043,3.2,4.238,0.239636723,3.312,3.9632,2,2016,55
2/25/2016,3.428966957,3.119,3.833,0.194390858,3.184,3.702,2,2016,56
2/26/2016,3.555871304,3.167,4.069,0.251960883,3.2524,3.9382,2,2016,57
2/27/2016,3.677749565,3.346,4.13,0.21210052,3.4294,4.0166,2,2016,58
2/28/2016,3.738874783,3.393,4.155,0.199809748,3.494,4.0384,2,2016,59
2/29/2016,3.889012174,3.567,4.245,0.187222756,3.65,4.1662,2,2016,60
3/1/2016,3.96724,3.619,4.243,0.1645304,3.726,4.1776,3,2016,61
3/2/2016,3.781033043,3.55,4.057,0.12255435,3.6134,3.941,3,2016,62
3/3/2016,3.428126957,3.265,3.809,0.138694119,3.291,3.6566,3,2016,63
3/4/2016,3.316278261,3.095,3.742,0.173686687,3.136,3.606,3,2016,64
3/5/2016,3.473518261,3.154,3.847,0.166423369,3.2554,3.7126,3,2016,65
3/6/2016,3.528307826,3.283,3.823,0.126751798,3.3534,3.6956,3,2016,66
3/7/2016,3.622881739,3.378,3.897,0.129003511,3.445,3.7892,3,2016,67
3/8/2016,3.732723478,3.512,3.983,0.115412297,3.5724,3.885,3,2016,68
3/9/2016,4.020664348,3.836,4.264,0.091460071,3.894,4.133,3,2016,69
3/10/2016,4.762006957,4.413,4.986,0.138259729,4.566,4.9326,3,2016,70
3/11/2016,4.79476,4.399,5.09,0.185292277,4.5308,5.0356,3,2016,71
3/12/2016,4.66402087,4.255,5.01,0.198938138,4.386,4.9162,3,2016,72
3/13/2016,4.595248696,4.275,4.891,0.170376583,4.3714,4.8256,3,2016,73
3/14/2016,4.214890435,4.056,4.389,0.085869118,4.1064,4.3392,3,2016,74
3/15/2016,4.022744348,3.935,4.183,0.049509641,3.9594,4.09,3,2016,75
3/16/2016,4.126973913,3.977,4.293,0.070456632,4.026,4.2146,3,2016,76
3/17/2016,4.299998261,4.076,4.503,0.108685518,4.146,4.444,3,2016,77
3/18/2016,4.217817391,3.764,4.517,0.17786256,3.9634,4.4426,3,2016,78
3/19/2016,4.380250435,3.832,4.683,0.190605271,4.1014,4.59,3,2016,79
3/20/2016,4.331850435,3.785,4.626,0.199068559,4.0314,4.5536,3,2016,80
3/21/2016,3.961273043,3.445,4.306,0.220482857,3.676,4.2436,3,2016,81
3/22/2016,3.781977391,3.272,4.133,0.20569384,3.5014,4.054,3,2016,82
3/23/2016,3.83416,3.391,4.166,0.191588769,3.5868,4.085,3,2016,83
3/24/2016,3.705292174,3.412,3.994,0.13501393,3.5194,3.8896,3,2016,84
3/25/2016,4.198492174,3.962,4.404,0.116698693,4.033,4.3516,3,2016,85
3/26/2016,4.070911304,3.848,4.267,0.110403966,3.9154,4.215,3,2016,86
3/27/2016,3.886681739,3.554,4.135,0.148148943,3.6674,4.0732,3,2016,87
3/28/2016,3.85697913,3.445,4.098,0.157197859,3.614,4.0366,3,2016,88
3/29/2016,3.989177391,3.586,4.316,0.171436785,3.7406,4.1986,3,2016,89
3/30/2016,4.045523478,3.586,4.386,0.181203562,3.786,4.2678,3,2016,90
3/31/2016,4.036151304,3.619,4.369,0.191592273,3.751,4.269,3,2016,91
4/1/2016,3.998286957,3.779,4.189,0.109571335,3.842,4.1386,4,2016,92
4/2/2016,4.599942609,4.475,4.702,0.060223149,4.513,4.6796,4,2016,93
4/3/2016,3.988413913,3.864,4.231,0.089184473,3.89,4.1226,4,2016,94
4/4/2016,3.838245217,3.547,4.153,0.192835257,3.602,4.1186,4,2016,95
4/5/2016,3.763549565,3.388,4.118,0.196470327,3.528,4.0586,4,2016,96
4/6/2016,3.795735652,3.448,4.057,0.137313014,3.5872,3.9506,4,2016,97
4/7/2016,3.867806957,3.662,4.084,0.070982866,3.7634,3.9432,4,2016,98
4/8/2016,4.500873043,4.172,4.803,0.120576878,4.3304,4.643,4,2016,99
4/9/2016,4.431076522,4.043,4.686,0.132241534,4.2076,4.5656,4,2016,100
4/10/2016,4.365624348,3.944,4.588,0.15249064,4.11,4.5236,4,2016,101
4/11/2016,4.52897913,4.301,4.676,0.10694083,4.3648,4.643,4,2016,102
4/12/2016,5.029845217,4.822,5.244,0.099854452,4.9004,5.1706,4,2016,103
4/13/2016,4.957424348,4.705,5.168,0.083088409,4.8614,5.065,4,2016,104
4/14/2016,5.196662609,4.531,5.646,0.250832074,4.878,5.4856,4,2016,105
4/15/2016,5.663394783,5.32,5.866,0.09498446,5.5278,5.778,4,2016,106
4/16/2016,5.733888696,5.365,5.899,0.08995352,5.613,5.8282,4,2016,107
4/17/2016,5.738904348,5.344,5.908,0.116764674,5.5676,5.8446,4,2016,108
4/18/2016,5.737269565,5.399,5.9,0.130928454,5.5284,5.875,4,2016,109
4/19/2016,6.349328696,6.15,6.412,0.056135645,6.264,6.403,4,2016,110
4/20/2016,6.776754783,6.352,7.142,0.190946599,6.5292,7.0196,4,2016,111
4/21/2016,6.896213913,6.458,7.296,0.219173752,6.616,7.1852,4,2016,112
4/22/2016,6.999121739,6.81,7.198,0.121733111,6.837,7.164,4,2016,113
4/23/2016,7.568206957,7.152,8.074,0.260064292,7.234,7.972,4,2016,114
4/24/2016,7.53284,7.045,8.047,0.284375265,7.1388,7.9522,4,2016,115
4/25/2016,7.471643478,7.134,7.985,0.232334359,7.212,7.8666,4,2016,116
4/26/2016,7.023949565,6.798,7.204,0.081925835,6.9174,7.1416,4,2016,117
4/27/2016,7.092424348,6.967,7.22,0.077067174,6.988,7.193,4,2016,118
4/28/2016,7.111763478,6.896,7.28,0.092979708,6.981,7.23,4,2016,119
4/29/2016,7.048106087,6.92,7.148,0.063580624,6.962,7.131,4,2016,120
4/30/2016,7.046469565,6.878,7.197,0.073829038,6.949,7.143,4,2016,121
5/1/2016,7.01590087,6.804,7.111,0.060731421,6.9374,7.0836,5,2016,122
5/2/2016,6.762186087,6.556,6.88,0.073524689,6.647,6.8426,5,2016,123
5/3/2016,6.635156522,6.447,6.837,0.097333651,6.5044,6.7736,5,2016,124
5/4/2016,6.750368696,6.608,6.927,0.0814832,6.6454,6.8706,5,2016,125
5/5/2016,7.231871304,7.17,7.3,0.034193253,7.186,7.28,5,2016,126
5/6/2016,7.626796522,7.423,7.747,0.080152133,7.507,7.7236,5,2016,127
5/7/2016,7.500744348,7.294,7.652,0.076269893,7.3954,7.607,5,2016,128
5/8/2016,7.37222087,7.09,7.601,0.12342192,7.1786,7.5062,5,2016,129
5/9/2016,7.423608696,7.125,7.728,0.160442392,7.1858,7.639,5,2016,130
5/10/2016,7.495646957,7.098,7.984,0.246301221,7.183,7.8776,5,2016,131
5/11/2016,7.90245913,7.471,8.704,0.33348769,7.538,8.4594,5,2016,132
5/12/2016,8.14742087,7.661,8.737,0.300425506,7.7444,8.5512,5,2016,133
5/13/2016,8.2346,7.947,8.488,0.168107637,7.9938,8.443,5,2016,134
5/14/2016,8.4394,8.355,8.548,0.050686919,8.381,8.5206,5,2016,135
5/15/2016,7.805351304,7.715,7.889,0.048135317,7.7364,7.868,5,2016,136
5/16/2016,7.872288696,7.517,8.367,0.244211852,7.577,8.2358,5,2016,137
5/17/2016,7.916744348,7.457,8.601,0.31243161,7.554,8.3826,5,2016,138
5/18/2016,8.17173913,7.861,8.694,0.219875079,7.8994,8.4996,5,2016,139
5/19/2016,9.12242087,8.928,9.206,0.062593792,9.021,9.1936,5,2016,140
5/20/2016,9.242398261,8.78,9.483,0.138887214,9.0506,9.3956,5,2016,141
5/21/2016,9.237718261,8.614,9.666,0.213892335,8.9664,9.5256,5,2016,142
5/22/2016,9.45544,9.008,9.927,0.249883003,9.1184,9.82,5,2016,143
5/23/2016,9.869747826,9.236,10.499,0.362370521,9.3854,10.4016,5,2016,144
5/24/2016,9.926653913,9.451,10.492,0.305515849,9.5434,10.381,5,2016,145
5/25/2016,10.81433043,10.53,11.003,0.125605927,10.6264,10.9576,5,2016,146
5/26/2016,12.15178783,11.736,12.365,0.135056899,11.9682,12.32,5,2016,147
5/27/2016,12.0144887,11.678,12.128,0.097739465,11.8682,12.121,5,2016,148
5/28/2016,12.08841565,11.932,12.12,0.029799377,12.052,12.117,5,2016,149
5/29/2016,11.92204348,11.642,12.048,0.087686307,11.7948,12.023,5,2016,150
5/30/2016,12.31777043,12.069,12.434,0.081752513,12.1962,12.411,5,2016,151
5/31/2016,12.86573913,12.642,13.073,0.071126536,12.775,12.9486,5,2016,152
6/1/2016,12.84355826,12.427,13.326,0.240317247,12.5468,13.2204,6,2016,153
6/2/2016,12.75221565,12.227,13.388,0.312374215,12.3632,13.2272,6,2016,154
6/3/2016,12.76792696,12.413,13.254,0.216328168,12.5142,13.1178,6,2016,155
6/4/2016,12.88993391,12.481,13.23,0.150429035,12.6954,13.0994,6,2016,156
6/5/2016,13.1284487,12.519,13.608,0.247923538,12.7984,13.466,6,2016,157
6/6/2016,12.91802609,12.22,13.319,0.236927181,12.5774,13.2022,6,2016,158
6/7/2016,13.03876,12.461,13.445,0.174197137,12.8772,13.3036,6,2016,159
6/8/2016,13.11895304,12.573,13.617,0.207506894,12.9304,13.4334,6,2016,160
6/9/2016,13.01925739,12.304,13.325,0.218669424,12.7004,13.2506,6,2016,161
6/10/2016,12.57674783,11.714,13.332,0.459435141,11.911,13.2334,6,2016,162
6/11/2016,12.52605043,11.578,13.358,0.508103483,11.811,13.249,6,2016,163
6/12/2016,12.52238087,11.696,13.163,0.407390009,11.9182,13.0566,6,2016,164
6/13/2016,12.28921043,11.686,12.771,0.30185215,11.8514,12.6766,6,2016,165
6/14/2016,12.10255304,11.428,12.759,0.347963738,11.6072,12.6266,6,2016,166
6/15/2016,12.17344696,11.277,12.971,0.420818114,11.5958,12.793,6,2016,167
6/16/2016,12.49282435,11.675,13.086,0.422548435,11.852,13.037,6,2016,168
6/17/2016,13.28298087,12.905,13.729,0.183385292,13.0672,13.558,6,2016,169
6/18/2016,13.59866957,12.944,14.268,0.348174896,13.05,14.0028,6,2016,170
6/19/2016,13.80431826,13.377,14.344,0.246770721,13.492,14.1812,6,2016,171
6/20/2016,13.74066261,13.442,14.096,0.152524154,13.5784,13.9832,6,2016,172
6/21/2016,13.23920522,12.992,13.644,0.132244045,13.0954,13.4466,6,2016,173
6/22/2016,13.36441391,13.015,14.126,0.264305109,13.0894,13.7738,6,2016,174
6/23/2016,13.97899478,13.331,14.79,0.412897198,13.4442,14.5686,6,2016,175
6/24/2016,14.3811113,13.555,15.323,0.543321122,13.6434,15.0326,6,2016,176
6/25/2016,14.6218,13.688,15.424,0.569447143,13.813,15.2704,6,2016,177
6/26/2016,14.65283826,13.716,15.298,0.464718824,13.9242,15.1556,6,2016,178
6/27/2016,14.80405217,14.495,15.269,0.206074614,14.5384,15.0982,6,2016,179
6/28/2016,15.25801913,15.049,15.552,0.102967391,15.121,15.3926,6,2016,180
6/29/2016,15.71260348,15.37,16.159,0.187043445,15.47,15.9802,6,2016,181
6/30/2016,15.30617043,14.731,16.138,0.417260556,14.7934,15.9608,6,2016,182
7/1/2016,15.25108348,14.689,16.059,0.402505416,14.7554,15.8508,7,2016,183
7/2/2016,15.13488174,14.226,16.172,0.50366125,14.4384,15.8382,7,2016,184
7/3/2016,15.3504887,14.21,16.419,0.57451703,14.4752,16.146,7,2016,185
7/4/2016,15.43225217,14.501,16.478,0.575043859,14.6402,16.2786,7,2016,186
7/5/2016,15.93358957,15.297,16.572,0.357673398,15.4272,16.416,7,2016,187
7/6/2016,16.65353913,16.304,17.121,0.203974997,16.4594,17.0366,7,2016,188
7/7/2016,16.84175304,16.534,17.119,0.125699915,16.6794,17.045,7,2016,189
7/8/2016,16.70353739,16.312,16.93,0.149204248,16.4898,16.8836,7,2016,190
7/9/2016,16.18765043,15.641,16.556,0.205121502,15.891,16.4416,7,2016,191
7/10/2016,16.84833391,16.316,17.202,0.213827195,16.5384,17.108,7,2016,192
7/11/2016,17.15232522,16.66,17.485,0.197174803,16.867,17.3922,7,2016,193
7/12/2016,16.76095478,16.312,17.317,0.212456,16.4834,17.054,7,2016,194
7/13/2016,16.49441913,16.013,17.212,0.268434246,16.1838,16.8864,7,2016,195
7/14/2016,16.45460696,15.936,17.215,0.292151007,16.1104,16.8728,7,2016,196
7/15/2016,16.48510957,16.022,17.135,0.254065906,16.1828,16.8496,7,2016,197
7/16/2016,16.77993043,16.382,17.253,0.186312405,16.5402,17.04,7,2016,198
7/17/2016,17.31968,16.94,17.676,0.137124102,17.126,17.4762,7,2016,199
7/18/2016,17.07973565,16.766,17.653,0.228855522,16.8844,17.5006,7,2016,200
7/19/2016,17.06628696,16.658,17.604,0.205279879,16.8608,17.43,7,2016,201
7/20/2016,17.12770435,16.635,17.782,0.303632663,16.728,17.6078,7,2016,202
7/21/2016,17.15009217,16.495,17.999,0.389096819,16.6284,17.7206,7,2016,203
7/22/2016,17.09673565,16.582,17.881,0.279169038,16.7754,17.5306,7,2016,204
7/23/2016,17.01602609,16.745,17.482,0.173407822,16.8574,17.3222,7,2016,205
7/24/2016,17.14697565,16.75,17.692,0.204865409,16.931,17.4954,7,2016,206
7/25/2016,17.29636174,16.983,17.776,0.154712123,17.1152,17.515,7,2016,207
7/26/2016,18.30164174,17.467,18.843,0.32073203,17.8478,18.698,7,2016,208
7/27/2016,18.91242087,18.309,19.306,0.248192575,18.5608,19.2116,7,2016,209
7/28/2016,18.92654435,18.401,19.373,0.202226942,18.679,19.1806,7,2016,210
7/29/2016,19.05119304,18.663,19.542,0.184465569,18.8424,19.3134,7,2016,211
7/30/2016,19.10936696,18.678,19.556,0.225151755,18.8582,19.4216,7,2016,212
7/31/2016,19.10032174,18.386,19.613,0.257372151,18.7458,19.4202,7,2016,213
8/1/2016,18.47193217,17.688,18.892,0.255456326,18.0974,18.7736,8,2016,214
8/2/2016,18.17985913,17.72,18.485,0.135163829,18.019,18.368,8,2016,215
8/3/2016,18.10474783,17.592,18.786,0.291497863,17.739,18.5136,8,2016,216
8/4/2016,17.97537391,17.437,18.863,0.340701057,17.5894,18.5092,8,2016,217
8/5/2016,17.88829913,17.535,18.48,0.265933241,17.5908,18.31,8,2016,218
8/6/2016,17.34197913,17.022,17.537,0.086874792,17.2322,17.431,8,2016,219
8/7/2016,16.45761565,15.988,17.477,0.284515855,16.1834,16.858,8,2016,220
8/8/2016,16.4415513,15.875,16.937,0.204963625,16.1544,16.6766,8,2016,221
8/9/2016,16.54887826,15.934,16.954,0.230082607,16.2304,16.851,8,2016,222
8/10/2016,16.42633913,15.956,16.82,0.193253579,16.162,16.676,8,2016,223
8/11/2016,16.64002087,16.211,17,0.204040415,16.3448,16.911,8,2016,224
8/12/2016,17.13289739,16.78,17.435,0.164008078,16.8954,17.3452,8,2016,225
8/13/2016,17.63227304,17.238,17.917,0.173449438,17.3788,17.8556,8,2016,226
8/14/2016,18.45824348,17.918,18.94,0.249214599,18.1184,18.7892,8,2016,227
8/15/2016,18.59494609,18.175,19.066,0.195125767,18.3764,18.8842,8,2016,228
8/16/2016,18.4894087,18.039,19.251,0.261258196,18.2074,18.8572,8,2016,229
8/17/2016,18.20339826,17.498,18.562,0.186235781,17.938,18.43,8,2016,230
8/18/2016,18.04235478,17.378,18.714,0.271510684,17.667,18.3694,8,2016,231
8/19/2016,18.14693913,17.695,18.766,0.278718811,17.8064,18.5916,8,2016,232
8/20/2016,18.45798957,18.038,18.781,0.145005586,18.2686,18.6622,8,2016,233
8/21/2016,18.45656696,17.974,18.885,0.161317632,18.2752,18.6754,8,2016,234
8/22/2016,17.80628522,17.48,18.331,0.155626794,17.6214,18.0296,8,2016,235
8/23/2016,17.6896713,17.198,18.204,0.211764936,17.4134,17.9596,8,2016,236
8/24/2016,17.72202957,17.218,18.202,0.242759127,17.362,18.058,8,2016,237
8/25/2016,17.8697913,17.516,18.259,0.152071154,17.655,18.0356,8,2016,238
8/26/2016,18.48965391,18.187,18.787,0.165476696,18.267,18.7206,8,2016,239
8/27/2016,18.50424,18.02,18.922,0.268103251,18.114,18.8286,8,2016,240
8/28/2016,18.41378261,17.944,18.826,0.226799432,18.0814,18.6906,8,2016,241
8/29/2016,18.01665217,17.658,18.477,0.21474943,17.7474,18.3164,8,2016,242
8/30/2016,17.94021391,17.441,18.529,0.232250963,17.7018,18.2826,8,2016,243
8/31/2016,17.55399304,17.149,17.971,0.14538803,17.3594,17.7372,8,2016,244
9/1/2016,17.05856348,16.635,17.423,0.169456517,16.8278,17.2936,9,2016,245
9/2/2016,16.84053565,15.956,17.775,0.323178005,16.4864,17.2234,9,2016,246
9/3/2016,16.89629391,15.821,17.766,0.332288667,16.4986,17.274,9,2016,247
9/4/2016,16.72430957,16.13,17.324,0.209978101,16.4948,17.0096,9,2016,248
9/5/2016,16.68436174,16.216,17.375,0.246415971,16.4204,17.0898,9,2016,249
9/6/2016,16.80812522,16.294,17.534,0.246998198,16.5418,17.1882,9,2016,250
9/7/2016,16.97452696,16.154,17.725,0.332913449,16.5432,17.425,9,2016,251
9/8/2016,17.88948,17.312,18.331,0.215078859,17.5856,18.162,9,2016,252
9/9/2016,17.93758087,17.586,18.355,0.198051422,17.7164,18.2418,9,2016,253
9/10/2016,17.51819652,16.664,18.128,0.333484713,17.0658,17.9562,9,2016,254
9/11/2016,17.31697739,16.662,17.659,0.187221127,17.0342,17.5212,9,2016,255
9/12/2016,17.18581913,16.457,17.642,0.204150237,16.9074,17.437,9,2016,256
9/13/2016,17.04466435,16.363,17.414,0.220467978,16.7652,17.3086,9,2016,257
9/14/2016,17.02921217,16.575,17.379,0.188399837,16.7576,17.253,9,2016,258
9/15/2016,16.5792887,15.935,17.175,0.348296902,16.0986,17.0862,9,2016,259
9/16/2016,16.23534609,15.784,16.791,0.23782367,15.9028,16.5584,9,2016,260
9/17/2016,16.09804174,15.714,16.759,0.248211951,15.79,16.48,9,2016,261
9/18/2016,16.08725043,15.877,16.406,0.111279852,15.9434,16.2336,9,2016,262
9/19/2016,16.5058313,16.201,16.817,0.145790926,16.3194,16.711,9,2016,263
9/20/2016,16.66006783,16.342,16.931,0.139878658,16.4328,16.8276,9,2016,264
9/21/2016,16.47099478,15.762,16.96,0.369962794,15.875,16.836,9,2016,265
9/22/2016,16.42226957,15.688,16.928,0.372780108,15.8364,16.834,9,2016,266
9/23/2016,15.96032174,15.382,16.408,0.312931718,15.4898,16.308,9,2016,267
9/24/2016,15.58849391,15.052,16.223,0.29205483,15.1878,16.0362,9,2016,268
9/25/2016,15.24718435,14.927,15.671,0.179146469,15.012,15.5206,9,2016,269
9/26/2016,14.72348174,14.436,15.128,0.141781163,14.5234,14.8896,9,2016,270
9/27/2016,14.58451652,14.208,14.938,0.159575076,14.3518,14.8016,9,2016,271
9/28/2016,14.4304887,13.933,14.931,0.220460413,14.1594,14.7546,9,2016,272
9/29/2016,14.53252522,14.164,15.175,0.237291986,14.2704,14.894,9,2016,273
9/30/2016,14.76754087,14.426,15.244,0.159397378,14.567,14.988,9,2016,274
10/1/2016,15.01380348,14.573,15.441,0.189254114,14.762,15.2652,10,2016,275
10/2/2016,14.10869043,13.78,14.441,0.167483833,13.881,14.3456,10,2016,276
10/3/2016,14.1415913,13.9,14.418,0.120948667,13.976,14.3076,10,2016,277
10/4/2016,14.12177043,13.879,14.357,0.106453076,13.973,14.285,10,2016,278
10/5/2016,14.08928696,13.794,14.309,0.113980618,13.9234,14.2582,10,2016,279
10/6/2016,14.18968174,13.912,14.407,0.102700155,14.062,14.3526,10,2016,280
10/7/2016,14.51005217,14.165,14.742,0.09562835,14.3848,14.6246,10,2016,281
10/8/2016,14.76140348,14.443,15.022,0.113578155,14.6304,14.9186,10,2016,282
10/9/2016,14.24258609,13.984,14.528,0.14766812,14.051,14.4374,10,2016,283
10/10/2016,14.15406957,14.013,14.365,0.096256039,14.039,14.3006,10,2016,284
10/11/2016,13.91469739,13.614,14.249,0.168473105,13.714,14.165,10,2016,285
10/12/2016,13.75552696,13.464,14.084,0.139002352,13.583,13.9612,10,2016,286
10/13/2016,13.86737043,13.285,14.11,0.138261178,13.6802,14.0166,10,2016,287
10/14/2016,13.80612174,13.217,14.013,0.13934603,13.608,13.94,10,2016,288
10/15/2016,13.69030957,13.275,13.98,0.142184236,13.5176,13.885,10,2016,289
10/16/2016,13.36181217,12.942,13.768,0.1235673,13.216,13.528,10,2016,290
10/17/2016,13.39242783,13.072,13.803,0.140072435,13.232,13.5988,10,2016,291
10/18/2016,13.45789043,13.064,13.938,0.196471381,13.2124,13.7398,10,2016,292
10/19/2016,13.66223304,13.33,14.123,0.204180502,13.407,13.9648,10,2016,293
10/20/2016,13.75926609,13.531,14.146,0.149607817,13.5814,13.99,10,2016,294
10/21/2016,13.72624,13.504,14.051,0.126865871,13.5734,13.9146,10,2016,295
10/22/2016,12.99885739,12.913,13.064,0.030726519,12.9528,13.035,10,2016,296
10/23/2016,12.92302609,12.714,12.986,0.042563718,12.884,12.966,10,2016,297
10/24/2016,12.52135652,12.16,12.8,0.167974581,12.2762,12.734,10,2016,298
10/25/2016,11.86080174,11.583,12.159,0.150701261,11.6446,12.067,10,2016,299
10/26/2016,11.75655826,11.53,12.021,0.121748983,11.599,11.938,10,2016,300
10/27/2016,11.65753739,11.482,11.859,0.093307227,11.55,11.8046,10,2016,301
10/28/2016,11.67462783,11.644,11.739,0.02107744,11.652,11.707,10,2016,302
10/29/2016,11.4282313,11.26,11.636,0.084500544,11.3114,11.535,10,2016,303
10/30/2016,11.32753739,11.111,11.555,0.107822549,11.181,11.4752,10,2016,304
10/31/2016,11.34986261,11.07,11.687,0.172607489,11.1264,11.5946,10,2016,305
11/1/2016,11.32847478,10.992,11.707,0.196155477,11.054,11.5946,11,2016,306
11/2/2016,11.25442435,11.021,11.504,0.138696197,11.066,11.4476,11,2016,307
11/3/2016,10.89890087,10.754,11.189,0.114720425,10.789,11.0966,11,2016,308
11/4/2016,10.72553391,10.462,11.078,0.152727189,10.5354,10.9586,11,2016,309
11/5/2016,10.80022087,10.46,11.183,0.161159253,10.5754,11.0098,11,2016,310
11/6/2016,10.68353913,10.251,11.119,0.226562345,10.3704,10.9956,11,2016,311
11/7/2016,10.44798087,10.094,10.997,0.227939761,10.1774,10.7776,11,2016,312
11/8/2016,10.35833565,10.029,10.945,0.204036882,10.1214,10.6514,11,2016,313
11/9/2016,10.37453565,10.067,10.827,0.171325835,10.1534,10.619,11,2016,314
11/10/2016,10.35430261,10.084,10.751,0.146810263,10.1642,10.5562,11,2016,315
11/11/2016,10.20397739,9.67,10.788,0.275910083,9.823,10.5808,11,2016,316
11/12/2016,10.35916174,9.901,11.027,0.25950936,10.007,10.7208,11,2016,317
11/13/2016,10.57281391,10.293,10.983,0.157821654,10.3704,10.7952,11,2016,318
11/14/2016,10.91925739,10.707,11.157,0.110801231,10.7704,11.0708,11,2016,319
11/15/2016,10.5733913,10.386,10.807,0.107687451,10.428,10.7276,11,2016,320
11/16/2016,10.25282435,9.94,10.716,0.194675676,10.005,10.53,11,2016,321
11/17/2016,10.31817217,9.944,10.941,0.249445315,10.0084,10.6868,11,2016,322
11/18/2016,10.51095304,10.175,11.11,0.221573222,10.2604,10.8498,11,2016,323
11/19/2016,10.59497391,10.3,11.123,0.188743362,10.372,10.8756,11,2016,324
11/20/2016,10.89031652,10.631,11.257,0.150738278,10.6958,11.1092,11,2016,325
11/21/2016,10.1142087,9.767,10.612,0.228409662,9.805,10.4356,11,2016,326
11/22/2016,9.785457391,9.418,10.626,0.297616509,9.475,10.2972,11,2016,327
11/23/2016,10.0134887,9.672,10.643,0.264901572,9.701,10.4406,11,2016,328
11/24/2016,10.21862609,9.975,10.672,0.178383531,10.022,10.499,11,2016,329
11/25/2016,10.37372174,10.139,10.66,0.131690043,10.201,10.562,11,2016,330
11/26/2016,9.689118261,9.49,9.903,0.10294388,9.547,9.8286,11,2016,331
11/27/2016,9.580686957,9.465,9.844,0.079848066,9.49,9.695,11,2016,332
11/28/2016,9.310288696,9.154,9.703,0.12656367,9.173,9.4862,11,2016,333
11/29/2016,9.313714783,9.19,9.729,0.120884381,9.1964,9.4812,11,2016,334
11/30/2016,9.379154783,9.242,9.622,0.090319267,9.2684,9.5086,11,2016,335
12/1/2016,9.493794783,9.236,9.984,0.176837786,9.2924,9.751,12,2016,336
12/2/2016,9.452758261,9.181,10.08,0.198868162,9.2374,9.7512,12,2016,337
12/3/2016,9.617554783,9.354,10.087,0.17314956,9.4134,9.8674,12,2016,338
12/4/2016,9.662885217,9.268,10.154,0.226773369,9.3694,9.9978,12,2016,339
12/5/2016,9.370862609,8.99,10.008,0.268536186,9.0614,9.7584,12,2016,340
12/6/2016,8.983076522,8.689,9.482,0.200143618,8.739,9.2556,12,2016,341
12/7/2016,8.871394783,8.609,9.393,0.175013675,8.6814,9.1462,12,2016,342
12/8/2016,8.813963478,8.545,9.108,0.141467989,8.621,9.0042,12,2016,343
12/9/2016,8.749756522,8.364,9.642,0.326952494,8.402,9.2702,12,2016,344
12/10/2016,8.592577391,8.206,9.496,0.315912335,8.249,9.064,12,2016,345
12/11/2016,8.39470087,8.114,9.112,0.227279366,8.155,8.7236,12,2016,346
12/12/2016,8.386570435,8.109,8.855,0.157189132,8.197,8.6168,12,2016,347
12/13/2016,8.249069565,7.923,8.86,0.180574447,8.0332,8.4926,12,2016,348
12/14/2016,8.058746087,7.782,8.733,0.202687591,7.8484,8.3592,12,2016,349
12/15/2016,7.962394783,7.693,8.793,0.249267119,7.7134,8.3228,12,2016,350
12/16/2016,8.107227826,7.882,8.634,0.178349992,7.92,8.3816,12,2016,351
12/17/2016,8.40085913,8.167,8.677,0.119597522,8.2374,8.5586,12,2016,352
12/18/2016,8.252507826,8.003,8.448,0.112544871,8.093,8.4016,12,2016,353
12/19/2016,7.471535652,7.224,7.973,0.197729609,7.26,7.7766,12,2016,354
12/20/2016,7.350914783,7.107,7.889,0.212934339,7.1254,7.681,12,2016,355
12/21/2016,7.665481739,7.4,8.271,0.215916625,7.4408,8.0026,12,2016,356
12/22/2016,8.490307826,8.245,8.778,0.127433651,8.322,8.6692,12,2016,357
12/23/2016,8.226864348,8.046,8.463,0.104999979,8.092,8.3736,12,2016,358
12/24/2016,7.810246957,7.607,8.3,0.176137265,7.6344,8.1004,12,2016,359
12/25/2016,7.522789565,7.325,8.184,0.177716622,7.3424,7.772,12,2016,360
12/26/2016,7.431954783,7.266,8.095,0.149467748,7.294,7.6342,12,2016,361
12/27/2016,7.652598261,7.49,7.885,0.091536156,7.5388,7.7846,12,2016,362
12/28/2016,7.840445217,7.551,8.135,0.137378784,7.6538,8.0246,12,2016,363
12/29/2016,7.884636522,7.563,8.192,0.14714695,7.6844,8.0816,12,2016,364
12/30/2016,7.743838261,7.43,8.124,0.157308492,7.53,7.9608,12,2016,365
12/31/2016,7.75236,7.468,8.115,0.151266157,7.5604,7.9746,12,2016,366
1/1/2017,7.58238087,7.25,8.005,0.175134133,7.3514,7.8398,1,2017,1
1/2/2017,7.72630087,7.492,8.024,0.1196137,7.5644,7.9006,1,2017,2
1/3/2017,7.423506087,7.227,7.649,0.099584378,7.289,7.5606,1,2017,3
1/4/2017,7.354615652,7.159,7.578,0.098603896,7.2198,7.4892,1,2017,4
1/5/2017,6.781045217,6.46,7.305,0.202963758,6.5334,7.0682,1,2017,5
1/6/2017,6.932412174,6.637,7.401,0.179793568,6.714,7.1872,1,2017,6
1/7/2017,6.709638261,6.466,7.054,0.138201998,6.535,6.9086,1,2017,7
1/8/2017,6.456914783,6.185,6.781,0.137476161,6.2674,6.6426,1,2017,8
1/9/2017,6.71268,6.393,7.069,0.168670323,6.484,6.9362,1,2017,9
1/10/2017,6.44713913,6.14,6.736,0.154600209,6.2304,6.6536,1,2017,10
1/11/2017,6.162926957,5.775,6.732,0.216823283,5.8844,6.4698,1,2017,11
1/12/2017,5.260045217,4.847,6.127,0.282686511,4.946,5.6858,1,2017,12
1/13/2017,5.289036522,4.853,5.95,0.26102439,4.974,5.683,1,2017,13
1/14/2017,5.386711304,4.976,6.02,0.227619028,5.0918,5.7082,1,2017,14
1/15/2017,5.766123478,5.341,6.397,0.238296774,5.46,6.102,1,2017,15
1/16/2017,6.09332,5.588,6.752,0.268430271,5.7378,6.4636,1,2017,16
1/17/2017,6.253417391,5.709,6.954,0.286627628,5.8718,6.6446,1,2017,17
1/18/2017,5.901549565,5.351,6.744,0.316832643,5.4998,6.355,1,2017,18
1/19/2017,5.689356522,5.053,6.78,0.402086756,5.2134,6.2872,1,2017,19
1/20/2017,5.673335652,5.074,6.761,0.389975632,5.219,6.2606,1,2017,20
1/21/2017,5.910130435,5.45,6.577,0.26900639,5.5724,6.2988,1,2017,21
1/22/2017,6.027231304,5.667,6.528,0.201341512,5.7634,6.309,1,2017,22
1/23/2017,6.168095652,5.92,6.519,0.135051556,5.99,6.3536,1,2017,23
1/24/2017,6.068467826,5.802,6.48,0.149463402,5.8744,6.264,1,2017,24
1/25/2017,5.667970435,5.381,6.199,0.168680173,5.4564,5.8972,1,2017,25
1/26/2017,5.456530435,5.152,5.976,0.164800688,5.2374,5.6576,1,2017,26
1/27/2017,5.163375652,4.896,5.623,0.139888189,4.9688,5.3246,1,2017,27
1/28/2017,4.91618087,4.634,5.323,0.14789643,4.7184,5.1086,1,2017,28
1/29/2017,4.901153043,4.621,5.716,0.205273789,4.6504,5.1696,1,2017,29
1/30/2017,4.867469565,4.529,5.714,0.216809424,4.595,5.1654,1,2017,30
1/31/2017,4.98766087,4.748,5.726,0.172677132,4.797,5.1892,1,2017,31
2/1/2017,4.765801739,4.522,5.089,0.132821377,4.587,4.9436,2,2017,32
2/2/2017,4.591753043,4.345,5.043,0.195847266,4.376,4.8802,2,2017,33
2/3/2017,4.575507826,4.329,5.092,0.203587227,4.359,4.8986,2,2017,34
2/4/2017,4.640356522,4.46,4.998,0.142726987,4.482,4.8642,2,2017,35
2/5/2017,4.830213913,4.674,5.116,0.114867403,4.7024,4.9876,2,2017,36
2/6/2017,4.84778087,4.692,5.049,0.090523164,4.7274,4.9696,2,2017,37
2/7/2017,4.962951304,4.824,5.206,0.083428793,4.8544,5.073,2,2017,38
2/8/2017,5.131405217,4.991,5.453,0.097066867,5.0154,5.2752,2,2017,39
2/9/2017,4.987753043,4.861,5.303,0.091921502,4.885,5.1242,2,2017,40
2/10/2017,4.969196522,4.844,5.283,0.093938456,4.869,5.1112,2,2017,41
2/11/2017,4.7642,4.638,5.035,0.087589914,4.6574,4.8852,2,2017,42
2/12/2017,4.855874783,4.708,5.111,0.093085561,4.739,4.986,2,2017,43
2/13/2017,4.514765217,4.227,5.035,0.195553558,4.291,4.817,2,2017,44
2/14/2017,4.371208696,4.032,4.891,0.203447837,4.1188,4.663,2,2017,45
2/15/2017,4.133149565,3.668,4.728,0.25299727,3.815,4.5042,2,2017,46
2/16/2017,3.587986087,3.418,3.874,0.108013581,3.4524,3.745,2,2017,47
2/17/2017,3.586013913,3.361,3.94,0.130859847,3.4184,3.7736,2,2017,48
2/18/2017,3.821544348,3.451,4.393,0.266272255,3.52,4.2662,2,2017,49
2/19/2017,3.763436522,3.339,4.047,0.19810486,3.4784,4.005,2,2017,50
2/20/2017,3.865516522,3.408,4.446,0.229116686,3.5818,4.1486,2,2017,51
2/21/2017,3.805808696,3.28,4.454,0.25170969,3.4898,4.1166,2,2017,52
2/22/2017,3.871652174,3.493,4.359,0.203434836,3.6128,4.134,2,2017,53
2/23/2017,3.99450087,3.725,4.461,0.151520745,3.798,4.192,2,2017,54
2/24/2017,4.47336,4.162,4.893,0.163644631,4.253,4.6882,2,2017,55
2/25/2017,3.544203478,3.319,3.777,0.12161686,3.377,3.7102,2,2017,56
2/26/2017,3.595563478,3.12,4.007,0.23069951,3.2698,3.9042,2,2017,57
2/27/2017,3.63122087,2.954,4.138,0.313085374,3.156,4.021,2,2017,58
2/28/2017,3.695966957,2.97,4.252,0.32809263,3.1974,4.114,2,2017,59
3/1/2017,3.744224348,3.151,4.269,0.293144903,3.3032,4.1262,3,2017,60
3/2/2017,3.570147826,3.249,3.881,0.155568668,3.3464,3.7686,3,2017,61
3/3/2017,3.314864348,3.016,3.822,0.189883732,3.088,3.595,3,2017,62
3/4/2017,3.122685217,2.808,3.583,0.207271296,2.873,3.438,3,2017,63
3/5/2017,3.160293913,2.864,3.649,0.193741059,2.93,3.439,3,2017,64
3/6/2017,3.214913043,2.961,3.508,0.130675754,3.0414,3.3972,3,2017,65
3/7/2017,3.24296,2.916,3.589,0.176203181,3.0058,3.48,3,2017,66
3/8/2017,3.27822087,2.789,4.086,0.366156649,2.8524,3.844,3,2017,67
3/9/2017,3.282076522,2.775,4.125,0.387735354,2.8394,3.8886,3,2017,68
3/10/2017,3.254878261,2.776,3.991,0.31910949,2.8678,3.7212,3,2017,69
3/11/2017,2.70196,2.245,3.451,0.319872835,2.3124,3.1756,3,2017,70
3/12/2017,2.132386087,1.85,2.662,0.170632765,1.9214,2.3706,3,2017,71
3/13/2017,2.381208696,1.978,3.111,0.27577226,2.069,2.7976,3,2017,72
3/14/2017,2.493086957,2.16,3.25,0.268481397,2.206,2.9,3,2017,73
3/15/2017,2.608238261,2.215,3.28,0.274164325,2.2894,3.0378,3,2017,74
3/16/2017,2.617631304,2.3,3.331,0.249115683,2.362,3.028,3,2017,75
3/17/2017,2.657187826,2.294,3.431,0.277437621,2.3604,3.1076,3,2017,76
3/18/2017,2.777433043,2.417,3.55,0.276347586,2.484,3.2178,3,2017,77
3/19/2017,3.18004,2.823,3.667,0.223591877,2.9114,3.5284,3,2017,78
3/20/2017,3.54013913,3.11,3.872,0.204209852,3.26,3.796,3,2017,79
3/21/2017,3.528942609,3.015,4.103,0.304544268,3.1274,3.9588,3,2017,80
3/22/2017,3.018187826,2.581,3.844,0.345916532,2.644,3.5788,3,2017,81
3/23/2017,2.914,2.469,3.887,0.378159632,2.509,3.5052,3,2017,82
3/24/2017,2.969224348,2.584,3.667,0.288074728,2.6628,3.4326,3,2017,83
3/25/2017,3.144194783,2.375,3.845,0.38243998,2.5908,3.6216,3,2017,84
3/26/2017,3.098713043,2.252,3.835,0.39579419,2.5178,3.5872,3,2017,85
3/27/2017,3.087650435,2.462,3.715,0.318490568,2.6318,3.5054,3,2017,86
3/28/2017,3.109055652,2.733,3.433,0.180028832,2.8518,3.3432,3,2017,87
3/29/2017,3.224502609,2.797,3.562,0.219223828,2.8894,3.46,3,2017,88
3/30/2017,3.215553043,2.711,3.594,0.25132497,2.826,3.4736,3,2017,89
3/31/2017,3.243189565,2.833,3.564,0.20450871,2.9282,3.4716,3,2017,90
4/1/2017,3.685953043,3.341,4.021,0.164562262,3.4668,3.9076,4,2017,91
4/2/2017,3.769050435,3.258,4.336,0.237011657,3.54,4.1346,4,2017,92
4/3/2017,3.702488696,3.191,4.274,0.226733353,3.487,4.0382,4,2017,93
4/4/2017,3.616506087,3.26,4.09,0.190346053,3.445,3.9256,4,2017,94
4/5/2017,3.564547826,3.353,3.802,0.112376409,3.418,3.7192,4,2017,95
4/6/2017,3.577344348,3.421,3.75,0.08415675,3.462,3.689,4,2017,96
4/7/2017,3.710907826,3.54,3.812,0.052230595,3.6434,3.7782,4,2017,97
4/8/2017,3.76328,3.59,3.984,0.090536957,3.6494,3.8986,4,2017,98
4/9/2017,3.809733913,3.606,4.095,0.107164112,3.685,3.9716,4,2017,99
4/10/2017,3.872605217,3.665,4.029,0.071920608,3.788,3.987,4,2017,100
4/11/2017,3.790636522,3.613,3.918,0.058797666,3.7194,3.8666,4,2017,101
4/12/2017,4.820549565,4.719,4.936,0.046041232,4.7614,4.8846,4,2017,102
4/13/2017,5.279330435,5.109,5.516,0.091518693,5.168,5.4116,4,2017,103
4/14/2017,6.249685217,5.955,6.514,0.120270702,6.0928,6.4106,4,2017,104
4/15/2017,6.578692174,6.315,6.782,0.101979387,6.4424,6.712,4,2017,105
4/16/2017,6.897610435,6.743,6.986,0.053913221,6.8174,6.96,4,2017,106
4/17/2017,6.892758261,6.638,7.018,0.083747457,6.77,6.993,4,2017,107
4/18/2017,6.888692174,6.6,7.083,0.103759073,6.7472,7.02,4,2017,108
4/19/2017,6.913608696,6.69,7.089,0.08592995,6.7984,7.026,4,2017,109
4/20/2017,6.927201739,6.721,7.094,0.079982387,6.8224,7.034,4,2017,110
4/21/2017,6.886996522,6.705,7.028,0.067379987,6.798,6.9756,4,2017,111
4/22/2017,6.826062609,6.541,7.013,0.106146288,6.679,6.9596,4,2017,112
4/23/2017,7.76446087,7.435,7.907,0.127713454,7.5614,7.895,4,2017,113
4/24/2017,8.237165217,7.745,8.427,0.166374212,7.9714,8.409,4,2017,114
4/25/2017,8.367222609,7.883,8.55,0.16050432,8.1078,8.532,4,2017,115
4/26/2017,8.391377391,8.007,8.543,0.1262271,8.1884,8.5266,4,2017,116
4/27/2017,8.27382087,7.961,8.387,0.107058457,8.0992,8.38,4,2017,117
4/28/2017,7.159975652,6.725,7.498,0.167646621,6.9378,7.3806,4,2017,118
4/29/2017,7.005253913,6.63,7.324,0.159662508,6.7914,7.2216,4,2017,119
4/30/2017,6.821843478,6.438,7.156,0.164163331,6.6048,7.0456,4,2017,120
5/1/2017,6.80966087,6.442,7.109,0.152796572,6.6064,7.0156,5,2017,121
5/2/2017,6.628224348,6.285,6.897,0.137494036,6.4434,6.8116,5,2017,122
5/3/2017,6.417886957,6.108,6.639,0.1136699,6.2528,6.551,5,2017,123
5/4/2017,6.427488696,6.147,6.596,0.097948768,6.2834,6.538,5,2017,124
5/5/2017,6.532297391,6.207,6.722,0.105791262,6.381,6.6586,5,2017,125
5/6/2017,6.285130435,5.9,6.656,0.162853578,6.0672,6.5016,5,2017,126
5/7/2017,6.960165217,6.87,7.054,0.041112604,6.9034,7.013,5,2017,127
5/8/2017,6.935535652,6.804,7.111,0.067593335,6.8564,7.0326,5,2017,128
5/9/2017,6.956883478,6.78,7.196,0.094402386,6.844,7.094,5,2017,129
5/10/2017,6.869942609,6.637,7.147,0.119684524,6.7184,7.0406,5,2017,130
5/11/2017,7.46641913,7.306,7.663,0.075612067,7.365,7.5686,5,2017,131
5/12/2017,8.41724,8.058,8.734,0.142941796,8.2188,8.6062,5,2017,132
5/13/2017,8.158248696,7.823,8.485,0.140099053,7.964,8.333,5,2017,133
5/14/2017,7.901403478,7.489,8.254,0.155919932,7.683,8.1,5,2017,134
5/15/2017,7.938488696,7.584,8.143,0.132716982,7.757,8.1126,5,2017,135
5/16/2017,8.044784348,7.771,8.184,0.10207749,7.8952,8.163,5,2017,136
5/17/2017,8.009057391,7.743,8.147,0.098810672,7.8658,8.1256,5,2017,137
5/18/2017,8.951111304,8.775,9.088,0.080786604,8.833,9.052,5,2017,138
5/19/2017,9.780450435,9.604,9.951,0.087000684,9.6628,9.9016,5,2017,139
5/20/2017,9.74953913,9.526,9.969,0.109978101,9.599,9.902,5,2017,140
5/21/2017,9.832551304,9.679,10.025,0.080353403,9.7284,9.947,5,2017,141
5/22/2017,10.15261739,9.964,10.37,0.08977428,10.0354,10.281,5,2017,142
5/23/2017,10.30228174,10.042,10.534,0.107736195,10.1624,10.4506,5,2017,143
5/24/2017,10.01110435,9.63,10.349,0.162478054,9.7984,10.236,5,2017,144
5/25/2017,9.898693913,9.507,10.237,0.164472296,9.6824,10.1252,5,2017,145
5/26/2017,9.432213913,8.979,9.837,0.211235113,9.1494,9.7272,5,2017,146
5/27/2017,8.965526957,8.602,9.306,0.168573784,8.747,9.2068,5,2017,147
5/28/2017,8.82666087,8.472,9.263,0.191444103,8.585,9.1078,5,2017,148
5/29/2017,8.584055652,8.296,9.059,0.174926805,8.3734,8.8476,5,2017,149
5/30/2017,8.576852174,8.266,8.912,0.152942626,8.3824,8.8,5,2017,150
5/31/2017,10.43884348,9.773,10.907,0.256454022,10.0822,10.7668,5,2017,151
6/1/2017,10.88655478,10.493,11.226,0.18490329,10.6092,11.106,6,2017,152
6/2/2017,11.0775913,10.428,11.573,0.350583786,10.543,11.4996,6,2017,153
6/3/2017,11.11034783,10.532,11.684,0.300201937,10.6638,11.511,6,2017,154
6/4/2017,11.09057391,10.447,11.732,0.34400816,10.643,11.5358,6,2017,155
6/5/2017,11.04996,10.471,11.566,0.268403306,10.6674,11.4264,6,2017,156
6/6/2017,10.98168522,10.602,11.244,0.133657905,10.806,11.1666,6,2017,157
6/7/2017,11.3562713,10.995,11.653,0.13293184,11.18,11.5332,6,2017,158
6/8/2017,11.29342261,11.035,11.542,0.107836551,11.1524,11.4466,6,2017,159
6/9/2017,11.40637043,11.144,11.671,0.12933902,11.2338,11.585,6,2017,160
6/10/2017,11.52863478,11.274,11.849,0.129008044,11.3624,11.711,6,2017,161
6/11/2017,12.04190957,11.647,12.323,0.153937537,11.83,12.2436,6,2017,162
6/12/2017,13.47374435,12.742,14.056,0.305996047,13.0176,13.8628,6,2017,163
6/13/2017,14.43265043,13.292,15.416,0.501469546,13.7416,15.1306,6,2017,164
6/14/2017,14.59518783,13.539,15.58,0.528891681,13.8314,15.3022,6,2017,165
6/15/2017,14.55067478,13.604,15.41,0.459654127,13.8854,15.1584,6,2017,166
6/16/2017,14.53482609,13.856,15.166,0.328366893,14.0582,14.9546,6,2017,167
6/17/2017,14.59913913,14.055,15.094,0.253276456,14.2384,14.9212,6,2017,168
6/18/2017,14.51189913,14.058,14.902,0.200938227,14.223,14.7646,6,2017,169
6/19/2017,13.48624174,13.359,13.69,0.082882619,13.387,13.612,6,2017,170
6/20/2017,13.38201913,13.134,13.571,0.11783746,13.231,13.539,6,2017,171
6/21/2017,13.36607478,12.701,13.799,0.277921779,12.9058,13.6546,6,2017,172
6/22/2017,13.36937913,12.546,14.227,0.411279705,12.7428,13.9052,6,2017,173
6/23/2017,13.44980174,12.796,14.319,0.408812573,12.8742,14.0256,6,2017,174
6/24/2017,13.85780348,13.463,14.599,0.326415328,13.527,14.3862,6,2017,175
6/25/2017,14.68570435,14.005,15.479,0.422191499,14.12,15.2758,6,2017,176
6/26/2017,14.59042435,13.801,15.27,0.446876957,13.938,15.1288,6,2017,177
6/27/2017,14.63578783,13.857,15.394,0.437844574,14.0374,15.1878,6,2017,178
6/28/2017,14.79440696,14.309,15.356,0.276652403,14.453,15.1718,6,2017,179
6/29/2017,14.91222957,14.49,15.479,0.237758836,14.6378,15.2694,6,2017,180
6/30/2017,14.56633565,14.178,14.878,0.172989387,14.32,14.7912,6,2017,181
7/1/2017,14.03861739,13.662,14.396,0.185855372,13.777,14.2786,7,2017,182
7/2/2017,14.74782609,14.195,15.298,0.262857749,14.398,15.0992,7,2017,183
7/3/2017,15.03129565,14.558,15.797,0.293776242,14.7034,15.4806,7,2017,184
7/4/2017,15.25426957,14.823,15.896,0.261721469,14.938,15.64,7,2017,185
7/5/2017,15.4383287,14.846,16.231,0.425948032,14.9198,16.0372,7,2017,186
7/6/2017,15.59763304,14.93,16.488,0.44345711,15.0446,16.2548,7,2017,187
7/7/2017,15.64175652,15.136,16.324,0.324480721,15.2554,16.1398,7,2017,188
7/8/2017,15.59792696,15.298,15.958,0.147617897,15.4554,15.8626,7,2017,189
7/9/2017,15.57034087,15.187,16.214,0.236971165,15.307,15.9546,7,2017,190
7/10/2017,15.68562609,15.333,16.309,0.273710587,15.4474,16.1882,7,2017,191
7/11/2017,15.61782783,15.202,16.036,0.200858436,15.3394,15.8728,7,2017,192
7/12/2017,15.27391304,14.86,15.753,0.220628922,14.9774,15.5722,7,2017,193
7/13/2017,14.4046713,13.973,14.918,0.218403492,14.1068,14.7034,7,2017,194
7/14/2017,15.56077565,14.916,15.97,0.215599254,15.254,15.8236,7,2017,195
7/15/2017,16.46418261,16.087,17.028,0.196354377,16.1948,16.7138,7,2017,196
7/16/2017,17.11665739,16.318,17.82,0.29755195,16.7332,17.4732,7,2017,197
7/17/2017,17.98287304,17.497,18.579,0.27322858,17.6528,18.3596,7,2017,198
7/18/2017,18.14586087,17.888,18.405,0.091258973,18.0164,18.2386,7,2017,199
7/19/2017,18.56142261,18.313,19.034,0.154115529,18.409,18.7928,7,2017,200
7/20/2017,19.20567478,18.849,19.496,0.150684687,18.9822,19.3776,7,2017,201
7/21/2017,19.59959826,19.186,19.974,0.153696555,19.3938,19.8026,7,2017,202
7/22/2017,19.30758609,18.735,19.865,0.247833679,19.0204,19.6586,7,2017,203
7/23/2017,18.4385913,17.324,19.368,0.438528472,17.852,19.0196,7,2017,204
7/24/2017,16.80913043,15.895,17.633,0.412866746,16.279,17.371,7,2017,205
7/25/2017,16.83296696,15.831,17.466,0.383747554,16.3096,17.3386,7,2017,206
7/26/2017,16.89985913,15.806,17.561,0.417190532,16.303,17.4162,7,2017,207
7/27/2017,16.68209739,15.683,17.37,0.377148167,16.152,17.171,7,2017,208
7/28/2017,16.39525739,15.556,17.02,0.286846709,16.0044,16.7596,7,2017,209
7/29/2017,16.26271652,15.812,16.58,0.148836748,16.0716,16.4662,7,2017,210
7/30/2017,16.30734783,15.915,16.8,0.226648089,15.9994,16.6226,7,2017,211
7/31/2017,16.39052174,15.9,16.829,0.278809501,15.9978,16.743,7,2017,212
8/1/2017,16.53494957,16.035,17.042,0.289810251,16.1266,16.8996,8,2017,213
8/2/2017,16.69683304,16.339,17.045,0.204265029,16.41,16.9676,8,2017,214
8/3/2017,17.06871478,16.741,17.473,0.131401115,16.9098,17.2502,8,2017,215
8/4/2017,17.32314087,16.909,17.577,0.138053375,17.1184,17.47,8,2017,216
8/5/2017,17.5866313,17.036,17.93,0.167805812,17.346,17.7916,8,2017,217
8/6/2017,17.39386957,16.754,18.067,0.320489312,17.0274,17.8392,8,2017,218
8/7/2017,16.80823478,16.12,17.658,0.311127234,16.4144,17.2318,8,2017,219
8/8/2017,16.22721217,15.853,16.66,0.20484847,15.9724,16.5394,8,2017,220
8/9/2017,16.1209687,15.656,16.976,0.351410308,15.721,16.7368,8,2017,221
8/10/2017,16.21132696,15.526,17.034,0.383423553,15.6914,16.7406,8,2017,222
8/11/2017,16.04911304,15.661,16.734,0.267143835,15.76,16.5018,8,2017,223
8/12/2017,16.14986609,15.712,16.578,0.21010114,15.8628,16.437,8,2017,224
8/13/2017,17.12449391,16.595,18.003,0.323482632,16.7624,17.6156,8,2017,225
8/14/2017,17.58216174,16.892,18.361,0.379121739,17.165,18.1628,8,2017,226
8/15/2017,17.41302261,16.69,18.204,0.399255995,16.9526,18.0382,8,2017,227
8/16/2017,17.38845913,16.789,17.988,0.342244622,16.946,17.8976,8,2017,228
8/17/2017,17.34800522,16.474,18.104,0.409362092,16.7164,17.9122,8,2017,229
8/18/2017,17.41611478,16.79,17.996,0.311995601,16.9676,17.8456,8,2017,230
8/19/2017,16.93528,16.554,17.295,0.151659875,16.7424,17.1492,8,2017,231
8/20/2017,16.80203304,16.198,17.252,0.26151873,16.3884,17.1006,8,2017,232
8/21/2017,16.89222957,16.176,17.5,0.324646379,16.4314,17.296,8,2017,233
8/22/2017,16.72785043,16.355,17.05,0.183447223,16.435,16.9556,8,2017,234
8/23/2017,15.64231478,15.227,16.533,0.349281138,15.3274,16.2246,8,2017,235
8/24/2017,15.59120522,15.105,16.619,0.414911346,15.213,16.3046,8,2017,236
8/25/2017,15.66685913,15.052,16.411,0.380281772,15.1674,16.254,8,2017,237
8/26/2017,15.73985391,15.079,16.546,0.400840519,15.2164,16.375,8,2017,238
8/27/2017,15.75068522,15.196,16.528,0.334509574,15.3666,16.256,8,2017,239
8/28/2017,15.82508348,15.138,16.616,0.357546946,15.3554,16.284,8,2017,240
8/29/2017,15.95566957,15.47,16.484,0.233180992,15.6844,16.2996,8,2017,241
8/30/2017,15.68112174,15.281,16.497,0.247064774,15.3948,16.0426,8,2017,242
8/31/2017,15.35729043,14.466,16.117,0.276236178,14.9926,15.7164,8,2017,243
9/1/2017,14.89016174,14.038,15.697,0.387445709,14.29,15.3768,9,2017,244
9/2/2017,14.25127304,13.32,15.089,0.416756704,13.5354,14.6472,9,2017,245
9/3/2017,14.22506783,13.474,14.886,0.342259622,13.664,14.604,9,2017,246
9/4/2017,14.45777739,13.858,14.99,0.260146526,14.0838,14.7918,9,2017,247
9/5/2017,14.64308174,14.318,14.976,0.11794624,14.494,14.7978,9,2017,248
9/6/2017,14.59823652,14.273,14.869,0.097731944,14.4954,14.737,9,2017,249
9/7/2017,14.37238957,13.889,14.886,0.255903921,14.0214,14.7522,9,2017,250
9/8/2017,14.22049913,13.544,15.014,0.417439786,13.6874,14.868,9,2017,251
9/9/2017,14.14800348,13.822,14.547,0.208822599,13.8726,14.4826,9,2017,252
9/10/2017,14.26021043,13.865,14.794,0.210229672,13.9764,14.5138,9,2017,253
9/11/2017,14.25463826,13.799,14.84,0.235173688,13.9384,14.5572,9,2017,254
9/12/2017,14.51682087,14.155,14.932,0.173477993,14.316,14.7966,9,2017,255
9/13/2017,15.16083826,14.796,15.429,0.117820775,15.0008,15.2966,9,2017,256
9/14/2017,15.35292522,15.159,15.475,0.058070541,15.2784,15.4202,9,2017,257
9/15/2017,15.51101565,15.291,15.732,0.09840828,15.379,15.64,9,2017,258
9/16/2017,16.20146609,15.965,16.497,0.114474326,16.053,16.359,9,2017,259
9/17/2017,16.1056087,15.778,16.388,0.131773569,15.9254,16.2776,9,2017,260
9/18/2017,15.98547304,15.682,16.22,0.118115556,15.8164,16.1306,9,2017,261
9/19/2017,15.41452348,15.149,15.642,0.10703939,15.276,15.561,9,2017,262
9/20/2017,15.25350261,14.913,15.568,0.161498772,15.039,15.4796,9,2017,263
9/21/2017,15.34494087,14.963,15.626,0.168722604,15.105,15.5662,9,2017,264
9/22/2017,16.37794609,16.012,16.677,0.182716081,16.121,16.6176,9,2017,265
9/23/2017,16.23394783,15.455,16.874,0.343676714,15.7466,16.683,9,2017,266
9/24/2017,16.40916174,16.026,16.829,0.204186991,16.1194,16.6806,9,2017,267
9/25/2017,16.53715652,16.029,16.947,0.218393955,16.2286,16.8196,9,2017,268
9/26/2017,16.71893913,16.293,16.98,0.149405762,16.5116,16.9026,9,2017,269
9/27/2017,15.72237217,15.247,16.031,0.158517019,15.4784,15.912,9,2017,270
9/28/2017,15.71371652,15.083,16.167,0.271055553,15.3348,16.039,9,2017,271
9/29/2017,15.57461391,14.816,16.193,0.308016964,15.1694,15.9614,9,2017,272
9/30/2017,14.56425391,14.112,14.962,0.21750514,14.2484,14.8396,9,2017,273
10/1/2017,14.44918087,13.93,14.799,0.196748248,14.174,14.683,10,2017,274
10/2/2017,14.49230435,13.958,14.983,0.223902214,14.2204,14.8002,10,2017,275
10/3/2017,14.29685217,13.479,14.904,0.282422437,13.9422,14.63,10,2017,276
10/4/2017,14.53332348,13.88,15.206,0.284172691,14.1374,14.9212,10,2017,277
10/5/2017,15.17006435,14.535,15.68,0.278801625,14.7838,15.5194,10,2017,278
10/6/2017,15.0801687,14.55,15.467,0.240939482,14.7448,15.393,10,2017,279
10/7/2017,14.86142783,14.106,15.255,0.263248107,14.4784,15.1732,10,2017,280
10/8/2017,15.06381043,14.749,15.407,0.158996638,14.857,15.3006,10,2017,281
10/9/2017,15.11722957,14.751,15.52,0.173459721,14.881,15.3596,10,2017,282
10/10/2017,15.25552522,14.723,15.873,0.260796867,14.8814,15.6438,10,2017,283
10/11/2017,14.81051304,14.045,15.17,0.228709467,14.5206,15.0986,10,2017,284
10/12/2017,13.62832174,13.207,14.086,0.177461865,13.3904,13.84,10,2017,285
10/13/2017,13.42672348,13.033,13.685,0.153504878,13.1974,13.6052,10,2017,286
10/14/2017,13.49568348,13.127,13.74,0.121070115,13.3378,13.667,10,2017,287
10/15/2017,13.64448522,13.103,13.88,0.109819059,13.528,13.772,10,2017,288
10/16/2017,12.95837391,12.783,13.115,0.068503549,12.877,13.058,10,2017,289
10/17/2017,12.84771304,12.537,13.057,0.09641607,12.7314,12.9772,10,2017,290
10/18/2017,12.87717739,12.318,13.236,0.148140788,12.7456,13.076,10,2017,291
10/19/2017,12.89574435,12.24,13.213,0.165617719,12.7104,13.0558,10,2017,292
10/20/2017,12.96568348,12.424,13.212,0.140230139,12.7856,13.155,10,2017,293
10/21/2017,12.79098261,12.387,13.27,0.23673951,12.465,13.1276,10,2017,294
10/22/2017,12.45954435,12.02,12.907,0.251194341,12.1574,12.812,10,2017,295
10/23/2017,12.26714435,12.039,12.829,0.185946487,12.0944,12.5624,10,2017,296
10/24/2017,12.41353391,12.289,12.7,0.090093168,12.3154,12.5492,10,2017,297
10/25/2017,12.6496087,12.466,12.91,0.098076367,12.522,12.7836,10,2017,298
10/26/2017,12.65223304,12.48,12.762,0.069876406,12.5524,12.7386,10,2017,299
10/27/2017,12.73122609,12.422,12.945,0.11826322,12.555,12.8912,10,2017,300
10/28/2017,12.62328348,11.737,12.983,0.30362675,12.0982,12.914,10,2017,301
10/29/2017,12.4135287,11.545,12.786,0.317991945,11.8842,12.702,10,2017,302
10/30/2017,12.47160522,12.168,12.661,0.109118733,12.2846,12.592,10,2017,303
10/31/2017,12.52028522,12.33,12.749,0.082564041,12.42,12.635,10,2017,304
11/1/2017,12.55175478,12.337,12.679,0.06859537,12.4544,12.629,11,2017,305
11/2/2017,12.37174435,12.027,12.503,0.103828183,12.2146,12.4836,11,2017,306
11/3/2017,12.39785565,12.078,12.589,0.113507563,12.2474,12.5606,11,2017,307
11/4/2017,12.35423478,12.047,12.515,0.096335192,12.2154,12.4776,11,2017,308
11/5/2017,12.1948087,11.903,12.473,0.139867352,12.01,12.382,11,2017,309
11/6/2017,11.68120348,11.44,11.862,0.119765532,11.5074,11.8256,11,2017,310
11/7/2017,11.52384174,11.258,11.715,0.121328338,11.334,11.659,11,2017,311
11/8/2017,10.91604,10.571,11.281,0.190829503,10.672,11.2062,11,2017,312
11/9/2017,10.35641913,10.099,11.012,0.144327167,10.1768,10.5054,11,2017,313
11/10/2017,10.19583826,9.954,10.627,0.142429639,10.0408,10.4082,11,2017,314
11/11/2017,10.20132348,9.967,10.646,0.142152565,10.0634,10.4176,11,2017,315
11/12/2017,10.09289565,9.931,10.348,0.080082228,10.0014,10.2114,11,2017,316
11/13/2017,9.807596522,9.367,10.203,0.182416696,9.5624,10.0786,11,2017,317
11/14/2017,9.776725217,9.386,10.173,0.19670177,9.5086,10.0702,11,2017,318
11/15/2017,9.768765217,9.591,9.945,0.085461275,9.65,9.879,11,2017,319
11/16/2017,9.364064348,8.954,9.806,0.204802772,9.0844,9.6446,11,2017,320
11/17/2017,9.195377391,8.703,9.944,0.264970037,8.8728,9.5894,11,2017,321
11/18/2017,9.194325217,8.706,9.988,0.274975305,8.8764,9.616,11,2017,322
11/19/2017,9.261636522,8.858,9.755,0.220806508,8.9812,9.5906,11,2017,323
11/20/2017,9.231102609,8.931,9.745,0.188073346,8.9984,9.4882,11,2017,324
11/21/2017,9.102697391,8.686,9.608,0.246575279,8.7826,9.456,11,2017,325
11/22/2017,8.992001739,8.566,9.338,0.204529532,8.707,9.2596,11,2017,326
11/23/2017,9.019274783,8.625,9.386,0.196484001,8.7672,9.316,11,2017,327
11/24/2017,8.883615652,8.296,9.464,0.317287293,8.4322,9.3002,11,2017,328
11/25/2017,8.809191304,7.884,9.518,0.45558306,8.1344,9.3504,11,2017,329
11/26/2017,8.780610435,7.96,9.464,0.456725603,8.071,9.325,11,2017,330
11/27/2017,8.649154783,8.105,9.117,0.273581649,8.2662,9.0186,11,2017,331
11/28/2017,8.701041739,8.212,9.197,0.241622294,8.388,9.069,11,2017,332
11/29/2017,8.614528696,8.176,9.045,0.209232334,8.351,8.9436,11,2017,333
11/30/2017,8.53713913,8.093,9.054,0.239242915,8.2418,8.913,11,2017,334
12/1/2017,8.304916522,7.938,8.795,0.23061655,8.0334,8.661,12,2017,335
12/2/2017,8.04966087,7.694,8.492,0.22145472,7.7798,8.3796,12,2017,336
12/3/2017,7.823313043,7.482,8.141,0.154459672,7.5974,8.001,12,2017,337
12/4/2017,7.692236522,7.397,8.196,0.184946832,7.472,7.967,12,2017,338
12/5/2017,7.79846087,7.564,8.109,0.126422628,7.6324,7.97,12,2017,339
12/6/2017,7.950862609,7.537,8.469,0.227964283,7.6554,8.2774,12,2017,340
12/7/2017,7.876786087,7.457,8.531,0.247783986,7.5718,8.234,12,2017,341
12/8/2017,7.86514087,7.409,8.333,0.240982706,7.5402,8.207,12,2017,342
12/9/2017,7.916107826,7.431,8.366,0.242578352,7.5802,8.242,12,2017,343
12/10/2017,7.789526957,7.437,8.129,0.179355094,7.5404,8.026,12,2017,344
12/11/2017,6.558610435,6.237,7.028,0.178402633,6.3288,6.82,12,2017,345
12/12/2017,6.804932174,6.322,7.242,0.236741197,6.4774,7.1238,12,2017,346
12/13/2017,6.74461913,6.21,7.31,0.285983314,6.3664,7.1538,12,2017,347
12/14/2017,6.64845913,6.096,7.29,0.314105857,6.252,7.122,12,2017,348
12/15/2017,6.548469565,6.015,7.342,0.340840341,6.1528,7.0664,12,2017,349
12/16/2017,6.389246957,5.904,6.927,0.252009433,6.0494,6.74,12,2017,350
12/17/2017,6.023782609,5.686,6.574,0.232588044,5.7698,6.3776,12,2017,351
12/18/2017,5.926553043,5.516,6.538,0.272191417,5.5992,6.3352,12,2017,352
12/19/2017,6.240666087,5.809,6.97,0.288260148,5.9118,6.6752,12,2017,353
12/20/2017,6.554071304,6.102,7.246,0.262240169,6.2424,6.936,12,2017,354
12/21/2017,6.721288696,6.279,7.375,0.23934681,6.427,7.0592,12,2017,355
12/22/2017,6.515363478,6.158,7.188,0.258468799,6.238,6.925,12,2017,356
12/23/2017,6.596045217,6.287,6.982,0.167337528,6.3774,6.8216,12,2017,357
12/24/2017,6.51430087,6.156,6.786,0.16402245,6.2754,6.7252,12,2017,358
12/25/2017,5.928163478,5.585,6.508,0.196537141,5.6818,6.1982,12,2017,359
12/26/2017,5.421841739,5.075,6.138,0.226028106,5.153,5.7478,12,2017,360
12/27/2017,5.230624348,4.828,5.963,0.263466455,4.915,5.617,12,2017,361
12/28/2017,5.196474783,4.844,5.839,0.223003974,4.9224,5.511,12,2017,362
12/29/2017,5.247707826,5.007,5.614,0.139071892,5.0784,5.46,12,2017,363
12/30/2017,5.005012174,4.74,5.419,0.150462185,4.8174,5.223,12,2017,364
12/31/2017,4.625528696,4.251,5.115,0.198223905,4.3674,4.9156,12,2017,365
1/1/2018,4.877612174,4.387,5.479,0.275779057,4.527,5.2852,1,2018,1
1/2/2018,5.256318261,4.683,6.042,0.32455782,4.861,5.7394,1,2018,2
1/3/2018,5.5294,4.789,6.346,0.356601863,5.0768,6.0336,1,2018,3
1/4/2018,5.681605217,4.973,6.312,0.292273532,5.2908,6.074,1,2018,4
1/5/2018,4.874509565,4.457,5.261,0.190577235,4.6208,5.1326,1,2018,5
1/6/2018,4.980455652,4.663,5.112,0.100364724,4.8294,5.089,1,2018,6
1/7/2018,5.125704348,4.91,5.461,0.104687953,5.0058,5.2808,1,2018,7
1/8/2018,5.527930435,4.969,5.888,0.223936539,5.201,5.8026,1,2018,8
1/9/2018,5.506603478,4.864,6.043,0.258810444,5.1552,5.85,1,2018,9
1/10/2018,5.40050087,4.763,5.964,0.265051431,5.0368,5.7504,1,2018,10
1/11/2018,5.433412174,4.805,5.908,0.255906693,5.0696,5.7598,1,2018,11
1/12/2018,5.27221913,4.792,5.696,0.211684757,4.9728,5.5418,1,2018,12
1/13/2018,5.071766957,4.707,5.609,0.226007357,4.7874,5.4006,1,2018,13
1/14/2018,4.81930087,4.443,5.433,0.221973854,4.546,5.119,1,2018,14
1/15/2018,4.971753043,4.607,5.485,0.236179201,4.68,5.324,1,2018,15
1/16/2018,5.205010435,4.685,5.723,0.25154911,4.8748,5.5566,1,2018,16
1/17/2018,4.84985913,4.245,5.289,0.267089082,4.4704,5.1976,1,2018,17
1/18/2018,4.613664348,3.645,5.337,0.371037256,4.0978,5.0932,1,2018,18
1/19/2018,4.434276522,3.506,5.249,0.388600681,3.9058,4.9702,1,2018,19
1/20/2018,3.668702609,2.774,4.868,0.481821645,3.0648,4.368,1,2018,20
1/21/2018,3.5736,2.88,4.419,0.339132805,3.132,4.037,1,2018,21
1/22/2018,3.611542609,2.922,4.385,0.338911479,3.159,4.0814,1,2018,22
1/23/2018,3.361864348,2.728,4.256,0.366943846,2.8882,3.8926,1,2018,23
1/24/2018,3.410549565,2.881,4.158,0.307012894,3.0194,3.8504,1,2018,24
1/25/2018,3.38069913,2.886,4.08,0.297092323,3.0104,3.814,1,2018,25
1/26/2018,3.46021913,2.987,4.289,0.289981269,3.1014,3.8636,1,2018,26
1/27/2018,3.514853913,3.048,4.079,0.267616807,3.167,3.9052,1,2018,27
1/28/2018,3.563544348,3.114,3.987,0.220259953,3.2548,3.8562,1,2018,28
1/29/2018,3.821624348,3.4,4.309,0.221047896,3.524,4.1236,1,2018,29
1/30/2018,3.687107826,3.313,4.229,0.238880998,3.3874,4.0392,1,2018,30
1/31/2018,3.673765217,3.27,4.302,0.276449022,3.3428,4.0908,1,2018,31
2/1/2018,3.79632,3.445,4.275,0.211017269,3.5354,4.1066,2,2018,32
2/2/2018,3.673982609,3.354,4.133,0.170405112,3.4518,3.902,2,2018,33
2/3/2018,3.462627826,3.135,3.962,0.214228412,3.214,3.7898,2,2018,34
2/4/2018,3.531203478,3.232,4.027,0.218313991,3.2924,3.87,2,2018,35
2/5/2018,3.569424348,3.236,4.349,0.276172567,3.297,3.9926,2,2018,36
2/6/2018,3.382323478,2.884,4.282,0.33997176,2.9998,3.893,2,2018,37
2/7/2018,3.307146087,2.891,4.163,0.332490187,2.9394,3.8158,2,2018,38
2/8/2018,3.131629565,2.734,3.601,0.190954434,2.9038,3.4156,2,2018,39
2/9/2018,2.984373913,2.47,3.67,0.277963283,2.6604,3.4012,2,2018,40
2/10/2018,2.994958261,2.455,3.635,0.277218354,2.6564,3.4016,2,2018,41
2/11/2018,3.553626087,3.088,3.986,0.212249396,3.2482,3.831,2,2018,42
2/12/2018,3.42310087,3.01,3.949,0.242712374,3.1304,3.7916,2,2018,43
2/13/2018,3.372264348,2.989,3.935,0.244477783,3.0894,3.741,2,2018,44
2/14/2018,3.52644,3.159,4.165,0.245382748,3.25,3.8956,2,2018,45
2/15/2018,3.930398261,3.556,4.597,0.274554183,3.6214,4.343,2,2018,46
2/16/2018,4.069591304,3.755,4.618,0.21991985,3.8304,4.4232,2,2018,47
2/17/2018,4.047104348,3.723,4.628,0.236371208,3.8004,4.4426,2,2018,48
2/18/2018,4.088234783,3.768,4.587,0.178104955,3.8658,4.347,2,2018,49
2/19/2018,4.050092174,3.665,4.586,0.191996271,3.8174,4.3272,2,2018,50
2/20/2018,3.985770435,3.516,4.454,0.210346974,3.7044,4.2704,2,2018,51
2/21/2018,4.21058087,3.693,4.54,0.208228717,3.909,4.462,2,2018,52
2/22/2018,4.546292174,3.816,5.139,0.303254745,4.138,4.958,2,2018,53
2/23/2018,4.501147826,3.693,5.247,0.373283557,4.0116,5.029,2,2018,54
2/24/2018,4.171017391,3.613,4.927,0.36761824,3.6904,4.697,2,2018,55
2/25/2018,4.21601913,3.456,5.038,0.44586276,3.58,4.824,2,2018,56
2/26/2018,4.173803478,3.284,4.813,0.46108409,3.4878,4.742,2,2018,57
2/27/2018,4.410535652,4.016,4.777,0.209281478,4.1014,4.695,2,2018,58
2/28/2018,4.218203478,3.616,4.722,0.342445039,3.734,4.6658,2,2018,59
3/1/2018,4.095043478,3.613,4.466,0.224661929,3.7664,4.376,3,2018,60
3/2/2018,4.400758261,4.108,4.779,0.153388029,4.1954,4.6102,3,2018,61
3/3/2018,4.220147826,3.915,4.603,0.159242329,4.0074,4.4384,3,2018,62
3/4/2018,3.829996522,3.513,4.077,0.135582278,3.6438,4.0066,3,2018,63
3/5/2018,3.933471304,3.578,4.14,0.093404307,3.8094,4.026,3,2018,64
3/6/2018,4.327486957,4.065,4.79,0.152220908,4.146,4.5508,3,2018,65
3/7/2018,3.910137391,3.572,4.061,0.100132996,3.7596,4.0106,3,2018,66
3/8/2018,3.336166957,3.143,3.584,0.093263965,3.2104,3.4626,3,2018,67
3/9/2018,3.270586087,2.903,3.55,0.177059605,3.0034,3.4896,3,2018,68
3/10/2018,3.317921739,2.99,3.58,0.155625866,3.0904,3.5136,3,2018,69
3/11/2018,3.394309565,2.93,3.732,0.219235713,3.0698,3.6816,3,2018,70
3/12/2018,3.581558261,3.236,3.836,0.164022688,3.3534,3.803,3,2018,71
3/13/2018,3.421349565,3.002,3.727,0.205619599,3.12,3.6846,3,2018,72
3/14/2018,3.246135652,2.977,3.495,0.135626392,3.0548,3.4226,3,2018,73
3/15/2018,3.662852174,3.32,4.044,0.196044689,3.3994,3.9396,3,2018,74
3/16/2018,3.633006957,3.07,4.36,0.360269895,3.1492,4.1626,3,2018,75
3/17/2018,3.592462609,2.967,4.369,0.389346712,3.0598,4.1598,3,2018,76
3/18/2018,3.613751304,3.148,4.315,0.323495982,3.2164,4.1216,3,2018,77
3/19/2018,3.715196522,3.393,4.356,0.25692632,3.4562,4.1534,3,2018,78
3/20/2018,3.737638261,3.411,4.301,0.22943778,3.4774,4.1068,3,2018,79
3/21/2018,3.726372174,3.47,4.147,0.184066864,3.502,4.0042,3,2018,80
3/22/2018,3.535925217,3.419,3.822,0.093504325,3.4424,3.682,3,2018,81
3/23/2018,3.359706087,3.071,3.677,0.107901146,3.256,3.515,3,2018,82
3/24/2018,3.581238261,3.354,3.894,0.128992669,3.399,3.7366,3,2018,83
3/25/2018,3.507507826,3.012,3.974,0.280224474,3.091,3.8726,3,2018,84
3/26/2018,3.54425913,2.907,4.078,0.329243035,3.0632,3.9626,3,2018,85
3/27/2018,3.65506087,3.233,4.102,0.259802273,3.2958,4.028,3,2018,86
3/28/2018,4.336848696,4.009,4.732,0.194823398,4.0894,4.6276,3,2018,87
3/29/2018,4.299558261,4.059,4.649,0.154456955,4.1084,4.5296,3,2018,88
3/30/2018,4.333151304,4.125,4.642,0.137573964,4.164,4.5362,3,2018,89
3/31/2018,4.343864348,4.226,4.474,0.061314398,4.262,4.431,3,2018,90
4/1/2018,4.355267826,4.183,4.506,0.097075824,4.2144,4.474,4,2018,91
4/2/2018,4.366012174,4.188,4.543,0.106231807,4.219,4.504,4,2018,92
4/3/2018,4.19910087,4.069,4.322,0.057668163,4.12,4.277,4,2018,93
4/4/2018,4.240276522,3.563,4.436,0.132684708,4.1104,4.3866,4,2018,94
4/5/2018,4.181711304,3.434,4.386,0.159656579,3.9684,4.347,4,2018,95
4/6/2018,4.124853913,3.707,4.362,0.13454766,3.933,4.3036,4,2018,96
4/7/2018,4.076808696,3.855,4.277,0.108353491,3.9264,4.228,4,2018,97
4/8/2018,3.940808696,3.781,4.012,0.046045746,3.8758,3.989,4,2018,98
4/9/2018,3.963126957,3.765,4.084,0.060566428,3.8834,4.029,4,2018,99
4/10/2018,3.975455652,3.705,4.148,0.128566897,3.7658,4.125,4,2018,100
4/11/2018,4.131175652,3.791,4.391,0.152325786,3.8854,4.29,4,2018,101
4/12/2018,4.469344348,4.24,4.704,0.105490837,4.3164,4.619,4,2018,102
4/13/2018,4.544353043,4.423,4.668,0.055077129,4.478,4.62,4,2018,103
4/14/2018,4.540763478,4.492,4.581,0.020039849,4.514,4.568,4,2018,104
4/15/2018,5.235166957,5.154,5.308,0.034950736,5.1864,5.282,4,2018,105
4/16/2018,4.441935652,4.305,4.533,0.048220577,4.376,4.503,4,2018,106
4/17/2018,4.40022087,4.293,4.5,0.046075437,4.34,4.463,4,2018,107
4/18/2018,4.39270087,4.295,4.496,0.043416999,4.3374,4.452,4,2018,108
4/19/2018,4.934133913,4.575,5.097,0.107783535,4.7714,5.052,4,2018,109
4/20/2018,4.966205217,4.383,5.301,0.15020447,4.761,5.14,4,2018,110
4/21/2018,5.159773913,4.734,5.497,0.111304277,5.024,5.2976,4,2018,111
4/22/2018,5.540801739,5.175,5.775,0.134740281,5.359,5.698,4,2018,112
4/23/2018,5.923612174,5.572,6.3,0.16673746,5.7144,6.1696,4,2018,113
4/24/2018,5.964064348,5.709,6.38,0.150982789,5.764,6.1616,4,2018,114
4/25/2018,6.18338087,6.071,6.444,0.09058949,6.0874,6.3218,4,2018,115
4/26/2018,6.598196522,6.359,6.899,0.142801944,6.4014,6.8,4,2018,116
4/27/2018,6.924949565,6.491,7.415,0.27337857,6.5594,7.2836,4,2018,117
4/28/2018,7.027634783,6.776,7.287,0.146935356,6.8224,7.2366,4,2018,118
4/29/2018,7.295408696,6.95,7.662,0.165699283,7.0954,7.503,4,2018,119
4/30/2018,7.475554783,7.14,7.842,0.180161184,7.2714,7.7486,4,2018,120
5/1/2018,7.567248696,7.332,7.766,0.097179057,7.458,7.7036,5,2018,121
5/2/2018,7.564203478,7.504,7.611,0.025988781,7.531,7.598,5,2018,122
5/3/2018,7.841873043,7.794,7.895,0.021692246,7.8164,7.873,5,2018,123
5/4/2018,8.506278261,8.323,8.631,0.079119628,8.3904,8.604,5,2018,124
5/5/2018,9.488151304,9.208,9.675,0.109701161,9.3208,9.6226,5,2018,125
5/6/2018,9.74993913,9.41,9.944,0.105587397,9.6014,9.882,5,2018,126
5/7/2018,9.807622609,9.348,10.013,0.132038765,9.6192,9.9396,5,2018,127
5/8/2018,9.820937391,9.318,10.081,0.137936029,9.6482,9.9666,5,2018,128
5/9/2018,9.815394783,9.475,10.007,0.108055004,9.6522,9.928,5,2018,129
5/10/2018,8.985674783,8.79,9.133,0.078350683,8.877,9.0896,5,2018,130
5/11/2018,10.78565043,10.343,11.032,0.156077846,10.5484,10.9732,5,2018,131
5/12/2018,10.85110609,10.436,11.147,0.175285524,10.5974,11.0686,5,2018,132
5/13/2018,10.8853913,10.452,11.084,0.164072416,10.624,11.059,5,2018,133
5/14/2018,10.60605913,10.357,10.768,0.079881511,10.4914,10.706,5,2018,134
5/15/2018,10.98218087,10.412,11.566,0.269720998,10.624,11.3356,5,2018,135
5/16/2018,10.96217043,10.247,11.617,0.328141598,10.5008,11.3676,5,2018,136
5/17/2018,10.62050261,10.158,10.963,0.161649359,10.3784,10.7962,5,2018,137
5/18/2018,10.25104348,9.746,10.767,0.249536497,9.9048,10.5896,5,2018,138
5/19/2018,11.06637565,10.361,11.571,0.290390326,10.6354,11.435,5,2018,139
5/20/2018,11.09051304,10.428,11.467,0.205828231,10.7742,11.3256,5,2018,140
5/21/2018,11.15090435,10.661,11.455,0.178013779,10.872,11.3336,5,2018,141
5/22/2018,10.90548,10.233,11.351,0.267792608,10.4892,11.1946,5,2018,142
5/23/2018,10.77964,10.404,11.106,0.191460072,10.5194,11.042,5,2018,143
5/24/2018,10.92473217,10.322,11.373,0.247156219,10.5996,11.2816,5,2018,144
5/25/2018,11.02437913,10.614,11.422,0.21310267,10.7514,11.3452,5,2018,145
5/26/2018,11.0137113,10.835,11.187,0.087291534,10.902,11.145,5,2018,146
5/27/2018,10.89002261,10.527,11.183,0.131044136,10.7214,11.0756,5,2018,147
5/28/2018,11.48458435,10.857,12.077,0.270367177,11.1294,11.8524,5,2018,148
5/29/2018,12.27250261,11.589,12.867,0.279251943,11.9072,12.6462,5,2018,149
5/30/2018,12.31352696,11.75,12.879,0.245090459,11.9978,12.6486,5,2018,150
5/31/2018,12.40755478,11.856,12.998,0.249572275,12.0924,12.7516,5,2018,151
6/1/2018,12.94531478,12.449,13.407,0.212519407,12.6726,13.2376,6,2018,152
6/2/2018,12.64884,12.193,13.434,0.32723058,12.2838,13.1616,6,2018,153
6/3/2018,12.39244522,12.007,13.234,0.339438576,12.0514,12.937,6,2018,154
6/4/2018,12.42389913,12.025,13.158,0.263877282,12.1254,12.8214,6,2018,155
6/5/2018,11.99977565,11.652,12.608,0.222629065,11.766,12.3534,6,2018,156
6/6/2018,11.84254783,11.478,12.265,0.179437771,11.59,12.0884,6,2018,157
6/7/2018,12.30078435,11.634,13.12,0.42110394,11.753,12.9288,6,2018,158
6/8/2018,12.90888,12.242,13.479,0.255907202,12.5792,13.273,6,2018,159
6/9/2018,13.12538783,12.593,13.675,0.21065368,12.8904,13.429,6,2018,160
6/10/2018,13.16028348,12.893,13.594,0.205386848,12.9254,13.5078,6,2018,161
6/11/2018,13.06423652,12.774,13.349,0.128684891,12.8784,13.2416,6,2018,162
6/12/2018,12.81447652,12.309,13.163,0.184016358,12.5414,13.019,6,2018,163
6/13/2018,12.49501043,12.238,12.777,0.103854964,12.3472,12.6186,6,2018,164
6/14/2018,12.3822087,11.976,12.779,0.149041765,12.185,12.5766,6,2018,165
6/15/2018,12.30035478,11.906,12.815,0.211085908,12.093,12.6504,6,2018,166
6/16/2018,12.36298087,11.984,12.919,0.223368061,12.1528,12.722,6,2018,167
6/17/2018,12.47828174,12.108,12.864,0.163689401,12.302,12.7568,6,2018,168
6/18/2018,13.22289391,12.852,13.757,0.199171474,13.0124,13.5242,6,2018,169
6/19/2018,13.46948348,13.174,13.837,0.130988959,13.299,13.6432,6,2018,170
6/20/2018,13.96954435,13.571,14.403,0.234145457,13.6334,14.2976,6,2018,171
6/21/2018,14.0776087,13.484,14.725,0.376695029,13.6094,14.6356,6,2018,172
6/22/2018,14.13451652,13.637,14.759,0.308935713,13.7434,14.6004,6,2018,173
6/23/2018,14.05561739,13.807,14.466,0.119324842,13.878,14.1636,6,2018,174
6/24/2018,14.06454957,13.58,14.363,0.169925872,13.8308,14.2766,6,2018,175
6/25/2018,14.03262261,13.575,14.592,0.201209501,13.7992,14.3196,6,2018,176
6/26/2018,14.03182783,13.595,14.639,0.236505932,13.7518,14.362,6,2018,177
6/27/2018,13.96796348,13.54,14.553,0.216488029,13.7158,14.2636,6,2018,178
6/28/2018,14.01649739,13.535,14.463,0.204458977,13.7324,14.2876,6,2018,179
6/29/2018,14.40149043,14.035,14.809,0.186808664,14.1768,14.6872,6,2018,180
6/30/2018,14.48487652,14.176,15.037,0.21985056,14.2674,14.846,6,2018,181
7/1/2018,14.90945739,14.503,15.462,0.217705283,14.6144,15.1986,7,2018,182
7/2/2018,15.39767826,14.955,15.871,0.209561012,15.0924,15.6626,7,2018,183
7/3/2018,17.00994957,16.462,17.496,0.21315828,16.7182,17.2806,7,2018,184
7/4/2018,17.62019478,16.902,18.148,0.274573557,17.2446,17.97,7,2018,185
7/5/2018,17.30547826,16.687,17.899,0.26877081,16.9584,17.667,7,2018,186
7/6/2018,16.42868522,16.113,16.793,0.190866537,16.1854,16.7192,7,2018,187
7/7/2018,16.21178087,15.713,16.919,0.255234457,15.945,16.6152,7,2018,188
7/8/2018,15.98506783,15.626,16.379,0.167087025,15.795,16.2102,7,2018,189
7/9/2018,15.79769043,15.538,16.489,0.244319887,15.572,16.195,7,2018,190
7/10/2018,16.2735913,15.807,16.65,0.206047899,15.983,16.5306,7,2018,191
7/11/2018,16.19346783,15.724,16.957,0.32779684,15.8438,16.7248,7,2018,192
7/12/2018,16.2412,15.716,16.915,0.33032547,15.8684,16.7598,7,2018,193
7/13/2018,16.55948,15.929,17.241,0.315731244,16.1784,17.0178,7,2018,194
7/14/2018,16.79286957,16.262,17.564,0.331962088,16.3834,17.2694,7,2018,195
7/15/2018,17.21359826,16.807,17.744,0.176185216,16.9718,17.458,7,2018,196
7/16/2018,17.54870261,16.853,18,0.202135171,17.302,17.8056,7,2018,197
7/17/2018,17.47633913,16.971,17.994,0.169088563,17.27,17.705,7,2018,198
7/18/2018,17.46491304,16.768,17.94,0.203963495,17.171,17.7038,7,2018,199
7/19/2018,17.38897913,16.727,17.774,0.199913996,17.1382,17.6368,7,2018,200
7/20/2018,17.27805217,16.686,17.758,0.214813072,17.0184,17.592,7,2018,201
7/21/2018,17.17490783,16.429,17.997,0.373809483,16.779,17.7622,7,2018,202
7/22/2018,17.17828,16.382,17.829,0.342341369,16.7318,17.658,7,2018,203
7/23/2018,17.11178087,16.334,17.828,0.318119727,16.6708,17.5236,7,2018,204
7/24/2018,16.84606087,16.081,17.984,0.403325913,16.3704,17.4378,7,2018,205
7/25/2018,16.90601217,16.157,18.101,0.411478876,16.42,17.5174,7,2018,206
7/26/2018,17.09368348,16.433,18.005,0.332949532,16.674,17.565,7,2018,207
7/27/2018,17.13268,16.552,17.698,0.254029598,16.774,17.4482,7,2018,208
7/28/2018,17.40289391,16.816,17.873,0.254383721,17.0398,17.7396,7,2018,209
7/29/2018,17.51804,16.845,18.414,0.36141927,17.1124,18.0988,7,2018,210
7/30/2018,17.71435304,17.043,18.655,0.368052818,17.33,18.3276,7,2018,211
7/31/2018,17.76312348,17.191,18.572,0.314500866,17.4074,18.2676,7,2018,212
8/1/2018,17.79453217,17.263,18.305,0.249270731,17.4546,18.1222,8,2018,213
8/2/2018,18.09235652,17.502,18.816,0.314881826,17.6754,18.5346,8,2018,214
8/3/2018,18.39423478,17.844,18.98,0.266822023,18.0418,18.7728,8,2018,215
8/4/2018,18.77584348,18.349,19.334,0.190347445,18.5664,19.049,8,2018,216
8/5/2018,19.08291652,18.71,19.669,0.211296125,18.8544,19.425,8,2018,217
8/6/2018,19.11224,18.681,19.868,0.279382211,18.8104,19.5778,8,2018,218
8/7/2018,19.13798783,18.797,19.698,0.202938856,18.8914,19.4366,8,2018,219
8/8/2018,19.08689391,18.75,19.456,0.171741858,18.851,19.322,8,2018,220
8/9/2018,19.0425113,18.616,19.809,0.281952623,18.766,19.499,8,2018,221
8/10/2018,19.08297565,18.446,19.706,0.267946162,18.7592,19.45,8,2018,222
8/11/2018,18.95232348,18.609,19.203,0.109152068,18.8234,19.0956,8,2018,223
8/12/2018,18.96512,18.552,19.344,0.150367869,18.7532,19.1516,8,2018,224
8/13/2018,18.74809565,18.204,19.273,0.233808879,18.4236,19.0546,8,2018,225
8/14/2018,18.44557391,17.7,19.24,0.338989631,18.024,18.922,8,2018,226
8/15/2018,18.79043652,18.023,19.354,0.256443613,18.447,19.1156,8,2018,227
8/16/2018,18.81034435,18.086,19.592,0.348535352,18.412,19.378,8,2018,228
8/17/2018,18.73041391,17.99,19.634,0.39064721,18.2888,19.3646,8,2018,229
8/18/2018,18.52116696,18.172,18.903,0.16662217,18.296,18.758,8,2018,230
8/19/2018,18.21006261,17.61,18.753,0.262005152,17.8282,18.5764,8,2018,231
8/20/2018,18.06977217,17.379,18.637,0.266798927,17.6726,18.4246,8,2018,232
8/21/2018,17.97621739,17.221,18.719,0.448895737,17.3444,18.558,8,2018,233
8/22/2018,18.04791826,17.322,18.51,0.315511882,17.6028,18.462,8,2018,234
8/23/2018,18.25677217,17.458,18.6,0.216132787,17.9412,18.4736,8,2018,235
8/24/2018,18.2586087,17.568,18.615,0.199606987,17.9744,18.523,8,2018,236
8/25/2018,18.35650783,17.928,18.763,0.195432165,18.0844,18.6142,8,2018,237
8/26/2018,18.33964348,18.033,18.86,0.193593354,18.0974,18.6286,8,2018,238
8/27/2018,18.57285565,18.094,18.941,0.157715137,18.4174,18.8144,8,2018,239
8/28/2018,18.62848522,18.091,19.022,0.169103877,18.3876,18.8026,8,2018,240
8/29/2018,18.97710609,18.507,19.267,0.15109435,18.7616,19.1552,8,2018,241
8/30/2018,18.92536696,18.46,19.412,0.250655022,18.6594,19.3272,8,2018,242
8/31/2018,18.77516696,18.246,19.346,0.289672337,18.4174,19.2166,8,2018,243
9/1/2018,18.11454435,17.812,18.513,0.169925597,17.8868,18.34,9,2018,244
9/2/2018,18.09064696,17.704,18.563,0.230233351,17.8014,18.4522,9,2018,245
9/3/2018,18.13686957,17.78,18.657,0.181322941,17.907,18.39,9,2018,246
9/4/2018,18.76730261,18.342,19.053,0.108642457,18.6378,18.9122,9,2018,247
9/5/2018,20.00118609,18.953,20.599,0.380951379,19.452,20.473,9,2018,248
9/6/2018,20.15321913,19.324,20.894,0.407734401,19.5348,20.65,9,2018,249
9/7/2018,19.9642487,19.063,20.829,0.465570972,19.312,20.571,9,2018,250
9/8/2018,18.40151826,17.599,19.161,0.34260758,17.9594,18.8662,9,2018,251
9/9/2018,17.04881391,16.331,17.798,0.322253631,16.612,17.484,9,2018,252
9/10/2018,17.03079304,16.289,17.777,0.327456985,16.587,17.4726,9,2018,253
9/11/2018,17.21508,16.545,17.881,0.296019282,16.8376,17.6208,9,2018,254
9/12/2018,16.58673391,16.258,16.827,0.110623056,16.4528,16.743,9,2018,255
9/13/2018,16.59691826,16.178,17.078,0.256896843,16.254,16.9858,9,2018,256
9/14/2018,16.64000348,16.164,17.268,0.308377054,16.2518,17.1356,9,2018,257
9/15/2018,16.71857565,16.329,16.994,0.128174155,16.6,16.9318,9,2018,258
9/16/2018,17.19230435,16.703,17.555,0.194009311,16.9136,17.4336,9,2018,259
9/17/2018,17.513,17.129,17.776,0.156486243,17.2908,17.7036,9,2018,260
9/18/2018,17.4663113,16.992,17.767,0.188248359,17.1862,17.6982,9,2018,261
9/19/2018,15.88354783,15.313,16.413,0.239602642,15.571,16.2088,9,2018,262
9/20/2018,15.84362087,15.283,16.24,0.191665265,15.5604,16.0722,9,2018,263
9/21/2018,15.6875687,15.157,15.989,0.17150913,15.4388,15.8806,9,2018,264
9/22/2018,15.43678957,14.958,15.786,0.170875791,15.1988,15.644,9,2018,265
9/23/2018,15.43281391,15.07,15.776,0.15661981,15.2304,15.643,9,2018,266
9/24/2018,15.37062435,15.102,15.652,0.120090564,15.2208,15.5406,9,2018,267
9/25/2018,15.33930783,15.016,15.653,0.139965529,15.164,15.5372,9,2018,268
9/26/2018,15.24824348,14.911,15.545,0.141450696,15.0638,15.4448,9,2018,269
9/27/2018,15.31915478,15.056,15.488,0.086211344,15.2068,15.4346,9,2018,270
9/28/2018,15.44374957,15.237,15.594,0.078582941,15.3434,15.5506,9,2018,271
9/29/2018,15.4801687,15.113,15.776,0.136566793,15.3214,15.6732,9,2018,272
9/30/2018,15.34425739,15.11,15.623,0.110187344,15.2088,15.4966,9,2018,273
10/1/2018,15.21142957,14.994,15.399,0.102131814,15.0554,15.349,10,2018,274
10/2/2018,15.08361217,14.786,15.265,0.105830287,14.9308,15.2076,10,2018,275
10/3/2018,14.96433217,14.608,15.126,0.110487576,14.8056,15.0896,10,2018,276
10/4/2018,15.01537565,14.572,15.324,0.153858848,14.8044,15.2082,10,2018,277
10/5/2018,14.96707652,14.475,15.358,0.178988946,14.732,15.1954,10,2018,278
10/6/2018,14.82065391,13.985,15.266,0.270781422,14.4054,15.132,10,2018,279
10/7/2018,14.33057739,13.898,14.677,0.20719044,14.033,14.606,10,2018,280
10/8/2018,14.09325217,13.785,14.443,0.153352958,13.9008,14.307,10,2018,281
10/9/2018,14.19421217,13.82,14.555,0.163970487,13.9818,14.4164,10,2018,282
10/10/2018,13.98141217,13.587,14.358,0.171926192,13.758,14.2146,10,2018,283
10/11/2018,13.70927826,13.418,13.867,0.105923856,13.5522,13.833,10,2018,284
10/12/2018,13.56961565,13.231,13.827,0.152539685,13.3714,13.7826,10,2018,285
10/13/2018,13.79583478,13.416,14.066,0.158606054,13.59,14.0222,10,2018,286
10/14/2018,13.72233913,13.363,13.992,0.136093179,13.5474,13.915,10,2018,287
10/15/2018,13.76132522,13.326,14.047,0.183345641,13.5254,14.0246,10,2018,288
10/16/2018,13.72845217,13.163,13.996,0.20421444,13.4478,13.969,10,2018,289
10/17/2018,13.39693043,12.891,13.658,0.204325427,13.066,13.625,10,2018,290
10/18/2018,12.82657043,12.536,13.066,0.136277738,12.6284,13,10,2018,291
10/19/2018,12.65349565,12.313,12.923,0.1635965,12.441,12.878,10,2018,292
10/20/2018,12.39465043,12.079,12.681,0.152437939,12.2064,12.626,10,2018,293
10/21/2018,12.13230087,11.699,12.497,0.187182302,11.8762,12.3636,10,2018,294
10/22/2018,11.64596522,11.292,11.948,0.171429668,11.4154,11.87,10,2018,295
10/23/2018,11.18164348,10.849,11.678,0.226569054,10.9164,11.5188,10,2018,296
10/24/2018,10.91846957,10.662,11.185,0.13381762,10.723,11.1006,10,2018,297
10/25/2018,10.90164174,10.585,11.216,0.153105804,10.6674,11.099,10,2018,298
10/26/2018,10.83996522,10.585,11.126,0.133814431,10.6484,11.017,10,2018,299
10/27/2018,10.92991304,10.718,11.165,0.11285475,10.7788,11.086,10,2018,300
10/28/2018,10.43706087,10.268,10.636,0.090374221,10.3184,10.565,10,2018,301
10/29/2018,10.08434435,9.939,10.382,0.095970214,9.9744,10.222,10,2018,302
10/30/2018,10.1453687,9.92,10.61,0.157048705,9.9764,10.383,10,2018,303
10/31/2018,10.25566783,9.98,10.728,0.168458566,10.062,10.5134,10,2018,304
11/1/2018,10.38149913,10.124,10.653,0.134522266,10.2,10.5706,11,2018,305
11/2/2018,10.55643826,10.36,10.773,0.101590878,10.419,10.6936,11,2018,306
11/3/2018,10.87504522,10.647,11.059,0.110716331,10.717,11.0196,11,2018,307
11/4/2018,10.83953043,10.588,11.044,0.122337535,10.667,10.999,11,2018,308
11/5/2018,10.48810609,10.259,10.716,0.115950762,10.3294,10.6472,11,2018,309
11/6/2018,9.786382609,9.223,10.316,0.290661398,9.3808,10.1696,11,2018,310
11/7/2018,9.618813913,8.909,10.364,0.35891101,9.1354,10.098,11,2018,311
11/8/2018,9.557083478,8.725,10.39,0.372714251,9.0794,10.0672,11,2018,312
11/9/2018,9.507523478,8.852,10.286,0.340351513,9.0604,9.977,11,2018,313
11/10/2018,9.450695652,9.081,9.98,0.210387074,9.1814,9.7372,11,2018,314
11/11/2018,8.959751304,8.715,9.486,0.210930349,8.755,9.319,11,2018,315
11/12/2018,8.925984348,8.618,9.44,0.22378015,8.707,9.2902,11,2018,316
11/13/2018,8.983050435,8.754,9.37,0.160188008,8.813,9.2492,11,2018,317
11/14/2018,8.974728696,8.758,9.327,0.145341911,8.815,9.2068,11,2018,318
11/15/2018,8.613951304,8.063,9.445,0.443968394,8.125,9.2766,11,2018,319
11/16/2018,8.379972174,8.068,8.972,0.27605431,8.094,8.8182,11,2018,320
11/17/2018,8.180897391,7.994,8.38,0.085449814,8.0584,8.2886,11,2018,321
11/18/2018,8.217876522,7.956,8.557,0.136099627,8.0384,8.4146,11,2018,322
11/19/2018,7.958643478,7.714,8.207,0.129319297,7.7874,8.14,11,2018,323
11/20/2018,7.994033043,7.709,8.314,0.160959852,7.788,8.227,11,2018,324
11/21/2018,7.946233043,7.638,8.366,0.196848182,7.7004,8.234,11,2018,325
11/22/2018,7.931544348,7.603,8.515,0.22825617,7.674,8.2692,11,2018,326
11/23/2018,7.857046957,7.538,8.526,0.251567932,7.576,8.234,11,2018,327
11/24/2018,7.771314783,7.497,8.406,0.237344631,7.517,8.1716,11,2018,328
11/25/2018,7.848692174,7.582,8.314,0.183755113,7.636,8.1336,11,2018,329
11/26/2018,7.775029565,7.465,8.193,0.177612792,7.551,8.0282,11,2018,330
11/27/2018,7.382073043,6.954,7.982,0.248980209,7.0824,7.743,11,2018,331
11/28/2018,7.301681739,6.914,7.877,0.218265002,7.0454,7.6276,11,2018,332
11/29/2018,7.380544348,7.009,7.896,0.219115233,7.1394,7.7272,11,2018,333
11/30/2018,7.46216,7.166,8.051,0.228217266,7.229,7.8368,11,2018,334
12/1/2018,7.468793043,7.117,7.983,0.225494464,7.1974,7.8042,12,2018,335
12/2/2018,7.268657391,6.978,7.673,0.171477376,7.0564,7.517,12,2018,336
12/3/2018,6.996577391,6.635,7.519,0.216306412,6.7204,7.2898,12,2018,337
12/4/2018,6.726815652,6.28,7.382,0.300969243,6.356,7.1862,12,2018,338
12/5/2018,6.585473043,6.05,7.353,0.347652339,6.1398,7.1202,12,2018,339
12/6/2018,6.563344348,6.169,7.131,0.244630297,6.2488,6.9156,12,2018,340
12/7/2018,6.76008,6.358,7.299,0.220032166,6.4688,7.067,12,2018,341
12/8/2018,6.707408696,6.295,7.35,0.281160453,6.374,7.1268,12,2018,342
12/9/2018,6.370593043,5.809,7.094,0.35258922,5.934,6.9414,12,2018,343
12/10/2018,6.270768696,5.605,6.99,0.365301036,5.8292,6.8516,12,2018,344
12/11/2018,6.003034783,5.678,6.859,0.269613949,5.768,6.453,12,2018,345
12/12/2018,6.014874783,5.566,6.911,0.310388929,5.737,6.543,12,2018,346
12/13/2018,6.041895652,5.654,6.828,0.28048038,5.7694,6.4906,12,2018,347
12/14/2018,6.056655652,5.621,6.478,0.190533644,5.789,6.3016,12,2018,348
12/15/2018,6.380316522,6.004,7.081,0.268257386,6.1104,6.7962,12,2018,349
12/16/2018,6.360335652,5.923,7.205,0.303165507,6.077,6.8278,12,2018,350
12/17/2018,6.320246957,5.97,6.741,0.195086423,6.077,6.6102,12,2018,351
12/18/2018,6.155897391,5.753,7.025,0.326969484,5.811,6.6692,12,2018,352
12/19/2018,6.116311304,5.61,7.087,0.39456258,5.6634,6.7296,12,2018,353
12/20/2018,6.138594783,5.752,6.843,0.286106759,5.827,6.5944,12,2018,354
12/21/2018,5.996111304,5.734,6.482,0.197370815,5.7734,6.299,12,2018,355
12/22/2018,5.610806957,5.178,6.549,0.376113324,5.2224,6.2426,12,2018,356
12/23/2018,5.541050435,5.062,6.54,0.427505114,5.0974,6.2548,12,2018,357
12/24/2018,5.789867826,5.419,6.601,0.323019438,5.448,6.3316,12,2018,358
12/25/2018,5.344991304,5.076,5.835,0.176170931,5.141,5.6,12,2018,359
12/26/2018,5.156911304,4.763,5.724,0.19981299,4.8874,5.4228,12,2018,360
12/27/2018,5.150208696,4.793,5.542,0.17793334,4.912,5.3972,12,2018,361
12/28/2018,5.30397913,4.887,5.898,0.228408079,5.006,5.62,12,2018,362
12/29/2018,5.248688696,4.774,5.966,0.325160489,4.8492,5.7714,12,2018,363
12/30/2018,5.168730435,4.689,6.037,0.341009858,4.757,5.7266,12,2018,364
12/31/2018,5.211994783,4.828,5.912,0.27503328,4.8878,5.644,12,2018,365
1/1/2019,5.442189565,4.951,6.349,0.368791213,5.0064,5.9896,1,2019,1
1/2/2019,5.447045217,4.895,6.59,0.429169547,4.936,6.075,1,2019,2
1/3/2019,5.651702609,5.163,6.372,0.302290997,5.2704,6.084,1,2019,3
1/4/2019,5.399128696,5.087,5.822,0.177468653,5.1684,5.6462,1,2019,4
1/5/2019,5.157586087,4.813,5.684,0.207137179,4.8884,5.4496,1,2019,5
1/6/2019,5.113062609,4.654,5.738,0.272206092,4.7434,5.487,1,2019,6
1/7/2019,5.147125217,4.719,5.756,0.258919535,4.8128,5.5172,1,2019,7
1/8/2019,5.260716522,4.961,5.691,0.176763158,5.0444,5.5196,1,2019,8
1/9/2019,5.10426087,4.825,5.383,0.135833822,4.9254,5.29,1,2019,9
1/10/2019,4.989612174,4.617,5.728,0.286362032,4.701,5.4548,1,2019,10
1/11/2019,4.949932174,4.498,5.763,0.315979486,4.627,5.4546,1,2019,11
1/12/2019,5.124977391,4.877,5.63,0.1712636,4.9624,5.398,1,2019,12
1/13/2019,4.989346087,4.7,5.556,0.181842334,4.8024,5.2642,1,2019,13
1/14/2019,5.00581913,4.799,5.375,0.126855368,4.8734,5.1982,1,2019,14
1/15/2019,4.825118261,4.591,5.201,0.129403132,4.6818,5.0206,1,2019,15
1/16/2019,4.574187826,4.35,5.064,0.166742022,4.398,4.8498,1,2019,16
1/17/2019,4.45552,4.183,5.009,0.242538267,4.2154,4.8486,1,2019,17
1/18/2019,4.446422609,4.169,4.991,0.221509276,4.215,4.789,1,2019,18
1/19/2019,4.582102609,4.373,4.859,0.107760243,4.444,4.7366,1,2019,19
1/20/2019,4.409685217,4.348,4.498,0.03499801,4.363,4.459,1,2019,20
1/21/2019,4.044833043,3.899,4.302,0.098711895,3.9288,4.1916,1,2019,21
1/22/2019,3.957742609,3.732,4.308,0.137523985,3.7918,4.1616,1,2019,22
1/23/2019,3.877193043,3.668,4.276,0.136796828,3.716,4.0776,1,2019,23
1/24/2019,3.685497391,3.385,4.011,0.153262714,3.478,3.8966,1,2019,24
1/25/2019,3.530688696,3.166,3.954,0.176630095,3.2892,3.7644,1,2019,25
1/26/2019,3.49565913,3.116,4.019,0.183606586,3.2464,3.735,1,2019,26
1/27/2019,3.333617391,3.098,3.735,0.132060723,3.175,3.524,1,2019,27
1/28/2019,3.13694087,2.964,3.561,0.104903124,3.017,3.275,1,2019,28
1/29/2019,2.947415652,2.694,3.571,0.171572943,2.752,3.1928,1,2019,29
1/30/2019,2.905906087,2.697,3.404,0.139215428,2.7454,3.105,1,2019,30
1/31/2019,3.088521739,2.945,3.289,0.068859442,2.9994,3.184,1,2019,31
2/1/2019,2.947693913,2.547,3.825,0.269300482,2.6644,3.3516,2,2019,32
2/2/2019,2.855213913,2.418,3.826,0.296770212,2.5424,3.2918,2,2019,33
2/3/2019,2.871146087,2.481,3.688,0.252662759,2.594,3.2392,2,2019,34
2/4/2019,3.519866087,3.189,3.895,0.158425048,3.3044,3.7372,2,2019,35
2/5/2019,3.710246957,3.344,4.185,0.179200776,3.4744,3.9562,2,2019,36
2/6/2019,3.59577913,3.329,4.045,0.149140879,3.4202,3.8132,2,2019,37
2/7/2019,3.424846957,3.163,3.704,0.135775117,3.2404,3.6176,2,2019,38
2/8/2019,2.943234783,2.691,3.647,0.221066292,2.7318,3.2966,2,2019,39
2/9/2019,2.759965217,2.411,3.571,0.287647279,2.46,3.23,2,2019,40
2/10/2019,2.777537391,2.474,3.389,0.21695137,2.5334,3.0966,2,2019,41
2/11/2019,2.75752,2.508,3.144,0.144993353,2.5868,2.9776,2,2019,42
2/12/2019,2.547005217,2.312,3.085,0.194867618,2.337,2.8516,2,2019,43
2/13/2019,2.758728696,2.527,3.192,0.153491409,2.583,2.995,2,2019,44
2/14/2019,2.891855652,2.651,3.126,0.113584203,2.729,3.0396,2,2019,45
2/15/2019,2.906702609,2.57,3.254,0.172734102,2.6708,3.1432,2,2019,46
2/16/2019,2.730457391,2.294,3.394,0.255579211,2.4184,3.0948,2,2019,47
2/17/2019,2.634594783,2.176,3.35,0.278180739,2.298,3.0392,2,2019,48
2/18/2019,2.25638087,1.803,2.793,0.255813383,1.931,2.6332,2,2019,49
2/19/2019,2.111507826,1.59,2.607,0.282105436,1.7268,2.5046,2,2019,50
2/20/2019,2.048690435,1.443,2.633,0.328249918,1.5954,2.4896,2,2019,51
2/21/2019,1.894914783,1.449,2.298,0.232772349,1.5684,2.2032,2,2019,52
2/22/2019,2.28086087,1.831,2.804,0.282764103,1.9214,2.6826,2,2019,53
2/23/2019,2.159570435,1.705,2.742,0.288930115,1.8018,2.5604,2,2019,54
2/24/2019,2.142045217,1.741,2.572,0.224703292,1.8494,2.45,2,2019,55
2/25/2019,2.32877913,1.958,2.791,0.195821965,2.0724,2.5966,2,2019,56
2/26/2019,2.338450435,2.068,3.074,0.209237226,2.13,2.6346,2,2019,57
2/27/2019,2.427191304,2.112,3.184,0.203964253,2.209,2.704,2,2019,58
2/28/2019,2.600031304,2.194,3.151,0.210084799,2.3304,2.8966,2,2019,59
3/1/2019,2.553017391,2.116,3.007,0.212571529,2.2734,2.85,3,2019,60
3/2/2019,2.234789565,1.835,2.756,0.217000592,1.9602,2.556,3,2019,61
3/3/2019,2.239401739,1.955,2.518,0.131464879,2.0544,2.407,3,2019,62
3/4/2019,1.672633043,1.29,2.193,0.211726928,1.3944,1.96,3,2019,63
3/5/2019,1.466229565,1.072,1.848,0.195835366,1.1924,1.722,3,2019,64
3/6/2019,1.40364,1.039,1.752,0.18488047,1.1504,1.6462,3,2019,65
3/7/2019,1.738243478,1.411,2.297,0.200428104,1.4998,2.0382,3,2019,66
3/8/2019,2.05313913,1.382,2.811,0.401858242,1.505,2.6162,3,2019,67
3/9/2019,2.109753043,1.345,2.874,0.447315339,1.493,2.7442,3,2019,68
3/10/2019,2.342493913,1.807,2.995,0.348060744,1.8974,2.863,3,2019,69
3/11/2019,2.181010435,1.668,2.597,0.256839942,1.802,2.503,3,2019,70
3/12/2019,2.287130435,1.798,2.886,0.28789111,1.9234,2.7032,3,2019,71
3/13/2019,2.286281739,1.714,2.922,0.324479949,1.8598,2.7598,3,2019,72
3/14/2019,2.362372174,1.926,2.905,0.26515508,2.0232,2.744,3,2019,73
3/15/2019,2.545758261,2.231,2.827,0.151042472,2.331,2.743,3,2019,74
3/16/2019,2.684653913,2.251,3.228,0.240174117,2.3644,3.008,3,2019,75
3/17/2019,2.509073043,2.119,3.024,0.262189338,2.185,2.9,3,2019,76
3/18/2019,2.543596522,2.163,3.042,0.252681516,2.25,2.9448,3,2019,77
3/19/2019,2.566001739,2.177,3.048,0.220013268,2.3078,2.9112,3,2019,78
3/20/2019,2.636349565,2.163,3.18,0.253420003,2.3264,3.0246,3,2019,79
3/21/2019,2.722909565,2.17,3.359,0.314238561,2.331,3.1736,3,2019,80
3/22/2019,3.018253913,2.651,3.36,0.183261199,2.766,3.2646,3,2019,81
3/23/2019,3.274238261,2.783,3.601,0.245653932,2.9074,3.556,3,2019,82
3/24/2019,3.083584348,2.287,3.497,0.361325106,2.5186,3.453,3,2019,83
3/25/2019,2.961253913,2.092,3.468,0.38678958,2.3704,3.407,3,2019,84
3/26/2019,3.165996522,2.647,3.482,0.235525064,2.8168,3.4416,3,2019,85
3/27/2019,3.3158,2.422,3.54,0.145645159,3.1374,3.467,3,2019,86
3/28/2019,3.351384348,2.852,3.51,0.120744208,3.1808,3.4806,3,2019,87
3/29/2019,3.360396522,2.991,3.591,0.134873315,3.1744,3.53,3,2019,88
3/30/2019,3.415488696,2.938,3.794,0.17971142,3.1638,3.6496,3,2019,89
3/31/2019,3.77312,3.329,4.023,0.144566592,3.5724,3.9502,3,2019,90
4/1/2019,3.763133913,3.375,3.995,0.123327251,3.625,3.932,4,2019,91
4/2/2019,3.798365217,3.42,4.036,0.118202827,3.671,3.962,4,2019,92
4/3/2019,3.84625913,3.437,4.02,0.12685804,3.6594,3.9896,4,2019,93
4/4/2019,3.938231304,3.531,4.126,0.123025692,3.7672,4.0886,4,2019,94
4/5/2019,4.065236522,3.622,4.237,0.123084429,3.8972,4.187,4,2019,95
4/6/2019,4.114544348,3.711,4.27,0.122904092,3.937,4.241,4,2019,96
4/7/2019,3.944932174,3.552,4.294,0.153335916,3.742,4.1556,4,2019,97
4/8/2019,3.591617391,3.315,4.111,0.171256546,3.415,3.8506,4,2019,98
4/9/2019,3.64109913,3.383,3.894,0.107367464,3.4904,3.778,4,2019,99
4/10/2019,3.828326957,3.48,4.007,0.118516678,3.6564,3.961,4,2019,100
4/11/2019,3.872354783,3.54,4.039,0.113029363,3.71,4.009,4,2019,101
4/12/2019,3.728989565,3.411,3.96,0.146072544,3.5364,3.919,4,2019,102
4/13/2019,3.568485217,3.342,3.941,0.157660231,3.396,3.8026,4,2019,103
4/14/2019,3.773867826,3.545,4.05,0.114426063,3.6384,3.9406,4,2019,104
4/15/2019,4.710869565,4.428,4.823,0.085138412,4.5804,4.8036,4,2019,105
4/16/2019,4.866326957,4.437,5.136,0.190312601,4.558,5.0866,4,2019,106
4/17/2019,4.913005217,4.357,5.184,0.195006884,4.592,5.1276,4,2019,107
4/18/2019,4.970088696,4.573,5.181,0.115043822,4.8164,5.1276,4,2019,108
4/19/2019,5.157878261,5.009,5.298,0.073227385,5.044,5.2526,4,2019,109
4/20/2019,4.918954783,4.827,4.98,0.030620494,4.877,4.959,4,2019,110
4/21/2019,5.350321739,5.188,5.481,0.063453644,5.266,5.4336,4,2019,111
4/22/2019,5.416243478,5.239,5.572,0.074527711,5.3174,5.517,4,2019,112
4/23/2019,5.962365217,5.58,6.1,0.134366777,5.7438,6.0916,4,2019,113
4/24/2019,6.277582609,5.785,6.43,0.126843053,6.0884,6.4096,4,2019,114
4/25/2019,6.331186087,5.771,6.786,0.133260395,6.2124,6.505,4,2019,115
4/26/2019,6.582081739,6.081,7.087,0.243717647,6.2734,6.9396,4,2019,116
4/27/2019,6.512450435,6.292,6.765,0.119361238,6.358,6.6786,4,2019,117
4/28/2019,6.211556522,5.766,6.598,0.161935462,5.9798,6.4068,4,2019,118
4/29/2019,6.034657391,5.739,6.232,0.098215342,5.8984,6.153,4,2019,119
4/30/2019,5.956831304,5.75,6.195,0.1057143,5.823,6.1082,4,2019,120
5/1/2019,6.689386087,6.527,6.818,0.073514419,6.5834,6.783,5,2019,121
5/2/2019,7.12162087,6.941,7.279,0.086500401,7.0004,7.2366,5,2019,122
5/3/2019,7.679154783,7.375,7.893,0.126499447,7.4898,7.828,5,2019,123
5/4/2019,7.603521739,7.203,7.824,0.169493864,7.3264,7.782,5,2019,124
5/5/2019,7.732318261,7.025,8.363,0.331991595,7.261,8.1594,5,2019,125
5/6/2019,8.611678261,7.619,9.097,0.364395723,8.009,9.0056,5,2019,126
5/7/2019,8.765469565,7.878,9.148,0.246661667,8.3818,8.9996,5,2019,127
5/8/2019,8.617577391,7.839,9.101,0.221116191,8.3678,8.9,5,2019,128
5/9/2019,8.892255652,8.049,9.3,0.255375802,8.5204,9.2056,5,2019,129
5/10/2019,8.945528696,8.241,9.235,0.184925492,8.7184,9.147,5,2019,130
5/11/2019,8.883582609,8.537,9.116,0.137862691,8.6754,9.0466,5,2019,131
5/12/2019,8.392883478,8.179,8.625,0.098576817,8.2654,8.5276,5,2019,132
5/13/2019,8.318424348,8.091,8.569,0.105636502,8.1844,8.4636,5,2019,133
5/14/2019,7.38862087,7.069,7.602,0.132683135,7.184,7.544,5,2019,134
5/15/2019,7.589474783,6.942,7.909,0.203668615,7.2546,7.7986,5,2019,135
5/16/2019,8.106173913,7.401,8.522,0.21568806,7.8488,8.3988,5,2019,136
5/17/2019,8.368733913,8.016,8.666,0.169491031,8.1244,8.582,5,2019,137
5/18/2019,8.802921739,8.476,8.98,0.080731752,8.7044,8.91,5,2019,138
5/19/2019,8.598478261,8.142,8.794,0.135703083,8.385,8.7292,5,2019,139
5/20/2019,8.161584348,7.763,8.408,0.148901925,7.9444,8.349,5,2019,140
5/21/2019,8.43794087,8.202,8.889,0.171489072,8.2388,8.699,5,2019,141
5/22/2019,8.14385913,7.803,8.679,0.201077366,7.8746,8.4122,5,2019,142
5/23/2019,8.340812174,7.898,8.836,0.228187739,8.0046,8.6306,5,2019,143
5/24/2019,8.754189565,8.267,9.017,0.198787292,8.4236,8.972,5,2019,144
5/25/2019,9.01126087,8.291,9.503,0.320048082,8.542,9.4206,5,2019,145
5/26/2019,9.132462609,8.615,9.594,0.257577244,8.783,9.484,5,2019,146
5/27/2019,10.77423304,10.258,11.186,0.195767162,10.511,11.0414,5,2019,147
5/28/2019,10.86706261,10.471,11.249,0.158861892,10.6868,11.0946,5,2019,148
5/29/2019,10.76769913,10.411,11.143,0.139022677,10.644,10.9968,5,2019,149
5/30/2019,10.53812,10.105,10.826,0.169884459,10.285,10.7468,5,2019,150
5/31/2019,10.66690957,10.045,10.923,0.139533577,10.4854,10.801,5,2019,151
6/1/2019,10.73055652,10.171,11.15,0.151083266,10.5464,10.917,6,2019,152
6/2/2019,10.67921391,10.402,10.858,0.102614011,10.5214,10.7946,6,2019,153
6/3/2019,10.65477739,10.032,11.179,0.317141945,10.1668,11.0058,6,2019,154
6/4/2019,10.716,10.021,11.401,0.388211884,10.1384,11.159,6,2019,155
6/5/2019,10.60858087,10.02,11.064,0.285818959,10.1632,10.9236,6,2019,156
6/6/2019,11.05419652,10.96,11.105,0.027627651,11.012,11.085,6,2019,157
6/7/2019,12.78907478,12.341,13.081,0.128350265,12.6194,12.952,6,2019,158
6/8/2019,12.74984348,12.217,13.117,0.168490697,12.525,12.9682,6,2019,159
6/9/2019,12.81304174,12.445,13.08,0.107983472,12.6808,12.961,6,2019,160
6/10/2019,12.51317739,12.373,12.651,0.070569139,12.418,12.6116,6,2019,161
6/11/2019,12.32313739,11.926,13.086,0.25360585,12.0024,12.6996,6,2019,162
6/12/2019,12.53918435,12.124,13.229,0.23477796,12.298,12.9002,6,2019,163
6/13/2019,12.33945739,11.985,12.814,0.160673575,12.1174,12.5542,6,2019,164
6/14/2019,12.12383826,11.662,12.698,0.257745492,11.7764,12.495,6,2019,165
6/15/2019,11.95190783,11.438,12.649,0.303183763,11.578,12.378,6,2019,166
6/16/2019,12.03698261,11.62,12.393,0.187899826,11.792,12.3162,6,2019,167
6/17/2019,12.01256696,11.639,12.261,0.133403746,11.793,12.1492,6,2019,168
6/18/2019,12.60737043,12.386,12.855,0.087541967,12.5014,12.7282,6,2019,169
6/19/2019,12.59149739,12.408,12.744,0.058925331,12.5068,12.663,6,2019,170
6/20/2019,12.59369217,12.267,12.917,0.155352328,12.386,12.8152,6,2019,171
6/21/2019,12.71896696,12.368,13.081,0.177416007,12.4764,12.9652,6,2019,172
6/22/2019,13.86814261,13.398,14.119,0.150181692,13.6434,14.036,6,2019,173
6/23/2019,13.86865565,13.536,14.171,0.153382023,13.652,14.0476,6,2019,174
6/24/2019,13.98824522,13.534,14.375,0.231933722,13.662,14.2852,6,2019,175
6/25/2019,14.17995826,13.758,14.574,0.215442107,13.8832,14.4792,6,2019,176
6/26/2019,14.1996313,13.786,14.436,0.130311071,13.9874,14.333,6,2019,177
6/27/2019,14.40170783,13.875,14.906,0.255559688,14.054,14.7602,6,2019,178
6/28/2019,14.59046609,14.092,15.051,0.236812762,14.2684,14.9202,6,2019,179
6/29/2019,15.17911826,14.672,15.636,0.239069159,14.8416,15.4992,6,2019,180
6/30/2019,15.37711478,14.796,16.003,0.257244208,15.0558,15.7504,6,2019,181
7/1/2019,15.95656696,15.064,16.753,0.352442763,15.4998,16.446,7,2019,182
7/2/2019,16.39042435,15.597,16.793,0.247652302,15.974,16.6636,7,2019,183
7/3/2019,16.73420348,16.07,17.281,0.281267803,16.3112,17.1028,7,2019,184
7/4/2019,17.75225913,16.809,18.251,0.354107615,17.1932,18.1312,7,2019,185
7/5/2019,17.6502,16.568,18.251,0.422929896,17.0322,18.163,7,2019,186
7/6/2019,17.11799652,16.128,17.92,0.435002639,16.5502,17.7216,7,2019,187
7/7/2019,16.67789391,16.032,17.423,0.305584048,16.327,17.1452,7,2019,188
7/8/2019,16.4192,15.949,16.967,0.256768527,16.0652,16.744,7,2019,189
7/9/2019,16.32608348,15.795,16.825,0.172483459,16.0884,16.518,7,2019,190
7/10/2019,16.7465687,16.139,17.494,0.30740576,16.3452,17.2022,7,2019,191
7/11/2019,16.82762783,16.234,17.581,0.345519612,16.4704,17.3898,7,2019,192
7/12/2019,16.98926609,16.014,17.826,0.431113901,16.4234,17.5876,7,2019,193
7/13/2019,17.18343826,16.146,18.275,0.450000862,16.6168,17.8008,7,2019,194
7/14/2019,17.31136696,16.432,18.489,0.419008169,16.8068,17.8954,7,2019,195
7/15/2019,17.98896348,17.307,18.578,0.242046207,17.6634,18.2776,7,2019,196
7/16/2019,18.44969739,17.909,18.756,0.130098819,18.28,18.591,7,2019,197
7/17/2019,18.44383652,17.812,18.781,0.146092571,18.2702,18.611,7,2019,198
7/18/2019,18.27334435,17.601,18.566,0.14580912,18.076,18.3986,7,2019,199
7/19/2019,16.89796522,16.462,17.494,0.266033149,16.5954,17.3092,7,2019,200
7/20/2019,17.27558261,16.699,17.704,0.244096206,16.9154,17.571,7,2019,201
7/21/2019,18.11134087,17.18,18.817,0.424588941,17.4842,18.64,7,2019,202
7/22/2019,18.90069739,18.38,19.239,0.182704448,18.6392,19.116,7,2019,203
7/23/2019,19.14907826,18.796,19.371,0.139007441,18.9408,19.313,7,2019,204
7/24/2019,18.7307913,18.56,18.869,0.062200375,18.644,18.8126,7,2019,205
7/25/2019,18.37443304,18.191,18.628,0.10963658,18.2574,18.556,7,2019,206
7/26/2019,18.53874783,18.355,18.766,0.101472988,18.415,18.6916,7,2019,207
7/27/2019,18.96390957,18.675,19.662,0.214744915,18.7564,19.2818,7,2019,208
7/28/2019,19.33725565,19.092,20.16,0.219778703,19.178,19.6672,7,2019,209
7/29/2019,19.7528,19.469,20.185,0.172058089,19.534,20.009,7,2019,210
7/30/2019,20.00999304,19.619,20.409,0.151620813,19.8076,20.2006,7,2019,211
7/31/2019,20.11055826,19.636,20.563,0.18480204,19.829,20.3118,7,2019,212
8/1/2019,19.9446887,19.507,20.432,0.224240248,19.67,20.3322,8,2019,213
8/2/2019,19.84327826,19.404,20.68,0.342472592,19.5602,20.4532,8,2019,214
8/3/2019,19.78053565,19.378,20.296,0.229495641,19.5132,20.1336,8,2019,215
8/4/2019,18.61937391,18.018,19.16,0.303947813,18.167,19.0068,8,2019,216
8/5/2019,18.00931826,17.382,18.534,0.287144486,17.6002,18.3906,8,2019,217
8/6/2019,17.84085043,17.277,18.224,0.215732474,17.56,18.0996,8,2019,218
8/7/2019,17.72417043,17.204,18.206,0.21963226,17.4246,18.0254,8,2019,219
8/8/2019,18.03602261,17.343,18.741,0.347937604,17.569,18.5162,8,2019,220
8/9/2019,17.43314783,16.824,18.153,0.335818363,16.9852,17.8946,8,2019,221
8/10/2019,17.16505739,16.767,17.836,0.259224248,16.89,17.6116,8,2019,222
8/11/2019,17.2642487,16.85,17.837,0.224330088,17.014,17.6078,8,2019,223
8/12/2019,17.78105565,17.148,18.183,0.173376753,17.545,18,8,2019,224
8/13/2019,17.98554261,17.317,18.367,0.189510265,17.7384,18.225,8,2019,225
8/14/2019,17.76179826,17.329,18.151,0.157789028,17.5322,17.9706,8,2019,226
8/15/2019,17.55426435,17.197,18.08,0.135739078,17.39,17.7216,8,2019,227
8/16/2019,17.85158087,17.163,18.573,0.290306374,17.46,18.2246,8,2019,228
8/17/2019,17.96677391,17.171,18.67,0.340415345,17.52,18.4278,8,2019,229
8/18/2019,18.56737565,17.708,19.326,0.339606271,18.1228,19.018,8,2019,230
8/19/2019,18.70212696,18.216,19.565,0.31170975,18.427,19.2046,8,2019,231
8/20/2019,18.89400522,18.308,19.69,0.433605938,18.43,19.5498,8,2019,232
8/21/2019,19.11865217,18.436,19.776,0.323541699,18.6432,19.5596,8,2019,233
8/22/2019,19.07198783,18.416,19.539,0.279986594,18.6624,19.4028,8,2019,234
8/23/2019,18.68569913,18.267,19.083,0.210346565,18.4444,18.985,8,2019,235
8/24/2019,17.68906087,17.13,18.371,0.342791723,17.2684,18.1262,8,2019,236
8/25/2019,17.18400174,16.689,17.507,0.20198115,16.8444,17.4082,8,2019,237
8/26/2019,16.75509043,16.071,17.336,0.297349427,16.3324,17.142,8,2019,238
8/27/2019,16.75085043,16.109,17.324,0.287157374,16.3494,17.1228,8,2019,239
8/28/2019,16.72733043,16.289,17.237,0.223429101,16.464,17.0666,8,2019,240
8/29/2019,17.39712,16.928,17.788,0.154951081,17.179,17.5846,8,2019,241
8/30/2019,17.7018713,17.164,18.285,0.256729723,17.389,18.0696,8,2019,242
8/31/2019,17.4092487,16.916,17.91,0.249025436,17.0772,17.7412,8,2019,243
9/1/2019,17.18413739,16.24,17.999,0.301991907,16.8208,17.643,9,2019,244
9/2/2019,17.27798609,16.621,17.955,0.310615731,16.8424,17.671,9,2019,245
9/3/2019,16.97761739,16.556,17.272,0.159566277,16.7118,17.144,9,2019,246
9/4/2019,16.79149565,16.33,17.372,0.294904059,16.405,17.2044,9,2019,247
9/5/2019,16.57556522,15.921,17.293,0.354785505,16.1024,17.0974,9,2019,248
9/6/2019,16.2825687,15.792,16.932,0.291478339,15.8966,16.7288,9,2019,249
9/7/2019,15.42332,14.879,15.746,0.162988259,15.2074,15.6336,9,2019,250
9/8/2019,15.34472348,14.734,15.637,0.197588577,15.0394,15.5816,9,2019,251
9/9/2019,15.32484696,14.788,15.624,0.210105285,15.0434,15.5706,9,2019,252
9/10/2019,15.36662783,14.833,15.782,0.224269982,15.073,15.62,9,2019,253
9/11/2019,15.60598957,15.087,15.958,0.187081407,15.3502,15.8646,9,2019,254
9/12/2019,15.56783304,15.129,16.108,0.242465113,15.2652,15.909,9,2019,255
9/13/2019,15.19376522,14.642,15.892,0.343784946,14.767,15.7128,9,2019,256
9/14/2019,15.27525217,14.852,15.884,0.288396415,14.915,15.6884,9,2019,257
9/15/2019,15.49567304,15.056,16.236,0.346448619,15.0964,16.0378,9,2019,258
9/16/2019,15.37138087,14.927,15.991,0.296899981,15.0346,15.8486,9,2019,259
9/17/2019,14.94828348,14.708,15.288,0.114208538,14.801,15.09,9,2019,260
9/18/2019,14.65453565,14.236,15.237,0.199731078,14.3528,14.9082,9,2019,261
9/19/2019,14.73398957,14.183,15.303,0.214098246,14.424,14.9862,9,2019,262
9/20/2019,15.2664887,14.867,15.827,0.276160458,14.9714,15.7126,9,2019,263
9/21/2019,15.38799652,14.995,16.02,0.278057341,15.0614,15.8276,9,2019,264
9/22/2019,15.45766783,15.154,15.771,0.183791218,15.2064,15.733,9,2019,265
9/23/2019,15.62302609,15.379,15.805,0.062438159,15.552,15.6986,9,2019,266
9/24/2019,15.55456696,15.301,15.749,0.081937568,15.451,15.662,9,2019,267
9/25/2019,15.56219826,15.205,15.993,0.211375475,15.2714,15.8402,9,2019,268
9/26/2019,15.48550087,15.047,15.957,0.258437815,15.131,15.8306,9,2019,269
9/27/2019,15.24208348,14.98,15.665,0.166565679,15.0274,15.4632,9,2019,270
9/28/2019,15.17178783,14.877,15.561,0.171408269,14.9594,15.4146,9,2019,271
9/29/2019,15.19835826,14.76,15.725,0.283191223,14.8134,15.5772,9,2019,272
9/30/2019,14.80391826,14.291,15.326,0.261406005,14.465,15.1812,9,2019,273
10/1/2019,13.9715513,13.48,14.468,0.19747652,13.6946,14.2176,10,2019,274
10/2/2019,13.61926783,13.16,14.34,0.258190982,13.3138,14.0062,10,2019,275
10/3/2019,13.68394435,13.215,14.443,0.272622859,13.3852,14.1096,10,2019,276
10/4/2019,13.11890435,12.722,13.911,0.202624452,12.8594,13.3348,10,2019,277
10/5/2019,12.92911826,12.454,13.858,0.24707261,12.5992,13.1624,10,2019,278
10/6/2019,13.03598957,12.597,13.842,0.236748657,12.7332,13.3076,10,2019,279
10/7/2019,13.29357391,12.827,13.798,0.224781832,12.9952,13.6046,10,2019,280
10/8/2019,13.18448696,12.843,13.517,0.151586751,12.9844,13.3912,10,2019,281
10/9/2019,13.31176,13.064,13.519,0.094536471,13.195,13.4416,10,2019,282
10/10/2019,13.39056174,13.154,13.596,0.091397012,13.2734,13.519,10,2019,283
10/11/2019,13.44970609,13.189,13.632,0.08304385,13.3422,13.5606,10,2019,284
10/12/2019,13.66618087,13.369,13.924,0.133203698,13.4698,13.8292,10,2019,285
10/13/2019,13.11832696,12.853,13.416,0.148041409,12.921,13.33,10,2019,286
10/14/2019,12.75244696,12.589,13.136,0.117535302,12.6364,12.941,10,2019,287
10/15/2019,12.66438261,12.417,13.087,0.146800558,12.4838,12.8798,10,2019,288
10/16/2019,12.61330609,12.268,12.995,0.161109568,12.4074,12.8286,10,2019,289
10/17/2019,12.54166957,12.264,12.915,0.105782691,12.4144,12.68,10,2019,290
10/18/2019,12.22646609,11.994,12.492,0.109159771,12.0888,12.3656,10,2019,291
10/19/2019,12.26811478,12.023,12.523,0.110224639,12.1264,12.4202,10,2019,292
10/20/2019,12.367,12.169,12.545,0.0860732,12.228,12.4706,10,2019,293
10/21/2019,12.49405391,12.365,12.602,0.057066337,12.4084,12.564,10,2019,294
10/22/2019,12.47860522,12.371,12.657,0.069193152,12.4004,12.5882,10,2019,295
10/23/2019,12.18281739,12.023,12.314,0.051375231,12.115,12.2456,10,2019,296
10/24/2019,12.15672174,11.871,12.306,0.097727769,12.0248,12.283,10,2019,297
10/25/2019,12.13726957,11.817,12.307,0.115777219,11.9824,12.281,10,2019,298
10/26/2019,12.23312696,12.031,12.402,0.095933573,12.092,12.3596,10,2019,299
10/27/2019,12.24192348,11.998,12.427,0.114978324,12.0654,12.385,10,2019,300
10/28/2019,12.17343304,11.943,12.395,0.11607868,12.009,12.3246,10,2019,301
10/29/2019,11.60593391,11.462,11.835,0.095051934,11.503,11.77,10,2019,302
10/30/2019,11.50785217,11.289,11.868,0.150825917,11.379,11.7776,10,2019,303
10/31/2019,11.67507826,11.566,11.801,0.050729478,11.606,11.7456,10,2019,304
11/1/2019,11.74739652,11.556,11.949,0.105798125,11.6134,11.8896,11,2019,305
11/2/2019,11.75074957,11.46,12.03,0.160803817,11.5414,11.9592,11,2019,306
11/3/2019,11.34236174,11.142,11.512,0.096768778,11.215,11.465,11,2019,307
11/4/2019,11.22795826,11.061,11.408,0.097720955,11.094,11.3456,11,2019,308
11/5/2019,11.17917391,11.003,11.316,0.084876202,11.059,11.2836,11,2019,309
11/6/2019,10.90609565,10.774,11.021,0.062881612,10.8184,10.9916,11,2019,310
11/7/2019,10.21578957,10.164,10.359,0.045471888,10.1734,10.2866,11,2019,311
11/8/2019,10.21792522,9.962,10.463,0.117606041,10.0494,10.372,11,2019,312
11/9/2019,10.35031652,9.961,10.615,0.157228292,10.1264,10.535,11,2019,313
11/10/2019,10.43559304,9.996,10.783,0.198591235,10.1632,10.6826,11,2019,314
11/11/2019,10.33214261,9.767,10.715,0.25590701,9.9842,10.6746,11,2019,315
11/12/2019,9.787128696,9.381,10.155,0.185670282,9.531,10.0346,11,2019,316
11/13/2019,9.388123478,9.095,9.834,0.184427272,9.171,9.66,11,2019,317
11/14/2019,9.483351304,9.143,9.807,0.155283909,9.2714,9.6972,11,2019,318
11/15/2019,9.693546087,9.244,10.158,0.226246815,9.387,10.016,11,2019,319
11/16/2019,9.614224348,9.211,10.221,0.267735601,9.2504,9.94,11,2019,320
11/17/2019,9.431921739,8.781,10.186,0.295435813,9.1,9.8808,11,2019,321
11/18/2019,9.377867826,8.979,10.036,0.202109864,9.165,9.6924,11,2019,322
11/19/2019,9.448907826,9.19,9.762,0.118267842,9.283,9.6068,11,2019,323
11/20/2019,8.812532174,8.606,9.075,0.106666182,8.6674,8.9592,11,2019,324
11/21/2019,8.837066087,8.596,9.136,0.123953539,8.673,9.0092,11,2019,325
11/22/2019,8.897838261,8.569,9.31,0.170409611,8.6754,9.1346,11,2019,326
11/23/2019,8.669464348,8.388,9.023,0.143176684,8.4814,8.8676,11,2019,327
11/24/2019,8.424361739,8.214,8.671,0.103801546,8.278,8.5576,11,2019,328
11/25/2019,8.467963478,8.229,8.726,0.120755824,8.3002,8.622,11,2019,329
11/26/2019,8.394833043,7.982,9.027,0.261787104,8.0572,8.7796,11,2019,330
11/27/2019,8.328714783,7.841,8.968,0.305008194,7.9244,8.775,11,2019,331
11/28/2019,8.133693913,7.807,8.574,0.19292287,7.8884,8.408,11,2019,332
11/29/2019,7.85809913,7.596,8.332,0.162541945,7.661,8.0896,11,2019,333
11/30/2019,7.829243478,7.497,8.279,0.18985897,7.5834,8.093,11,2019,334
12/1/2019,7.950996522,7.635,8.533,0.177877889,7.7264,8.1874,12,2019,335
12/2/2019,8.078431304,7.774,8.634,0.174317819,7.8638,8.3236,12,2019,336
12/3/2019,8.214949565,7.889,8.654,0.175523575,7.9834,8.457,12,2019,337
12/4/2019,7.696881739,7.433,8.045,0.137610355,7.5114,7.8818,12,2019,338
12/5/2019,7.647883478,7.402,7.955,0.126739872,7.477,7.8146,12,2019,339
12/6/2019,6.954685217,6.721,7.405,0.153416243,6.771,7.1812,12,2019,340
12/7/2019,6.88042087,6.426,7.357,0.228341834,6.5772,7.1896,12,2019,341
12/8/2019,6.921095652,6.504,7.412,0.213071031,6.634,7.2092,12,2019,342
12/9/2019,6.95945913,6.63,7.431,0.181542907,6.7224,7.2158,12,2019,343
12/10/2019,7.491838261,7.243,7.798,0.138928666,7.31,7.6872,12,2019,344
12/11/2019,7.270888696,7.003,7.834,0.174460677,7.0654,7.5146,12,2019,345
12/12/2019,7.254864348,6.993,7.859,0.18161625,7.0474,7.517,12,2019,346
12/13/2019,7.503445217,7.282,7.828,0.123376199,7.345,7.6786,12,2019,347
12/14/2019,7.695747826,7.487,7.908,0.109714394,7.5474,7.845,12,2019,348
12/15/2019,7.960184348,7.684,8.224,0.131578983,7.78,8.1352,12,2019,349
12/16/2019,7.986728696,7.715,8.257,0.128780934,7.8084,8.1576,12,2019,350
12/17/2019,7.837285217,7.616,8.032,0.11187684,7.68,7.9856,12,2019,351
12/18/2019,6.985041739,6.907,7.128,0.043802236,6.934,7.044,12,2019,352
12/19/2019,6.68625913,6.508,6.905,0.113766605,6.552,6.8556,12,2019,353
12/20/2019,6.253714783,5.729,6.979,0.372817204,5.8284,6.8322,12,2019,354
12/21/2019,6.311281739,5.834,6.982,0.308514741,5.9424,6.7848,12,2019,355
12/22/2019,6.386951304,5.954,7.067,0.246505764,6.071,6.7392,12,2019,356
12/23/2019,6.552904348,5.945,7.193,0.3246749,6.1336,7.045,12,2019,357
12/24/2019,6.465330435,5.893,7.15,0.347387039,6.046,7.0316,12,2019,358
12/25/2019,6.47544,6.08,7.014,0.228938673,6.1882,6.8072,12,2019,359
12/26/2019,6.642038261,6.386,7.028,0.143947963,6.459,6.8466,12,2019,360
12/27/2019,6.621737391,6.413,6.838,0.105199788,6.474,6.7622,12,2019,361
12/28/2019,6.85593913,6.601,7.068,0.123881722,6.679,7.0212,12,2019,362
12/29/2019,6.89086087,6.652,7.106,0.120908357,6.7204,7.053,12,2019,363
12/30/2019,6.761031304,6.577,6.986,0.098988345,6.6264,6.891,12,2019,364
12/31/2019,6.59644,6.437,6.76,0.083747835,6.4808,6.708,12,2019,365
1/1/2020,6.023638261,5.767,6.53,0.199766574,5.813,6.346,1,2020,1
1/2/2020,6.019707826,5.721,6.668,0.244033195,5.774,6.4186,1,2020,2
1/3/2020,6.04298087,5.801,6.474,0.181761861,5.845,6.3332,1,2020,3
1/4/2020,5.798509565,5.525,6.049,0.123521851,5.6324,5.9616,1,2020,4
1/5/2020,5.685478261,5.27,6.009,0.175738459,5.439,5.9046,1,2020,5
1/6/2020,5.663353043,5.256,6.007,0.181379073,5.41,5.9006,1,2020,6
1/7/2020,5.464029565,5.15,5.854,0.191404084,5.226,5.7522,1,2020,7
1/8/2020,5.08492,4.741,5.543,0.222001524,4.813,5.442,1,2020,8
1/9/2020,5.153128696,4.771,5.671,0.237812697,4.8724,5.5342,1,2020,9
1/10/2020,5.191365217,4.771,5.665,0.216961128,4.9294,5.5286,1,2020,10
1/11/2020,5.731337391,5.507,5.985,0.117668572,5.569,5.8866,1,2020,11
1/12/2020,5.741306087,5.493,6.064,0.134922498,5.5614,5.9166,1,2020,12
1/13/2020,5.682233043,5.461,5.992,0.119803634,5.524,5.84,1,2020,13
1/14/2020,6.00108,5.746,6.269,0.132800854,5.8188,6.1788,1,2020,14
1/15/2020,6.003396522,5.787,6.21,0.107940699,5.852,6.1436,1,2020,15
1/16/2020,5.52233913,5.233,5.944,0.171034325,5.3128,5.7798,1,2020,16
1/17/2020,5.308506087,4.859,6.147,0.326936663,4.9558,5.8248,1,2020,17
1/18/2020,5.118775652,4.595,6.103,0.390215745,4.7054,5.7386,1,2020,18
1/19/2020,5.073866087,4.628,5.749,0.280560802,4.7394,5.5142,1,2020,19
1/20/2020,4.687370435,4.296,5.173,0.218572236,4.3994,4.998,1,2020,20
1/21/2020,4.550551304,4.058,5.178,0.272944884,4.1974,4.9366,1,2020,21
1/22/2020,4.587412174,4.127,5.093,0.251830453,4.2552,4.939,1,2020,22
1/23/2020,4.911208696,4.562,5.521,0.205997501,4.656,5.2056,1,2020,23
1/24/2020,4.851829565,4.46,5.555,0.256283357,4.5574,5.2396,1,2020,24
1/25/2020,4.772713043,4.481,5.138,0.159195088,4.56,4.98,1,2020,25
1/26/2020,4.575645217,4.184,5.365,0.287915722,4.2572,5.022,1,2020,26
1/27/2020,4.483483478,4.019,5.366,0.329911776,4.1234,4.9946,1,2020,27
1/28/2020,4.54536,4.197,5.087,0.211990108,4.2774,4.8468,1,2020,28
1/29/2020,4.89809913,4.456,5.644,0.258133056,4.5794,5.2814,1,2020,29
1/30/2020,4.825121739,4.307,5.605,0.268589481,4.4636,5.198,1,2020,30
1/31/2020,4.70486087,4.181,5.5,0.274352424,4.3374,5.0876,1,2020,31
2/1/2020,4.79746087,4.347,5.473,0.24876012,4.477,5.157,2,2020,32
2/2/2020,4.34694087,3.772,5.215,0.341608202,3.9328,4.8514,2,2020,33
2/3/2020,4.537326957,4.018,5.344,0.299598333,4.1676,4.9828,2,2020,34
2/4/2020,4.784335652,4.171,5.554,0.321916409,4.372,5.2382,2,2020,35
2/5/2020,4.532455652,3.993,5.374,0.311432726,4.1418,4.9906,2,2020,36
2/6/2020,4.506888696,3.961,5.301,0.307335007,4.1194,4.952,2,2020,37
2/7/2020,4.83762087,4.23,5.588,0.319174953,4.4228,5.2742,2,2020,38
2/8/2020,4.711893913,4.132,5.435,0.305235942,4.3178,5.1332,2,2020,39
2/9/2020,4.148853913,3.642,4.821,0.255934421,3.8154,4.5096,2,2020,40
2/10/2020,4.156205217,3.741,4.654,0.1956073,3.8828,4.4116,2,2020,41
2/11/2020,4.229001739,3.89,4.623,0.159118833,4.0044,4.4366,2,2020,42
2/12/2020,4.173669565,3.859,4.528,0.152926807,3.9564,4.372,2,2020,43
2/13/2020,3.911481739,3.583,4.341,0.165758838,3.6834,4.1242,2,2020,44
2/14/2020,3.905777391,3.539,4.433,0.194342398,3.649,4.164,2,2020,45
2/15/2020,3.939746087,3.586,4.359,0.182163216,3.691,4.1752,2,2020,46
2/16/2020,3.951222609,3.612,4.488,0.21249736,3.6934,4.2554,2,2020,47
2/17/2020,3.97286087,3.649,4.564,0.221571639,3.7114,4.2988,2,2020,48
2/18/2020,3.99041913,3.659,4.536,0.218735207,3.7234,4.309,2,2020,49
2/19/2020,3.951511304,3.605,4.503,0.225331609,3.671,4.2848,2,2020,50
2/20/2020,3.724363478,3.36,4.342,0.259210686,3.413,4.1206,2,2020,51
2/21/2020,3.786450435,3.439,4.403,0.238349977,3.504,4.1562,2,2020,52
2/22/2020,4.001222609,3.645,4.55,0.233941353,3.723,4.369,2,2020,53
2/23/2020,4.280497391,3.871,4.879,0.276746452,3.936,4.684,2,2020,54
2/24/2020,4.367069565,3.95,5.065,0.298618927,3.9904,4.8044,2,2020,55
2/25/2020,4.353594783,3.969,4.96,0.264173442,4.03,4.7426,2,2020,56
2/26/2020,4.38384,4.003,4.889,0.215880457,4.1136,4.6958,2,2020,57
2/27/2020,4.35176,3.87,4.976,0.288262574,3.9708,4.7806,2,2020,58
2/28/2020,4.382231304,3.972,4.972,0.259510932,4.067,4.7912,2,2020,59
2/29/2020,4.169911304,3.843,4.628,0.214386193,3.8814,4.464,2,2020,60
3/1/2020,3.947791304,3.701,4.39,0.176645203,3.749,4.23,3,2020,61
3/2/2020,3.939826087,3.639,4.518,0.232509018,3.664,4.2982,3,2020,62
3/3/2020,4.076342609,3.829,4.487,0.161510064,3.8814,4.3192,3,2020,63
3/4/2020,4.551137391,4.261,4.912,0.164350205,4.3338,4.7896,3,2020,64
3/5/2020,4.468504348,4.109,5.044,0.259675883,4.1398,4.8542,3,2020,65
3/6/2020,4.561791304,4.208,5.169,0.265320111,4.2424,4.9666,3,2020,66
3/7/2020,4.636650435,4.422,5.01,0.139384478,4.474,4.8506,3,2020,67
3/8/2020,4.672732174,4.456,5.007,0.129510905,4.5164,4.8736,3,2020,68
3/9/2020,5.26193913,4.942,5.635,0.180745624,5.0264,5.5136,3,2020,69
3/10/2020,5.180043478,4.739,5.78,0.301133092,4.8064,5.6324,3,2020,70
3/11/2020,5.129490435,4.8,5.551,0.234812698,4.8414,5.488,3,2020,71
3/12/2020,5.070226087,4.757,5.385,0.18322101,4.8274,5.342,3,2020,72
3/13/2020,5.15806087,4.894,5.477,0.135935159,4.972,5.3332,3,2020,73
3/14/2020,5.062066087,4.887,5.407,0.114332386,4.9274,5.2284,3,2020,74
3/15/2020,4.869255652,4.641,5.046,0.102282313,4.7264,4.9956,3,2020,75
3/16/2020,4.82133913,4.389,5.075,0.156054873,4.6104,5.013,3,2020,76
3/17/2020,4.832935652,4.356,5.191,0.219617837,4.5512,5.131,3,2020,77
3/18/2020,4.793017391,4.39,5.19,0.216858188,4.5238,5.0966,3,2020,78
3/19/2020,4.829074783,4.398,5.123,0.187371902,4.5728,5.0746,3,2020,79
3/20/2020,4.657551304,4.331,4.91,0.138991717,4.4644,4.8402,3,2020,80
3/21/2020,4.738626087,4.283,4.981,0.153584322,4.4954,4.9078,3,2020,81
3/22/2020,4.759013913,4.329,4.995,0.148695875,4.5272,4.929,3,2020,82
3/23/2020,4.702951304,4.261,4.952,0.159994004,4.4714,4.8956,3,2020,83
3/24/2020,4.494370435,4.256,4.817,0.13533963,4.3244,4.703,3,2020,84
3/25/2020,4.550723478,4.243,4.861,0.139921264,4.368,4.743,3,2020,85
3/26/2020,4.613803478,4.528,4.736,0.035384075,4.574,4.6612,3,2020,86
3/27/2020,5.207932174,4.798,5.54,0.160435407,4.9558,5.4098,3,2020,87
3/28/2020,5.241935652,4.808,5.564,0.161124828,5.016,5.4456,3,2020,88
3/29/2020,5.211730435,4.766,5.547,0.178423757,4.9454,5.445,3,2020,89
3/30/2020,4.705601739,4.548,4.824,0.046084527,4.639,4.757,3,2020,90
3/31/2020,4.509822609,4.311,4.666,0.072235266,4.4114,4.599,3,2020,91
4/1/2020,4.555443478,4.299,4.78,0.101269158,4.4116,4.667,4,2020,92
4/2/2020,4.541965217,4.348,4.733,0.080584983,4.4434,4.644,4,2020,93
4/3/2020,4.761725217,4.714,4.868,0.031446171,4.733,4.81,4,2020,94
4/4/2020,5.487431304,5.248,5.633,0.079786377,5.3764,5.5856,4,2020,95
4/5/2020,5.840657391,5.504,5.975,0.089909241,5.702,5.9376,4,2020,96
4/6/2020,5.907071304,5.432,6.274,0.189228104,5.6554,6.155,4,2020,97
4/7/2020,5.90653913,5.352,6.345,0.214300324,5.6334,6.1734,4,2020,98
4/8/2020,5.86950087,5.426,6.088,0.12547647,5.7104,6.036,4,2020,99
4/9/2020,5.916097391,5.548,6.09,0.127910564,5.7204,6.06,4,2020,100
4/10/2020,5.172514783,4.936,5.331,0.100744853,5.0134,5.281,4,2020,101
4/11/2020,5.227514783,4.75,5.442,0.142621289,5.0498,5.399,4,2020,102
4/12/2020,5.241570435,4.72,5.541,0.164278503,5.045,5.4634,4,2020,103
4/13/2020,5.57622087,5.123,5.82,0.15423992,5.3452,5.7586,4,2020,104
4/14/2020,6.360321739,6.042,6.854,0.251158034,6.103,6.7934,4,2020,105
4/15/2020,6.294876522,5.877,6.822,0.258486072,5.9536,6.708,4,2020,106
4/16/2020,6.210584348,5.794,6.696,0.240437079,5.853,6.5666,4,2020,107
4/17/2020,6.173066087,5.818,6.429,0.162082514,5.9124,6.372,4,2020,108
4/18/2020,5.847001739,5.495,6.09,0.146685927,5.5988,5.983,4,2020,109
4/19/2020,5.799154783,5.434,6.07,0.163977761,5.549,5.9616,4,2020,110
4/20/2020,6.06653913,5.369,6.282,0.181018128,5.8116,6.235,4,2020,111
4/21/2020,6.152857391,5.491,6.402,0.173485373,5.9394,6.363,4,2020,112
4/22/2020,5.769426087,5.26,6.108,0.228013786,5.4134,6.0556,4,2020,113
4/23/2020,5.653184348,5.192,6.079,0.237747445,5.3314,5.9676,4,2020,114
4/24/2020,5.81874087,5.3,6.219,0.26019045,5.4218,6.15,4,2020,115
4/25/2020,5.890921739,5.317,6.36,0.288635211,5.4294,6.2316,4,2020,116
4/26/2020,5.846318261,5.417,6.164,0.228180856,5.4888,6.1016,4,2020,117
4/27/2020,5.874782609,5.594,6.132,0.130105584,5.687,6.0448,4,2020,118
4/28/2020,5.940846957,5.566,6.195,0.139577389,5.732,6.103,4,2020,119
4/29/2020,5.996012174,5.594,6.259,0.142101138,5.7798,6.1576,4,2020,120
4/30/2020,5.919532174,5.568,6.203,0.141342784,5.7204,6.1066,4,2020,121
5/1/2020,7.424991304,7.144,7.614,0.114291142,7.2504,7.558,5,2020,122
5/2/2020,7.702273043,7.344,8.01,0.157815544,7.4738,7.903,5,2020,123
5/3/2020,8.052466087,7.771,8.325,0.143797192,7.8754,8.267,5,2020,124
5/4/2020,7.827271304,7.461,8.188,0.178691185,7.5784,8.0936,5,2020,125
5/5/2020,7.758102609,7.345,8.104,0.185198504,7.5086,8.0092,5,2020,126
5/6/2020,7.833278261,7.427,8.115,0.143040694,7.657,8.0296,5,2020,127
5/7/2020,7.945589565,7.518,8.215,0.145885731,7.7168,8.1178,5,2020,128
5/8/2020,8.043,7.638,8.353,0.173676318,7.79,8.259,5,2020,129
5/9/2020,7.445330435,6.756,7.934,0.296859407,7.0148,7.811,5,2020,130
5/10/2020,6.839954783,6.307,7.815,0.432003603,6.385,7.5942,5,2020,131
5/11/2020,6.695570435,6.152,7.688,0.433255919,6.3074,7.4492,5,2020,132
5/12/2020,6.854222609,6.55,7.449,0.240197036,6.6304,7.264,5,2020,133
5/13/2020,7.107864348,6.643,7.631,0.284224348,6.767,7.544,5,2020,134
5/14/2020,7.259313043,6.569,8.079,0.371404885,6.8634,7.8136,5,2020,135
5/15/2020,7.339426087,6.949,7.961,0.284167605,7.0054,7.781,5,2020,136
5/16/2020,7.379763478,7.127,7.594,0.119989023,7.2148,7.547,5,2020,137
5/17/2020,9.573161739,9.274,9.718,0.09158747,9.4498,9.685,5,2020,138
5/18/2020,9.856033043,9.59,10.065,0.079072061,9.775,9.9662,5,2020,139
5/19/2020,9.87874087,9.574,10.134,0.117176751,9.733,10.0364,5,2020,140
5/20/2020,9.822250435,9.492,10.092,0.11259763,9.6644,9.95,5,2020,141
5/21/2020,9.804864348,9.271,10.267,0.203496627,9.4944,10.0142,5,2020,142
5/22/2020,10.14298783,9.993,10.336,0.072185144,10.0574,10.244,5,2020,143
5/23/2020,10.21014435,10.061,10.41,0.080978156,10.117,10.3236,5,2020,144
5/24/2020,10.06645565,9.863,10.287,0.107831125,9.916,10.233,5,2020,145
5/25/2020,10.0919113,9.8,10.318,0.124517539,9.901,10.248,5,2020,146
5/26/2020,10.09945043,9.785,10.448,0.148484765,9.9062,10.3086,5,2020,147
5/27/2020,10.18407478,9.824,10.55,0.167671394,9.9614,10.4208,5,2020,148
5/28/2020,11.30126261,10.816,11.726,0.204891487,11.0204,11.5734,5,2020,149
5/29/2020,12.1725287,11.882,12.453,0.128608021,12.004,12.3536,5,2020,150
5/30/2020,11.52408174,11.206,11.795,0.125394118,11.3436,11.6966,5,2020,151
5/31/2020,11.50417739,10.964,12.067,0.236125372,11.2042,11.809,5,2020,152
6/1/2020,11.49918957,10.964,12.155,0.258746813,11.181,11.865,6,2020,153
6/2/2020,11.56547478,11.21,11.913,0.176151737,11.3378,11.8374,6,2020,154
6/3/2020,11.8245513,11.328,12.25,0.182649491,11.6114,12.0984,6,2020,155
6/4/2020,11.75124348,11.018,12.489,0.293405357,11.3874,12.169,6,2020,156
6/5/2020,11.90776348,11.434,12.277,0.178907865,11.6372,12.1426,6,2020,157
6/6/2020,12.4386313,12.157,12.707,0.130036124,12.272,12.6236,6,2020,158
6/7/2020,12.68722261,12.469,12.919,0.093653817,12.5664,12.8248,6,2020,159
6/8/2020,12.72326261,12.388,13.029,0.128076029,12.5404,12.884,6,2020,160
6/9/2020,12.56656522,11.928,13.081,0.294647936,12.0916,12.8842,6,2020,161
6/10/2020,12.4598887,11.823,12.932,0.271313789,12.0554,12.7776,6,2020,162
6/11/2020,12.76130435,12.16,13.332,0.270653879,12.3924,13.134,6,2020,163
6/12/2020,13.19760522,12.995,13.575,0.110241621,13.067,13.3616,6,2020,164
6/13/2020,13.25265913,12.952,13.647,0.148364094,13.0514,13.4566,6,2020,165
6/14/2020,13.37729565,12.991,13.719,0.129363665,13.2338,13.561,6,2020,166
6/15/2020,13.39955826,12.944,13.887,0.191164421,13.1438,13.6406,6,2020,167
6/16/2020,13.87663304,13.531,14.296,0.172677125,13.6384,14.113,6,2020,168
6/17/2020,14.67601043,14.302,15.233,0.260982164,14.3844,15.096,6,2020,169
6/18/2020,14.5927687,14.227,14.783,0.091217665,14.4928,14.706,6,2020,170
6/19/2020,15.19423478,14.746,15.569,0.183426738,14.9394,15.4232,6,2020,171
6/20/2020,15.45909565,14.881,16.031,0.245572863,15.1484,15.7934,6,2020,172
6/21/2020,15.58705043,15.115,15.969,0.181110846,15.3494,15.826,6,2020,173
6/22/2020,16.17832,15.655,16.483,0.180084122,15.9154,16.3996,6,2020,174
6/23/2020,16.51214435,15.882,17.045,0.248307704,16.1632,16.8282,6,2020,175
6/24/2020,16.02085565,15.62,16.67,0.173258648,15.8664,16.278,6,2020,176
6/25/2020,16.00143652,15.56,16.731,0.309274929,15.6364,16.4452,6,2020,177
6/26/2020,15.82373913,15.349,16.472,0.329624094,15.428,16.3086,6,2020,178
6/27/2020,15.70346435,15.417,16.077,0.137765069,15.5084,15.8756,6,2020,179
6/28/2020,16.01246435,15.432,16.556,0.205041625,15.7374,16.2556,6,2020,180
6/29/2020,16.23057217,15.745,16.61,0.168209493,15.9896,16.4196,6,2020,181
6/30/2020,16.19919652,15.638,16.584,0.195103371,15.9338,16.4434,6,2020,182
7/1/2020,17.21204348,16.359,17.818,0.325345247,16.773,17.6126,7,2020,183
7/2/2020,17.30657217,16.432,17.934,0.352524645,16.8074,17.7252,7,2020,184
7/3/2020,17.49896174,16.519,18.142,0.367713599,16.9668,17.942,7,2020,185
7/4/2020,17.58352696,16.59,18.268,0.376457103,17.0594,18.0678,7,2020,186
7/5/2020,17.26942609,16.542,17.653,0.232394439,16.941,17.5492,7,2020,187
7/6/2020,17.06078609,16.529,17.468,0.137938396,16.9204,17.248,7,2020,188
7/7/2020,17.09153913,16.743,17.5,0.194103868,16.813,17.3266,7,2020,189
7/8/2020,17.30341913,17.046,17.74,0.19610093,17.082,17.628,7,2020,190
7/9/2020,18.35381739,17.697,18.97,0.362288525,17.8894,18.8652,7,2020,191
7/10/2020,18.5937287,17.8,19.181,0.298986347,18.2418,18.994,7,2020,192
7/11/2020,18.38769217,17.781,18.916,0.213355785,18.1224,18.671,7,2020,193
7/12/2020,18.48457043,17.674,19.06,0.279897819,18.0584,18.7686,7,2020,194
7/13/2020,18.83561739,17.981,19.523,0.327688579,18.424,19.3388,7,2020,195
7/14/2020,18.5146087,18.003,18.803,0.177816925,18.2548,18.712,7,2020,196
7/15/2020,18.24918261,17.955,18.577,0.114347869,18.1274,18.4078,7,2020,197
7/16/2020,18.11727826,17.786,18.492,0.146907266,17.93,18.3252,7,2020,198
7/17/2020,18.37112522,18.184,18.553,0.071500847,18.275,18.47,7,2020,199
7/18/2020,18.67150435,18.043,19.044,0.242790355,18.2832,18.913,7,2020,200
7/19/2020,18.98886609,18.664,19.345,0.123837245,18.8174,19.1474,7,2020,201
7/20/2020,19.18763304,18.738,19.661,0.188335213,18.956,19.4482,7,2020,202
7/21/2020,19.29954261,18.638,19.996,0.283585716,18.9054,19.6606,7,2020,203
7/22/2020,19.58216696,19.234,19.952,0.188627456,19.3314,19.8256,7,2020,204
7/23/2020,20.31209739,19.843,20.734,0.212838926,20.019,20.5894,7,2020,205
7/24/2020,20.20598609,19.751,20.771,0.215043209,19.92,20.499,7,2020,206
7/25/2020,20.19080522,19.761,20.798,0.209697784,19.9164,20.4782,7,2020,207
7/26/2020,20.11004696,19.647,20.785,0.289686168,19.7188,20.5004,7,2020,208
7/27/2020,19.91492174,19.419,20.425,0.231378589,19.6008,20.232,7,2020,209
7/28/2020,19.99033217,19.504,20.385,0.17856899,19.754,20.2262,7,2020,210
7/29/2020,20.19952,19.702,20.535,0.19501607,19.9198,20.424,7,2020,211
7/30/2020,20.35265043,19.727,20.936,0.264878359,19.9664,20.6952,7,2020,212
7/31/2020,20.60232,19.745,21.139,0.252413587,20.2724,20.9058,7,2020,213
8/1/2020,20.2829913,19.486,20.92,0.367459412,19.714,20.759,8,2020,214
8/2/2020,19.8397687,19.068,20.533,0.373863542,19.2994,20.3392,8,2020,215
8/3/2020,19.81502261,19.188,20.313,0.310310592,19.3678,20.2234,8,2020,216
8/4/2020,18.9871513,18.433,19.504,0.250461643,18.6454,19.3198,8,2020,217
8/5/2020,18.19754957,17.853,18.775,0.242645252,17.9414,18.615,8,2020,218
8/6/2020,18.19185913,17.651,19.061,0.421284281,17.742,18.8566,8,2020,219
8/7/2020,18.0694087,17.462,18.956,0.436715191,17.563,18.7674,8,2020,220
8/8/2020,18.3829287,17.786,19.179,0.41766042,17.8858,19.0146,8,2020,221
8/9/2020,18.21712174,17.576,19.243,0.528404065,17.6914,19.0466,8,2020,222
8/10/2020,19.36542783,18.854,19.847,0.250698935,19.0394,19.7148,8,2020,223
8/11/2020,19.67346261,19.133,20.233,0.29012376,19.2702,20.0636,8,2020,224
8/12/2020,19.88832348,19.475,20.351,0.266289643,19.5254,20.252,8,2020,225
8/13/2020,20.04865217,19.641,20.873,0.31107602,19.7064,20.5212,8,2020,226
8/14/2020,19.91766261,19.451,20.667,0.367142404,19.5168,20.5066,8,2020,227
8/15/2020,19.97193739,19.539,20.762,0.315335549,19.6136,20.4278,8,2020,228
8/16/2020,19.8064,19.585,20.288,0.181258022,19.637,20.1222,8,2020,229
8/17/2020,19.38093913,19.178,19.474,0.048308584,19.3204,19.4296,8,2020,230
8/18/2020,19.26701391,19.111,19.397,0.054132916,19.1954,19.33,8,2020,231
8/19/2020,19.3213687,18.862,19.95,0.282305003,18.9858,19.7818,8,2020,232
8/20/2020,19.1985687,18.521,20.026,0.409131282,18.648,19.8352,8,2020,233
8/21/2020,19.21657217,18.744,19.674,0.2275957,18.9024,19.5416,8,2020,234
8/22/2020,19.26836,18.609,19.529,0.16426202,19.0384,19.4518,8,2020,235
8/23/2020,19.05047826,18.439,19.512,0.212653238,18.7894,19.3566,8,2020,236
8/24/2020,18.84069217,18.4,19.285,0.202054045,18.5884,19.1412,8,2020,237
8/25/2020,18.91948522,18.322,19.41,0.228441873,18.5894,19.2102,8,2020,238
8/26/2020,18.7667113,18.003,19.519,0.325269071,18.297,19.1816,8,2020,239
8/27/2020,18.24130261,16.936,19.513,0.486579932,17.5948,18.83,8,2020,240
8/28/2020,17.30495478,16.37,17.833,0.396422809,16.6736,17.7416,8,2020,241
8/29/2020,17.06283826,15.949,17.768,0.457945366,16.341,17.5896,8,2020,242
8/30/2020,16.54247478,15.614,17.146,0.40079168,15.912,17.015,8,2020,243
8/31/2020,16.21175652,15.465,16.78,0.256786642,15.7872,16.4256,8,2020,244
9/1/2020,16.43122783,15.759,17.007,0.183119699,16.1966,16.6176,9,2020,245
9/2/2020,16.33910435,15.874,17.075,0.180352808,16.108,16.55,9,2020,246
9/3/2020,16.54398783,15.871,17.079,0.170516968,16.352,16.7316,9,2020,247
9/4/2020,16.77625565,16.215,17.419,0.283835807,16.4146,17.1752,9,2020,248
9/5/2020,16.92034435,16.366,17.5,0.27987105,16.555,17.2836,9,2020,249
9/6/2020,16.92427478,16.336,17.378,0.205432588,16.6794,17.199,9,2020,250
9/7/2020,16.94594087,16.513,17.399,0.179591804,16.7698,17.2268,9,2020,251
9/8/2020,16.88108174,16.545,17.34,0.19722065,16.697,17.205,9,2020,252
9/9/2020,16.84014435,16.499,17.075,0.130098134,16.665,17.011,9,2020,253
9/10/2020,16.55580696,16.07,16.794,0.147199511,16.3392,16.7196,9,2020,254
9/11/2020,16.65088696,16.097,16.965,0.174352209,16.4124,16.894,9,2020,255
9/12/2020,16.59546261,15.901,17.055,0.222537265,16.3508,16.8706,9,2020,256
9/13/2020,16.49286609,15.872,16.81,0.22205813,16.1138,16.7382,9,2020,257
9/14/2020,16.09346087,15.424,16.546,0.257640685,15.7394,16.4248,9,2020,258
9/15/2020,15.38328348,14.945,15.822,0.131507017,15.2348,15.535,9,2020,259
9/16/2020,14.95240174,14.34,15.267,0.218214748,14.64,15.1856,9,2020,260
9/17/2020,14.80519478,14.345,15.276,0.243197373,14.4662,15.1266,9,2020,261
9/18/2020,14.33518609,13.979,14.769,0.23087049,14.0642,14.6686,9,2020,262
9/19/2020,13.84479304,13.379,14.303,0.159918546,13.648,14.0416,9,2020,263
9/20/2020,13.39682435,12.949,13.958,0.185757481,13.1146,13.602,9,2020,264
9/21/2020,13.25575826,12.802,13.796,0.207884547,12.9438,13.4626,9,2020,265
9/22/2020,13.18397913,12.863,13.731,0.194415911,12.9288,13.4466,9,2020,266
9/23/2020,13.52588348,13.285,13.913,0.149548305,13.366,13.7672,9,2020,267
9/24/2020,13.4775913,13.116,14.096,0.242626033,13.2014,13.8526,9,2020,268
9/25/2020,13.46018087,13.216,13.779,0.15721316,13.273,13.6756,9,2020,269
9/26/2020,13.5355287,13.28,13.805,0.101567499,13.399,13.6736,9,2020,270
9/27/2020,13.86710261,13.624,14.2,0.113187604,13.7104,14.0136,9,2020,271
9/28/2020,13.9365113,13.72,14.272,0.102533581,13.8134,14.0806,9,2020,272
9/29/2020,14.46734261,14.233,14.633,0.062481963,14.389,14.5482,9,2020,273
9/30/2020,14.43972348,14.17,14.733,0.129601406,14.258,14.6044,9,2020,274
10/1/2020,14.40196348,14.036,14.808,0.234872596,14.0984,14.719,10,2020,275
10/2/2020,14.25973391,13.838,14.836,0.287135402,13.9314,14.692,10,2020,276
10/3/2020,14.00319826,13.677,14.344,0.178090703,13.7794,14.259,10,2020,277
10/4/2020,13.72619826,13.442,14.009,0.128566903,13.5484,13.8932,10,2020,278
10/5/2020,13.75209217,13.521,13.862,0.055196799,13.685,13.82,10,2020,279
10/6/2020,13.6537513,13.3,14.138,0.237985658,13.3864,14.0078,10,2020,280
10/7/2020,13.67882957,13.277,14.211,0.266353559,13.379,14.0786,10,2020,281
10/8/2020,13.28441391,12.827,13.863,0.308107275,12.911,13.749,10,2020,282
10/9/2020,12.7200487,12.345,12.986,0.150506547,12.4838,12.8922,10,2020,283
10/10/2020,12.57973217,12.231,12.922,0.162600453,12.3744,12.7706,10,2020,284
10/11/2020,12.46673391,12.026,13.111,0.232290685,12.1908,12.8166,10,2020,285
10/12/2020,12.39439826,12.02,12.762,0.184264447,12.127,12.6276,10,2020,286
10/13/2020,12.32485913,12.091,12.617,0.135962472,12.136,12.515,10,2020,287
10/14/2020,12.12473043,11.977,12.356,0.093018892,12.0014,12.2546,10,2020,288
10/15/2020,11.87049565,11.637,12.208,0.14404669,11.6904,12.088,10,2020,289
10/16/2020,11.92433217,11.72,12.368,0.162809917,11.7354,12.1622,10,2020,290
10/17/2020,12.01993043,11.921,12.385,0.105343268,11.938,12.1836,10,2020,291
10/18/2020,11.90778609,11.647,12.377,0.154509411,11.7494,12.1592,10,2020,292
10/19/2020,11.75715304,11.539,12.124,0.112332574,11.6434,11.9206,10,2020,293
10/20/2020,11.86265217,11.724,12.151,0.085817167,11.768,11.986,10,2020,294
10/21/2020,11.99580348,11.873,12.145,0.071636529,11.903,12.0956,10,2020,295
10/22/2020,12.12702609,11.991,12.313,0.081805184,12.023,12.2432,10,2020,296
10/23/2020,12.04643478,11.873,12.213,0.084476615,11.928,12.159,10,2020,297
10/24/2020,12.14422087,11.914,12.389,0.115308033,11.9974,12.3182,10,2020,298
10/25/2020,12.12219826,11.769,12.367,0.100689932,11.9918,12.2686,10,2020,299
10/26/2020,11.86330957,11.448,12.065,0.108756232,11.7358,11.979,10,2020,300
10/27/2020,11.71507652,11.542,12.058,0.126898631,11.599,11.9224,10,2020,301
10/28/2020,11.54807478,11.421,11.736,0.064029961,11.463,11.634,10,2020,302
10/29/2020,10.86382957,10.711,11.225,0.123870249,10.726,11.0468,10,2020,303
10/30/2020,10.83017217,10.693,11.114,0.084977328,10.7258,10.9556,10,2020,304
10/31/2020,10.60038957,10.316,10.985,0.177062012,10.3878,10.8554,10,2020,305
11/1/2020,10.58980348,10.298,11.002,0.185332862,10.3604,10.8454,11,2020,306
11/2/2020,10.40236174,10.116,10.618,0.134029306,10.2114,10.575,11,2020,307
11/3/2020,10.1156487,9.903,10.307,0.100158872,9.9718,10.2406,11,2020,308
11/4/2020,10.35432,9.898,10.754,0.21455596,10.077,10.6596,11,2020,309
11/5/2020,10.36366609,9.729,10.816,0.262334653,10.035,10.746,11,2020,310
11/6/2020,10.45341913,9.905,10.861,0.226439376,10.142,10.7556,11,2020,311
11/7/2020,10.11255652,9.858,10.319,0.103606397,9.964,10.242,11,2020,312
11/8/2020,10.50313913,10.081,10.803,0.149946964,10.3004,10.7024,11,2020,313
11/9/2020,10.91854957,10.752,11.102,0.089147573,10.8074,11.0476,11,2020,314
11/10/2020,10.98237565,10.825,11.163,0.090895035,10.8594,11.1116,11,2020,315
11/11/2020,10.93178261,10.775,11.082,0.081001203,10.82,11.043,11,2020,316
11/12/2020,10.57774087,10.466,10.75,0.063496281,10.493,10.663,11,2020,317
11/13/2020,10.10251652,9.952,10.311,0.093703528,9.9784,10.234,11,2020,318
11/14/2020,9.978323478,9.636,10.382,0.175032221,9.7204,10.1966,11,2020,319
11/15/2020,9.830944348,9.411,10.256,0.202920421,9.524,10.0736,11,2020,320
11/16/2020,9.600911304,9.319,9.89,0.167589076,9.357,9.8202,11,2020,321
11/17/2020,9.580431304,9.253,9.841,0.15278573,9.361,9.7806,11,2020,322
11/18/2020,9.59041913,9.37,9.848,0.131376457,9.431,9.7834,11,2020,323
11/19/2020,9.162838261,8.911,9.398,0.14625554,8.9644,9.36,11,2020,324
11/20/2020,8.761361739,8.462,9.087,0.179388531,8.515,8.9966,11,2020,325
11/21/2020,8.780794783,8.401,9.218,0.251953959,8.4598,9.127,11,2020,326
11/22/2020,8.741208696,8.269,9.202,0.27547462,8.375,9.1126,11,2020,327
11/23/2020,8.454732174,8.25,8.757,0.129388906,8.306,8.6512,11,2020,328
11/24/2020,8.298073043,8.11,8.674,0.148474361,8.151,8.543,11,2020,329
11/25/2020,8.378871304,8.184,8.699,0.132892968,8.2264,8.5876,11,2020,330
11/26/2020,8.423154783,8.252,8.662,0.106968858,8.295,8.5826,11,2020,331
11/27/2020,7.694481739,7.482,8.002,0.119253073,7.5398,7.8642,11,2020,332
11/28/2020,7.53484,7.326,7.882,0.120006005,7.379,7.7006,11,2020,333
11/29/2020,7.540474783,7.305,7.923,0.132352892,7.367,7.71,11,2020,334
11/30/2020,7.653909565,7.366,8.078,0.170743809,7.4334,7.8846,11,2020,335
12/1/2020,7.73218087,7.438,8.054,0.156662352,7.523,7.948,12,2020,336
12/2/2020,7.592582609,7.049,8.047,0.271113422,7.2072,7.9562,12,2020,337
12/3/2020,7.523895652,6.784,8.051,0.318060197,7.0634,7.9256,12,2020,338
12/4/2020,7.58252,7.058,8.014,0.258950076,7.2106,7.9172,12,2020,339
12/5/2020,7.576386087,7.203,7.896,0.182281191,7.317,7.8152,12,2020,340
12/6/2020,7.301787826,6.888,7.771,0.207591893,7.0292,7.5928,12,2020,341
12/7/2020,7.046556522,6.649,7.536,0.201278431,6.7754,7.316,12,2020,342
12/8/2020,6.676450435,6.274,7.192,0.205208139,6.4034,6.9592,12,2020,343
12/9/2020,6.609834783,6.254,7.08,0.182993866,6.3714,6.865,12,2020,344
12/10/2020,6.361144348,6.025,6.797,0.167654536,6.134,6.5806,12,2020,345
12/11/2020,6.382373913,5.94,6.755,0.192086774,6.1122,6.609,12,2020,346
12/12/2020,6.454481739,6.019,6.88,0.18889745,6.198,6.7022,12,2020,347
12/13/2020,6.643264348,6.178,7.062,0.23545621,6.304,6.934,12,2020,348
12/14/2020,6.570267826,6.184,7.003,0.191738238,6.302,6.8086,12,2020,349
12/15/2020,6.32181913,6.075,6.807,0.167812298,6.117,6.5476,12,2020,350
12/16/2020,6.323695652,6.093,6.679,0.135995194,6.1574,6.5126,12,2020,351
12/17/2020,6.057549565,5.683,6.637,0.212550803,5.784,6.3542,12,2020,352
12/18/2020,5.694426087,5.27,6.356,0.280123121,5.349,6.0996,12,2020,353
12/19/2020,5.581370435,5.046,6.29,0.342227384,5.149,6.0946,12,2020,354
12/20/2020,5.231937391,4.622,5.833,0.318923756,4.8084,5.6886,12,2020,355
12/21/2020,5.016646957,4.397,5.563,0.321073644,4.578,5.432,12,2020,356
12/22/2020,5.219130435,4.403,6.2,0.452282137,4.6456,5.8942,12,2020,357
12/23/2020,5.454744348,4.58,6.624,0.497785247,4.8532,6.1988,12,2020,358
12/24/2020,5.561353043,4.735,6.569,0.46250087,5.0004,6.2462,12,2020,359
12/25/2020,5.69794087,5.099,6.264,0.29143904,5.2936,6.0966,12,2020,360
12/26/2020,5.716584348,5.172,6.146,0.253590061,5.3588,6.0442,12,2020,361
12/27/2020,5.894570435,5.672,6.288,0.16432571,5.713,6.1416,12,2020,362
12/28/2020,5.998010435,5.703,6.805,0.240460715,5.751,6.3318,12,2020,363
12/29/2020,5.990951304,5.692,6.862,0.235895243,5.7554,6.3322,12,2020,364
12/30/2020,5.97156,5.69,6.71,0.207627983,5.7658,6.3096,12,2020,365
12/31/2020,6.174041739,5.844,6.57,0.179541824,5.9504,6.4292,12,2020,366
1/1/2021,6.291431304,6.011,6.629,0.167736079,6.0934,6.5336,1,2021,1
1/2/2021,6.173841739,5.61,6.62,0.253660081,5.8118,6.502,1,2021,2
1/3/2021,5.894236522,5.329,6.414,0.261002689,5.5214,6.236,1,2021,3
1/4/2021,5.542622609,4.959,6.212,0.283684681,5.153,5.9222,1,2021,4
1/5/2021,5.383657391,4.833,6.017,0.268070534,5.018,5.738,1,2021,5
1/6/2021,5.498006957,4.98,5.999,0.264985286,5.1266,5.8558,1,2021,6
1/7/2021,5.503153043,4.854,6.216,0.34217538,5.0494,5.9688,1,2021,7
1/8/2021,5.392001739,4.591,6.209,0.400274882,4.8624,5.916,1,2021,8
1/9/2021,5.160667826,4.45,5.863,0.363139,4.6868,5.6794,1,2021,9
1/10/2021,4.739398261,4.173,5.247,0.292029495,4.3076,5.121,1,2021,10
1/11/2021,4.63692,4.222,5.113,0.203976882,4.3584,4.8882,1,2021,11
1/12/2021,4.590245217,4.155,4.942,0.202028651,4.292,4.829,1,2021,12
1/13/2021,4.822198261,4.394,5.369,0.210670265,4.5328,5.0994,1,2021,13
1/14/2021,4.831768696,4.44,5.301,0.194323638,4.5678,5.091,1,2021,14
1/15/2021,4.999448696,4.569,5.614,0.230114251,4.6988,5.316,1,2021,15
1/16/2021,4.861453913,4.396,5.5,0.263457077,4.5068,5.2034,1,2021,16
1/17/2021,4.813970435,4.13,5.508,0.388051055,4.268,5.3332,1,2021,17
1/18/2021,4.835525217,4.059,5.655,0.429969866,4.223,5.3858,1,2021,18
1/19/2021,4.738001739,4.166,5.39,0.34889681,4.293,5.2272,1,2021,19
1/20/2021,4.475069565,4.002,5.064,0.206174173,4.247,4.758,1,2021,20
1/21/2021,4.512853913,4.22,5.132,0.207960964,4.277,4.8324,1,2021,21
1/22/2021,4.569013913,4.325,4.991,0.161593275,4.39,4.812,1,2021,22
1/23/2021,4.88748,4.296,5.364,0.252788137,4.54,5.2142,1,2021,23
1/24/2021,5.124942609,4.376,5.816,0.341466557,4.6694,5.6018,1,2021,24
1/25/2021,5.169026087,4.453,5.899,0.339848061,4.7234,5.6484,1,2021,25
1/26/2021,5.129648696,4.473,5.814,0.308516324,4.715,5.5442,1,2021,26
1/27/2021,4.771886957,4.257,5.363,0.254717736,4.4254,5.1172,1,2021,27
1/28/2021,4.648963478,4.062,5.362,0.301695598,4.2528,5.0752,1,2021,28
1/29/2021,4.794993043,3.962,5.702,0.435742408,4.2394,5.4368,1,2021,29
1/30/2021,4.733622609,3.88,5.737,0.469898627,4.148,5.4388,1,2021,30
1/31/2021,4.721975652,4.228,5.628,0.348904337,4.328,5.2484,1,2021,31
2/1/2021,4.373841739,4.063,5.339,0.276925538,4.1324,4.8,2,2021,32
2/2/2021,4.324412174,4.008,4.964,0.2088579,4.0894,4.6302,2,2021,33
2/3/2021,4.18577913,3.867,4.522,0.174452868,3.9484,4.422,2,2021,34
2/4/2021,4.307344348,3.818,5.081,0.286114953,3.9474,4.6844,2,2021,35
2/5/2021,4.004269565,3.163,4.957,0.475420627,3.4148,4.708,2,2021,36
2/6/2021,4.176702609,3.352,4.948,0.43975708,3.6056,4.822,2,2021,37
2/7/2021,4.137596522,3.373,5,0.436881474,3.5704,4.7556,2,2021,38
2/8/2021,3.91264,3.213,4.436,0.336954697,3.4244,4.3452,2,2021,39
2/9/2021,3.824511304,3.06,4.49,0.37192514,3.2888,4.3112,2,2021,40
2/10/2021,3.465942609,2.721,4.117,0.361068249,2.9508,3.9306,2,2021,41
2/11/2021,3.367575652,2.709,4.109,0.329379679,2.9202,3.7884,2,2021,42
2/12/2021,3.309055652,2.664,3.993,0.326163568,2.8692,3.7556,2,2021,43
2/13/2021,3.308314783,2.654,3.911,0.311854367,2.8728,3.699,2,2021,44
2/14/2021,3.201474783,2.603,3.724,0.265583997,2.8066,3.5192,2,2021,45
2/15/2021,3.178382609,2.543,3.903,0.316978225,2.748,3.6082,2,2021,46
2/16/2021,3.053147826,2.365,3.849,0.37312979,2.5682,3.5888,2,2021,47
2/17/2021,3.030690435,2.32,3.845,0.391218308,2.5234,3.606,2,2021,48
2/18/2021,3.065165217,2.377,3.822,0.363426543,2.5846,3.5802,2,2021,49
2/19/2021,2.752471304,2.15,3.548,0.297381632,2.3438,3.1426,2,2021,50
2/20/2021,3.017342609,2.479,3.643,0.251138035,2.6696,3.3636,2,2021,51
2/21/2021,2.85450087,2.277,3.528,0.272603469,2.4734,3.2246,2,2021,52
2/22/2021,2.451716522,1.921,3.095,0.265479367,2.0828,2.7782,2,2021,53
2/23/2021,2.662269565,2.186,3.372,0.261722062,2.3218,3.0222,2,2021,54
2/24/2021,3.0502,2.373,3.699,0.351309278,2.5672,3.561,2,2021,55
2/25/2021,3.15321913,2.327,3.958,0.467229018,2.5322,3.7732,2,2021,56
2/26/2021,3.124257391,2.402,3.899,0.424271172,2.5738,3.7106,2,2021,57
2/27/2021,3.266431304,2.126,4.104,0.549551269,2.4212,3.9416,2,2021,58
2/28/2021,3.226137391,1.967,4.183,0.616907249,2.2888,3.9904,2,2021,59
3/1/2021,3.21177913,2.129,4.125,0.551603657,2.4006,3.9092,3,2021,60
3/2/2021,3.012266087,2.472,3.692,0.303235561,2.6226,3.4442,3,2021,61
3/3/2021,2.637582609,1.958,3.614,0.409556639,2.134,3.2532,3,2021,62
3/4/2021,2.627486957,1.979,3.534,0.386837472,2.1444,3.195,3,2021,63
3/5/2021,2.634523478,1.976,3.444,0.367185347,2.1588,3.1542,3,2021,64
3/6/2021,2.884441739,2.372,3.814,0.326833525,2.5074,3.3576,3,2021,65
3/7/2021,2.883347826,2.201,3.9,0.389603963,2.405,3.4312,3,2021,66
3/8/2021,2.742250435,2.138,3.477,0.327275364,2.3164,3.2096,3,2021,67
3/9/2021,2.666843478,1.869,3.664,0.472551717,2.0438,3.3292,3,2021,68
3/10/2021,2.773462609,1.844,3.845,0.53262228,2.0546,3.4876,3,2021,69
3/11/2021,3.059730435,2.439,3.694,0.316999525,2.6264,3.48,3,2021,70
3/12/2021,3.620055652,2.864,4.272,0.363693136,3.1044,4.0896,3,2021,71
3/13/2021,3.63101913,3.153,4.405,0.248236774,3.351,3.9858,3,2021,72
3/14/2021,3.385594783,2.867,4.369,0.336219281,2.9978,3.8836,3,2021,73
3/15/2021,3.396226087,2.825,4.423,0.368402164,2.9708,3.959,3,2021,74
3/16/2021,3.586513043,2.971,4.622,0.385195325,3.1304,4.1834,3,2021,75
3/17/2021,3.741433043,3.283,4.496,0.289299313,3.3908,4.1696,3,2021,76
3/18/2021,3.887344348,3.482,4.267,0.20570981,3.602,4.1628,3,2021,77
3/19/2021,3.765373913,3.27,4.384,0.292851821,3.4024,4.2104,3,2021,78
3/20/2021,3.699711304,2.992,4.456,0.395354175,3.1628,4.2952,3,2021,79
3/21/2021,3.96182087,3.384,4.59,0.315330479,3.5704,4.4522,3,2021,80
3/22/2021,4.493394783,4.011,5.305,0.369109422,4.085,5.0682,3,2021,81
3/23/2021,4.563326957,4.007,5.518,0.424776917,4.1118,5.2202,3,2021,82
3/24/2021,4.614104348,4.181,5.43,0.348726443,4.2214,5.1512,3,2021,83
3/25/2021,4.988902609,4.71,5.293,0.15018841,4.7864,5.1912,3,2021,84
3/26/2021,5.314885217,4.893,6.077,0.352612086,4.937,5.8894,3,2021,85
3/27/2021,5.406626087,4.944,6.299,0.374629323,5.0114,6.011,3,2021,86
3/28/2021,5.086626087,4.724,5.678,0.292462674,4.761,5.5576,3,2021,87
3/29/2021,5.047276522,4.694,5.415,0.193414185,4.8068,5.3406,3,2021,88
3/30/2021,5.071486957,4.631,5.465,0.20948425,4.8,5.3776,3,2021,89
3/31/2021,5.055796522,4.825,5.333,0.136861989,4.892,5.2636,3,2021,90
4/1/2021,5.043213913,4.88,5.171,0.068216614,4.951,5.134,4,2021,91
4/2/2021,5.029843478,4.508,5.173,0.122768244,4.8432,5.148,4,2021,92
4/3/2021,5.036234783,4.485,5.258,0.14467417,4.83,5.2046,4,2021,93
4/4/2021,5.086754783,4.738,5.435,0.174057654,4.846,5.3162,4,2021,94
4/5/2021,5.346867826,5.13,5.479,0.083046542,5.2298,5.448,4,2021,95
4/6/2021,5.724111304,5.196,5.906,0.154050293,5.478,5.889,4,2021,96
4/7/2021,5.735076522,5.016,6.193,0.240919488,5.3732,6.041,4,2021,97
4/8/2021,5.80745913,5.212,6.337,0.265791064,5.4498,6.1928,4,2021,98
4/9/2021,6.515206957,6.045,6.826,0.218865782,6.1394,6.753,4,2021,99
4/10/2021,7.046196522,6.713,7.533,0.200107919,6.8084,7.3602,4,2021,100
4/11/2021,7.100067826,6.845,7.417,0.117757342,6.982,7.2752,4,2021,101
4/12/2021,6.894676522,6.559,7.104,0.141381116,6.687,7.072,4,2021,102
4/13/2021,7.064413913,6.635,7.49,0.20869478,6.78,7.3246,4,2021,103
4/14/2021,7.245126957,6.769,7.71,0.240186671,6.964,7.5762,4,2021,104
4/15/2021,7.483913043,6.985,7.883,0.239529452,7.1838,7.8034,4,2021,105
4/16/2021,7.470513043,6.977,7.763,0.204097835,7.1814,7.7066,4,2021,106
4/17/2021,7.175775652,6.874,7.536,0.169071919,6.9594,7.4196,4,2021,107
4/18/2021,7.156521739,6.641,7.593,0.221140327,6.8748,7.4812,4,2021,108
4/19/2021,7.202353043,6.761,7.643,0.19320521,7.0048,7.5148,4,2021,109
4/20/2021,7.181005217,6.696,7.51,0.177119917,6.9192,7.4018,4,2021,110
4/21/2021,7.166808696,6.818,7.437,0.140937212,6.9738,7.348,4,2021,111
4/22/2021,6.841186087,6.435,7.268,0.213999182,6.5964,7.1684,4,2021,112
4/23/2021,6.823972174,6.11,7.651,0.430799313,6.3282,7.4936,4,2021,113
4/24/2021,6.754302609,6.001,7.507,0.416288611,6.2576,7.3786,4,2021,114
4/25/2021,6.592655652,6.222,7.026,0.232372605,6.3232,6.954,4,2021,115
4/26/2021,6.39521913,5.957,6.861,0.211012188,6.093,6.6914,4,2021,116
4/27/2021,6.413758261,5.892,6.98,0.23052847,6.1268,6.7238,4,2021,117
4/28/2021,6.424993043,6.048,6.743,0.154568197,6.2316,6.63,4,2021,118
4/29/2021,6.566817391,6.334,6.804,0.11473323,6.409,6.7198,4,2021,119
4/30/2021,7.332311304,7.229,7.412,0.03172012,7.289,7.372,4,2021,120
5/1/2021,7.500633043,7.251,7.712,0.090654815,7.379,7.6362,5,2021,121
5/2/2021,7.470507826,7.121,7.774,0.135489059,7.309,7.6846,5,2021,122
5/3/2021,7.61462087,7.41,7.717,0.061326074,7.5244,7.6866,5,2021,123
5/4/2021,7.611182609,7.447,7.792,0.073308948,7.517,7.7196,5,2021,124
5/5/2021,7.560573913,7.276,7.842,0.132591121,7.3944,7.7506,5,2021,125
5/6/2021,7.449175652,7.117,7.732,0.164096318,7.2192,7.6566,5,2021,126
5/7/2021,7.437090435,7.065,7.714,0.179987143,7.165,7.6476,5,2021,127
5/8/2021,7.528424348,7.299,7.751,0.12713956,7.3454,7.6956,5,2021,128
5/9/2021,8.175386087,7.946,8.416,0.111173565,8.0174,8.3238,5,2021,129
5/10/2021,9.05857913,8.82,9.168,0.057984381,8.991,9.133,5,2021,130
5/11/2021,8.987001739,8.467,9.476,0.285686108,8.5538,9.3068,5,2021,131
5/12/2021,9.049092174,8.445,9.559,0.342862444,8.5274,9.4476,5,2021,132
5/13/2021,9.145243478,8.601,9.903,0.36211723,8.677,9.664,5,2021,133
5/14/2021,9.434386087,9.113,10.146,0.271356376,9.15,9.8702,5,2021,134
5/15/2021,9.762718261,9.487,10.322,0.21170617,9.5448,10.1416,5,2021,135
5/16/2021,9.988546087,9.593,10.342,0.233097572,9.633,10.2736,5,2021,136
5/17/2021,10.54089565,10.193,10.842,0.141328242,10.3564,10.7472,5,2021,137
5/18/2021,11.8090313,11.175,12.165,0.194565814,11.5608,12.046,5,2021,138
5/19/2021,11.93767826,11.404,12.264,0.197736422,11.6434,12.183,5,2021,139
5/20/2021,12.12757043,11.57,12.484,0.192352595,11.8538,12.3636,5,2021,140
5/21/2021,12.26861913,11.776,12.596,0.157577853,12.058,12.4712,5,2021,141
5/22/2021,12.48610435,11.976,12.731,0.150537826,12.2474,12.6446,5,2021,142
5/23/2021,12.60960522,11.719,13.018,0.245329471,12.2718,12.891,5,2021,143
5/24/2021,12.2055913,11.058,12.755,0.295953549,11.816,12.581,5,2021,144
5/25/2021,11.98713913,11.091,12.434,0.268582908,11.56,12.2116,5,2021,145
5/26/2021,11.9475913,11.285,12.307,0.227101272,11.59,12.2122,5,2021,146
5/27/2021,11.95390609,11.692,12.141,0.08673564,11.8372,12.072,5,2021,147
5/28/2021,12.00593043,11.873,12.137,0.05634388,11.927,12.082,5,2021,148
5/29/2021,12.06989565,11.908,12.201,0.050019817,12.01,12.1436,5,2021,149
5/30/2021,11.22399652,10.803,11.587,0.192838697,10.9354,11.468,5,2021,150
5/31/2021,11.50919478,10.601,12.322,0.44672591,10.8644,12.1052,5,2021,151
6/1/2021,11.83213391,11.103,12.906,0.508408661,11.339,12.657,6,2021,152
6/2/2021,11.89870261,11.239,12.973,0.498754302,11.393,12.7404,6,2021,153
6/3/2021,12.2336,11.642,12.927,0.34136062,11.775,12.7372,6,2021,154
6/4/2021,12.34418957,11.876,12.738,0.225950583,11.9994,12.6116,6,2021,155
6/5/2021,12.46517391,12.107,12.751,0.167210119,12.224,12.6832,6,2021,156
6/6/2021,12.42512174,12.111,12.633,0.127912232,12.234,12.5822,6,2021,157
6/7/2021,14.09281217,13.535,14.538,0.214823506,13.801,14.373,6,2021,158
6/8/2021,15.07117913,14.804,15.228,0.09351933,14.9424,15.1906,6,2021,159
6/9/2021,15.34109739,15.175,15.599,0.100475286,15.209,15.4746,6,2021,160
6/10/2021,15.03012522,14.836,15.315,0.107370674,14.8914,15.1782,6,2021,161
6/11/2021,15.05967304,14.876,15.261,0.093169122,14.936,15.1882,6,2021,162
6/12/2021,14.7914087,14.71,14.911,0.057698407,14.719,14.8716,6,2021,163
6/13/2021,14.77979652,14.207,15.263,0.322853278,14.3234,15.1936,6,2021,164
6/14/2021,14.70609565,14.042,15.344,0.383916521,14.1648,15.2034,6,2021,165
6/15/2021,14.67772522,14.158,15.043,0.291445791,14.2324,15.0046,6,2021,166
6/16/2021,14.73537739,14.266,15.256,0.278595929,14.3394,15.1112,6,2021,167
6/17/2021,14.82636,14.177,15.462,0.373343992,14.2674,15.315,6,2021,168
6/18/2021,14.76104522,14.093,15.503,0.421306688,14.2004,15.3254,6,2021,169
6/19/2021,14.69560348,14.319,15.109,0.246487017,14.3524,15.0156,6,2021,170
6/20/2021,14.89186609,14.775,14.997,0.037842298,14.847,14.9456,6,2021,171
6/21/2021,15.60742087,15.345,15.844,0.122149307,15.4454,15.7756,6,2021,172
6/22/2021,14.62958783,14.409,14.784,0.085381694,14.4974,14.7226,6,2021,173
6/23/2021,14.72323652,14.244,15.121,0.209988368,14.3964,14.993,6,2021,174
6/24/2021,14.60024348,13.886,15.147,0.367966438,14.063,15.076,6,2021,175
6/25/2021,14.73690609,13.862,15.557,0.447799581,14.125,15.3832,6,2021,176
6/26/2021,14.96245217,14.565,15.333,0.217533611,14.6364,15.2396,6,2021,177
6/27/2021,15.17681391,14.976,15.378,0.090376035,15.0594,15.306,6,2021,178
6/28/2021,15.0740313,14.904,15.176,0.052537517,15.006,15.1446,6,2021,179
6/29/2021,15.34132348,15.141,15.437,0.057606436,15.2624,15.4076,6,2021,180
6/30/2021,15.84406435,15.649,15.953,0.06574842,15.7504,15.924,6,2021,181
7/1/2021,15.78961913,15.561,15.936,0.083315295,15.6744,15.894,7,2021,182
7/2/2021,15.60725043,15.411,15.751,0.077769,15.4934,15.706,7,2021,183
7/3/2021,14.4858313,14.239,14.725,0.117212207,14.315,14.637,7,2021,184
7/4/2021,15.14545739,14.89,15.361,0.110644821,14.9794,15.2852,7,2021,185
7/5/2021,15.32413217,15.158,15.517,0.07084731,15.243,15.4306,7,2021,186
7/6/2021,15.28347478,15.124,15.477,0.072610787,15.1954,15.392,7,2021,187
7/7/2021,15.28357565,15.048,15.455,0.069335478,15.192,15.3742,7,2021,188
7/8/2021,15.87921913,15.567,16.185,0.138452009,15.691,16.07,7,2021,189
7/9/2021,15.98302957,15.702,16.217,0.112342561,15.8254,16.1316,7,2021,190
7/10/2021,16.20345565,15.778,16.517,0.18762421,15.9424,16.451,7,2021,191
7/11/2021,16.40983826,15.887,17.098,0.302131568,16.0294,16.7968,7,2021,192
7/12/2021,16.37057913,16.012,16.759,0.195590289,16.0964,16.6338,7,2021,193
7/13/2021,16.65794957,16.361,17.109,0.173325888,16.439,16.9036,7,2021,194
7/14/2021,17.69040348,17.248,18.159,0.216315199,17.3894,17.9818,7,2021,195
7/15/2021,17.90338087,17.44,18.396,0.24090006,17.579,18.2436,7,2021,196
7/16/2021,17.89596,17.458,18.402,0.244933106,17.5714,18.2488,7,2021,197
7/17/2021,18.11772,17.617,18.613,0.247883838,17.7686,18.4478,7,2021,198
7/18/2021,17.61634783,17.278,18.11,0.181504295,17.4144,17.8946,7,2021,199
7/19/2021,17.68864348,17.417,17.905,0.076734756,17.605,17.794,7,2021,200
7/20/2021,17.90658435,17.467,18.075,0.117447947,17.721,18.0006,7,2021,201
7/21/2021,18.0222887,17.622,18.186,0.081615975,17.9304,18.1076,7,2021,202
7/22/2021,17.73205217,17.205,18.046,0.190216512,17.4568,17.9976,7,2021,203
7/23/2021,17.47287826,16.671,17.884,0.168613745,17.2804,17.658,7,2021,204
7/24/2021,17.24234957,16.418,17.872,0.338741226,16.766,17.6446,7,2021,205
7/25/2021,17.37554783,16.938,17.688,0.152932157,17.1714,17.5716,7,2021,206
7/26/2021,17.45532,17.095,17.832,0.166326026,17.2004,17.6646,7,2021,207
7/27/2021,17.4810887,17.183,17.875,0.142366757,17.2964,17.6956,7,2021,208
7/28/2021,17.54429043,17.007,18.122,0.288492926,17.1792,17.9796,7,2021,209
7/29/2021,17.56319478,16.891,18.267,0.381282555,17.0698,18.1082,7,2021,210
7/30/2021,17.04103304,16.452,17.442,0.294593248,16.5658,17.3666,7,2021,211
7/31/2021,16.91929043,16.314,17.348,0.295715763,16.443,17.249,7,2021,212
8/1/2021,17.13725043,16.958,17.295,0.087522779,17.0124,17.247,8,2021,213
8/2/2021,17.43230957,16.849,17.827,0.29012857,16.989,17.772,8,2021,214
8/3/2021,17.4511513,16.76,17.915,0.362626169,16.8796,17.8546,8,2021,215
8/4/2021,17.48670261,17.11,17.813,0.19958092,17.1866,17.7266,8,2021,216
8/5/2021,18.30357217,18.169,18.365,0.045824935,18.233,18.35,8,2021,217
8/6/2021,18.47623826,18.041,18.78,0.217359135,18.1654,18.7366,8,2021,218
8/7/2021,18.50617043,17.916,18.969,0.262181897,18.122,18.8128,8,2021,219
8/8/2021,18.48498261,18.03,18.769,0.194064448,18.1864,18.7176,8,2021,220
8/9/2021,18.68537565,18.206,19.058,0.153876771,18.4944,18.897,8,2021,221
8/10/2021,18.82383826,18.389,19.103,0.129928377,18.6832,18.9866,8,2021,222
8/11/2021,19.48983652,18.838,20.014,0.280377274,19.067,19.825,8,2021,223
8/12/2021,20.241,19.666,20.848,0.281642161,19.8362,20.5826,8,2021,224
8/13/2021,21.05330435,20.695,21.391,0.199782564,20.7594,21.288,8,2021,225
8/14/2021,21.19849739,20.754,21.629,0.235744516,20.8504,21.4916,8,2021,226
8/15/2021,21.03751478,20.554,21.356,0.217400526,20.7618,21.3066,8,2021,227
8/16/2021,20.00928348,19.788,20.434,0.167778666,19.829,20.269,8,2021,228
8/17/2021,19.61229043,19.205,19.783,0.115177113,19.433,19.72,8,2021,229
8/18/2021,19.40611304,19.165,19.634,0.086802427,19.298,19.535,8,2021,230
8/19/2021,19.29962783,18.927,19.66,0.150065795,19.1054,19.5052,8,2021,231
8/20/2021,18.98785739,18.614,19.245,0.115055375,18.8402,19.1392,8,2021,232
8/21/2021,19.00875304,18.671,19.262,0.105593354,18.885,19.1516,8,2021,233
8/22/2021,19.56941913,18.986,19.814,0.172103283,19.3246,19.763,8,2021,234
8/23/2021,19.77521913,19.447,20.046,0.128656894,19.597,19.945,8,2021,235
8/24/2021,19.77013217,19.292,20.1,0.180176433,19.5346,19.9966,8,2021,236
8/25/2021,19.81742435,19.352,20.227,0.156063154,19.6654,20.0386,8,2021,237
8/26/2021,19.81542435,19.545,20.075,0.120620813,19.6734,19.9856,8,2021,238
8/27/2021,19.67944174,19.115,20.041,0.211823606,19.3678,19.929,8,2021,239
8/28/2021,19.28473043,19.006,19.762,0.193629874,19.074,19.6024,8,2021,240
8/29/2021,19.06756696,18.46,19.51,0.209443884,18.765,19.3366,8,2021,241
8/30/2021,18.58133565,17.951,19.063,0.256586641,18.2484,18.948,8,2021,242
8/31/2021,18.62347304,17.85,19.509,0.451266154,18.0478,19.2946,8,2021,243
9/1/2021,18.53841913,17.76,19.363,0.434136136,17.959,19.158,9,2021,244
9/2/2021,17.40295826,16.42,17.883,0.331993816,16.9026,17.769,9,2021,245
9/3/2021,17.13484522,16.208,17.783,0.356191335,16.6424,17.6196,9,2021,246
9/4/2021,17.13306609,16.403,17.779,0.347102896,16.669,17.6382,9,2021,247
9/5/2021,17.30645043,16.797,17.72,0.242321389,17.018,17.638,9,2021,248
9/6/2021,17.06194957,16.777,17.449,0.155214348,16.8514,17.2782,9,2021,249
9/7/2021,17.14972,16.487,17.692,0.318021623,16.6754,17.5532,9,2021,250
9/8/2021,17.24824174,16.534,17.846,0.373626729,16.7032,17.7396,9,2021,251
9/9/2021,17.25143652,16.799,17.649,0.242365173,16.9014,17.535,9,2021,252
9/10/2021,17.09381391,16.893,17.266,0.087148109,16.97,17.2072,9,2021,253
9/11/2021,16.96201043,16.459,17.562,0.319951112,16.5304,17.3634,9,2021,254
9/12/2021,16.87674957,16.32,17.625,0.381622773,16.3958,17.3522,9,2021,255
9/13/2021,16.80892174,16.325,17.35,0.311104975,16.3994,17.206,9,2021,256
9/14/2021,16.75764696,16.351,17.185,0.232123921,16.43,17.046,9,2021,257
9/15/2021,16.77767652,16.536,17.034,0.142789323,16.5858,16.9728,9,2021,258
9/16/2021,16.73048348,16.478,17.01,0.143044897,16.5284,16.909,9,2021,259
9/17/2021,16.80855304,16.504,17.158,0.176476964,16.5552,17.041,9,2021,260
9/18/2021,16.86564,16.638,17.074,0.104412213,16.7082,16.9916,9,2021,261
9/19/2021,16.95798261,16.724,17.462,0.13603941,16.7904,17.1114,9,2021,262
9/20/2021,16.9943113,16.698,17.667,0.202443554,16.814,17.3222,9,2021,263
9/21/2021,17.01506609,16.661,17.614,0.209330306,16.7718,17.3106,9,2021,264
9/22/2021,17.16014609,16.962,17.557,0.135802247,17.0064,17.3622,9,2021,265
9/23/2021,17.34397391,17.222,17.552,0.08014015,17.251,17.4642,9,2021,266
9/24/2021,17.55612174,17.484,17.684,0.03862054,17.511,17.6096,9,2021,267
9/25/2021,17.64007652,17.384,17.829,0.094510463,17.502,17.756,9,2021,268
9/26/2021,17.6128713,17.27,17.983,0.170167239,17.4176,17.8916,9,2021,269
9/27/2021,17.57528174,17.213,18.005,0.200180608,17.3344,17.893,9,2021,270
9/28/2021,17.60378261,17.252,17.861,0.12180801,17.473,17.797,9,2021,271
9/29/2021,17.3189287,16.882,17.644,0.202563915,17.018,17.563,9,2021,272
9/30/2021,15.93694783,15.425,16.277,0.125965681,15.8024,16.0846,9,2021,273
10/1/2021,15.97862957,15.421,16.276,0.133374065,15.8454,16.1442,10,2021,274
10/2/2021,15.99349043,15.498,16.343,0.130178795,15.8334,16.1532,10,2021,275
10/3/2021,15.78798957,15.456,16.067,0.145065478,15.582,15.9782,10,2021,276
10/4/2021,15.21124696,14.913,15.513,0.143126457,15.012,15.4038,10,2021,277
10/5/2021,15.2208,15.014,15.537,0.137554449,15.042,15.4176,10,2021,278
10/6/2021,15.4086,15.191,15.706,0.108997107,15.2548,15.558,10,2021,279
10/7/2021,15.68337913,15.284,16.07,0.178975157,15.4424,15.933,10,2021,280
10/8/2021,15.73957391,15.333,16.14,0.201350521,15.4774,16.0322,10,2021,281
10/9/2021,15.67236696,15.319,15.935,0.108718666,15.5544,15.829,10,2021,282
10/10/2021,15.49746435,15.072,15.783,0.150007892,15.2844,15.6806,10,2021,283
10/11/2021,15.33799652,15.157,15.672,0.112045163,15.205,15.5216,10,2021,284
10/12/2021,15.44093043,15.25,15.745,0.109823355,15.3074,15.6102,10,2021,285
10/13/2021,15.67529043,15.434,15.965,0.130262523,15.5128,15.862,10,2021,286
10/14/2021,15.55966957,15.191,15.911,0.170877838,15.3064,15.787,10,2021,287
10/15/2021,15.58769217,15.365,15.919,0.108932838,15.435,15.7346,10,2021,288
10/16/2021,15.70669565,15.471,15.901,0.088086785,15.5814,15.8206,10,2021,289
10/17/2021,14.83126087,14.496,15.174,0.151118852,14.6264,15.0346,10,2021,290
10/18/2021,14.68416174,14.376,14.898,0.08697843,14.569,14.791,10,2021,291
10/19/2021,14.5815513,14.321,14.771,0.067789876,14.5032,14.669,10,2021,292
10/20/2021,14.24808522,13.879,14.614,0.180679943,13.9788,14.4882,10,2021,293
10/21/2021,14.28420348,13.856,14.571,0.202104792,13.965,14.5376,10,2021,294
10/22/2021,14.41186783,14.042,14.668,0.167582815,14.1754,14.6202,10,2021,295
10/23/2021,14.26437217,13.941,14.683,0.225055705,13.992,14.5936,10,2021,296
10/24/2021,13.94930957,13.567,14.418,0.214463023,13.67,14.2682,10,2021,297
10/25/2021,13.67542783,13.281,14.07,0.174348897,13.4114,13.899,10,2021,298
10/26/2021,13.56348174,13.29,13.819,0.133736855,13.3784,13.7472,10,2021,299
10/27/2021,12.42066783,12.213,12.627,0.074868544,12.3214,12.52,10,2021,300
10/28/2021,12.42968174,12.204,12.705,0.115193405,12.28,12.5856,10,2021,301
10/29/2021,12.39458087,12.06,12.821,0.207480128,12.1286,12.6836,10,2021,302
10/30/2021,12.30684348,11.994,12.735,0.222206804,12.0264,12.64,10,2021,303
10/31/2021,12.29379652,11.743,12.705,0.26760637,11.9184,12.6262,10,2021,304
11/1/2021,12.25742783,11.542,12.76,0.316128692,11.831,12.6246,11,2021,305
11/2/2021,12.17403826,11.72,12.576,0.238477061,11.836,12.4616,11,2021,306
11/3/2021,11.86199478,11.566,12.189,0.152601214,11.6884,12.1,11,2021,307
11/4/2021,11.72205739,11.36,12.202,0.236487822,11.409,12.0732,11,2021,308
11/5/2021,11.22776696,10.972,11.531,0.151222744,11.0244,11.424,11,2021,309
11/6/2021,11.04752,10.723,11.468,0.139888666,10.867,11.2148,11,2021,310
11/7/2021,11.44676696,11.181,11.725,0.13704945,11.2788,11.6516,11,2021,311
11/8/2021,11.40109565,11.163,11.718,0.164725322,11.2194,11.658,11,2021,312
11/9/2021,11.34077739,11.012,11.719,0.20131574,11.1054,11.6482,11,2021,313
11/10/2021,11.35034261,11.125,11.561,0.127595653,11.1794,11.5106,11,2021,314
11/11/2021,11.29563826,11.027,11.629,0.150455735,11.1024,11.51,11,2021,315
11/12/2021,11.30944,10.879,11.708,0.218429362,10.973,11.5632,11,2021,316
11/13/2021,11.36393739,10.805,11.844,0.295141795,10.9092,11.72,11,2021,317
11/14/2021,11.33264,10.903,11.768,0.237463258,10.9954,11.6436,11,2021,318
11/15/2021,11.05591652,10.687,11.54,0.212487491,10.8104,11.3816,11,2021,319
11/16/2021,11.02854957,10.613,11.681,0.262315448,10.7554,11.4412,11,2021,320
11/17/2021,11.27265217,10.769,11.943,0.287216342,10.9354,11.7158,11,2021,321
11/18/2021,11.15366783,10.7,11.543,0.210808935,10.855,11.4326,11,2021,322
11/19/2021,11.08613391,10.619,11.638,0.255435819,10.7814,11.4842,11,2021,323
11/20/2021,11.03140174,10.557,11.662,0.282147366,10.7184,11.4806,11,2021,324
11/21/2021,11.08749043,10.591,11.575,0.242351264,10.772,11.4482,11,2021,325
11/22/2021,10.84998435,10.433,11.121,0.179528752,10.58,11.0662,11,2021,326
11/23/2021,10.68824522,10.125,11.165,0.266424017,10.3222,11.0448,11,2021,327
11/24/2021,10.60382609,10.026,11.225,0.307969699,10.215,11.073,11,2021,328
11/25/2021,10.48413217,9.899,11.226,0.33439358,10.0824,11.001,11,2021,329
11/26/2021,10.6209113,10.127,11.154,0.24723919,10.2894,10.9694,11,2021,330
11/27/2021,10.42160696,9.841,10.836,0.252399838,10.046,10.726,11,2021,331
11/28/2021,9.670991304,9.256,10.277,0.220422705,9.3904,10.0054,11,2021,332
11/29/2021,9.455093913,9.039,10.321,0.286383374,9.159,9.8974,11,2021,333
11/30/2021,9.447813913,8.983,10.31,0.282758103,9.1172,9.8826,11,2021,334
12/1/2021,9.487570435,9.06,10.258,0.260024586,9.1914,9.8872,12,2021,335
12/2/2021,9.639627826,9.195,10.065,0.229387885,9.3276,9.9548,12,2021,336
12/3/2021,9.297493913,8.788,10.124,0.361484246,8.877,9.8236,12,2021,337
12/4/2021,9.230833043,8.687,10.153,0.39320413,8.7794,9.8078,12,2021,338
12/5/2021,9.330328696,8.83,10.056,0.318317673,8.9538,9.8096,12,2021,339
12/6/2021,9.388012174,8.875,9.879,0.247696949,9.04,9.7088,12,2021,340
12/7/2021,8.856862609,8.393,9.463,0.254267693,8.5284,9.2274,12,2021,341
12/8/2021,8.780966957,8.283,9.502,0.279860413,8.4334,9.1884,12,2021,342
12/9/2021,8.559982609,8.048,9.298,0.2917813,8.1874,8.9786,12,2021,343
12/10/2021,8.371742609,7.791,9.562,0.359818227,7.9548,8.8956,12,2021,344
12/11/2021,8.58162087,7.841,9.334,0.359582112,8.0812,9.0632,12,2021,345
12/12/2021,8.424523478,7.463,9.935,0.602000092,7.6936,9.305,12,2021,346
12/13/2021,8.317833043,7.352,9.948,0.62698701,7.5784,9.2376,12,2021,347
12/14/2021,8.329358261,7.465,9.488,0.486583543,7.7078,9.0376,12,2021,348
12/15/2021,8.327144348,7.583,9.352,0.394017357,7.8308,8.8576,12,2021,349
12/16/2021,8.16210087,7.419,9.075,0.379176079,7.6676,8.7068,12,2021,350
12/17/2021,8.343041739,7.62,9.127,0.357057801,7.8578,8.8322,12,2021,351
12/18/2021,8.034476522,7.46,8.636,0.292319999,7.6286,8.4286,12,2021,352
12/19/2021,7.767005217,6.973,8.904,0.449494499,7.19,8.3974,12,2021,353
12/20/2021,7.736746087,6.894,8.923,0.482129193,7.1238,8.4156,12,2021,354
12/21/2021,7.577132174,6.754,8.221,0.406335107,7.0074,8.1132,12,2021,355
12/22/2021,7.444998261,6.633,8.15,0.43144234,6.8702,8.029,12,2021,356
12/23/2021,7.556422609,6.668,8.498,0.476052991,6.9204,8.206,12,2021,357
12/24/2021,7.497681739,6.751,8.348,0.39572295,6.9794,8.0626,12,2021,358
12/25/2021,7.195194783,6.373,8.267,0.46133156,6.6274,7.894,12,2021,359
12/26/2021,6.983866087,6.125,7.983,0.443484914,6.3884,7.5894,12,2021,360
12/27/2021,6.878384348,6.031,7.813,0.410118497,6.2984,7.3586,12,2021,361
12/28/2021,6.617793043,5.887,7.33,0.349002582,6.1212,7.0444,12,2021,362
12/29/2021,6.990229565,6.249,7.737,0.358876362,6.484,7.4486,12,2021,363
12/30/2021,7.24505913,6.59,7.837,0.311599493,6.8036,7.642,12,2021,364
12/31/2021,6.997274783,6.317,7.594,0.318719855,6.5438,7.4,12,2021,365
1/1/2022,7.251965217,6.392,8.058,0.423844684,6.6636,7.8214,1,2022,1
1/2/2022,7.25965913,6.368,8.244,0.466898274,6.6372,7.9136,1,2022,2
1/3/2022,7.201509565,6.358,8.189,0.451631309,6.6108,7.8564,1,2022,3
1/4/2022,7.344826087,6.466,8.257,0.450136152,6.7382,7.975,1,2022,4
1/5/2022,7.100742609,6.298,7.862,0.385982,6.5584,7.605,1,2022,5
1/6/2022,6.593187826,5.863,7.179,0.346804702,6.0994,7.0376,1,2022,6
1/7/2022,6.495401739,5.717,7.139,0.374274779,5.963,6.9854,1,2022,7
1/8/2022,6.404246957,5.605,7.1,0.384521765,5.8538,6.9084,1,2022,8
1/9/2022,6.317366957,5.547,6.978,0.367113844,5.7946,6.7958,1,2022,9
1/10/2022,6.28302087,5.582,6.885,0.333992253,5.803,6.7166,1,2022,10
1/11/2022,6.051798261,5.455,6.839,0.296769677,5.6494,6.4512,1,2022,11
1/12/2022,5.964542609,5.308,6.787,0.329288105,5.5108,6.4022,1,2022,12
1/13/2022,6.09798087,5.436,6.812,0.322123931,5.6498,6.5132,1,2022,13
1/14/2022,6.41632,6.016,6.82,0.195642509,6.1462,6.6786,1,2022,14
1/15/2022,5.946278261,5.576,6.414,0.196121582,5.6844,6.217,1,2022,15
1/16/2022,5.923198261,5.535,6.471,0.208430469,5.6454,6.2126,1,2022,16
1/17/2022,6.058466087,5.696,6.5,0.192760765,5.8064,6.3306,1,2022,17
1/18/2022,6.257017391,5.809,6.932,0.262938063,5.938,6.6406,1,2022,18
1/19/2022,6.124886957,5.658,6.941,0.299883507,5.7842,6.589,1,2022,19
1/20/2022,6.113686957,5.705,6.759,0.22703642,5.831,6.4236,1,2022,20
1/21/2022,6.214064348,5.754,6.714,0.233328575,5.8968,6.5142,1,2022,21
1/22/2022,6.177803478,5.651,6.604,0.247157015,5.8244,6.4946,1,2022,22
1/23/2022,6.262038261,5.806,6.667,0.224769999,5.9468,6.5528,1,2022,23
1/24/2022,5.668088696,5.157,6.376,0.273196438,5.3114,6.042,1,2022,24
1/25/2022,5.116446957,4.675,5.765,0.239715817,4.803,5.4426,1,2022,25
1/26/2022,4.843723478,4.39,5.444,0.24591339,4.512,5.1652,1,2022,26
1/27/2022,4.842956522,4.437,5.471,0.223504476,4.543,5.1366,1,2022,27
1/28/2022,5.172347826,4.789,6.004,0.229469759,4.8982,5.4796,1,2022,28
1/29/2022,5.286928696,4.85,5.833,0.227917263,4.984,5.5844,1,2022,29
1/30/2022,4.773911304,4.165,5.451,0.290937301,4.3858,5.162,1,2022,30
1/31/2022,4.428053913,3.785,5.094,0.299449057,4.0164,4.813,1,2022,31
2/1/2022,4.442806957,3.777,5.133,0.305236669,4.021,4.8346,2,2022,32
2/2/2022,4.576775652,3.956,5.275,0.291381289,4.1784,4.9692,2,2022,33
2/3/2022,4.952356522,4.361,5.499,0.2663871,4.585,5.3034,2,2022,34
2/4/2022,4.591768696,3.983,5.396,0.303772965,4.2104,5.0306,2,2022,35
2/5/2022,4.378194783,3.661,5.293,0.327446009,3.9426,4.8072,2,2022,36
2/6/2022,4.319003478,3.606,5.134,0.301029899,3.8928,4.6858,2,2022,37
2/7/2022,4.381869565,3.755,5.248,0.311553898,3.9736,4.8026,2,2022,38
2/8/2022,4.547801739,4.075,5.119,0.227957204,4.247,4.8584,2,2022,39
2/9/2022,4.198366957,3.703,4.75,0.274988893,3.8338,4.5792,2,2022,40
2/10/2022,4.063313043,3.523,4.874,0.351801961,3.6548,4.61,2,2022,41
2/11/2022,4.021172174,3.514,4.832,0.346492379,3.6348,4.5786,2,2022,42
2/12/2022,4.264295652,3.843,4.701,0.21653703,3.9714,4.5558,2,2022,43
2/13/2022,3.770041739,3.352,4.151,0.212820805,3.4752,4.056,2,2022,44
2/14/2022,3.344203478,2.944,4.05,0.240492458,3.0498,3.673,2,2022,45
2/15/2022,3.272321739,2.819,4.007,0.265323278,2.9638,3.6662,2,2022,46
2/16/2022,3.287436522,2.803,4.03,0.26060033,2.9424,3.6336,2,2022,47
2/17/2022,3.346554783,3.077,3.94,0.178171178,3.141,3.6114,2,2022,48
2/18/2022,3.573495652,2.953,4.311,0.337785501,3.1416,4.0692,2,2022,49
2/19/2022,3.26368,2.699,4.491,0.399268537,2.84,3.8926,2,2022,50
2/20/2022,3.193316522,2.682,4.407,0.379482323,2.802,3.811,2,2022,51
2/21/2022,3.477862609,2.949,4.428,0.323387946,3.1064,3.9684,2,2022,52
2/22/2022,3.722786087,3.092,4.484,0.329356163,3.2722,4.1782,2,2022,53
2/23/2022,3.521504348,2.836,4.458,0.383265666,3.0294,4.0832,2,2022,54
2/24/2022,3.378824348,2.821,4.267,0.351255839,2.9498,3.8878,2,2022,55
2/25/2022,3.44194087,2.766,4.294,0.336766485,2.974,3.8796,2,2022,56
2/26/2022,2.826262609,2.303,3.453,0.24126318,2.487,3.132,2,2022,57
2/27/2022,2.58994087,2.001,3.372,0.355150285,2.1568,3.1332,2,2022,58
2/28/2022,2.778975652,2.129,3.658,0.355713249,2.3248,3.255,2,2022,59
3/1/2022,2.845805217,2.21,3.564,0.327652122,2.4016,3.2652,3,2022,60
3/2/2022,2.686210435,2.146,3.291,0.298142231,2.2916,3.111,3,2022,61
3/3/2022,2.655573913,2.092,3.258,0.313835402,2.2402,3.1046,3,2022,62
3/4/2022,2.921111304,2.051,3.601,0.430462107,2.307,3.5018,3,2022,63
3/5/2022,3.083933913,2.506,3.651,0.314508918,2.6804,3.56,3,2022,64
3/6/2022,3.261535652,2.927,3.518,0.141315688,3.0614,3.447,3,2022,65
3/7/2022,3.696125217,2.706,4.498,0.458715072,3.005,4.2742,3,2022,66
3/8/2022,3.586886957,2.563,4.431,0.471648136,2.9112,4.1926,3,2022,67
3/9/2022,3.507332174,2.859,4.282,0.341299105,3.048,4.0004,3,2022,68
3/10/2022,3.345718261,3.02,3.96,0.23304003,3.0704,3.7006,3,2022,69
3/11/2022,3.303086957,2.967,3.781,0.206232539,3.0398,3.605,3,2022,70
3/12/2022,3.441772174,3.103,3.825,0.18465199,3.1952,3.6956,3,2022,71
3/13/2022,3.529010435,3.076,4.166,0.291032668,3.1804,3.9608,3,2022,72
3/14/2022,3.481076522,2.911,4.214,0.368904293,2.9976,3.9972,3,2022,73
3/15/2022,3.470775652,2.972,4.025,0.294263932,3.0824,3.8968,3,2022,74
3/16/2022,3.535193043,3.045,4.284,0.309922873,3.1288,3.9736,3,2022,75
3/17/2022,3.55504,3.111,4.406,0.328581944,3.171,4.045,3,2022,76
3/18/2022,3.586137391,3.157,4.281,0.290065678,3.2424,4.0236,3,2022,77
3/19/2022,3.947448696,3.622,4.247,0.155683366,3.7334,4.1552,3,2022,78
3/20/2022,4.437643478,4.014,4.768,0.174573407,4.1916,4.6676,3,2022,79
3/21/2022,4.527664348,4.054,4.823,0.173855833,4.2574,4.7324,3,2022,80
3/22/2022,4.518493913,4.061,4.799,0.174940636,4.2392,4.717,3,2022,81
3/23/2022,4.496323478,4.075,4.753,0.174393782,4.245,4.7066,3,2022,82
3/24/2022,4.480012174,4.079,4.752,0.167250104,4.2464,4.703,3,2022,83
3/25/2022,4.325116522,3.978,4.564,0.148777944,4.1108,4.5056,3,2022,84
3/26/2022,4.374177391,4.096,4.569,0.117225206,4.209,4.5208,3,2022,85
3/27/2022,3.752227826,3.458,4.052,0.137011134,3.568,3.938,3,2022,86
3/28/2022,3.83029913,3.526,4.14,0.172136668,3.6204,4.0816,3,2022,87
3/29/2022,3.923133913,3.437,4.219,0.17270328,3.709,4.1686,3,2022,88
3/30/2022,4.019078261,3.698,4.33,0.166210644,3.8254,4.279,3,2022,89
3/31/2022,4.044175652,3.742,4.317,0.145508248,3.8564,4.2706,3,2022,90
4/1/2022,4.263434783,4.068,4.483,0.104608889,4.123,4.412,4,2022,91
4/2/2022,4.480593043,4.223,4.858,0.172543499,4.2844,4.7526,4,2022,92
4/3/2022,4.392485217,4.157,4.757,0.155475754,4.21,4.632,4,2022,93
4/4/2022,4.612090435,4.261,4.888,0.157387819,4.3894,4.8146,4,2022,94
4/5/2022,4.719417391,4.313,5.002,0.170679406,4.4808,4.9388,4,2022,95
4/6/2022,4.83562087,4.504,5.12,0.14590091,4.6398,5.0356,4,2022,96
4/7/2022,5.000652174,4.708,5.208,0.128618432,4.8128,5.1676,4,2022,97
4/8/2022,5.211994783,4.908,5.514,0.151403947,5.0108,5.4366,4,2022,98
4/9/2022,5.224170435,4.811,5.649,0.16087397,5.0454,5.4814,4,2022,99
4/10/2022,5.269714783,4.841,5.498,0.101047469,5.144,5.3948,4,2022,100
4/11/2022,5.501714783,5.244,5.725,0.10822004,5.373,5.668,4,2022,101
4/12/2022,5.623841739,5.468,5.788,0.086360828,5.512,5.7456,4,2022,102
4/13/2022,5.38434087,5.318,5.443,0.031603797,5.341,5.427,4,2022,103
4/14/2022,6.252116522,6.122,6.381,0.058187957,6.177,6.329,4,2022,104
4/15/2022,6.419627826,6.265,6.575,0.078241411,6.316,6.516,4,2022,105
4/16/2022,6.456,6.239,6.617,0.077925834,6.358,6.5606,4,2022,106
4/17/2022,6.271241739,6.047,6.541,0.143762564,6.081,6.4586,4,2022,107
4/18/2022,6.175194783,5.966,6.525,0.139195875,6.026,6.415,4,2022,108
4/19/2022,6.13156,5.887,6.353,0.119020141,5.998,6.3102,4,2022,109
4/20/2022,6.111236522,5.791,6.381,0.156940255,5.9184,6.341,4,2022,110
4/21/2022,6.227796522,5.823,6.574,0.219841926,5.9302,6.5092,4,2022,111
4/22/2022,6.766737391,6.625,6.931,0.080780592,6.67,6.887,4,2022,112
4/23/2022,6.852116522,6.654,7.051,0.096966491,6.7054,6.976,4,2022,113
4/24/2022,6.671624348,6.361,7.043,0.161027855,6.479,6.9132,4,2022,114
4/25/2022,6.580949565,6.264,6.883,0.170203422,6.3194,6.8016,4,2022,115
4/26/2022,6.17456,5.897,6.304,0.081418218,6.063,6.279,4,2022,116
4/27/2022,5.960274783,5.719,6.115,0.102290498,5.8094,6.0866,4,2022,117
4/28/2022,5.924970435,5.6,6.33,0.234960285,5.6514,6.2682,4,2022,118
4/29/2022,6.221544348,5.636,6.723,0.335318198,5.7204,6.667,4,2022,119
4/30/2022,6.86662087,6.346,7.148,0.168621328,6.647,7.0886,4,2022,120
5/1/2022,7.037222609,6.427,7.546,0.239290711,6.713,7.3362,5,2022,121
5/2/2022,7.371732174,6.897,7.834,0.210975504,7.0808,7.6658,5,2022,122
5/3/2022,7.430892174,7.178,7.748,0.132736052,7.266,7.6452,5,2022,123
5/4/2022,7.397038261,7.162,7.56,0.079573615,7.2828,7.499,5,2022,124
5/5/2022,7.093422609,7.007,7.206,0.046788543,7.0394,7.1626,5,2022,125
5/6/2022,7.145730435,7.038,7.285,0.05839412,7.076,7.2336,5,2022,126
5/7/2022,7.49704,7.271,7.687,0.093973846,7.3714,7.624,5,2022,127
5/8/2022,8.342158261,7.981,8.517,0.115496192,8.179,8.4788,5,2022,128
5/9/2022,8.807436522,8.295,9.033,0.145657906,8.6174,8.9766,5,2022,129
5/10/2022,9.074638261,8.51,9.277,0.143993665,8.8786,9.2066,5,2022,130
5/11/2022,9.443537391,8.863,9.88,0.279460827,9.034,9.8036,5,2022,131
5/12/2022,9.42845913,9.051,9.819,0.201568617,9.151,9.7108,5,2022,132
5/13/2022,9.869208696,9.608,10.131,0.123535652,9.7144,10.044,5,2022,133
5/14/2022,10.18392348,9.927,10.485,0.134192089,10.013,10.379,5,2022,134
5/15/2022,10.03381217,9.678,10.417,0.165491085,9.8214,10.269,5,2022,135
5/16/2022,10.67840174,10.087,11.102,0.267871238,10.275,11.005,5,2022,136
5/17/2022,10.19947826,9.709,10.633,0.275734507,9.81,10.5232,5,2022,137
5/18/2022,10.15782087,9.763,10.625,0.226641548,9.8344,10.4288,5,2022,138
5/19/2022,10.12924174,9.903,10.365,0.108736915,9.968,10.2698,5,2022,139
5/20/2022,10.43533391,10.107,10.692,0.12862684,10.2422,10.6,5,2022,140
5/21/2022,11.05666261,10.689,11.273,0.141972826,10.8292,11.209,5,2022,141
5/22/2022,11.26769565,10.937,11.51,0.138778329,11.0614,11.435,5,2022,142
5/23/2022,10.82229565,10.437,11.201,0.189887917,10.5282,11.0582,5,2022,143
5/24/2022,10.90768522,10.497,11.259,0.181860229,10.6634,11.1528,5,2022,144
5/25/2022,11.21994609,10.529,11.566,0.277836337,10.8148,11.525,5,2022,145
5/26/2022,11.55581043,10.898,11.871,0.235127011,11.1832,11.805,5,2022,146
5/27/2022,11.46680696,11.099,11.659,0.126162452,11.2674,11.593,5,2022,147
5/28/2022,11.81288348,11.278,12.188,0.273863853,11.4154,12.142,5,2022,148
5/29/2022,12.06902087,11.376,12.767,0.412681243,11.4812,12.5436,5,2022,149
5/30/2022,11.90266609,11.475,12.359,0.221421728,11.5984,12.2062,5,2022,150
5/31/2022,12.07762609,11.902,12.304,0.085259213,11.9728,12.202,5,2022,151
6/1/2022,12.18830783,11.883,12.481,0.143744889,11.9914,12.3856,6,2022,152
6/2/2022,12.02072696,11.772,12.278,0.121415089,11.8494,12.18,6,2022,153
6/3/2022,12.36721565,12.007,12.714,0.173703918,12.1232,12.6,6,2022,154
6/4/2022,13.08460696,12.86,13.174,0.080907152,12.9522,13.162,6,2022,155
6/5/2022,13.27318783,12.859,13.558,0.175161935,13.0074,13.4986,6,2022,156
6/6/2022,13.32041913,12.975,13.571,0.142627448,13.1024,13.4826,6,2022,157
6/7/2022,13.20899826,12.896,13.305,0.070583617,13.122,13.284,6,2022,158
6/8/2022,13.07116348,12.911,13.136,0.048548776,13.001,13.123,6,2022,159
6/9/2022,13.41028348,13.031,13.899,0.195184317,13.13,13.654,6,2022,160
6/10/2022,13.49991826,13.067,14.143,0.22648343,13.202,13.8042,6,2022,161
6/11/2022,13.68504,13.331,14.124,0.176021766,13.4718,13.9336,6,2022,162
6/12/2022,13.93362609,13.605,14.256,0.140063404,13.7624,14.1466,6,2022,163
6/13/2022,14.12368696,13.867,14.285,0.115826463,13.9484,14.259,6,2022,164
6/14/2022,16.01975652,15.691,16.278,0.128195,15.8518,16.197,6,2022,165
6/15/2022,16.04258261,15.684,16.345,0.151703462,15.8416,16.2524,6,2022,166
6/16/2022,15.97650609,15.603,16.316,0.166851578,15.7512,16.2076,6,2022,167
6/17/2022,15.93154609,15.55,16.249,0.158564689,15.7168,16.1518,6,2022,168
6/18/2022,15.77135652,15.393,16.072,0.145515507,15.5694,15.9626,6,2022,169
6/19/2022,13.15667826,12.428,13.899,0.373609915,12.6018,13.639,6,2022,170
6/20/2022,13.19183304,12.295,13.898,0.423473434,12.5388,13.7158,6,2022,171
6/21/2022,13.29225565,12.403,14.203,0.461021702,12.6578,13.908,6,2022,172
6/22/2022,13.50209565,12.961,13.929,0.200750993,13.271,13.7882,6,2022,173
6/23/2022,13.85015826,13.273,14.39,0.289947991,13.457,14.2432,6,2022,174
6/24/2022,15.59299478,15.167,16.264,0.227598763,15.3744,15.9576,6,2022,175
6/25/2022,15.93770261,15.242,16.494,0.254458625,15.6146,16.2658,6,2022,176
6/26/2022,16.21860174,15.369,16.677,0.300222095,15.766,16.5746,6,2022,177
6/27/2022,16.35180174,15.768,16.917,0.31185603,15.8646,16.7144,6,2022,178
6/28/2022,15.99213913,15.637,16.353,0.169371594,15.7272,16.2002,6,2022,179
6/29/2022,15.6642713,15.346,16.261,0.245837195,15.3974,16.076,6,2022,180
6/30/2022,14.93179826,14.718,15.25,0.156056825,14.7344,15.156,6,2022,181
7/1/2022,15.16840174,14.937,15.502,0.14979739,14.9884,15.384,7,2022,182
7/2/2022,15.79963652,15.386,16.09,0.144984963,15.5884,15.984,7,2022,183
7/3/2022,16.09819826,15.674,16.604,0.234096586,15.7774,16.436,7,2022,184
7/4/2022,16.06385565,15.676,16.695,0.191412697,15.8386,16.3108,7,2022,185
7/5/2022,16.05452696,15.71,16.378,0.114350669,15.8998,16.1922,7,2022,186
7/6/2022,16.13253739,15.791,16.533,0.191801913,15.8504,16.361,7,2022,187
7/7/2022,16.31477739,15.767,16.927,0.329424859,15.845,16.7096,7,2022,188
7/8/2022,16.26386087,15.856,16.696,0.252777308,15.9084,16.5696,7,2022,189
7/9/2022,16.18943478,15.788,16.876,0.335676412,15.814,16.7144,7,2022,190
7/10/2022,16.23809217,15.662,17.286,0.47165315,15.709,16.9506,7,2022,191
7/11/2022,16.23069217,15.67,17.012,0.419380189,15.7198,16.8576,7,2022,192
7/12/2022,16.30749043,15.838,16.955,0.347911258,15.8924,16.81,7,2022,193
7/13/2022,16.42339478,16.21,16.751,0.145398583,16.2522,16.6576,7,2022,194
7/14/2022,16.75418957,16.57,17.057,0.123761181,16.621,16.939,7,2022,195
7/15/2022,16.95489913,16.497,17.378,0.231027157,16.597,17.256,7,2022,196
7/16/2022,17.01209739,16.553,17.441,0.229361318,16.665,17.296,7,2022,197
7/17/2022,17.14962957,16.813,17.505,0.181784898,16.9268,17.43,7,2022,198
7/18/2022,17.40848,16.955,18.038,0.284083291,17.082,17.876,7,2022,199
7/19/2022,17.32679826,17.055,17.74,0.183020432,17.121,17.6344,7,2022,200
7/20/2022,17.42427826,17.078,17.838,0.181987773,17.1808,17.6752,7,2022,201
7/21/2022,17.77691826,17.462,18.171,0.171577357,17.556,18.0106,7,2022,202
7/22/2022,18.18705043,17.722,18.766,0.281284125,17.8274,18.5882,7,2022,203
7/23/2022,18.39626609,18.167,19.052,0.20773099,18.2204,18.755,7,2022,204
7/24/2022,18.76622609,18.362,19.413,0.204177318,18.511,19.0346,7,2022,205
7/25/2022,18.68528174,18.005,18.979,0.1753826,18.4388,18.8446,7,2022,206
7/26/2022,18.41114087,17.828,18.948,0.250713732,18.0868,18.78,7,2022,207
7/27/2022,17.93868348,17.499,18.774,0.282029808,17.6418,18.3862,7,2022,208
7/28/2022,17.1514487,16.623,18.048,0.306959713,16.842,17.6554,7,2022,209
7/29/2022,17.46547478,17.201,18.215,0.218800091,17.2588,17.8052,7,2022,210
7/30/2022,17.71153739,17.429,18.241,0.184609424,17.5134,17.999,7,2022,211
7/31/2022,18.45942261,18.291,18.806,0.101898719,18.374,18.6152,7,2022,212
8/1/2022,18.71579652,18.436,19.056,0.161525972,18.506,18.953,8,2022,213
8/2/2022,19.48174957,18.909,19.726,0.170052666,19.2394,19.66,8,2022,214
8/3/2022,19.98823826,19.655,20.151,0.107336638,19.8178,20.0996,8,2022,215
8/4/2022,20.20734087,19.825,20.486,0.134151399,20.034,20.37,8,2022,216
8/5/2022,20.58091304,20.035,21.019,0.216064771,20.3074,20.9012,8,2022,217
8/6/2022,20.79874783,20.247,21.16,0.183707598,20.535,21.0146,8,2022,218
8/7/2022,21.0005513,20.527,21.123,0.116103029,20.8372,21.1036,8,2022,219
8/8/2022,20.94920696,20.266,21.531,0.278272159,20.6048,21.3198,8,2022,220
8/9/2022,20.64506957,19.793,21.243,0.308978702,20.2292,21.0382,8,2022,221
8/10/2022,20.31213565,19.461,20.992,0.326430872,19.8698,20.7336,8,2022,222
8/11/2022,18.61986609,18.117,18.879,0.173683102,18.3662,18.828,8,2022,223
8/12/2022,18.29373391,17.828,18.766,0.243694682,18.0298,18.645,8,2022,224
8/13/2022,18.03954435,17.427,18.614,0.248172142,17.7438,18.4094,8,2022,225
8/14/2022,18.10378261,17.434,18.456,0.176886772,17.8518,18.3122,8,2022,226
8/15/2022,18.12738435,17.623,18.407,0.114891117,17.9862,18.2482,8,2022,227
8/16/2022,18.16521739,17.65,18.574,0.1675591,17.947,18.3934,8,2022,228
8/17/2022,18.30400522,17.494,19.039,0.363255084,17.8088,18.7998,8,2022,229
8/18/2022,18.15747826,17.395,18.78,0.29074573,17.7388,18.531,8,2022,230
8/19/2022,17.99774783,17.506,18.498,0.252431929,17.6464,18.3392,8,2022,231
8/20/2022,17.98937391,17.364,18.706,0.314163262,17.5784,18.423,8,2022,232
8/21/2022,18.22270783,17.412,18.755,0.229456755,17.9694,18.504,8,2022,233
8/22/2022,18.17941391,17.245,18.983,0.35254553,17.7414,18.6802,8,2022,234
8/23/2022,18.45557739,17.864,19.083,0.26896752,18.1308,18.858,8,2022,235
8/24/2022,18.56574957,17.908,19.127,0.291845473,18.1408,18.9416,8,2022,236
8/25/2022,18.92457913,18.368,19.398,0.195546906,18.6952,19.2414,8,2022,237
8/26/2022,19.167,18.754,19.612,0.228796191,18.8954,19.4692,8,2022,238
8/27/2022,19.11544,18.913,19.372,0.076567222,19.023,19.2116,8,2022,239
8/28/2022,18.80878435,18.518,18.967,0.073811173,18.7224,18.901,8,2022,240
8/29/2022,18.75976174,18.51,19.184,0.150893427,18.6294,19.0102,8,2022,241
8/30/2022,18.66218087,18.475,18.817,0.070961137,18.5904,18.776,8,2022,242
8/31/2022,17.84947304,17.533,18.09,0.112071245,17.695,17.986,8,2022,243
9/1/2022,17.1336313,16.702,17.668,0.266146792,16.812,17.524,9,2022,244
9/2/2022,16.77136696,16.442,17.469,0.248088833,16.534,17.1748,9,2022,245
9/3/2022,16.76699826,16.391,17.263,0.249356541,16.463,17.157,9,2022,246
9/4/2022,16.93961739,16.527,17.453,0.244284841,16.6524,17.341,9,2022,247
9/5/2022,17.07469913,16.893,17.388,0.133949539,16.919,17.2866,9,2022,248
9/6/2022,16.87129565,16.454,17.282,0.225911849,16.5378,17.167,9,2022,249
9/7/2022,16.74059652,16.167,17.341,0.339013738,16.249,17.1762,9,2022,250
9/8/2022,17.27161913,17.102,17.461,0.088464718,17.1518,17.379,9,2022,251
9/9/2022,17.38154435,17,17.813,0.188868198,17.122,17.6316,9,2022,252
9/10/2022,17.54718609,17.089,17.965,0.206270521,17.2494,17.814,9,2022,253
9/11/2022,17.7654487,17.302,18.116,0.130986463,17.6106,17.954,9,2022,254
9/12/2022,18.33454261,17.839,18.783,0.197871244,18.097,18.6186,9,2022,255
9/13/2022,18.42147478,18.005,18.847,0.159592411,18.239,18.6396,9,2022,256
9/14/2022,18.10727304,17.559,18.552,0.237587762,17.7988,18.4246,9,2022,257
9/15/2022,17.55729043,16.991,18.067,0.278481205,17.1464,17.8782,9,2022,258
9/16/2022,16.20764,15.677,16.709,0.286576478,15.7958,16.608,9,2022,259
9/17/2022,15.95582435,15.282,16.643,0.317683309,15.5052,16.4032,9,2022,260
9/18/2022,15.81449913,15.06,16.483,0.375229755,15.221,16.2256,9,2022,261
9/19/2022,15.87422783,15.358,16.359,0.223761411,15.5292,16.1426,9,2022,262
9/20/2022,15.17012174,14.814,15.747,0.264704751,14.847,15.5432,9,2022,263
9/21/2022,15.11346087,14.425,15.896,0.412197905,14.6014,15.672,9,2022,264
9/22/2022,15.24691478,14.327,16.036,0.405835489,14.727,15.8136,9,2022,265
9/23/2022,15.2552713,14.871,15.783,0.24161435,15.0104,15.6252,9,2022,266
9/24/2022,14.63198087,14.281,15.225,0.208878926,14.365,14.921,9,2022,267
9/25/2022,14.40395304,13.848,14.986,0.260121031,14.0082,14.7346,9,2022,268
9/26/2022,14.4984313,14.152,15.073,0.215113863,14.217,14.814,9,2022,269
9/27/2022,14.53738087,14.22,15.053,0.192811925,14.294,14.8026,9,2022,270
9/28/2022,14.50819652,14.162,14.954,0.214329514,14.244,14.8,9,2022,271
9/29/2022,14.56201043,14.288,15.138,0.170513684,14.357,14.78,9,2022,272
9/30/2022,14.52802609,14.288,15.232,0.176787992,14.332,14.744,9,2022,273
10/1/2022,14.31509739,14.101,15.002,0.180430537,14.1714,14.5878,10,2022,274
10/2/2022,14.23878261,14.021,14.629,0.128717405,14.0704,14.4272,10,2022,275
10/3/2022,13.66509739,13.362,14.403,0.205720246,13.48,13.9712,10,2022,276
10/4/2022,13.53815304,13.315,13.972,0.139359489,13.41,13.7612,10,2022,277
10/5/2022,13.52806957,13.39,13.786,0.071979662,13.454,13.6292,10,2022,278
10/6/2022,13.58346957,13.248,13.951,0.187639561,13.3574,13.8766,10,2022,279
10/7/2022,13.80156522,13.554,14.028,0.121047168,13.6334,13.9616,10,2022,280
10/8/2022,13.72889565,13.459,14.025,0.121140585,13.5854,13.9026,10,2022,281
10/9/2022,13.38158609,12.812,13.888,0.286351212,12.9514,13.7576,10,2022,282
10/10/2022,13.20267478,12.71,13.55,0.212832237,12.8634,13.447,10,2022,283
10/11/2022,13.20475652,13.034,13.485,0.109182645,13.072,13.3486,10,2022,284
10/12/2022,13.19501565,12.869,13.556,0.12224167,13.0216,13.3306,10,2022,285
10/13/2022,13.28665391,13.098,13.506,0.077461917,13.1764,13.381,10,2022,286
10/14/2022,13.49381043,13.289,13.753,0.107112842,13.351,13.6406,10,2022,287
10/15/2022,13.50824522,13.102,13.874,0.170997496,13.2918,13.7396,10,2022,288
10/16/2022,13.48723478,13.046,13.858,0.175423238,13.2764,13.7286,10,2022,289
10/17/2022,13.44468348,13.11,13.755,0.147479334,13.2464,13.6466,10,2022,290
10/18/2022,13.61966261,13.417,13.722,0.04575839,13.562,13.675,10,2022,291
10/19/2022,13.59103478,13.339,13.738,0.069869182,13.5244,13.702,10,2022,292
10/20/2022,13.35082783,13.116,13.564,0.115667537,13.191,13.5116,10,2022,293
10/21/2022,13.10790783,12.962,13.264,0.065899645,13.012,13.1912,10,2022,294
10/22/2022,13.23417913,13.179,13.313,0.031861868,13.192,13.28,10,2022,295
10/23/2022,13.30094261,13.252,13.396,0.035515642,13.264,13.3576,10,2022,296
10/24/2022,13.36132,13.322,13.452,0.027737229,13.329,13.4026,10,2022,297
10/25/2022,13.52403826,13.474,13.639,0.034572077,13.485,13.574,10,2022,298
10/26/2022,13.71361217,13.646,13.788,0.033328178,13.668,13.7556,10,2022,299
10/27/2022,13.51719652,13.23,13.834,0.12710149,13.3878,13.7022,10,2022,300
10/28/2022,13.21636174,12.938,13.426,0.115917885,13.0658,13.374,10,2022,301
10/29/2022,12.78090783,12.596,12.914,0.088325046,12.653,12.884,10,2022,302
10/30/2022,12.62875478,12.41,12.793,0.090363054,12.5154,12.7546,10,2022,303
10/31/2022,12.63225043,12.543,12.824,0.053404575,12.569,12.701,10,2022,304
11/1/2022,12.75798783,12.713,12.891,0.040134463,12.7164,12.818,11,2022,305
11/2/2022,12.67829913,12.544,12.92,0.095550473,12.579,12.8366,11,2022,306
11/3/2022,12.6653513,12.375,12.963,0.150089213,12.4654,12.8886,11,2022,307
11/4/2022,12.77788348,12.465,12.971,0.108428329,12.6244,12.9316,11,2022,308
11/5/2022,12.98869391,12.82,13.142,0.071865657,12.8954,13.092,11,2022,309
11/6/2022,13.03145565,12.926,13.148,0.053171746,12.961,13.106,11,2022,310
11/7/2022,12.83201217,12.593,13.007,0.0965582,12.696,12.955,11,2022,311
11/8/2022,12.77215478,12.481,12.982,0.128077321,12.585,12.918,11,2022,312
11/9/2022,12.53444174,12.185,12.872,0.153308847,12.359,12.7862,11,2022,313
11/10/2022,12.11666783,11.782,12.529,0.188149301,11.88,12.4096,11,2022,314
11/11/2022,11.58862435,11.032,12.288,0.273995387,11.267,12.0136,11,2022,315
11/12/2022,11.47661043,11.252,11.772,0.113228814,11.347,11.6384,11,2022,316
11/13/2022,11.22486609,11.097,11.637,0.097211995,11.122,11.3488,11,2022,317
11/14/2022,10.81276,10.674,11.074,0.093967754,10.693,10.946,11,2022,318
11/15/2022,10.76125391,10.54,11.031,0.121743153,10.59,10.9176,11,2022,319
11/16/2022,10.5365687,10.245,10.935,0.163240834,10.324,10.7582,11,2022,320
11/17/2022,10.41012,9.969,10.991,0.242986366,10.0908,10.7444,11,2022,321
11/18/2022,10.51835478,10.258,10.847,0.143417385,10.322,10.7106,11,2022,322
11/19/2022,10.19115652,9.942,10.71,0.190423524,9.974,10.4806,11,2022,323
11/20/2022,9.93302087,9.685,10.297,0.168677773,9.725,10.194,11,2022,324
11/21/2022,9.675071304,9.446,10.04,0.136625152,9.494,9.8666,11,2022,325
11/22/2022,9.603433043,9.355,9.901,0.134168865,9.4284,9.7946,11,2022,326
11/23/2022,9.541827826,9.207,10.014,0.208308661,9.3008,9.8732,11,2022,327
11/24/2022,9.395213913,8.995,9.964,0.250565447,9.1454,9.826,11,2022,328
11/25/2022,9.142041739,8.926,9.695,0.180095992,8.978,9.4352,11,2022,329
11/26/2022,9.248233043,8.909,9.817,0.229574545,9.007,9.623,11,2022,330
11/27/2022,9.27628,8.916,9.912,0.250984729,9.02,9.6892,11,2022,331
11/28/2022,9.250008696,8.918,9.794,0.226451043,9.01,9.6142,11,2022,332
11/29/2022,9.273706087,8.915,9.829,0.21747463,9.07,9.6382,11,2022,333
11/30/2022,9.070693913,8.715,9.562,0.209721958,8.8174,9.3836,11,2022,334
12/1/2022,8.658450435,8.414,9.089,0.151938613,8.487,8.8936,12,2022,335
12/2/2022,8.599572174,8.347,9.156,0.199062685,8.407,8.925,12,2022,336
12/3/2022,8.686836522,8.401,9.205,0.187192222,8.4852,8.9772,12,2022,337
12/4/2022,8.742793043,8.438,9.065,0.144844855,8.541,8.937,12,2022,338
12/5/2022,8.524318261,8.305,8.847,0.115278339,8.3754,8.6758,12,2022,339
12/6/2022,8.514335652,8.208,8.855,0.161848362,8.2944,8.7342,12,2022,340
12/7/2022,8.478850435,8.173,8.917,0.199164094,8.2184,8.758,12,2022,341
12/8/2022,8.33113913,7.942,8.833,0.238964859,8.01,8.6592,12,2022,342
12/9/2022,8.174013913,7.708,8.679,0.272698305,7.801,8.548,12,2022,343
12/10/2022,8.011925217,7.653,8.338,0.191212406,7.7564,8.28,12,2022,344
12/11/2022,7.546681739,7.363,8.071,0.159026616,7.3774,7.7922,12,2022,345
12/12/2022,7.416907826,7.244,7.756,0.105492607,7.2938,7.5676,12,2022,346
12/13/2022,7.029382609,6.798,7.422,0.143058575,6.8554,7.2408,12,2022,347
12/14/2022,7.02156,6.66,7.651,0.248738089,6.7438,7.4292,12,2022,348
12/15/2022,7.218589565,6.949,7.695,0.164461528,7.023,7.4666,12,2022,349
12/16/2022,7.175267826,6.881,7.48,0.144513679,6.9758,7.3596,12,2022,350
12/17/2022,6.367793043,6.015,6.703,0.180418775,6.1174,6.608,12,2022,351
12/18/2022,6.341509565,5.931,6.804,0.228928765,6.0424,6.6656,12,2022,352
12/19/2022,6.24386087,5.868,6.793,0.244723021,5.965,6.6318,12,2022,353
12/20/2022,6.221201739,5.782,6.698,0.266712129,5.886,6.6116,12,2022,354
12/21/2022,6.183846957,5.787,6.547,0.209718023,5.9012,6.4776,12,2022,355
12/22/2022,6.179970435,5.807,6.463,0.176923183,5.9308,6.409,12,2022,356
12/23/2022,6.275001739,5.937,6.831,0.225334436,6.0244,6.6294,12,2022,357
12/24/2022,6.268570435,5.987,6.813,0.204941969,6.0454,6.603,12,2022,358
12/25/2022,6.262838261,6.02,6.852,0.172837046,6.073,6.5006,12,2022,359
12/26/2022,6.455201739,6.206,7.129,0.207188634,6.2534,6.7792,12,2022,360
12/27/2022,6.311951304,6.118,7.039,0.154936576,6.1614,6.4976,12,2022,361
12/28/2022,6.31948,6.093,6.953,0.128068113,6.1604,6.4622,12,2022,362
12/29/2022,6.460721739,6.352,6.747,0.074048876,6.382,6.573,12,2022,363
12/30/2022,6.515885217,6.374,6.775,0.070408346,6.451,6.6266,12,2022,364
12/31/2022,6.498749565,6.328,6.797,0.1174796,6.3634,6.6772,12,2022,365
1/1/2023,6.54165913,6.307,6.781,0.120224204,6.3784,6.7018,1,2023,1
1/2/2023,6.098953043,5.902,6.326,0.098785744,5.9644,6.2272,1,2023,2
1/3/2023,5.95642087,5.752,6.153,0.098078936,5.8174,6.082,1,2023,3
1/4/2023,6.208446957,6.079,6.348,0.064161655,6.119,6.293,1,2023,4
1/5/2023,6.406321739,6.283,6.556,0.060635908,6.323,6.4888,1,2023,5
1/6/2023,5.887427826,5.678,6.122,0.111537987,5.7404,6.0446,1,2023,6
1/7/2023,6.14332,5.814,6.553,0.166574544,5.9214,6.3566,1,2023,7
1/8/2023,6.036158261,5.537,6.515,0.243354091,5.7178,6.3566,1,2023,8
1/9/2023,5.929354783,5.382,6.631,0.328629266,5.5444,6.3908,1,2023,9
1/10/2023,5.865173913,5.334,6.335,0.256248554,5.5034,6.205,1,2023,10
1/11/2023,5.785693913,5.236,6.316,0.281002028,5.3864,6.1742,1,2023,11
1/12/2023,5.710321739,5.211,6.154,0.254183497,5.346,6.0478,1,2023,12
1/13/2023,5.481706087,5.137,5.806,0.152301515,5.2684,5.6776,1,2023,13
1/14/2023,5.883504348,5.499,6.329,0.192331657,5.639,6.163,1,2023,14
1/15/2023,5.440713043,5.048,5.898,0.196756839,5.1904,5.725,1,2023,15
1/16/2023,5.84276,5.4,6.326,0.210810593,5.5688,6.1366,1,2023,16
1/17/2023,5.451904348,5.044,6.021,0.216440711,5.1682,5.76,1,2023,17
1/18/2023,5.45709913,4.951,6.004,0.235683857,5.1248,5.768,1,2023,18
1/19/2023,5.3736,4.886,5.771,0.217529837,5.0674,5.6842,1,2023,19
1/20/2023,5.345257391,4.849,5.855,0.235220076,5.0176,5.6652,1,2023,20
1/21/2023,4.833648696,4.316,5.721,0.292559101,4.4724,5.2304,1,2023,21
1/22/2023,4.710594783,4.132,5.526,0.292607717,4.321,5.1046,1,2023,22
1/23/2023,4.598373913,3.952,5.135,0.300820042,4.1594,4.9942,1,2023,23
1/24/2023,4.511702609,3.816,5.062,0.323961724,4.07,4.9444,1,2023,24
1/25/2023,4.522843478,3.798,5.176,0.360602694,4.049,5.022,1,2023,25
1/26/2023,4.480506087,3.794,5.173,0.334034585,4.0254,4.934,1,2023,26
1/27/2023,4.328189565,3.634,4.928,0.318384249,3.8708,4.7268,1,2023,27
1/28/2023,4.131949565,3.566,4.803,0.322637674,3.7148,4.6166,1,2023,28
1/29/2023,4.22409913,3.305,4.88,0.419908928,3.56,4.7146,1,2023,29
1/30/2023,4.352330435,3.241,5.284,0.556785828,3.499,5.0062,1,2023,30
1/31/2023,4.366758261,3.523,5.117,0.436438639,3.7352,4.923,1,2023,31
2/1/2023,3.735831304,3.236,4.253,0.233402841,3.396,4.0316,2,2023,32
2/2/2023,3.625631304,3.078,4.102,0.255139245,3.262,3.9446,2,2023,33
2/3/2023,3.560346087,3.013,4.009,0.251396774,3.1952,3.868,2,2023,34
2/4/2023,3.751902609,3.183,4.433,0.27371044,3.3656,4.0988,2,2023,35
2/5/2023,4.466057391,3.68,5.193,0.361000741,3.962,4.9372,2,2023,36
2/6/2023,4.458372174,3.68,5.169,0.361726884,3.955,4.9456,2,2023,37
2/7/2023,4.597966957,3.759,5.489,0.411986951,4.022,5.1316,2,2023,38
2/8/2023,4.430523478,3.649,5.361,0.408694572,3.892,4.9958,2,2023,39
2/9/2023,4.339010435,3.637,5.237,0.384556942,3.845,4.886,2,2023,40
2/10/2023,4.317766957,3.256,5.441,0.560724355,3.5202,5.05,2,2023,41
2/11/2023,4.35726087,3.225,5.671,0.627632473,3.486,5.1936,2,2023,42
2/12/2023,4.573313043,3.714,5.832,0.525144323,3.937,5.4204,2,2023,43
2/13/2023,4.970514783,4.408,5.691,0.32360061,4.5596,5.446,2,2023,44
2/14/2023,4.761062609,4.291,5.337,0.218833635,4.4554,5.045,2,2023,45
2/15/2023,5.006570435,4.5,5.581,0.232153623,4.673,5.278,2,2023,46
2/16/2023,5.402561739,4.568,6.2,0.414332597,4.8112,5.9282,2,2023,47
2/17/2023,4.797653913,4.331,5.355,0.248290223,4.476,5.152,2,2023,48
2/18/2023,4.681754783,4.18,5.458,0.312133561,4.3324,5.1522,2,2023,49
2/19/2023,4.554972174,4.087,5.359,0.278465011,4.2374,4.9856,2,2023,50
2/20/2023,4.587878261,4.149,5.171,0.232496755,4.2994,4.9198,2,2023,51
2/21/2023,4.702885217,4.223,5.225,0.241598533,4.3864,5.0424,2,2023,52
2/22/2023,4.803918261,4.369,5.282,0.22492786,4.514,5.119,2,2023,53
2/23/2023,4.848862609,4.389,5.262,0.218674109,4.548,5.1348,2,2023,54
2/24/2023,4.131706087,3.409,4.664,0.28937553,3.7102,4.4552,2,2023,55
2/25/2023,4.045728696,3.396,4.611,0.278497661,3.654,4.3586,2,2023,56
2/26/2023,3.420533913,2.773,4.014,0.314218679,3.0394,3.8716,2,2023,57
2/27/2023,3.046808696,2.504,3.636,0.325501797,2.6864,3.5328,2,2023,58
2/28/2023,3.00878087,2.481,3.607,0.293383056,2.6532,3.4506,2,2023,59
3/1/2023,3.445881739,2.842,4.017,0.286983021,3.0464,3.8358,3,2023,60
3/2/2023,3.76572,3.262,4.164,0.240561632,3.4188,4.0768,3,2023,61
3/3/2023,3.700133913,3.197,4.24,0.245480708,3.3564,4.0156,3,2023,62
3/4/2023,3.318648696,2.742,3.772,0.277100339,2.9178,3.6742,3,2023,63
3/5/2023,3.419533913,2.742,3.82,0.321623482,2.935,3.793,3,2023,64
3/6/2023,3.389097391,2.71,3.795,0.32707457,2.8884,3.751,3,2023,65
3/7/2023,3.36218087,2.807,3.731,0.270002288,2.9544,3.665,3,2023,66
3/8/2023,3.304713043,2.733,3.691,0.260746882,2.9118,3.616,3,2023,67
3/9/2023,3.504363478,2.702,3.893,0.335287097,2.9604,3.8426,3,2023,68
3/10/2023,3.501333913,2.65,3.844,0.341885497,2.9382,3.823,3,2023,69
3/11/2023,3.529841739,3.046,3.805,0.215063246,3.198,3.772,3,2023,70
3/12/2023,3.557269565,3.228,3.937,0.170651116,3.3254,3.7788,3,2023,71
3/13/2023,3.570968696,3.303,3.818,0.129452112,3.3874,3.7386,3,2023,72
3/14/2023,3.598634783,3.186,3.943,0.199711112,3.3122,3.8582,3,2023,73
3/15/2023,3.590438261,3.087,3.986,0.248262687,3.2234,3.902,3,2023,74
3/16/2023,3.574893913,3.122,3.949,0.236659632,3.215,3.841,3,2023,75
3/17/2023,3.505801739,3.026,3.857,0.22467611,3.1424,3.765,3,2023,76
3/18/2023,3.99677913,3.327,4.366,0.281557642,3.5478,4.316,3,2023,77
3/19/2023,3.953589565,3.464,4.241,0.196893475,3.654,4.186,3,2023,78
3/20/2023,3.732556522,3.232,4.091,0.232686506,3.3712,4.027,3,2023,79
3/21/2023,3.720523478,3.249,4.07,0.23719205,3.369,4.0236,3,2023,80
3/22/2023,3.818713043,3.529,4.068,0.155743444,3.5938,4.021,3,2023,81
3/23/2023,4.374951304,4.052,4.695,0.190689189,4.124,4.6486,3,2023,82
3/24/2023,4.406253913,4.021,4.695,0.203374403,4.1188,4.659,3,2023,83
3/25/2023,4.328085217,3.929,4.705,0.209604792,4.063,4.6426,3,2023,84
3/26/2023,4.187151304,3.772,4.598,0.229414563,3.853,4.4906,3,2023,85
3/27/2023,4.070271304,3.758,4.311,0.156965895,3.818,4.246,3,2023,86
3/28/2023,4.300137391,3.884,4.7,0.233059907,3.9678,4.59,3,2023,87
3/29/2023,4.461393043,4.004,4.94,0.252049609,4.1206,4.7924,3,2023,88
3/30/2023,4.277937391,4.088,4.505,0.103406034,4.1384,4.4166,3,2023,89
3/31/2023,4.242669565,4.099,4.445,0.071732508,4.146,4.322,3,2023,90
4/1/2023,4.192325217,4.116,4.335,0.047160158,4.139,4.26,4,2023,91
4/2/2023,4.311954783,4.164,4.589,0.103450967,4.195,4.473,4,2023,92
4/3/2023,4.291763478,4.109,4.598,0.110726928,4.1664,4.452,4,2023,93
4/4/2023,4.283507826,4.165,4.515,0.08640041,4.188,4.4168,4,2023,94
4/5/2023,4.450749565,4.381,4.544,0.039910962,4.402,4.509,4,2023,95
4/6/2023,5.045961739,4.95,5.141,0.046460075,4.986,5.1096,4,2023,96
4/7/2023,4.966810435,4.784,5.149,0.074352681,4.8564,5.0632,4,2023,97
4/8/2023,5.024808696,4.796,5.244,0.088670621,4.905,5.1426,4,2023,98
4/9/2023,5.090443478,4.946,5.409,0.102417247,4.9764,5.247,4,2023,99
4/10/2023,5.07338087,4.818,5.357,0.097766072,4.964,5.213,4,2023,100
4/11/2023,5.116523478,4.951,5.362,0.08508327,5.025,5.2476,4,2023,101
4/12/2023,5.393086957,5.35,5.565,0.040700137,5.357,5.4452,4,2023,102
4/13/2023,5.748586087,5.634,5.881,0.04628072,5.6954,5.816,4,2023,103
4/14/2023,5.977226087,5.739,6.356,0.130896191,5.8254,6.174,4,2023,104
4/15/2023,6.304848696,5.911,6.76,0.197585459,6.0342,6.5692,4,2023,105
4/16/2023,7.724827826,7.434,8.032,0.126457289,7.5424,7.901,4,2023,106
4/17/2023,7.790307826,7.596,8.151,0.115049304,7.6584,7.9654,4,2023,107
4/18/2023,7.702349565,7.5,7.977,0.09860028,7.581,7.8314,4,2023,108
4/19/2023,7.644492174,7.51,7.94,0.079365183,7.557,7.7346,4,2023,109
4/20/2023,7.544742609,7.227,7.913,0.150090576,7.3558,7.7782,4,2023,110
4/21/2023,7.488271304,7.134,7.974,0.198971036,7.2394,7.8056,4,2023,111
4/22/2023,7.768012174,7.568,8.062,0.131729575,7.6134,7.977,4,2023,112
4/23/2023,7.57588,7.435,7.698,0.054880115,7.4984,7.649,4,2023,113
4/24/2023,7.599753043,7.394,7.794,0.090907551,7.4744,7.721,4,2023,114
4/25/2023,7.209613913,6.919,7.481,0.119689656,7.0448,7.369,4,2023,115
4/26/2023,7.44018087,6.765,7.755,0.204773144,7.1672,7.6756,4,2023,116
4/27/2023,7.555653913,6.857,7.87,0.208086822,7.2854,7.802,4,2023,117
4/28/2023,7.810010435,7.367,8.154,0.188648531,7.539,8.0308,4,2023,118
4/29/2023,7.922271304,7.573,8.125,0.1381751,7.717,8.079,4,2023,119
4/30/2023,8.260406957,7.906,8.536,0.159806889,8.0284,8.465,4,2023,120
5/1/2023,8.399114783,7.745,8.784,0.215575966,8.0738,8.6586,5,2023,121
5/2/2023,8.486481739,7.84,8.931,0.222451426,8.1664,8.7656,5,2023,122
5/3/2023,8.62790087,7.998,9.088,0.240671047,8.29,8.9456,5,2023,123
5/4/2023,8.656386087,8.178,9.016,0.199647024,8.3754,8.916,5,2023,124
5/5/2023,9.437676522,9.134,9.845,0.223761149,9.2024,9.7998,5,2023,125
5/6/2023,9.577643478,9.239,9.994,0.235200404,9.302,9.9232,5,2023,126
5/7/2023,9.650422609,9.322,9.919,0.160304231,9.398,9.855,5,2023,127
5/8/2023,9.488375652,9.01,10.155,0.257120286,9.2034,9.8774,5,2023,128
5/9/2023,9.39109913,8.977,10.219,0.302686748,9.0978,9.8444,5,2023,129
5/10/2023,9.702544348,9.36,10.3,0.266196865,9.415,10.1336,5,2023,130
5/11/2023,10.01085391,9.552,10.836,0.373055856,9.622,10.608,5,2023,131
5/12/2023,10.23877913,9.843,10.76,0.242995881,9.968,10.6146,5,2023,132
5/13/2023,10.24271478,9.935,10.508,0.136182108,10.046,10.4222,5,2023,133
5/14/2023,10.79254087,10.494,11.122,0.133557037,10.627,10.98,5,2023,134
5/15/2023,11.05114261,10.631,11.371,0.169565638,10.8126,11.272,5,2023,135
5/16/2023,10.85098087,10.455,11.21,0.160712106,10.6404,11.0658,5,2023,136
5/17/2023,9.231474783,8.968,9.551,0.144844428,9.036,9.435,5,2023,137
5/18/2023,8.880036522,8.665,9.146,0.118939875,8.7224,9.0486,5,2023,138
5/19/2023,8.820304348,8.644,9.064,0.100711041,8.6894,8.963,5,2023,139
5/20/2023,9.125890435,9.006,9.279,0.06387987,9.0434,9.2146,5,2023,140
5/21/2023,9.928906087,9.778,10.026,0.06504023,9.8354,10.009,5,2023,141
5/22/2023,10.0442487,9.442,10.364,0.199908339,9.7962,10.3096,5,2023,142
5/23/2023,10.15002435,9.483,10.552,0.211116196,9.8894,10.4176,5,2023,143
5/24/2023,10.47276,9.834,11.264,0.364534171,10.0452,11.0062,5,2023,144
5/25/2023,10.61436348,10.234,11.06,0.202936908,10.3844,10.9672,5,2023,145
5/26/2023,10.75298087,10.165,11.245,0.235306164,10.3918,11.0336,5,2023,146
5/27/2023,11.30816348,10.721,11.708,0.180641523,11.0828,11.5798,5,2023,147
5/28/2023,11.62187826,11.077,11.887,0.155291877,11.4272,11.802,5,2023,148
5/29/2023,12.42612348,11.84,12.985,0.31406056,11.9914,12.8718,5,2023,149
5/30/2023,12.45990261,11.975,12.846,0.278358543,12.0574,12.801,5,2023,150
5/31/2023,12.65800696,12.243,13.301,0.271646329,12.302,13.016,5,2023,151
6/1/2023,12.82256,12.618,13.079,0.122181547,12.659,12.9996,6,2023,152
6/2/2023,13.31740348,13.182,13.447,0.073476944,13.218,13.417,6,2023,153
6/3/2023,14.1002313,14.003,14.236,0.049312137,14.0394,14.1716,6,2023,154
6/4/2023,12.22746261,11.799,12.648,0.189970761,11.9694,12.4858,6,2023,155
6/5/2023,11.83188348,11.352,12.373,0.234552481,11.529,12.1642,6,2023,156
6/6/2023,11.62587652,11.016,12.262,0.286426469,11.241,12.0156,6,2023,157
6/7/2023,11.54400348,10.96,12.156,0.272926034,11.1726,11.9166,6,2023,158
6/8/2023,11.68017565,11.095,12.261,0.269171633,11.308,12.0466,6,2023,159
6/9/2023,12.81280522,12.494,13.292,0.175975975,12.621,13.085,6,2023,160
6/10/2023,12.88912522,12.482,13.413,0.262406522,12.5404,13.2436,6,2023,161
6/11/2023,12.85878261,12.412,13.411,0.251035215,12.546,13.2262,6,2023,162
6/12/2023,13.19477391,12.799,13.879,0.264386373,12.8568,13.576,6,2023,163
6/13/2023,13.42739478,13.172,13.78,0.143244494,13.2608,13.6426,6,2023,164
6/14/2023,14.33477565,13.858,14.647,0.129636238,14.172,14.5008,6,2023,165
6/15/2023,14.62322957,14.185,15.159,0.263942145,14.246,15.0196,6,2023,166
6/16/2023,14.61056174,14.096,15.28,0.311661194,14.178,15.0736,6,2023,167
6/17/2023,14.67048696,14.273,15.129,0.210250654,14.4104,14.977,6,2023,168
6/18/2023,14.3236313,13.97,14.602,0.137184988,14.145,14.5112,6,2023,169
6/19/2023,14.32660522,14.09,14.546,0.093560126,14.2222,14.46,6,2023,170
6/20/2023,14.3396,13.879,14.783,0.231694297,13.9856,14.618,6,2023,171
6/21/2023,15.00840522,14.661,15.313,0.14594385,14.798,15.2068,6,2023,172
6/22/2023,15.3424,15.069,15.801,0.184114568,15.112,15.603,6,2023,173
6/23/2023,15.46857043,15.087,16.24,0.279617593,15.147,15.8806,6,2023,174
6/24/2023,15.64298087,15.152,16.093,0.173847638,15.4584,15.8946,6,2023,175
6/25/2023,15.8621687,15.023,16.561,0.318233305,15.4424,16.278,6,2023,176
6/26/2023,16.74340174,16.483,16.998,0.091400869,16.6284,16.8592,6,2023,177
6/27/2023,16.43503478,16.133,16.802,0.124662173,16.2666,16.6126,6,2023,178
6/28/2023,17.29483826,17.027,17.637,0.138853305,17.129,17.5,6,2023,179
6/29/2023,17.03542435,16.655,17.601,0.236806712,16.7328,17.391,6,2023,180
6/30/2023,16.85358261,16.463,17.46,0.238259155,16.577,17.2224,6,2023,181
7/1/2023,16.7049513,16.375,17.111,0.169878336,16.4952,16.9506,7,2023,182
7/2/2023,16.96081913,16.907,17.11,0.043199948,16.915,17.0276,7,2023,183
7/3/2023,17.47596348,17.185,17.58,0.097528931,17.3158,17.566,7,2023,184
7/4/2023,17.87753043,17.13,18.217,0.230183366,17.599,18.1606,7,2023,185
7/5/2023,18.20254435,17.648,18.838,0.325839817,17.7572,18.6108,7,2023,186
7/6/2023,18.84642087,18.251,19.416,0.352513276,18.3398,19.26,7,2023,187
7/7/2023,19.16173913,18.818,19.621,0.207736519,18.909,19.453,7,2023,188
7/8/2023,19.13304,18.988,19.264,0.071675421,19.03,19.226,7,2023,189
7/9/2023,18.85996348,18.726,19.074,0.084286163,18.752,18.9796,7,2023,190
7/10/2023,19.22528174,19.081,19.538,0.125667738,19.1004,19.443,7,2023,191
7/11/2023,19.10944348,18.835,19.865,0.269247752,18.8634,19.5468,7,2023,192
7/12/2023,19.05792174,18.742,19.942,0.287729794,18.792,19.537,7,2023,193
7/13/2023,19.05660174,18.715,19.974,0.290531772,18.7844,19.5018,7,2023,194
7/14/2023,19.27646609,18.977,20.205,0.277912167,19.001,19.7008,7,2023,195
7/15/2023,19.41570435,18.968,20.436,0.350698094,19.0314,19.9388,7,2023,196
7/16/2023,19.72828522,19.432,20.344,0.276908717,19.455,20.2054,7,2023,197
7/17/2023,19.76237217,19.166,20.71,0.40863698,19.242,20.3186,7,2023,198
7/18/2023,19.90495478,19.226,21.142,0.506542621,19.3432,20.6882,7,2023,199
7/19/2023,20.04849739,19.228,20.864,0.424105827,19.4962,20.6448,7,2023,200
7/20/2023,19.93564,18.891,20.805,0.576514008,19.0486,20.626,7,2023,201
7/21/2023,20.28170783,19.489,21.204,0.51120058,19.5944,20.9726,7,2023,202
7/22/2023,20.23975478,19.899,20.797,0.221420235,19.9524,20.552,7,2023,203
7/23/2023,20.52104174,20.04,21.045,0.320452443,20.0872,20.966,7,2023,204
7/24/2023,20.45244696,19.92,21.143,0.393520677,19.9646,21.01,7,2023,205
7/25/2023,20.53874261,20.131,21.01,0.265382329,20.1844,20.8892,7,2023,206
7/26/2023,20.50301391,20.307,20.792,0.124677954,20.332,20.663,7,2023,207
7/27/2023,20.45514087,20.066,21.053,0.244019212,20.1544,20.8146,7,2023,208
7/28/2023,20.5318,19.882,21.543,0.472771434,19.9842,21.2784,7,2023,209
7/29/2023,19.29073565,19.036,19.598,0.119748865,19.1274,19.4366,7,2023,210
7/30/2023,18.86582783,18.38,19.242,0.202662134,18.5694,19.1226,7,2023,211
7/31/2023,18.43678783,17.894,19.151,0.324491175,17.9938,18.878,7,2023,212
8/1/2023,18.45893043,17.904,18.911,0.265342318,18.056,18.787,8,2023,213
8/2/2023,18.19948348,17.868,18.383,0.158916626,17.937,18.3656,8,2023,214
8/3/2023,17.96057043,17.636,18.426,0.173675971,17.737,18.2092,8,2023,215
8/4/2023,17.8915287,17.578,18.373,0.170708859,17.6776,18.1326,8,2023,216
8/5/2023,17.6265687,17.384,17.753,0.083517895,17.503,17.713,8,2023,217
8/6/2023,17.56800348,17.3,17.749,0.093089014,17.4428,17.6786,8,2023,218
8/7/2023,17.52057043,17.227,17.799,0.116415219,17.3564,17.67,8,2023,219
8/8/2023,18.07977043,17.775,18.371,0.113777303,17.9324,18.2292,8,2023,220
8/9/2023,18.09177739,17.725,18.65,0.233899586,17.8254,18.4552,8,2023,221
8/10/2023,18.05196522,17.623,18.739,0.257883199,17.757,18.4254,8,2023,222
8/11/2023,18.45192522,17.912,18.995,0.32710627,17.9974,18.871,8,2023,223
8/12/2023,18.65162261,18.12,19.318,0.362751086,18.182,19.11,8,2023,224
8/13/2023,18.98477217,18.646,19.34,0.180003645,18.7282,19.2146,8,2023,225
8/14/2023,19.1900713,18.912,19.539,0.129571514,19,19.356,8,2023,226
8/15/2023,19.41273217,19.327,19.538,0.053269232,19.34,19.4796,8,2023,227
8/16/2023,19.52470609,19.319,19.657,0.06941414,19.429,19.609,8,2023,228
8/17/2023,19.30879826,19.215,19.527,0.070848277,19.229,19.4156,8,2023,229
8/18/2023,19.1205513,18.853,19.697,0.248439626,18.885,19.5348,8,2023,230
8/19/2023,18.89003826,18.537,19.719,0.281156376,18.6374,19.3576,8,2023,231
8/20/2023,18.67346609,18.376,18.968,0.104246751,18.552,18.8082,8,2023,232
8/21/2023,18.51866261,18.334,18.896,0.120299948,18.372,18.702,8,2023,233
8/22/2023,18.26969913,17.812,19.126,0.301590439,17.926,18.7092,8,2023,234
8/23/2023,17.71304174,17.398,18.152,0.21098951,17.4788,18.0406,8,2023,235
8/24/2023,17.61313913,17.194,18.151,0.248070494,17.33,17.9822,8,2023,236
8/25/2023,17.53846957,17.27,17.903,0.19382306,17.307,17.8456,8,2023,237
8/26/2023,17.60484174,17.247,18.26,0.258874893,17.336,18.0294,8,2023,238
8/27/2023,17.53523826,17.029,18.546,0.413819741,17.098,18.2028,8,2023,239
8/28/2023,17.4704,17.043,18.126,0.310331053,17.11,17.9286,8,2023,240
8/29/2023,17.7990313,17.61,18.177,0.123135258,17.651,17.9742,8,2023,241
8/30/2023,18.01382957,17.621,18.379,0.213922595,17.6944,18.2876,8,2023,242
8/31/2023,18.04940348,17.592,18.708,0.244443478,17.7552,18.3632,8,2023,243
9/1/2023,17.86093913,17.571,18.225,0.173051385,17.627,18.085,9,2023,244
9/2/2023,17.55604522,17.426,17.745,0.058806877,17.4628,17.622,9,2023,245
9/3/2023,17.3828087,17.036,17.696,0.155165456,17.16,17.5916,9,2023,246
9/4/2023,18.01790435,17.455,18.358,0.207937615,17.6594,18.2586,9,2023,247
9/5/2023,18.16598435,17.593,18.591,0.206415808,17.888,18.437,9,2023,248
9/6/2023,19.40281391,19.181,19.608,0.085385711,19.299,19.519,9,2023,249
9/7/2023,19.68802957,19.51,19.97,0.102807951,19.568,19.8402,9,2023,250
9/8/2023,19.62563826,19.461,19.833,0.089447226,19.5168,19.7586,9,2023,251
9/9/2023,18.36904,18.159,18.745,0.150765226,18.1894,18.587,9,2023,252
9/10/2023,18.29100348,17.909,18.956,0.249978947,17.9984,18.6522,9,2023,253
9/11/2023,18.31411304,17.962,18.73,0.205821671,18.06,18.633,9,2023,254
9/12/2023,17.7688313,17.384,18.081,0.193168513,17.4868,18.015,9,2023,255
9/13/2023,17.69714783,17.268,18.167,0.217739841,17.4104,17.987,9,2023,256
9/14/2023,17.31404,16.592,18.068,0.415019323,16.7388,17.8712,9,2023,257
9/15/2023,17.03788174,16.686,17.536,0.226591383,16.7728,17.3666,9,2023,258
9/16/2023,16.46082957,16.238,16.938,0.169477817,16.296,16.7556,9,2023,259
9/17/2023,16.07685217,15.393,16.836,0.429110039,15.4944,16.6802,9,2023,260
9/18/2023,16.05784174,15.32,16.708,0.384661584,15.5114,16.5384,9,2023,261
9/19/2023,15.63592174,15.213,16.35,0.266782087,15.3468,16.0314,9,2023,262
9/20/2023,15.68221913,15.361,16.299,0.211378438,15.431,15.994,9,2023,263
9/21/2023,15.7758,15.391,16.272,0.199687945,15.5174,16.0532,9,2023,264
9/22/2023,15.90997217,15.406,16.377,0.245557183,15.5496,16.2416,9,2023,265
9/23/2023,15.97054783,15.681,16.434,0.171978244,15.759,16.2266,9,2023,266
9/24/2023,15.73885739,15.406,16.133,0.173847155,15.507,15.9876,9,2023,267
9/25/2023,15.36092348,15.062,15.588,0.091695077,15.239,15.46,9,2023,268
9/26/2023,15.16951652,14.779,15.522,0.131674604,15.0068,15.332,9,2023,269
9/27/2023,14.9106,14.384,15.239,0.178309034,14.6324,15.0782,9,2023,270
9/28/2023,14.67041739,14.365,14.966,0.11120236,14.5294,14.8016,9,2023,271
9/29/2023,14.7911113,14.626,14.991,0.081844427,14.6734,14.8968,9,2023,272
9/30/2023,14.8592313,14.695,15.015,0.070373026,14.776,14.9646,9,2023,273
10/1/2023,15.00138435,14.582,15.445,0.198262215,14.7654,15.3046,10,2023,274
10/2/2023,15.14967652,14.555,15.756,0.271471862,14.8114,15.5556,10,2023,275
10/3/2023,15.32872696,14.858,15.812,0.224872454,15.0472,15.6486,10,2023,276
10/4/2023,15.46187304,15.188,15.78,0.146807512,15.262,15.6716,10,2023,277
10/5/2023,15.86944,15.689,16.093,0.09337368,15.7538,15.9936,10,2023,278
10/6/2023,15.94549913,15.722,16.089,0.076108301,15.8278,16.0376,10,2023,279
10/7/2023,15.6401287,15.224,16.023,0.19974381,15.3714,15.902,10,2023,280
10/8/2023,15.55066957,15.237,16.02,0.188914528,15.332,15.8234,10,2023,281
10/9/2023,15.29758435,14.991,15.609,0.15404807,15.1114,15.5356,10,2023,282
10/10/2023,14.98533913,14.742,15.293,0.13775184,14.816,15.1796,10,2023,283
10/11/2023,14.96779652,14.826,15.194,0.086431734,14.8774,15.1064,10,2023,284
10/12/2023,14.51830261,14.275,14.673,0.064532267,14.434,14.603,10,2023,285
10/13/2023,14.31637739,14.097,14.596,0.112229024,14.175,14.49,10,2023,286
10/14/2023,14.19954609,13.859,14.564,0.144184361,14.0178,14.4126,10,2023,287
10/15/2023,13.93056,13.618,14.342,0.17462619,13.7388,14.2196,10,2023,288
10/16/2023,13.93963304,13.674,14.309,0.118874173,13.7798,14.1056,10,2023,289
10/17/2023,13.66105565,13.424,13.819,0.093500193,13.5154,13.768,10,2023,290
10/18/2023,13.62332174,13.481,13.748,0.064233588,13.53,13.704,10,2023,291
10/19/2023,13.62323304,13.469,13.762,0.072490811,13.5174,13.715,10,2023,292
10/20/2023,13.66670087,13.501,13.809,0.073672864,13.558,13.759,10,2023,293
10/21/2023,13.53324522,13.344,13.692,0.083666986,13.41,13.64,10,2023,294
10/22/2023,13.36350087,13.127,13.634,0.105957027,13.221,13.506,10,2023,295
10/23/2023,13.27998087,13.003,13.521,0.112653541,13.1328,13.424,10,2023,296
10/24/2023,13.22630783,12.926,13.478,0.134359485,13.0552,13.399,10,2023,297
10/25/2023,13.23678957,12.972,13.515,0.118823644,13.0694,13.381,10,2023,298
10/26/2023,13.46833739,13.181,13.758,0.136293408,13.2824,13.6562,10,2023,299
10/27/2023,14.21199478,14.124,14.339,0.046159679,14.158,14.28,10,2023,300
10/28/2023,14.11815478,14.012,14.269,0.060513356,14.041,14.2046,10,2023,301
10/29/2023,13.61224696,13.279,13.866,0.134691808,13.4158,13.7826,10,2023,302
10/30/2023,13.31605043,13.075,13.471,0.069404956,13.2174,13.3906,10,2023,303
10/31/2023,12.67454609,12.243,13.012,0.200071679,12.378,12.938,10,2023,304
11/1/2023,12.5064487,12.219,12.754,0.122655137,12.36,12.694,11,2023,305
11/2/2023,11.91200348,11.623,12.036,0.083871043,11.7894,11.9896,11,2023,306
11/3/2023,11.79613913,11.75,11.975,0.040853458,11.761,11.86,11,2023,307
11/4/2023,11.43197391,11.379,11.587,0.040373013,11.389,11.4896,11,2023,308
11/5/2023,11.1651287,11.014,11.741,0.132429697,11.039,11.3586,11,2023,309
11/6/2023,11.07667826,10.969,11.682,0.115537024,10.9764,11.2256,11,2023,310
11/7/2023,11.09114783,10.921,11.465,0.152616942,10.9424,11.341,11,2023,311
11/8/2023,11.03112174,10.817,11.46,0.199457922,10.845,11.359,11,2023,312
11/9/2023,10.98880696,10.595,11.406,0.17653332,10.8028,11.2652,11,2023,313
11/10/2023,10.53426435,10.345,10.752,0.105260634,10.3974,10.6796,11,2023,314
11/11/2023,10.44805217,10.108,10.758,0.176137421,10.2074,10.7048,11,2023,315
11/12/2023,10.3958487,9.953,10.713,0.195566486,10.1134,10.6736,11,2023,316
11/13/2023,10.07877217,9.723,10.436,0.191845399,9.835,10.324,11,2023,317
11/14/2023,9.51128,9.058,10.334,0.373039371,9.113,10.11,11,2023,318
11/15/2023,9.524433043,9.012,10.472,0.418448089,9.0684,10.1926,11,2023,319
11/16/2023,9.699165217,9.236,10.422,0.312557098,9.2974,10.1376,11,2023,320
11/17/2023,9.734333913,9.435,10.315,0.223591378,9.49,10.0816,11,2023,321
11/18/2023,9.70425913,9.369,10.257,0.230540247,9.4414,10.0592,11,2023,322
11/19/2023,9.66304,9.26,10.225,0.232448376,9.402,10.0044,11,2023,323
11/20/2023,9.582893913,9.11,10.074,0.219631075,9.3294,9.9004,11,2023,324
11/21/2023,9.62824,9.27,10.091,0.198106731,9.405,9.9176,11,2023,325
11/22/2023,9.489761739,9.152,9.904,0.184896922,9.2608,9.7626,11,2023,326
11/23/2023,9.11862087,8.831,9.492,0.175872684,8.9204,9.3882,11,2023,327
11/24/2023,9.144107826,8.762,9.588,0.222561855,8.884,9.4886,11,2023,328
11/25/2023,9.327848696,9.002,9.742,0.186932341,9.0974,9.6,11,2023,329
11/26/2023,9.303478261,8.978,9.582,0.161232543,9.077,9.514,11,2023,330
11/27/2023,8.536424348,8.124,8.945,0.194184718,8.2688,8.7962,11,2023,331
11/28/2023,8.405452174,7.964,8.968,0.276006162,8.075,8.8248,11,2023,332
11/29/2023,8.181918261,7.742,8.8,0.290915649,7.8364,8.6432,11,2023,333
11/30/2023,8.008118261,7.525,8.585,0.27934567,7.6584,8.4242,11,2023,334
12/1/2023,8.07818087,7.586,8.463,0.221883815,7.7534,8.3564,12,2023,335
12/2/2023,8.562753043,8.421,8.696,0.067397036,8.472,8.657,12,2023,336
12/3/2023,8.133909565,7.684,8.465,0.203376855,7.8364,8.388,12,2023,337
12/4/2023,7.58022087,7.285,7.896,0.139997218,7.3814,7.7646,12,2023,338
12/5/2023,7.24752,6.945,7.738,0.186853068,7.0258,7.533,12,2023,339
12/6/2023,6.770871304,6.314,7.597,0.306671261,6.415,7.2294,12,2023,340
12/7/2023,6.449843478,6.008,7.057,0.264915712,6.122,6.8466,12,2023,341
12/8/2023,6.322443478,5.865,6.872,0.283331997,5.969,6.7522,12,2023,342
12/9/2023,6.138045217,5.759,6.645,0.240428236,5.8324,6.467,12,2023,343
12/10/2023,6.281031304,5.902,6.852,0.207537484,6.0192,6.5688,12,2023,344
12/11/2023,7.00408,6.556,7.546,0.245639528,6.675,7.3448,12,2023,345
12/12/2023,7.031725217,6.59,7.579,0.252782248,6.7134,7.4198,12,2023,346
12/13/2023,7.015558261,6.555,7.591,0.288930341,6.6744,7.464,12,2023,347
12/14/2023,6.834215652,6.439,7.463,0.279035076,6.527,7.2772,12,2023,348
12/15/2023,6.665372174,6.249,7.266,0.285784196,6.325,7.1124,12,2023,349
12/16/2023,6.652695652,6.204,7.231,0.271172624,6.335,7.0738,12,2023,350
12/17/2023,7.441467826,7.088,7.645,0.128840076,7.244,7.5832,12,2023,351
12/18/2023,7.776961739,7.178,8.217,0.273626488,7.3668,8.1042,12,2023,352
12/19/2023,7.453671304,6.953,8.007,0.250936312,7.0774,7.7276,12,2023,353
12/20/2023,6.92585913,6.477,7.421,0.230463582,6.677,7.2866,12,2023,354
12/21/2023,6.579309565,6.285,6.918,0.14967233,6.382,6.7912,12,2023,355
12/22/2023,6.491537391,5.919,7.081,0.276247216,6.1446,6.8866,12,2023,356
12/23/2023,6.26209913,5.68,6.841,0.310912665,5.8728,6.6988,12,2023,357
12/24/2023,5.552453913,5.33,5.801,0.095782169,5.412,5.665,12,2023,358
12/25/2023,5.820142609,5.357,6.271,0.219922477,5.5128,6.1146,12,2023,359
12/26/2023,5.839361739,5.27,6.322,0.223251443,5.4858,6.1056,12,2023,360
12/27/2023,5.891853913,5.604,6.201,0.148284098,5.6804,6.093,12,2023,361
12/28/2023,5.806396522,5.685,5.941,0.05897099,5.725,5.8846,12,2023,362
12/29/2023,5.83332,5.558,6.054,0.107944133,5.683,5.974,12,2023,363
12/30/2023,5.715987826,5.429,5.959,0.114349797,5.557,5.8666,12,2023,364
12/31/2023,4.932363478,4.794,5.074,0.067493309,4.8364,5.021,12,2023,365
1/1/2024,4.830681739,4.66,5.108,0.09032692,4.7104,4.9502,1,2024,1
1/2/2024,4.706045217,4.542,4.913,0.089563039,4.585,4.8246,1,2024,2
1/3/2024,5.129314783,4.884,5.455,0.141799178,4.9764,5.3478,1,2024,3
1/4/2024,5.540594783,5.181,5.992,0.185077743,5.2834,5.784,1,2024,4
1/5/2024,5.567043478,5.195,6.122,0.191418845,5.3254,5.8314,1,2024,5
1/6/2024,5.330293913,5.074,5.688,0.107732694,5.1914,5.4482,1,2024,6
1/7/2024,5.11052,4.842,5.303,0.113599314,4.939,5.2452,1,2024,7
1/8/2024,4.599824348,4.248,5.138,0.188942017,4.3674,4.8636,1,2024,8
1/9/2024,4.510271304,4.158,5.07,0.223017584,4.2274,4.821,1,2024,9
1/10/2024,4.794245217,3.861,5.511,0.496270889,4.0474,5.3926,1,2024,10
1/11/2024,4.774867826,3.729,5.541,0.547370139,3.9328,5.4136,1,2024,11
1/12/2024,4.816389565,4.164,5.447,0.366365739,4.282,5.295,1,2024,12
1/13/2024,4.754172174,4.001,5.423,0.419023063,4.1162,5.2666,1,2024,13
1/14/2024,4.68052,3.731,5.402,0.495761589,3.9044,5.246,1,2024,14
1/15/2024,4.656213913,3.771,5.253,0.426568319,3.9922,5.146,1,2024,15
1/16/2024,4.320636522,3.905,4.814,0.225018339,4.01,4.6378,1,2024,16
1/17/2024,4.263676522,3.962,4.63,0.15720258,4.0534,4.471,1,2024,17
1/18/2024,4.252933913,3.904,4.646,0.219025986,3.976,4.5906,1,2024,18
1/19/2024,4.23013913,3.885,4.651,0.202819889,3.9844,4.5396,1,2024,19
1/20/2024,4.04504,3.716,4.566,0.202936011,3.7944,4.3396,1,2024,20
1/21/2024,3.89769913,3.574,4.243,0.203207293,3.6404,4.1876,1,2024,21
1/22/2024,3.572553043,3.225,4.164,0.2299602,3.325,3.9578,1,2024,22
1/23/2024,3.437170435,3.194,3.911,0.179423269,3.254,3.7356,1,2024,23
1/24/2024,3.600732174,3.399,3.908,0.099649374,3.463,3.7156,1,2024,24
1/25/2024,4.095973913,3.834,4.392,0.128523257,3.9154,4.265,1,2024,25
1/26/2024,3.907829565,3.656,4.123,0.118177075,3.7358,4.057,1,2024,26
1/27/2024,3.91984,3.663,4.15,0.120482619,3.7454,4.071,1,2024,27
1/28/2024,3.91061913,3.678,4.082,0.104697254,3.7574,4.0426,1,2024,28
1/29/2024,3.699026087,3.467,3.897,0.098543404,3.5604,3.8216,1,2024,29
1/30/2024,3.516222609,3.306,3.751,0.104105159,3.3714,3.653,1,2024,30
1/31/2024,3.112041739,2.886,3.478,0.172808604,2.916,3.37,1,2024,31
2/1/2024,3.010353043,2.772,3.331,0.155321154,2.8364,3.2416,2,2024,32
2/2/2024,3.492810435,3.149,3.866,0.17754185,3.2704,3.7556,2,2024,33
2/3/2024,3.598363478,3.178,3.905,0.175886312,3.3414,3.803,2,2024,34
2/4/2024,3.675377391,3.206,4.073,0.195168662,3.4076,3.9522,2,2024,35
2/5/2024,3.725455652,3.207,4.212,0.252269312,3.372,4.083,2,2024,36
2/6/2024,3.315787826,2.895,3.635,0.192348842,3.0192,3.5466,2,2024,37
2/7/2024,3.22236,2.835,3.644,0.20988864,2.963,3.535,2,2024,38
2/8/2024,3.232589565,2.914,3.629,0.16526864,3.03,3.4618,2,2024,39
2/9/2024,3.43688,3.068,3.727,0.145883364,3.239,3.6352,2,2024,40
2/10/2024,3.559652174,2.989,3.998,0.266673404,3.141,3.861,2,2024,41
2/11/2024,3.52336,2.894,3.983,0.317590555,3.0264,3.884,2,2024,42
2/12/2024,3.561869565,3.041,3.911,0.26658891,3.168,3.8846,2,2024,43
2/13/2024,3.265610435,2.884,3.517,0.163289949,3.0182,3.4662,2,2024,44
2/14/2024,3.123970435,2.801,3.4,0.158771155,2.902,3.3356,2,2024,45
2/15/2024,3.054401739,2.712,3.327,0.171589384,2.8124,3.276,2,2024,46
2/16/2024,2.81929913,2.549,3.186,0.161151002,2.6324,3.072,2,2024,47
2/17/2024,2.863949565,2.593,3.266,0.178417158,2.676,3.169,2,2024,48
2/18/2024,2.759394783,2.498,3.118,0.16310194,2.5676,3.0024,2,2024,49
2/19/2024,2.724431304,2.362,3.107,0.189175826,2.4714,2.976,2,2024,50
2/20/2024,2.663382609,2.195,3.171,0.268618565,2.275,3.0142,2,2024,51
2/21/2024,2.67590087,2.148,3.103,0.259656163,2.2884,2.996,2,2024,52
2/22/2024,2.798636522,2.459,3.079,0.163225465,2.5578,3.0056,2,2024,53
2/23/2024,2.886801739,2.565,3.151,0.14553345,2.676,3.0662,2,2024,54
2/24/2024,2.762446957,2.421,3.221,0.188197845,2.5344,3.036,2,2024,55
2/25/2024,2.721252174,2.269,3.265,0.254112977,2.384,3.059,2,2024,56
2/26/2024,2.771636522,2.073,3.305,0.326066738,2.2844,3.163,2,2024,57
2/27/2024,2.95788,2.069,3.466,0.410474665,2.3118,3.421,2,2024,58
2/28/2024,3.130226087,2.761,3.343,0.162337373,2.884,3.315,2,2024,59
2/29/2024,3.261429565,2.758,4.013,0.305332032,2.89,3.728,2,2024,60
3/1/2024,3.029111304,2.419,3.863,0.371817096,2.5278,3.5516,3,2024,61
3/2/2024,3.106770435,2.622,3.774,0.298869005,2.7044,3.5204,3,2024,62
3/3/2024,3.326996522,2.938,3.868,0.244511452,2.9964,3.6794,3,2024,63
3/4/2024,3.385278261,2.984,3.937,0.265240656,3.021,3.7322,3,2024,64
3/5/2024,4.105111304,3.614,4.591,0.246525638,3.7822,4.4512,3,2024,65
3/6/2024,4.217601739,3.829,4.687,0.233510088,3.916,4.5546,3,2024,66
3/7/2024,4.083081739,3.405,4.599,0.338250668,3.5698,4.5328,3,2024,67
3/8/2024,4.05957913,3.168,4.689,0.4041612,3.449,4.5628,3,2024,68
3/9/2024,4.300132174,3.642,4.909,0.34129148,3.7882,4.758,3,2024,69
3/10/2024,4.428431304,4.097,4.785,0.189300073,4.17,4.707,3,2024,70
3/11/2024,4.408932174,4.145,4.577,0.111912674,4.2238,4.5296,3,2024,71
3/12/2024,4.430629565,4.037,4.677,0.151396151,4.19,4.592,3,2024,72
3/13/2024,4.421469565,4.051,4.744,0.184324727,4.1884,4.6762,3,2024,73
3/14/2024,4.440050435,4.202,4.699,0.147113313,4.2528,4.6472,3,2024,74
3/15/2024,4.430886957,4.243,4.582,0.083422789,4.3204,4.5432,3,2024,75
3/16/2024,4.799057391,4.665,4.911,0.05201114,4.728,4.867,3,2024,76
3/17/2024,4.996276522,4.863,5.062,0.043583654,4.935,5.048,3,2024,77
3/18/2024,4.932751304,4.812,5.074,0.056924723,4.862,5.0146,3,2024,78
3/19/2024,4.63716,4.422,4.818,0.077946704,4.541,4.7542,3,2024,79
3/20/2024,4.515346087,4.259,4.641,0.071317347,4.4082,4.589,3,2024,80
3/21/2024,4.547033043,4.41,4.781,0.101289322,4.4294,4.6946,3,2024,81
3/22/2024,4.397867826,4.202,4.669,0.133869248,4.238,4.5922,3,2024,82
3/23/2024,4.400264348,4.21,4.616,0.110019905,4.253,4.549,3,2024,83
3/24/2024,4.363528696,4.09,4.531,0.116548156,4.1868,4.501,3,2024,84
3/25/2024,4.225471304,3.963,4.442,0.1075326,4.0748,4.3636,3,2024,85
3/26/2024,4.161758261,3.931,4.348,0.094906348,4.0294,4.2826,3,2024,86
3/27/2024,4.12644,3.911,4.297,0.08708242,4.005,4.2366,3,2024,87
3/28/2024,4.40569913,4.117,4.623,0.109572093,4.2538,4.547,3,2024,88
3/29/2024,4.355775652,4.28,4.548,0.064934194,4.284,4.448,3,2024,89
3/30/2024,4.27125913,3.778,4.619,0.20197134,3.9824,4.524,3,2024,90
3/31/2024,4.309344348,3.732,4.684,0.225164709,3.9814,4.5842,3,2024,91
4/1/2024,4.674553043,4.361,5.172,0.164321528,4.4824,4.882,4,2024,92
4/2/2024,5.213575652,4.967,5.529,0.130052793,5.0604,5.4316,4,2024,93
4/3/2024,5.219909565,4.807,5.362,0.08444912,5.0974,5.3116,4,2024,94
4/4/2024,4.986532174,4.779,5.055,0.041033579,4.9334,5.033,4,2024,95
4/5/2024,4.819808696,4.75,4.845,0.017530708,4.795,4.836,4,2024,96
4/6/2024,4.537026087,4.367,4.692,0.074533586,4.427,4.6272,4,2024,97
4/7/2024,4.497417391,4.19,4.671,0.105343885,4.3508,4.6136,4,2024,98
4/8/2024,4.456022609,4.069,4.644,0.124494537,4.2754,4.586,4,2024,99
4/9/2024,4.785812174,4.472,4.941,0.074017299,4.693,4.891,4,2024,100
4/10/2024,5.01182087,4.738,5.304,0.140817898,4.8244,5.206,4,2024,101
4/11/2024,5.111678261,4.89,5.289,0.084854512,5.001,5.238,4,2024,102
4/12/2024,5.723850435,5.507,5.881,0.100109236,5.5792,5.843,4,2024,103
4/13/2024,5.74676,5.444,6.05,0.155506965,5.5484,5.9596,4,2024,104
4/14/2024,5.785504348,5.601,6.054,0.120047666,5.6434,5.9736,4,2024,105
4/15/2024,6.05228,5.868,6.227,0.08977527,5.928,6.1836,4,2024,106
4/16/2024,7.621723478,6.888,8.262,0.384876497,7.0432,8.1058,4,2024,107
4/17/2024,7.64237913,6.918,8.325,0.391375519,7.0644,8.1386,4,2024,108
4/18/2024,7.586686957,7.053,8.058,0.300705557,7.1312,7.9522,4,2024,109
4/19/2024,7.463518261,7.278,7.557,0.076167104,7.339,7.549,4,2024,110
4/20/2024,6.847954783,6.655,7.071,0.117289264,6.6968,7.0246,4,2024,111
4/21/2024,6.922243478,6.507,7.574,0.242015808,6.652,7.3234,4,2024,112
4/22/2024,6.986431304,6.458,7.78,0.298224564,6.6344,7.4456,4,2024,113
4/23/2024,6.760758261,6.299,7.401,0.265217048,6.4494,7.2242,4,2024,114
4/24/2024,6.513935652,5.989,7.114,0.287832766,6.1004,6.8832,4,2024,115
4/25/2024,6.445295652,5.96,6.996,0.309794255,6.0064,6.8732,4,2024,116
4/26/2024,6.498697391,6.074,7.25,0.32995331,6.119,7.0116,4,2024,117
4/27/2024,6.563342609,6.038,7.341,0.357939476,6.1734,7.138,4,2024,118
4/28/2024,6.501351304,6.136,7.015,0.256748311,6.174,6.901,4,2024,119
4/29/2024,6.783876522,6.64,7.058,0.101777566,6.654,6.917,4,2024,120
4/30/2024,8.101193043,7.946,8.237,0.058913975,8.026,8.1828,4,2024,121
5/1/2024,8.0658,7.65,8.314,0.169493363,7.81,8.258,5,2024,122
5/2/2024,8.170276522,7.715,8.478,0.193064003,7.8562,8.3662,5,2024,123
5/3/2024,8.577786087,8.128,8.996,0.210382979,8.2974,8.8744,5,2024,124
5/4/2024,8.678869565,8.152,9.128,0.230127071,8.3594,8.99,5,2024,125
5/5/2024,8.74364,8.509,9.021,0.124525444,8.5864,8.936,5,2024,126
5/6/2024,9.379833043,8.873,9.626,0.198826111,9.0634,9.589,5,2024,127
5/7/2024,9.966464348,9.409,10.417,0.196214395,9.782,10.2586,5,2024,128
5/8/2024,9.878067826,9.495,10.39,0.218110465,9.6294,10.1972,5,2024,129
5/9/2024,9.433634783,9.375,9.64,0.049110118,9.382,9.498,5,2024,130
5/10/2024,9.302963478,9.139,9.51,0.063367303,9.2294,9.3852,5,2024,131
5/11/2024,9.244972174,8.902,9.552,0.120380781,9.097,9.4078,5,2024,132
5/12/2024,9.562786087,9.351,9.843,0.09569619,9.4392,9.6976,5,2024,133
5/13/2024,9.891389565,9.643,10.295,0.12541569,9.7354,10.0616,5,2024,134
5/14/2024,10.1013913,9.57,10.611,0.272039705,9.7312,10.4352,5,2024,135
5/15/2024,10.12642261,9.84,10.361,0.154040078,9.8984,10.3176,5,2024,136
5/16/2024,10.77543478,10.352,11.038,0.146577834,10.544,10.938,5,2024,137
5/17/2024,10.92383304,10.597,11.235,0.115877233,10.763,11.0606,5,2024,138
5/18/2024,10.75594435,10.405,11.11,0.139426815,10.5478,10.9196,5,2024,139
5/19/2024,10.30772522,10.06,10.746,0.145273157,10.155,10.526,5,2024,140
5/20/2024,10.24500174,9.973,10.641,0.147955609,10.0394,10.45,5,2024,141
5/21/2024,12.50822783,11.936,13.197,0.319222065,12.0528,12.9382,5,2024,142
5/22/2024,13.1751513,12.842,13.46,0.153539289,12.9648,13.378,5,2024,143
5/23/2024,13.07399478,12.817,13.337,0.122911153,12.908,13.2402,5,2024,144
5/24/2024,12.7120887,12.605,12.855,0.048670843,12.666,12.7886,5,2024,145
5/25/2024,11.9832487,11.704,12.323,0.12733033,11.809,12.1552,5,2024,146
5/26/2024,11.83282087,11.59,12.063,0.103885663,11.6592,11.9336,5,2024,147
5/27/2024,12.10206435,11.96,12.313,0.074184282,12.018,12.2096,5,2024,148
5/28/2024,12.24352,11.736,12.62,0.275635925,11.8126,12.5556,5,2024,149
5/29/2024,12.32809217,11.71,12.733,0.298337595,11.857,12.646,5,2024,150
5/30/2024,12.24456348,11.816,12.713,0.205208059,11.9774,12.5366,5,2024,151
5/31/2024,12.11387826,11.727,12.821,0.253673414,11.8072,12.5016,5,2024,152
6/1/2024,12.55341391,12.145,12.828,0.133621817,12.4114,12.7316,6,2024,153
6/2/2024,12.68914435,12.26,13.032,0.180116092,12.477,12.9432,6,2024,154
6/3/2024,12.79097913,12.42,13.144,0.154155798,12.591,12.9872,6,2024,155
6/4/2024,13.1234887,12.634,13.864,0.289585182,12.7574,13.4998,6,2024,156
6/5/2024,13.44486957,13.238,14.036,0.167446477,13.2604,13.677,6,2024,157
6/6/2024,13.59564522,13.015,14.187,0.296892224,13.1854,13.9848,6,2024,158
6/7/2024,13.86502087,13.333,14.31,0.244515705,13.5206,14.1872,6,2024,159
6/8/2024,13.29637565,12.884,13.517,0.105220367,13.1614,13.424,6,2024,160
6/9/2024,13.14844,12.739,13.687,0.270182148,12.8004,13.5266,6,2024,161
6/10/2024,13.21573043,12.833,13.898,0.308717419,12.878,13.6672,6,2024,162
6/11/2024,13.31896522,12.974,13.947,0.305366249,13.0154,13.7876,6,2024,163
6/12/2024,13.55708348,13.117,14.286,0.381171246,13.1608,14.1022,6,2024,164
6/13/2024,13.99912696,13.722,14.277,0.152472284,13.7858,14.208,6,2024,165
6/14/2024,14.3552887,13.88,14.609,0.154082279,14.1316,14.531,6,2024,166
6/15/2024,14.69222261,14.279,14.965,0.173495863,14.4412,14.906,6,2024,167
6/16/2024,14.69446957,14.076,15.437,0.309804741,14.364,15.1412,6,2024,168
6/17/2024,14.87909913,14.419,15.245,0.206335521,14.6016,15.1612,6,2024,169
6/18/2024,14.97237217,14.468,15.668,0.225447416,14.6698,15.2988,6,2024,170
6/19/2024,15.45199304,14.741,16.291,0.339447255,15.0278,15.922,6,2024,171
6/20/2024,16.49098957,15.882,17.117,0.288255893,16.1164,16.89,6,2024,172
6/21/2024,16.64278435,16.185,17.046,0.197132745,16.3784,16.9074,6,2024,173
6/22/2024,16.82908348,16.507,17.125,0.144782319,16.6368,17.0292,6,2024,174
6/23/2024,17.05873913,16.781,17.306,0.125047356,16.891,17.2326,6,2024,175
6/24/2024,16.40960348,16.119,16.665,0.13392375,16.2304,16.593,6,2024,176
6/25/2024,16.56340348,16.226,16.873,0.164935213,16.3444,16.7906,6,2024,177
6/26/2024,15.16548174,14.723,15.734,0.257384599,14.8204,15.5296,6,2024,178
6/27/2024,15.3969513,15.113,15.928,0.13679225,15.249,15.5358,6,2024,179
6/28/2024,15.44502261,14.984,15.723,0.158273397,15.1948,15.6106,6,2024,180
6/29/2024,15.28328,15.112,15.434,0.073956621,15.1708,15.3806,6,2024,181
6/30/2024,16.09796696,15.876,16.414,0.142328474,15.932,16.319,6,2024,182
7/1/2024,15.9188313,15.506,16.689,0.314500535,15.5592,16.4318,7,2024,183
7/2/2024,15.65677739,15.342,16.216,0.237849678,15.3974,16.0706,7,2024,184
7/3/2024,15.54554609,15.198,16.197,0.235115023,15.303,15.9418,7,2024,185
7/4/2024,15.62418783,15.29,16.322,0.264984648,15.3598,16.1012,7,2024,186
7/5/2024,15.98554609,15.725,16.133,0.076673644,15.878,16.0696,7,2024,187
7/6/2024,16.34842957,15.98,16.671,0.15438935,16.1384,16.5552,7,2024,188
7/7/2024,18.05618087,17.4,18.709,0.342891555,17.582,18.5282,7,2024,189
7/8/2024,18.46309391,17.79,19.138,0.359649314,17.9694,18.9632,7,2024,190
7/9/2024,18.52355304,17.912,19.143,0.320574985,18.0804,18.9694,7,2024,191
7/10/2024,18.5119913,17.951,19.017,0.272757978,18.1312,18.87,7,2024,192
7/11/2024,18.11564696,17.769,18.388,0.147632462,17.9094,18.3042,7,2024,193
7/12/2024,18.01006261,17.61,18.41,0.167870936,17.8344,18.265,7,2024,194
7/13/2024,18.09974783,17.724,18.431,0.14403443,17.9324,18.3076,7,2024,195
7/14/2024,17.90848696,17.736,18.292,0.102484244,17.795,18.046,7,2024,196
7/15/2024,18.23226783,17.956,18.478,0.128835448,18.0644,18.403,7,2024,197
7/16/2024,18.45268,18.113,18.665,0.134342269,18.2574,18.6096,7,2024,198
7/17/2024,18.10991826,17.572,18.69,0.28644374,17.734,18.506,7,2024,199
7/18/2024,17.73388,17.056,18.536,0.35321881,17.2792,18.2128,7,2024,200
7/19/2024,17.56445043,16.757,18.409,0.395685909,17.032,18.1002,7,2024,201
7/20/2024,17.55750435,16.782,18.363,0.371331566,17.0502,18.0618,7,2024,202
7/21/2024,17.57411478,16.871,18.367,0.343343055,17.109,18.0392,7,2024,203
7/22/2024,17.6884487,17.095,18.403,0.299229825,17.2826,18.1002,7,2024,204
7/23/2024,16.31776348,16.097,16.56,0.116218974,16.1594,16.4696,7,2024,205
7/24/2024,16.71988522,16.445,17.135,0.168571682,16.504,16.963,7,2024,206
7/25/2024,17.41032174,17.183,17.853,0.158964043,17.244,17.658,7,2024,207
7/26/2024,18.61126609,18.232,19.004,0.197737676,18.3624,18.8972,7,2024,208
7/27/2024,18.5935687,18.145,19.192,0.220368985,18.368,18.934,7,2024,209
7/28/2024,18.52997391,18.076,19.25,0.242056076,18.291,18.89,7,2024,210
7/29/2024,18.47338435,18.178,18.854,0.143531602,18.3074,18.713,7,2024,211
7/30/2024,18.60081739,18.379,18.953,0.126657085,18.456,18.7916,7,2024,212
7/31/2024,18.95241913,18.601,19.145,0.10191694,18.8454,19.0938,7,2024,213
8/1/2024,19.12873913,18.486,19.601,0.292939853,18.6922,19.4798,8,2024,214
8/2/2024,19.2237113,18.464,19.905,0.384091539,18.7022,19.716,8,2024,215
8/3/2024,19.2586,18.974,19.665,0.180158641,19.029,19.5344,8,2024,216
8/4/2024,19.12282957,18.792,19.438,0.127714343,18.974,19.3042,8,2024,217
8/5/2024,18.83450087,18.334,19.366,0.205991762,18.5632,19.0848,8,2024,218
8/6/2024,18.89525913,18.367,19.128,0.149682814,18.6704,19.036,8,2024,219
8/7/2024,18.34683652,17.995,18.715,0.169529142,18.1484,18.6072,8,2024,220
8/8/2024,18.11288696,17.561,18.674,0.274018196,17.792,18.5532,8,2024,221
8/9/2024,18.10102087,17.77,18.408,0.149964152,17.918,18.3282,8,2024,222
8/10/2024,18.04881565,17.72,18.391,0.170553886,17.8124,18.2746,8,2024,223
8/11/2024,17.91013913,17.183,18.4,0.28659161,17.4902,18.2286,8,2024,224
8/12/2024,17.93904522,17.352,18.441,0.293608419,17.4764,18.2766,8,2024,225
8/13/2024,17.9782487,17.478,18.684,0.277839184,17.6218,18.3878,8,2024,226
8/14/2024,18.31166609,17.483,18.85,0.330996305,17.8732,18.7176,8,2024,227
8/15/2024,18.41623304,17.913,18.835,0.250685141,18.0134,18.722,8,2024,228
8/16/2024,18.27174435,17.911,18.949,0.213694682,17.9964,18.5338,8,2024,229
8/17/2024,18.24547478,17.822,19.17,0.305643838,17.9114,18.7066,8,2024,230
8/18/2024,18.14846783,17.592,18.876,0.290514967,17.8048,18.5972,8,2024,231
8/19/2024,17.85662261,17.331,18.547,0.265538041,17.5192,18.2276,8,2024,232
8/20/2024,17.37948348,17.053,17.872,0.175461103,17.171,17.6224,8,2024,233
8/21/2024,17.15044522,16.815,17.654,0.22620247,16.8768,17.478,8,2024,234
8/22/2024,17.14603826,16.744,17.671,0.225262461,16.8692,17.4672,8,2024,235
8/23/2024,17.06094435,16.475,17.82,0.360109387,16.5942,17.599,8,2024,236
8/24/2024,17.11740522,16.302,17.99,0.439144827,16.5202,17.7282,8,2024,237
8/25/2024,17.52721739,16.843,18.444,0.377918275,16.998,18.0652,8,2024,238
8/26/2024,18.22390261,17.578,18.744,0.304438635,17.806,18.6436,8,2024,239
8/27/2024,18.01736,17.301,18.568,0.318788136,17.5704,18.432,8,2024,240
8/28/2024,18.41630957,18.035,18.966,0.155346465,18.2488,18.6346,8,2024,241
8/29/2024,18.33424174,17.808,18.592,0.131288226,18.1564,18.4776,8,2024,242
8/30/2024,17.37449043,16.823,17.965,0.272503121,16.9734,17.7408,8,2024,243
8/31/2024,16.96691478,16.19,17.644,0.247369354,16.6192,17.2688,8,2024,244
9/1/2024,16.93472174,16.478,17.394,0.170228149,16.7128,17.129,9,2024,245
9/2/2024,17.23910609,16.823,17.554,0.160510209,17.039,17.4746,9,2024,246
9/3/2024,16.98041217,16.396,17.526,0.26226355,16.6664,17.405,9,2024,247
9/4/2024,16.48380522,15.986,16.991,0.196689085,16.1938,16.718,9,2024,248
9/5/2024,16.42910261,15.751,17.035,0.29352897,16.0288,16.8236,9,2024,249
9/6/2024,16.5102313,15.982,17.204,0.312722758,16.103,16.9512,9,2024,250
9/7/2024,16.56896696,16.024,17.153,0.262986872,16.2118,16.901,9,2024,251
9/8/2024,16.70913043,16.315,17.034,0.124067499,16.5524,16.868,9,2024,252
9/9/2024,15.9197513,15.333,16.237,0.187909522,15.614,16.104,9,2024,253
9/10/2024,15.23803478,14.944,15.581,0.165934327,15.033,15.4746,9,2024,254
9/11/2024,15.32537043,14.973,15.704,0.223599778,15.052,15.6456,9,2024,255
9/12/2024,15.84478087,15.514,16.241,0.184394113,15.5876,16.0946,9,2024,256
9/13/2024,16.45987826,16.187,16.806,0.126031711,16.302,16.638,9,2024,257
9/14/2024,16.49738087,15.967,17.146,0.336722938,16.062,16.9912,9,2024,258
9/15/2024,16.2355913,15.694,16.885,0.312732809,15.8384,16.7132,9,2024,259
9/16/2024,16.29079478,15.686,16.936,0.306234845,15.865,16.6982,9,2024,260
9/17/2024,16.51560348,15.991,16.972,0.224512424,16.2118,16.8312,9,2024,261
9/18/2024,16.67798087,16.495,16.863,0.079053468,16.5774,16.794,9,2024,262
9/19/2024,17.03886609,16.659,17.339,0.14852443,16.8374,17.232,9,2024,263
9/20/2024,18.07668,17.853,18.273,0.100834023,17.9434,18.217,9,2024,264
9/21/2024,17.08873913,16.793,17.343,0.131521205,16.914,17.2706,9,2024,265
9/22/2024,16.46248174,16.192,16.695,0.119682693,16.3024,16.6296,9,2024,266
9/23/2024,15.00329391,14.875,15.197,0.080419537,14.9094,15.1226,9,2024,267
9/24/2024,15.01339478,14.802,15.236,0.106227284,14.882,15.1592,9,2024,268
9/25/2024,14.95238609,14.715,15.143,0.094285949,14.8264,15.084,9,2024,269
9/26/2024,14.98921217,14.759,15.307,0.128660467,14.84,15.1856,9,2024,270
9/27/2024,14.76214435,14.552,14.951,0.084396598,14.653,14.877,9,2024,271
9/28/2024,15.16765565,14.534,15.493,0.188654967,14.9034,15.3836,9,2024,272
9/29/2024,15.43880348,14.736,15.844,0.187924464,15.203,15.6536,9,2024,273
9/30/2024,15.3985913,14.711,15.791,0.186355001,15.1798,15.62,9,2024,274
10/1/2024,15.19519478,14.765,15.478,0.115793055,15.0376,15.321,10,2024,275
10/2/2024,15.17375478,14.646,15.514,0.16758736,14.9354,15.3852,10,2024,276
10/3/2024,15.11975826,14.55,15.405,0.204113625,14.8052,15.3416,10,2024,277
10/4/2024,15.00033043,14.618,15.315,0.176024909,14.755,15.234,10,2024,278
10/5/2024,15.1794487,14.714,15.363,0.130246043,14.996,15.322,10,2024,279
10/6/2024,15.12594261,14.703,15.4,0.137937805,14.9554,15.2886,10,2024,280
10/7/2024,15.04861217,14.554,15.275,0.15980003,14.813,15.233,10,2024,281
10/8/2024,14.47891652,14.24,14.829,0.122838681,14.36,14.681,10,2024,282
10/9/2024,14.31974261,14.053,14.654,0.11676369,14.1822,14.5006,10,2024,283
10/10/2024,14.11097913,13.748,14.44,0.16069121,13.8894,14.3406,10,2024,284
10/11/2024,13.96470783,13.317,14.368,0.25932133,13.5644,14.2988,10,2024,285
10/12/2024,13.68770435,13.076,14.182,0.297720877,13.2386,14.0796,10,2024,286
10/13/2024,13.59410435,13.13,14.012,0.22462772,13.273,13.9096,10,2024,287
10/14/2024,12.99929739,12.707,13.173,0.087791924,12.8744,13.0996,10,2024,288
10/15/2024,12.59684,12.218,12.902,0.138169626,12.412,12.7846,10,2024,289
10/16/2024,12.20704696,11.892,12.489,0.147424236,11.9828,12.3992,10,2024,290
10/17/2024,12.03622087,11.703,12.265,0.14673085,11.787,12.1926,10,2024,291
10/18/2024,12.08889565,11.682,12.349,0.162122925,11.7974,12.281,10,2024,292
10/19/2024,12.04711478,11.674,12.381,0.161589224,11.8092,12.2572,10,2024,293
10/20/2024,12.33729565,11.95,12.687,0.1249463,12.1632,12.4706,10,2024,294
10/21/2024,12.48675652,12.039,12.793,0.152584802,12.3034,12.685,10,2024,295
10/22/2024,12.6241513,12.247,13.015,0.182070409,12.382,12.8848,10,2024,296
10/23/2024,12.97809217,12.585,13.421,0.174355659,12.7734,13.2426,10,2024,297
10/24/2024,12.94237739,12.603,13.469,0.185041633,12.6922,13.193,10,2024,298
10/25/2024,12.65400522,12.385,12.922,0.101903478,12.5364,12.7958,10,2024,299
10/26/2024,12.28914261,11.995,12.433,0.090955021,12.1358,12.3826,10,2024,300
10/27/2024,12.01865391,11.683,12.289,0.138817556,11.817,12.214,10,2024,301
10/28/2024,11.34713913,10.918,11.577,0.123977778,11.174,11.4826,10,2024,302
10/29/2024,11.19509391,10.68,11.582,0.15147427,10.965,11.3716,10,2024,303
10/30/2024,11.2456,10.841,11.518,0.121593113,11.0638,11.397,10,2024,304
10/31/2024,11.59966783,11.39,11.67,0.062452708,11.5,11.654,10,2024,305
11/1/2024,11.78898261,11.48,11.92,0.094249112,11.644,11.8856,11,2024,306
11/2/2024,11.59808522,11.176,11.953,0.213110115,11.2678,11.8926,11,2024,307
11/3/2024,11.39939478,10.933,11.619,0.186376644,11.0658,11.578,11,2024,308
11/4/2024,11.4193913,11.074,11.769,0.183157968,11.1524,11.6782,11,2024,309
11/5/2024,11.61002435,11.419,11.849,0.109595977,11.4754,11.7712,11,2024,310
11/6/2024,11.30855652,11.202,11.402,0.041075224,11.2594,11.365,11,2024,311
11/7/2024,11.14615826,10.836,11.351,0.129527664,10.9384,11.296,11,2024,312
11/8/2024,11.07693913,10.741,11.362,0.144295869,10.8394,11.2436,11,2024,313
11/9/2024,10.83698087,10.571,11.027,0.122404573,10.6414,10.988,11,2024,314
11/10/2024,10.48759478,10.175,10.801,0.18436178,10.2384,10.75,11,2024,315
11/11/2024,10.49189217,10.054,10.762,0.18009639,10.2534,10.7258,11,2024,316
11/12/2024,10.47911652,9.995,10.789,0.196064108,10.2064,10.712,11,2024,317
11/13/2024,10.38701391,10.077,10.683,0.147670848,10.179,10.5862,11,2024,318
11/14/2024,10.11138087,9.932,10.446,0.129979545,9.968,10.3266,11,2024,319
11/15/2024,9.765652174,9.323,10.371,0.245269192,9.4476,10.0956,11,2024,320
11/16/2024,9.583528696,9.305,10.104,0.199906438,9.368,9.8768,11,2024,321
11/17/2024,9.373737391,9.125,9.877,0.192305639,9.1504,9.6658,11,2024,322
11/18/2024,9.464733913,9.064,10.071,0.254392829,9.1514,9.8358,11,2024,323
11/19/2024,9.395314783,9.03,10.11,0.286560579,9.0984,9.853,11,2024,324
11/20/2024,9.313278261,8.934,9.983,0.288498617,9.005,9.7676,11,2024,325
11/21/2024,9.372448696,8.95,9.945,0.251186364,9.0596,9.744,11,2024,326
11/22/2024,8.649137391,8.369,8.835,0.12117241,8.469,8.802,11,2024,327
11/23/2024,8.863194783,8.434,9.213,0.210648948,8.5608,9.1396,11,2024,328
11/24/2024,8.890895652,8.709,9.298,0.13733557,8.751,9.1056,11,2024,329
11/25/2024,8.854761739,8.523,9.39,0.219150094,8.6064,9.1812,11,2024,330
11/26/2024,8.863772174,8.527,9.368,0.203160795,8.6184,9.1656,11,2024,331
11/27/2024,8.836126957,8.624,9.252,0.151437685,8.662,9.0656,11,2024,332
11/28/2024,8.871714783,8.692,9.224,0.1374578,8.7194,9.0756,11,2024,333
11/29/2024,8.84316,8.618,9.31,0.161676998,8.6624,9.0856,11,2024,334
11/30/2024,8.649057391,8.133,9.243,0.267597425,8.2854,9.0086,11,2024,335
12/1/2024,8.255542609,7.9,8.859,0.239497815,7.9834,8.6252,12,2024,336
12/2/2024,8.220048696,7.915,8.898,0.249352411,7.9564,8.6342,12,2024,337
12/3/2024,8.26709913,7.995,8.794,0.201264822,8.045,8.5856,12,2024,338
12/4/2024,8.250093913,8.122,8.492,0.085463533,8.16,8.381,12,2024,339
12/5/2024,8.143594783,8.019,8.286,0.063601473,8.0584,8.234,12,2024,340
12/6/2024,7.727826087,7.551,8.123,0.139850571,7.584,7.9536,12,2024,341
12/7/2024,7.726506087,7.464,8.273,0.184974524,7.5186,8.0176,12,2024,342
12/8/2024,7.703998261,7.507,8.087,0.142004104,7.5554,7.9236,12,2024,343
12/9/2024,7.695631304,7.489,8.026,0.087925073,7.592,7.8066,12,2024,344
12/10/2024,7.667307826,7.559,7.962,0.083892358,7.583,7.7906,12,2024,345
12/11/2024,7.621274783,7.474,7.902,0.097084688,7.503,7.7532,12,2024,346
12/12/2024,7.359346087,7.184,7.732,0.13027576,7.216,7.5524,12,2024,347
12/13/2024,7.01998087,6.824,7.551,0.173729408,6.837,7.2784,12,2024,348
12/14/2024,6.775467826,6.582,7.293,0.172264874,6.5944,7.0386,12,2024,349
12/15/2024,6.717626087,6.524,7.243,0.151031336,6.539,6.8978,12,2024,350
12/16/2024,6.887031304,6.721,7.214,0.106423988,6.7614,7.0302,12,2024,351
12/17/2024,6.995165217,6.879,7.166,0.06064349,6.924,7.094,12,2024,352
12/18/2024,6.921233043,6.786,7.113,0.066764482,6.834,7.017,12,2024,353
12/19/2024,6.982401739,6.852,7.103,0.055466162,6.901,7.052,12,2024,354
12/20/2024,6.745735652,6.598,6.913,0.072846216,6.644,6.841,12,2024,355
12/21/2024,6.449486957,6.298,6.779,0.127990728,6.321,6.6646,12,2024,356
12/22/2024,6.337426087,6.073,6.716,0.177209627,6.126,6.6236,12,2024,357
12/23/2024,6.084050435,5.81,6.562,0.203805304,5.8594,6.4232,12,2024,358
12/24/2024,5.972476522,5.734,6.333,0.150685411,5.7854,6.2056,12,2024,359
12/25/2024,5.992695652,5.701,6.458,0.170670066,5.7814,6.234,12,2024,360
12/26/2024,5.769201739,5.527,6.068,0.136183,5.5974,5.9616,12,2024,361
12/27/2024,5.653925217,5.46,6.053,0.133708546,5.5104,5.8472,12,2024,362
12/28/2024,5.714415652,5.501,6.077,0.124446521,5.565,5.9002,12,2024,363
12/29/2024,6.132067826,5.972,6.422,0.088048058,6.0214,6.2498,12,2024,364
12/30/2024,6.379438261,6.255,6.568,0.065772196,6.3054,6.4806,12,2024,365
12/31/2024,6.334469565,6.199,6.528,0.071411786,6.2514,6.4456,12,2024,366
1/1/2025,6.38489913,6.195,6.571,0.085747138,6.2648,6.5046,1,2025,1
1/2/2025,5.945366957,5.668,6.29,0.147151191,5.7468,6.1536,1,2025,2
1/3/2025,5.593634783,5.325,6.3,0.237135685,5.363,5.948,1,2025,3
1/4/2025,5.561751304,5.331,6.246,0.217126673,5.3634,5.8918,1,2025,4
1/5/2025,5.578342609,5.34,6.141,0.212744123,5.372,5.9296,1,2025,5
1/6/2025,5.59109913,5.327,6.246,0.243212169,5.362,6.0008,1,2025,6
1/7/2025,5.609793043,5.347,6.153,0.214575573,5.384,5.9506,1,2025,7
1/8/2025,5.635516522,5.44,5.832,0.098848859,5.4984,5.764,1,2025,8
1/9/2025,5.560878261,5.456,5.827,0.073705264,5.486,5.676,1,2025,9
1/10/2025,5.466163478,5.285,5.802,0.132447838,5.325,5.675,1,2025,10
1/11/2025,5.50704,5.35,5.812,0.112124791,5.3868,5.6798,1,2025,11
1/12/2025,5.660293913,5.466,5.947,0.109580649,5.5254,5.8296,1,2025,12
1/13/2025,5.422572174,5.226,5.694,0.100870676,5.294,5.564,1,2025,13
1/14/2025,4.49568,4.278,4.877,0.123038499,4.338,4.665,1,2025,14
1/15/2025,4.28252,4.056,4.663,0.154633542,4.0924,4.497,1,2025,15
1/16/2025,4.347335652,4.077,4.731,0.159041117,4.1424,4.565,1,2025,16
1/17/2025,4.450246957,4.238,4.827,0.150868998,4.2694,4.66,1,2025,17
1/18/2025,4.69778087,4.547,5.033,0.104475564,4.577,4.8602,1,2025,18
1/19/2025,4.752855652,4.619,4.924,0.072389565,4.6564,4.8536,1,2025,19
1/20/2025,4.731146087,4.57,5.006,0.095701115,4.612,4.866,1,2025,20
1/21/2025,4.562415652,4.374,4.877,0.110421174,4.419,4.7128,1,2025,21
1/22/2025,4.145354783,3.938,4.668,0.170558693,3.976,4.4046,1,2025,22
1/23/2025,4.256448696,3.975,4.568,0.150801877,4.055,4.4646,1,2025,23
1/24/2025,4.420975652,4.024,4.774,0.185321642,4.1624,4.6656,1,2025,24
1/25/2025,4.228093913,3.909,4.567,0.146129834,4.03,4.415,1,2025,25
1/26/2025,3.998153043,3.766,4.348,0.103462499,3.8594,4.121,1,2025,26
1/27/2025,4.033629565,3.767,4.327,0.136632216,3.8568,4.2308,1,2025,27
1/28/2025,4.534772174,4.256,4.821,0.137709379,4.3504,4.7182,1,2025,28
1/29/2025,4.702744348,4.358,5.096,0.160003938,4.495,4.9134,1,2025,29
1/30/2025,4.669883478,4.33,5.099,0.157010415,4.4734,4.8888,1,2025,30
1/31/2025,4.397267826,4.186,4.697,0.1168474,4.244,4.5582,1,2025,31
2/1/2025,3.934236522,3.755,4.366,0.115634244,3.7984,4.0962,2,2025,32
2/2/2025,3.741363478,3.549,4.35,0.131905989,3.5954,3.895,2,2025,33
2/3/2025,4.004406957,3.797,4.361,0.125399979,3.8534,4.1886,2,2025,34
2/4/2025,4.030968696,3.77,4.514,0.192283823,3.82,4.3356,2,2025,35
2/5/2025,4.137041739,3.834,4.549,0.166311245,3.926,4.3854,2,2025,36
2/6/2025,3.815092174,3.486,4.277,0.208277865,3.5622,4.1278,2,2025,37
2/7/2025,4.132973913,3.829,4.486,0.158338755,3.932,4.3632,2,2025,38
2/8/2025,4.306556522,3.971,4.688,0.175045688,4.0808,4.5532,2,2025,39
2/9/2025,4.267509565,4.044,4.54,0.116831005,4.116,4.43,2,2025,40
2/10/2025,4.17012,4.022,4.378,0.074445578,4.069,4.2658,2,2025,41
2/11/2025,4.149050435,4.014,4.439,0.087747594,4.0524,4.2826,2,2025,42
2/12/2025,3.830092174,3.678,4.219,0.10408575,3.723,3.9772,2,2025,43
2/13/2025,3.656991304,3.401,4.13,0.147014523,3.477,3.8638,2,2025,44
2/14/2025,3.532526957,3.31,3.993,0.132088526,3.3844,3.7216,2,2025,45
2/15/2025,3.582777391,3.347,3.958,0.123818623,3.419,3.746,2,2025,46
2/16/2025,3.531078261,3.221,3.812,0.147197428,3.3234,3.723,2,2025,47
2/17/2025,3.262836522,2.948,3.693,0.144004819,3.0674,3.4346,2,2025,48
2/18/2025,3.208796522,2.899,3.635,0.145227379,3.0142,3.3824,2,2025,49
2/19/2025,3.406321739,3.057,3.79,0.14405871,3.2034,3.571,2,2025,50
2/20/2025,2.893488696,2.588,3.336,0.148037615,2.7,3.067,2,2025,51
2/21/2025,2.827288696,2.521,3.22,0.15373748,2.62,3.0266,2,2025,52
2/22/2025,2.806907826,2.507,3.243,0.153392201,2.6098,3.0166,2,2025,53
2/23/2025,2.942041739,2.644,3.512,0.174324755,2.738,3.1858,2,2025,54
2/24/2025,3.186189565,2.996,3.436,0.095384243,3.0594,3.319,2,2025,55
2/25/2025,3.079746087,2.882,3.419,0.118785469,2.9354,3.2426,2,2025,56
2/26/2025,3.198629565,3.042,3.457,0.088765361,3.084,3.3186,2,2025,57
2/27/2025,2.9932,2.695,3.373,0.149365021,2.8032,3.1968,2,2025,58
2/28/2025,3.108252174,2.841,3.385,0.129111628,2.939,3.284,2,2025,59
3/1/2025,3.092685217,2.877,3.473,0.129325535,2.937,3.2742,3,2025,60
3/2/2025,2.926107826,2.727,3.406,0.131980223,2.776,3.111,3,2025,61
3/3/2025,2.94129913,2.753,3.31,0.118561857,2.8,3.106,3,2025,62
3/4/2025,3.205584348,3.077,3.429,0.082152358,3.107,3.329,3,2025,63
3/5/2025,3.629893913,3.506,3.76,0.056555768,3.548,3.699,3,2025,64
3/6/2025,3.307782609,3.115,3.488,0.09061299,3.181,3.4266,3,2025,65
3/7/2025,2.959191304,2.745,3.293,0.131144114,2.802,3.1532,3,2025,66
3/8/2025,2.79946087,2.569,3.304,0.183766662,2.605,3.081,3,2025,67
3/9/2025,2.831154783,2.556,3.393,0.223198015,2.597,3.1806,3,2025,68
3/10/2025,3.03513913,2.844,3.415,0.11501982,2.9044,3.198,3,2025,69
3/11/2025,3.277267826,2.959,3.706,0.200020098,3,3.5506,3,2025,70
3/12/2025,3.467017391,3.105,4.116,0.273765184,3.1364,3.8802,3,2025,71
3/13/2025,3.543686957,3.206,4.057,0.234020092,3.269,3.9052,3,2025,72
3/14/2025,3.668046957,3.423,4.092,0.142120819,3.4868,3.8646,3,2025,73
3/15/2025,3.907589565,3.687,4.258,0.12413658,3.7504,4.0826,3,2025,74
3/16/2025,4.024422609,3.799,4.23,0.108045144,3.8702,4.1642,3,2025,75
3/17/2025,3.651109565,3.468,3.892,0.107898892,3.518,3.8096,3,2025,76
3/18/2025,3.649526957,3.442,3.891,0.122975475,3.485,3.8196,3,2025,77
3/19/2025,4.105572174,3.909,4.353,0.099715945,3.979,4.246,3,2025,78
3/20/2025,4.864631304,4.482,5.363,0.211818301,4.585,5.1606,3,2025,79
3/21/2025,4.118306087,3.828,4.335,0.089155329,4.0128,4.2386,3,2025,80
3/22/2025,4.08552,3.659,4.31,0.097835081,3.9608,4.205,3,2025,81
3/23/2025,4.035587826,3.648,4.215,0.09566262,3.908,4.1386,3,2025,82
3/24/2025,3.913306087,3.508,4.145,0.141636184,3.707,4.0872,3,2025,83
3/25/2025,3.235645217,2.847,3.719,0.249061428,2.919,3.5928,3,2025,84
3/26/2025,3.23921913,2.729,3.739,0.246578003,2.901,3.5576,3,2025,85
3/27/2025,3.437332174,2.901,3.849,0.148155945,3.2568,3.6306,3,2025,86
3/28/2025,3.6294,3.223,3.878,0.136304831,3.4324,3.8056,3,2025,87
3/29/2025,3.720612174,3.304,3.967,0.136685341,3.524,3.881,3,2025,88
3/30/2025,3.538262609,3.235,3.775,0.122605237,3.3672,3.6952,3,2025,89
3/31/2025,3.547057391,3.114,3.82,0.171378034,3.2894,3.7536,3,2025,90
4/1/2025,3.782273043,3.212,4.012,0.168348983,3.5314,3.976,4,2025,91
4/2/2025,3.81437913,3.212,4.058,0.178036578,3.5516,4.014,4,2025,92
4/3/2025,3.90092,3.503,4.077,0.119241259,3.7306,4.047,4,2025,93
4/4/2025,4.261252174,3.806,4.595,0.185005615,4.0038,4.5368,4,2025,94
4/5/2025,4.472046957,4.004,4.949,0.231653839,4.169,4.753,4,2025,95
4/6/2025,4.467886957,4.03,4.799,0.186123239,4.195,4.7112,4,2025,96
4/7/2025,4.230747826,3.982,4.387,0.091488318,4.1032,4.349,4,2025,97
4/8/2025,3.883474783,3.841,3.915,0.017927233,3.858,3.906,4,2025,98
4/9/2025,3.630532174,3.586,3.674,0.020477452,3.601,3.657,4,2025,99
4/10/2025,3.570076522,3.52,3.623,0.024003652,3.536,3.601,4,2025,100
4/11/2025,3.624497391,3.594,3.699,0.022034647,3.602,3.659,4,2025,101
4/12/2025,3.694794783,3.667,3.775,0.027826234,3.669,3.7406,4,2025,102
4/13/2025,4.097801739,4.022,4.201,0.032598428,4.051,4.1386,4,2025,103
4/14/2025,4.326815652,4.078,4.537,0.117311243,4.19,4.502,4,2025,104
4/15/2025,4.707457391,4.167,5.094,0.243242135,4.3558,5.0124,4,2025,105
4/16/2025,4.803725217,4.252,5.166,0.186769392,4.533,5.0426,4,2025,106
4/17/2025,4.717010435,4.362,4.978,0.123077197,4.5344,4.859,4,2025,107
4/18/2025,4.696622609,4.389,5.064,0.127514426,4.528,4.8552,4,2025,108
4/19/2025,4.901881739,4.697,5.216,0.134433422,4.744,5.1026,4,2025,109
4/20/2025,4.902746087,4.778,4.972,0.038864074,4.848,4.949,4,2025,110
4/21/2025,5.298617391,5.237,5.344,0.02631529,5.259,5.331,4,2025,111
4/22/2025,5.516857391,5.358,5.594,0.057901218,5.432,5.583,4,2025,112
4/23/2025,5.631316522,5.401,5.802,0.08508547,5.5124,5.746,4,2025,113
4/24/2025,6.428314783,6.001,7.086,0.216752488,6.1894,6.721,4,2025,114
4/25/2025,6.224516522,5.939,6.809,0.196364721,6.039,6.5464,4,2025,115
4/26/2025,5.823246957,5.625,6.034,0.100236036,5.6874,5.9636,4,2025,116
4/27/2025,5.915916522,5.494,6.377,0.202897135,5.6628,6.2114,4,2025,117
4/28/2025,5.988775652,5.51,6.524,0.218825882,5.7196,6.3056,4,2025,118
4/29/2025,6.476773913,6.07,6.711,0.153807703,6.2334,6.65,4,2025,119
4/30/2025,6.694217391,6.474,6.903,0.10957353,6.5424,6.846,4,2025,120
5/1/2025,7.374893913,6.938,7.81,0.190589853,7.133,7.6338,5,2025,121
5/2/2025,7.59253913,7.138,8.047,0.201608302,7.3294,7.8668,5,2025,122
5/3/2025,7.681142609,7.236,8.123,0.200221786,7.4188,7.9566,5,2025,123
5/4/2025,7.765885217,7.346,8.17,0.188839111,7.5178,8.0234,5,2025,124
5/5/2025,7.356966957,7.102,7.603,0.109214892,7.217,7.5042,5,2025,125
5/6/2025,7.494474783,7.23,7.763,0.118435764,7.3444,7.661,5,2025,126
5/7/2025,7.637161739,7.371,7.909,0.124497386,7.4784,7.814,5,2025,127
5/8/2025,7.613045217,7.347,7.888,0.123546707,7.4564,7.7888,5,2025,128
5/9/2025,7.316786087,7.074,7.581,0.110833654,7.178,7.47,5,2025,129
5/10/2025,6.52974087,6.323,6.763,0.09753288,6.3994,6.6626,5,2025,130
5/11/2025,6.585633043,6.383,6.809,0.094041169,6.4578,6.7136,5,2025,131
5/12/2025,7.653076522,7.274,8.035,0.165335393,7.4328,7.876,5,2025,132
5/13/2025,9.905224348,9.586,10.215,0.144832644,9.7118,10.1036,5,2025,133
5/14/2025,10.41441565,9.963,10.783,0.193148657,10.1474,10.666,5,2025,134
5/15/2025,10.41997391,9.959,10.801,0.199213692,10.1438,10.6856,5,2025,135
5/16/2025,10.10668,9.704,10.498,0.181860589,9.8664,10.352,5,2025,136
5/17/2025,9.717285217,9.385,10.034,0.145375467,9.5198,9.909,5,2025,137
5/18/2025,9.877227826,9.655,10.078,0.094780832,9.7454,10.002,5,2025,138
5/19/2025,9.903236522,9.632,10.171,0.117083533,9.7532,10.063,5,2025,139
5/20/2025,8.911050435,8.689,9.101,0.088597881,8.788,9.0276,5,2025,140
5/21/2025,8.547984348,8.333,8.741,0.087356481,8.429,8.664,5,2025,141
5/22/2025,8.175213913,7.972,8.372,0.086447651,8.0634,8.2916,5,2025,142
5/23/2025,7.792937391,7.638,7.953,0.069957226,7.705,7.8906,5,2025,143
5/24/2025,7.891273043,7.732,8.049,0.071283506,7.801,7.991,5,2025,144
5/25/2025,9.56322087,9.375,9.678,0.058593339,9.4844,9.637,5,2025,145
5/26/2025,9.571582609,9.262,9.785,0.112498082,9.4194,9.7196,5,2025,146
5/27/2025,9.472471304,9.164,9.699,0.117208526,9.3144,9.6296,5,2025,147
5/28/2025,10.13018261,9.688,10.531,0.18531902,9.886,10.3796,5,2025,148
5/29/2025,10.42916522,10.063,10.767,0.160968645,10.2178,10.65,5,2025,149
5/30/2025,10.49443478,10.191,10.788,0.141849563,10.3064,10.6896,5,2025,150
5/31/2025,10.35320174,9.979,10.708,0.163362024,10.1396,10.5752,5,2025,151
6/1/2025,10.28211826,9.905,10.639,0.157965825,10.0778,10.4946,6,2025,152
6/2/2025,11.81990435,11.585,11.957,0.085540806,11.6968,11.9216,6,2025,153
6/3/2025,11.77196174,11.582,11.95,0.092254865,11.6398,11.892,6,2025,154
6/4/2025,11.7534087,11.563,11.944,0.094948298,11.618,11.8756,6,2025,155
6/5/2025,11.66361043,11.43,11.864,0.107619253,11.508,11.802,6,2025,156
6/6/2025,11.65878435,11.409,11.795,0.090222501,11.5264,11.7666,6,2025,157
6/7/2025,14.0224887,13.599,14.25,0.157475399,13.796,14.216,6,2025,158
6/8/2025,14.22329391,13.719,14.438,0.167093463,13.9664,14.392,6,2025,159
6/9/2025,14.25034087,13.767,14.47,0.159099487,14.0032,14.4086,6,2025,160
6/10/2025,14.11710435,13.637,14.373,0.186591057,13.8476,14.349,6,2025,161
6/11/2025,14.28337391,13.947,14.535,0.128204015,14.1138,14.4536,6,2025,162
6/12/2025,14.87904348,14.355,15.185,0.192353858,14.6094,15.118,6,2025,163
6/13/2025,14.69352522,14.159,15.038,0.205294211,14.4046,14.9506,6,2025,164
6/14/2025,14.26033565,13.738,14.642,0.232920326,13.9188,14.555,6,2025,165
6/15/2025,14.39641043,13.775,14.761,0.272120193,13.9764,14.712,6,2025,166
6/16/2025,14.20977739,13.589,14.56,0.273810063,13.7904,14.525,6,2025,167
6/17/2025,14.19424348,13.626,14.576,0.251329434,13.8202,14.501,6,2025,168
6/18/2025,14.38551304,13.773,14.94,0.279105364,14.0164,14.7718,6,2025,169
6/19/2025,14.47766783,13.939,14.935,0.208587516,14.1674,14.7428,6,2025,170
6/20/2025,14.36660174,13.871,14.794,0.234381214,14.0192,14.659,6,2025,171
6/21/2025,14.64590261,14.126,15.198,0.291643267,14.26,15.062,6,2025,172
6/22/2025,14.75989913,14.431,15.063,0.152932144,14.555,14.96,6,2025,173
6/23/2025,15.80734609,15.362,16.267,0.200220819,15.5562,16.0892,6,2025,174
6/24/2025,17.32886261,16.953,17.607,0.139389111,17.1434,17.508,6,2025,175
6/25/2025,16.93698261,16.705,17.056,0.06620528,16.839,17.01,6,2025,176
6/26/2025,17.05194087,16.767,17.177,0.085806605,16.9252,17.148,6,2025,177
6/27/2025,16.69406435,16.482,16.838,0.078850171,16.581,16.7916,6,2025,178
6/28/2025,16.43869043,16.234,16.656,0.107272479,16.299,16.593,6,2025,179
6/29/2025,16.93381391,16.49,17.491,0.221427225,16.6664,17.2534,6,2025,180
6/30/2025,16.80993391,16.388,17.543,0.223944499,16.5764,17.1516,6,2025,181
7/1/2025,17.45219304,16.975,17.818,0.218461175,17.1244,17.7032,7,2025,182
7/2/2025,17.89621739,17.568,18.184,0.160340697,17.681,18.1262,7,2025,183
7/3/2025,18.18358435,17.797,18.515,0.188647033,17.8928,18.4146,7,2025,184
7/4/2025,18.06666783,17.449,18.495,0.205892777,17.76,18.286,7,2025,185
7/5/2025,17.80416348,17.058,18.075,0.153530318,17.626,17.971,7,2025,186
7/6/2025,17.54907304,16.709,17.926,0.183783584,17.3384,17.7868,7,2025,187
7/7/2025,17.41010783,16.733,17.713,0.161725718,17.2018,17.5958,7,2025,188
7/8/2025,17.32958609,16.706,17.852,0.255157045,16.9846,17.6772,7,2025,189
7/9/2025,17.53837913,16.786,18.237,0.339087727,17.0852,18.0044,7,2025,190
7/10/2025,17.03541391,16.467,17.567,0.261549509,16.6854,17.4,7,2025,191
7/11/2025,17.13968348,16.602,17.626,0.234434825,16.8298,17.4624,7,2025,192
7/12/2025,17.25258609,16.699,17.725,0.243375906,16.9226,17.5842,7,2025,193
7/13/2025,17.32782783,16.741,17.805,0.242715948,17.004,17.6522,7,2025,194
7/14/2025,17.56517043,16.955,18.034,0.243217004,17.2358,17.884,7,2025,195
7/15/2025,20.32154957,20.119,20.638,0.12848581,20.175,20.5188,7,2025,196
7/16/2025,20.1155287,19.983,20.579,0.13591218,19.995,20.3378,7,2025,197
7/17/2025,20.17573565,20.017,20.736,0.175953974,20.025,20.467,7,2025,198
7/18/2025,20.33828348,20.187,20.844,0.159324898,20.209,20.603,7,2025,199
7/19/2025,19.93909739,19.36,20.314,0.231379579,19.6018,20.2256,7,2025,200
7/20/2025,17.46591478,16.867,17.949,0.280039789,17.0668,17.8092,7,2025,201
7/21/2025,16.71700696,16.4,17.273,0.19086859,16.4744,16.978,7,2025,202
7/22/2025,16.6696887,16.453,16.991,0.132193207,16.5054,16.8542,7,2025,203
7/23/2025,16.59186435,16.159,16.845,0.141748744,16.3782,16.7542,7,2025,204
7/24/2025,16.68971652,16.291,17.095,0.20508468,16.3874,16.932,7,2025,205
7/25/2025,16.91858261,16.44,17.294,0.214385882,16.595,17.1458,7,2025,206
7/26/2025,17.06623478,16.413,17.758,0.279362407,16.629,17.4152,7,2025,207
7/27/2025,17.1548887,16.613,17.563,0.213876405,16.8102,17.4104,7,2025,208
7/28/2025,18.08058261,17.967,18.197,0.055843825,18.007,18.1596,7,2025,209
7/29/2025,18.93109565,18.712,19.178,0.069568302,18.8464,19.015,7,2025,210
7/30/2025,18.79222435,18.53,18.928,0.073771141,18.6808,18.8616,7,2025,211
7/31/2025,17.99114087,17.808,18.171,0.072054248,17.8988,18.0896,7,2025,212
8/1/2025,17.80257565,17.501,18.087,0.076545407,17.7274,17.872,8,2025,213
8/2/2025,17.80795304,17.425,18.123,0.089308003,17.7314,17.8868,8,2025,214
8/3/2025,17.60736696,17.373,17.821,0.086846229,17.505,17.731,8,2025,215
8/4/2025,17.55588522,17.367,17.883,0.113518962,17.4264,17.7142,8,2025,216
8/5/2025,17.7468313,17.302,18.09,0.123095828,17.5942,17.8886,8,2025,217
8/6/2025,18.1658487,17.446,18.537,0.219893171,17.8354,18.4272,8,2025,218
8/7/2025,18.28732696,17.619,18.774,0.230403912,17.9734,18.585,8,2025,219
8/8/2025,18.27514261,17.721,18.694,0.173625685,18.0312,18.486,8,2025,220
8/9/2025,18.56694261,18.303,18.988,0.168126275,18.371,18.7988,8,2025,221
8/10/2025,19.17546261,19.047,19.487,0.092337294,19.075,19.2974,8,2025,222
8/11/2025,20.02589217,19.747,20.445,0.149545743,19.8614,20.2486,8,2025,223
8/12/2025,20.2234713,19.732,20.965,0.333513231,19.8184,20.7452,8,2025,224
8/13/2025,20.32131304,19.594,21.201,0.398180731,19.838,20.9358,8,2025,225
8/14/2025,20.48505739,20.015,21.051,0.222055033,20.2242,20.823,8,2025,226
8/15/2025,20.19429565,19.941,20.555,0.134771,20.046,20.387,8,2025,227
8/16/2025,19.77932,19.455,20.057,0.129396476,19.6124,19.9656,8,2025,228
8/17/2025,19.47525913,19.059,19.829,0.190425877,19.224,19.724,8,2025,229
8/18/2025,19.01213043,18.721,19.304,0.128553431,18.8284,19.1802,8,2025,230
8/19/2025,19.13228174,18.788,19.402,0.126420613,18.951,19.2816,8,2025,231
8/20/2025,17.19869043,16.464,18.024,0.402100796,16.7114,17.7708,8,2025,232
8/21/2025,17.14848174,16.147,18.287,0.552535359,16.5208,18.019,8,2025,233
8/22/2025,17.22489739,16.104,18.604,0.641205206,16.535,18.2602,8,2025,234
8/23/2025,17.06087304,16.12,18.118,0.503043811,16.4488,17.8026,8,2025,235
8/24/2025,16.81863304,16.176,17.493,0.303337026,16.4296,17.2386,8,2025,236
8/25/2025,19.20440174,18.981,19.407,0.091949977,19.0858,19.328,8,2025,237
8/26/2025,18.63955478,18.442,18.822,0.081696451,18.529,18.7486,8,2025,238
8/27/2025,16.96633391,16.799,17.222,0.102524866,16.8354,17.1152,8,2025,239
8/28/2025,16.79765391,16.371,17.122,0.163863482,16.5684,16.9856,8,2025,240
8/29/2025,16.85007304,16.391,17.245,0.184909352,16.6002,17.0736,8,2025,241
8/30/2025,16.92034261,16.603,17.085,0.074755461,16.818,17.003,8,2025,242
8/31/2025,17.06618087,16.731,17.489,0.179370012,16.8394,17.3112,8,2025,243
9/1/2025,17.22884522,16.884,17.654,0.188714223,16.9744,17.4856,9,2025,244
9/2/2025,17.45791304,17.072,17.953,0.175344656,17.243,17.7116,9,2025,245
9/3/2025,17.5118713,17.066,18.023,0.220996809,17.2128,17.8276,9,2025,246
9/4/2025,17.54019478,17.045,18.025,0.232121342,17.2066,17.8096,9,2025,247
9/5/2025,17.68047652,17.263,18.215,0.263469776,17.3472,18.0706,9,2025,248
9/6/2025,17.74348174,17.192,18.305,0.321241618,17.3422,18.2286,9,2025,249
9/7/2025,17.39710609,17.104,17.796,0.17716957,17.1668,17.658,9,2025,250
9/8/2025,16.50437043,16.064,17.13,0.311803538,16.104,16.9146,9,2025,251
9/9/2025,16.46886261,15.998,16.819,0.213012482,16.1596,16.741,9,2025,252
9/10/2025,16.47753913,16.133,16.936,0.188146752,16.2004,16.7082,9,2025,253
9/11/2025,16.18837739,15.872,16.986,0.194099624,16.009,16.4526,9,2025,254
9/12/2025,16.11473391,15.911,16.594,0.111175398,15.9928,16.2646,9,2025,255
9/13/2025,16.01897565,15.684,16.421,0.145590481,15.828,16.195,9,2025,256
9/14/2025,16.18806435,15.843,16.687,0.208505803,15.9378,16.499,9,2025,257
9/15/2025,16.25686261,15.733,16.781,0.266799348,15.9158,16.6342,9,2025,258
9/16/2025,16.24716,15.755,16.712,0.233246065,15.9472,16.5766,9,2025,259
9/17/2025,16.26355478,15.918,16.581,0.131717415,16.106,16.4546,9,2025,260
9/18/2025,16.78768696,16.283,17.258,0.175218926,16.5954,17.0398,9,2025,261
9/19/2025,16.92192696,16.315,17.379,0.225581351,16.6078,17.2002,9,2025,262
9/20/2025,16.58409913,16.201,17.031,0.223137398,16.2894,16.912,9,2025,263
9/21/2025,16.01754261,15.511,16.652,0.226885006,15.732,16.35,9,2025,264
9/22/2025,15.82201043,15.04,16.129,0.204602265,15.5344,16.0536,9,2025,265
9/23/2025,15.69957913,14.994,16.056,0.168900741,15.4938,15.882,9,2025,266
9/24/2025,15.81414957,15.133,16.131,0.174608747,15.57,16.0016,9,2025,267
9/25/2025,16.06615304,15.431,16.974,0.399713117,15.631,16.7176,9,2025,268
9/26/2025,16.15043304,15.461,17.183,0.422572438,15.6838,16.845,9,2025,269
9/27/2025,16.09626435,15.554,16.908,0.345289249,15.7062,16.6456,9,2025,270
9/28/2025,16.23513913,15.91,16.637,0.16184335,16.0184,16.4882,9,2025,271
9/29/2025,16.15208696,15.872,16.541,0.168336986,15.9614,16.4006,9,2025,272
9/30/2025,15.99304522,15.59,16.322,0.165433707,15.766,16.2096,9,2025,273
10/1/2025,15.50695652,14.982,15.913,0.187841962,15.227,15.7188,10,2025,274
10/2/2025,14.93073913,14.534,15.223,0.195581519,14.6532,15.175,10,2025,275
10/3/2025,14.9497687,14.459,15.261,0.184736399,14.6586,15.175,10,2025,276
10/4/2025,15.06441739,14.514,15.419,0.140568618,14.9134,15.2732,10,2025,277
10/5/2025,15.0264487,14.497,15.438,0.162633833,14.8124,15.2286,10,2025,278
10/6/2025,15.22222783,14.973,15.664,0.134698393,15.0794,15.4136,10,2025,279
10/7/2025,15.42920174,15.1,15.657,0.138515302,15.2384,15.6206,10,2025,280
10/8/2025,14.76108174,14.451,15.057,0.175899367,14.512,14.994,10,2025,281
10/9/2025,14.46815304,13.994,14.978,0.179711405,14.249,14.692,10,2025,282
10/10/2025,13.72568348,13.3,14.141,0.185952939,13.4744,13.9648,10,2025,283
10/11/2025,13.47175652,13.094,13.824,0.189827796,13.2044,13.7328,10,2025,284
10/12/2025,13.50717913,13.151,13.732,0.145757749,13.324,13.7036,10,2025,285
10/13/2025,13.41105391,13.087,13.639,0.115640056,13.247,13.549,10,2025,286
10/14/2025,12.71374435,12.478,12.889,0.089666721,12.593,12.8286,10,2025,287
10/15/2025,12.71723652,12.45,12.857,0.10500199,12.5654,12.835,10,2025,288
10/16/2025,12.64005739,12.399,12.861,0.103446186,12.5114,12.7786,10,2025,289
10/17/2025,12.56796,12.325,12.757,0.121377374,12.3994,12.737,10,2025,290
10/18/2025,12.55002087,12.197,12.822,0.178806125,12.2804,12.768,10,2025,291
10/19/2025,12.45363304,12.059,12.715,0.164403311,12.197,12.652,10,2025,292
10/20/2025,12.35407478,12.134,12.539,0.09466009,12.208,12.4686,10,2025,293
10/21/2025,12.56295652,12.352,12.725,0.081506631,12.45,12.668,10,2025,294
10/22/2025,12.62312696,12.464,12.76,0.066683084,12.538,12.719,10,2025,295
10/23/2025,12.6089913,12.429,12.778,0.090689624,12.471,12.735,10,2025,296
10/24/2025,12.56933391,12.282,12.78,0.119196935,12.378,12.699,10,2025,297
10/25/2025,12.32622261,12.135,12.432,0.070756434,12.2198,12.4066,10,2025,298
10/26/2025,11.69466261,11.548,11.849,0.084142555,11.59,11.817,10,2025,299
10/27/2025,11.72676348,11.411,11.956,0.147958064,11.5244,11.9116,10,2025,300
10/28/2025,11.70463304,11.387,11.979,0.15284636,11.5002,11.9016,10,2025,301
10/29/2025,11.7238087,11.537,11.882,0.097650973,11.592,11.863,10,2025,302
10/30/2025,11.70398957,11.533,11.921,0.094812303,11.5844,11.833,10,2025,303
10/31/2025,11.59064696,11.415,11.739,0.08101537,11.4754,11.695,10,2025,304
11/1/2025,11.49526957,11.097,11.876,0.203641189,11.2132,11.7742,11,2025,305
11/2/2025,11.34503304,10.665,11.878,0.309348147,10.8888,11.7252,11,2025,306
11/3/2025,10.99509217,10.408,11.557,0.287457629,10.575,11.3476,11,2025,307
11/4/2025,11.18877043,10.807,11.451,0.183225408,10.917,11.424,11,2025,308
11/5/2025,11.20505391,10.914,11.42,0.149837922,11.001,11.3976,11,2025,309
11/6/2025,10.96025391,10.763,11.138,0.099183996,10.8134,11.095,11,2025,310
11/7/2025,10.77922957,10.589,10.995,0.109201566,10.6504,10.947,11,2025,311
11/8/2025,10.81469913,10.529,11.172,0.169140134,10.6064,11.062,11,2025,312
11/9/2025,10.80398435,10.446,11.216,0.203263011,10.5488,11.0908,11,2025,313
11/10/2025,10.7194887,10.232,11.177,0.244752466,10.3972,11.0638,11,2025,314
11/11/2025,10.56738087,10.203,10.923,0.187091006,10.3154,10.829,11,2025,315
11/12/2025,10.5579113,10.19,10.881,0.165685581,10.3254,10.7686,11,2025,316
11/13/2025,9.963215652,9.749,10.293,0.125718127,9.8154,10.1546,11,2025,317
11/14/2025,9.658813913,9.457,9.823,0.08193627,9.5414,9.763,11,2025,318
11/15/2025,9.68354087,9.422,9.916,0.086243465,9.5694,9.795,11,2025,319
11/16/2025,9.652793043,9.505,9.834,0.078120924,9.548,9.763,11,2025,320
11/17/2025,9.442873043,9.356,9.66,0.07029036,9.375,9.5512,11,2025,321
11/18/2025,9.034361739,8.713,9.528,0.204471089,8.802,9.3684,11,2025,322
11/19/2025,8.845114783,8.523,9.356,0.211801779,8.615,9.1946,11,2025,323
11/20/2025,8.80436,8.423,9.277,0.222876071,8.5544,9.1512,11,2025,324
11/21/2025,8.691537391,8.382,9.171,0.203977491,8.4548,9.0036,11,2025,325
11/22/2025,8.629126957,8.282,9.261,0.251802594,8.347,9.0022,11,2025,326
11/23/2025,8.552208696,8.21,9.268,0.248701271,8.293,8.916,11,2025,327
11/24/2025,8.341135652,8.105,8.841,0.177257138,8.1548,8.6194,11,2025,328
11/25/2025,8.22861913,7.916,8.888,0.193798449,8.0374,8.5304,11,2025,329
11/26/2025,8.378046957,8.136,8.783,0.133601739,8.2158,8.5692,11,2025,330
11/27/2025,8.600681739,8.219,9.049,0.207645658,8.3344,8.9068,11,2025,331
11/28/2025,8.469215652,8.022,9.058,0.258444466,8.1494,8.8508,11,2025,332
11/29/2025,8.070344348,7.664,8.469,0.232368916,7.749,8.379,11,2025,333
11/30/2025,7.791678261,7.401,8.294,0.265859213,7.462,8.2006,11,2025,334
12/1/2025,7.78734087,7.581,8.073,0.11482695,7.6434,7.9506,12,2025,335
12/2/2025,7.703787826,7.416,7.996,0.142221524,7.504,7.893,12,2025,336
12/3/2025,7.533718261,7.115,7.98,0.212111019,7.247,7.8288,12,2025,337
12/4/2025,7.327151304,6.808,7.834,0.286359493,6.9488,7.7346,12,2025,338
12/5/2025,7.445582609,6.95,7.893,0.260848167,7.0744,7.7936,12,2025,339
12/6/2025,7.367923478,7.15,7.665,0.145139742,7.187,7.586,12,2025,340
12/7/2025,7.082813913,6.93,7.311,0.098165517,6.9674,7.23,12,2025,341
12/8/2025,6.895897391,6.626,7.251,0.149188309,6.6984,7.116,12,2025,342
12/9/2025,6.753641739,6.602,7.198,0.124246441,6.6344,6.9302,12,2025,343
12/10/2025,6.873273043,6.734,7.247,0.103553906,6.7694,7.0172,12,2025,344
12/11/2025,7.174843478,6.964,7.41,0.10871431,7.0274,7.3246,12,2025,345
12/12/2025,7.188973913,6.93,7.492,0.11909223,7.0212,7.336,12,2025,346
12/13/2025,7.162951304,6.895,7.62,0.144983591,6.9864,7.3618,12,2025,347
12/14/2025,6.395721739,6.084,7.02,0.265974218,6.1254,6.8272,12,2025,348
12/15/2025,6.999302609,6.783,7.19,0.100385783,6.8564,7.131,12,2025,349
12/16/2025,6.525991304,6.277,6.819,0.126928393,6.3674,6.722,12,2025,350
12/17/2025,6.797074783,6.458,7.13,0.168397322,6.5584,7.016,12,2025,351
12/18/2025,6.555928696,6.207,7.007,0.18688172,6.3058,6.8168,12,2025,352
12/19/2025,6.324878261,6.03,6.728,0.155101313,6.1202,6.5332,12,2025,353
12/20/2025,6.398201739,6.134,6.719,0.139476901,6.2098,6.5876,12,2025,354
12/21/2025,6.219285217,5.979,6.654,0.147038413,6.0434,6.4392,12,2025,355
12/22/2025,6.156704348,5.952,6.682,0.151096375,5.999,6.3882,12,2025,356
12/23/2025,6.179998261,6.003,6.519,0.113293989,6.0454,6.3462,12,2025,357
12/24/2025,6.09750087,5.898,6.318,0.107371005,5.954,6.2496,12,2025,358
12/25/2025,5.624393043,5.498,6.028,0.095495035,5.5374,5.7562,12,2025,359
12/26/2025,5.552673043,5.37,6.136,0.137418728,5.4084,5.739,12,2025,360
12/27/2025,5.645763478,5.514,6.113,0.12017851,5.525,5.8136,12,2025,361
12/28/2025,5.638824348,5.457,6.175,0.154531287,5.496,5.8692,12,2025,362
12/29/2025,5.602286957,5.367,6.06,0.147922923,5.4298,5.8086,12,2025,363
12/30/2025,5.149998261,4.92,5.574,0.156503248,4.976,5.3902,12,2025,364
12/31/2025,5.135706087,4.898,5.522,0.152626536,4.957,5.3632,12,2025,365
1/1/2026,4.614671304,4.428,5.003,0.123131179,4.466,4.7896,1,2026,1
1/2/2026,4.977008696,4.686,5.486,0.196748876,4.762,5.2834,1,2026,2
1/3/2026,5.015154783,4.719,5.453,0.181172657,4.829,5.2876,1,2026,3
1/4/2026,5.11326087,4.859,5.53,0.155514897,4.9344,5.3436,1,2026,4
1/5/2026,5.19728,4.983,5.439,0.102109372,5.0564,5.3356,1,2026,5
1/6/2026,5.169001739,4.905,5.411,0.128249777,4.9874,5.338,1,2026,6
1/7/2026,5.206062609,4.992,5.443,0.100989027,5.0674,5.3392,1,2026,7
1/8/2026,5.033053913,4.749,5.338,0.131872334,4.8484,5.185,1,2026,8
1/9/2026,4.942516522,4.621,5.408,0.186801939,4.7054,5.2016,1,2026,9
1/10/2026,5.133812174,4.773,5.573,0.197847034,4.8814,5.4172,1,2026,10
